M2,s0_root,s0,theta_deg,GA,GB,T_A,T_B,T_A_pert,T_A_tw2,T_A_tw3,T_A_tw4,T_A_3p_g,T_A_3p_gamma,T_B_pert,T_B_tw2,T_B_tw3,T_B_tw4,T_B_3p_g,T_B_3p_gamma,GB_hard,GB_soft2p,GB_3p,GB_em,G_low_combo,G_high_combo,Gamma_low_combo_keV,Gamma_high_combo_keV,fB_effective,hard_qcd_side,f1_tensor_matched,chi_effective,fperp_s_used_GeV,transition_scheme,state,m_initial,m_final,quoted_combo,mass_comment,scenario,mb_MSbar,ms_MSbar,f_Bs,f_Bs1_A_working,fT_Bs1_working,G_quoted,Gamma_quoted_keV
8.0,6.05,36.6025,35.3,0.5044527002844135,0.6130901216330048,0.013189441314652037,0.024878633639904828,-0.0035591034091152804,0.014252517981117513,0.0,0.0021577563549583733,2.9189139052281013e-05,0.0003090812486391508,0.00862575640499354,0.013942318081224246,-0.0006154708131655445,0.0021107937195707937,-6.343734656609683e-05,0.000878673593847887,0.2125665790195056,0.3804334807057609,-0.001563301710424326,0.021653363618162568,0.7918677333717085,0.05742400989970814,133.04362696030702,0.699641905220805,0.22683827574263177,0.00862575640499354,-0.15625,3.15,-0.034836479999999996,rohrwild_nonlocal_exact_post_borel,Bs1_5830_observed_high_combo,5.8287,5.36692,high,observed narrow B_s1(5830),legacy_chi_condensate,4.18,0.093,0.2303,0.14615715477391222,0.16629436276498455,0.05742400989970814,0.699641905220805
8.5,6.05,36.6025,35.3,0.471413841522774,0.5789306710898005,0.015525421641285302,0.029591289416567274,-0.004165778927195935,0.016957336487083866,0.0,0.002354566861351666,3.3190716695973475e-05,0.00034610650334973125,0.010531491215252948,0.016588267380297346,-0.0007435869277505464,0.0023033207302714637,-7.213405623401103e-05,0.000983931074730078,0.20604047329580705,0.35505159494081495,-0.001411246971908054,0.019249849825086537,0.744897165290572,0.05019905427212684,117.7284497266972,0.5346626574604604,0.22683827574263177,0.010531491215252948,-0.15625,3.15,-0.034836479999999996,rohrwild_nonlocal_exact_post_borel,Bs1_5830_observed_high_combo,5.8287,5.36692,high,observed narrow B_s1(5830),legacy_chi_condensate,4.18,0.093,0.2303,0.14615715477391222,0.16629436276498455,0.05019905427212684,0.5346626574604604
9.0,6.05,36.6025,35.3,0.444710910517316,0.5509726602547415,0.017981120312841378,0.03457524522998081,-0.004790040879401686,0.019811297210061536,0.0,0.0025407652409270816,3.7205958085442694e-05,0.0003818927831690039,0.012587434028370743,0.01938011288042528,-0.000882574127691469,0.0024854665825123335,-8.086046159711782e-05,0.0010856663279610417,0.2005866326113209,0.3343739774743579,-0.001288549172659479,0.01730059934172226,0.7066490894293214,0.04456153823689102,105.9488847081892,0.42131714253610675,0.22683827574263177,0.012587434028370743,-0.15625,3.15,-0.034836479999999996,rohrwild_nonlocal_exact_post_borel,Bs1_5830_observed_high_combo,5.8287,5.36692,high,observed narrow B_s1(5830),legacy_chi_condensate,4.18,0.093,0.2303,0.14615715477391222,0.16629436276498455,0.04456153823689102,0.42131714253610675
9.5,6.05,36.6025,35.3,0.4227592610553462,0.5277201295730232,0.020537674012111568,0.039788543698677105,-0.005426093711924451,0.02279002336622734,0.0,0.002716345221651037,4.120858835372553e-05,0.0004161905478039188,0.014775528255232154,0.022294008347959346,-0.0010318285326582442,0.002657225140767923,-8.955945895535491e-05,0.0011831699463312835,0.19596956712995314,0.3172458780678128,-0.0011878376258837823,0.01569252200114103,0.6749868970660856,0.04008262408735691,96.66727287891817,0.34087964859854736,0.22683827574263177,0.014775528255232154,-0.15625,3.15,-0.034836479999999996,rohrwild_nonlocal_exact_post_borel,Bs1_5830_observed_high_combo,5.8287,5.36692,high,observed narrow B_s1(5830),legacy_chi_condensate,4.18,0.093,0.2303,0.14615715477391222,0.16629436276498455,0.04008262408735691,0.34087964859854736
10.0,6.05,36.6025,35.3,0.4044473066553929,0.508111390063112,0.023177539023967318,0.045191895872254945,-0.006068990269965326,0.02587098817345756,0.0,0.0028815310205378866,4.517783948891161e-05,0.000448832260448283,0.01707813601089835,0.02530791728646211,-0.001190752901168987,0.0028188157420660814,-9.818591276818143e-05,0.001275965646765569,0.19201662733321978,0.30285249248920104,-0.001103945290595457,0.01434621553128661,0.6484017651905809,0.03646860938407337,89.20252729314356,0.2821806232699612,0.22683827574263177,0.01707813601089835,-0.15625,3.15,-0.034836479999999996,rohrwild_nonlocal_exact_post_borel,Bs1_5830_observed_high_combo,5.8287,5.36692,high,observed narrow B_s1(5830),legacy_chi_condensate,4.18,0.093,0.2303,0.14615715477391222,0.16629436276498455,0.03646860938407337,0.2821806232699612
10.5,6.05,36.6025,35.3,0.3889757076819581,0.4913746862209966,0.025884634026455758,0.05074912822691363,-0.006714565412632497,0.029033690571239577,0.0,0.003036695577885683,4.9097523447689844e-05,0.0004797157665153031,0.019478449072925088,0.02840178483215105,-0.0013587672651963147,0.002970603209820303,-0.00010670464123349234,0.0013637630184469974,0.18859864466015308,0.29060466665755635,-0.0010331598085782533,0.013204534711865468,0.6258019306227882,0.033513087805422725,83.09264417126872,0.238296503940445,0.22683827574263177,0.019478449072925088,-0.15625,3.15,-0.034836479999999996,rohrwild_nonlocal_exact_post_borel,Bs1_5830_observed_high_combo,5.8287,5.36692,high,observed narrow B_s1(5830),legacy_chi_condensate,4.18,0.093,0.2303,0.14615715477391222,0.16629436276498455,0.033513087805422725,0.238296503940445
11.0,6.05,36.6025,35.3,0.3757570287740146,0.4769371293781729,0.028644388137875017,0.05642737242909116,-0.007359354551538823,0.03225969516200926,0.0,0.00318230224135123,5.295522206850772e-05,0.0005087900639848468,0.021960742003910787,0.03155757682592995,-0.0015353156221239853,0.0031130408071257058,-0.00011508865570949495,0.0014464170699581978,0.18561724211989097,0.2800671933117529,-0.000972755787043892,0.01222544973357289,0.6063803833832082,0.03106767935654625,78.01517168827596,0.2047888987118247,0.22683827574263177,0.021960742003910787,-0.15625,3.15,-0.034836479999999996,rohrwild_nonlocal_exact_post_borel,Bs1_5830_observed_high_combo,5.8287,5.36692,high,observed narrow B_s1(5830),legacy_chi_condensate,4.18,0.093,0.2303,0.14615715477391222,0.16629436276498455,0.03106767935654625,0.2047888987118247
11.5,6.05,36.6025,35.3,0.36435120116134495,0.4643655136826524,0.03144372391195547,0.062197078452252565,-0.008000508298383743,0.03553258344186537,0.0,0.0033188637248066514,5.6741596118861634e-05,0.0005360434475483321,0.024510509224398933,0.03475923210554581,-0.0017198698322855395,0.003246630088858367,-0.00012331765905320292,0.001523894524788207,0.18299629966299794,0.2709124592669638,-0.0009206938576117131,0.011377448610302512,0.589529270797667,0.02902355867634815,73.73938792209692,0.1787269752100635,0.22683827574263177,0.024510509224398933,-0.15625,3.15,-0.034836479999999996,rohrwild_nonlocal_exact_post_borel,Bs1_5830_observed_high_combo,5.8287,5.36692,high,observed narrow B_s1(5830),legacy_chi_condensate,4.18,0.093,0.2303,0.14615715477391222,0.16629436276498455,0.02902355867634815,0.1787269752100635
12.0,6.05,36.6025,35.3,0.3544228863934872,0.45332683271510427,0.03427099769838015,0.068031911424135,-0.008635709738030203,0.03883785016271147,0.0,0.003446913644921104,6.0449805316560484e-05,0.000561493823461216,0.027114519303310748,0.037992561123363904,-0.001911931562999024,0.003371893057751045,-0.00013137678514091213,0.0015962462878492574,0.18067608125444787,0.2628896755463887,-0.0008754218520912256,0.010636497766359016,0.5747830359292627,0.027299473748386205,70.09655362506078,0.15812383270538696,0.22683827574263177,0.027114519303310748,-0.15625,3.15,-0.034836479999999996,rohrwild_nonlocal_exact_post_borel,Bs1_5830_observed_high_combo,5.8287,5.36692,high,observed narrow B_s1(5830),legacy_chi_condensate,4.18,0.093,0.2303,0.14615715477391222,0.16629436276498455,0.027299473748386205,0.15812383270538696
12.5,6.05,36.6025,35.3,0.3457126291973896,0.44356131866331955,0.03711591384690543,0.07390857625123405,-0.009263097820325581,0.04216276858797624,0.0,0.003566987135397008,6.407502675574536e-05,0.0005851809171020194,0.029760812064228873,0.04124511413473922,-0.0021110328887188876,0.0034893532005521866,-0.0001392555522537244,0.0016635852926863812,0.17860911024490442,0.25580396414097595,-0.0008357403094721292,0.009983984586911252,0.5617797442940389,0.025833782182232812,66.96084634144178,0.14160049418328538,0.22683827574263177,0.029760812064228873,-0.15625,3.15,-0.034836479999999996,rohrwild_nonlocal_exact_post_borel,Bs1_5830_observed_high_combo,5.8287,5.36692,high,observed narrow B_s1(5830),legacy_chi_condensate,4.18,0.093,0.2303,0.14615715477391222,0.16629436276498455,0.025833782182232812,0.14160049418328538
13.0,6.05,36.6025,35.3,0.33801691860834054,0.434863644879939,0.03996942457201063,0.07980660139559828,-0.009881198466296684,0.045496240934681575,0.0,0.0036796079644918953,6.761405803921946e-05,0.0006071600810946217,0.032438657701938364,0.04450603489514837,-0.0023167359857192895,0.0035995228859293524,-0.00014694700055700898,0.001726068898858489,0.1767572190344602,0.24950184060570454,-0.0008007095547100926,0.009405294794484315,0.5502342207342363,0.02457904059825894,64.2368115182032,0.12817951851119733,0.22683827574263177,0.032438657701938364,-0.15625,3.15,-0.034836479999999996,rohrwild_nonlocal_exact_post_borel,Bs1_5830_observed_high_combo,5.8287,5.36692,high,observed narrow B_s1(5830),legacy_chi_condensate,4.18,0.093,0.2303,0.14615715477391222,0.16629436276498455,0.02457904059825894,0.12817951851119733
13.5,6.05,36.6025,35.3,0.33117413890901687,0.42706957207394697,0.0428236237397653,0.08570810362257392,-0.010488863835315635,0.04882864487584819,0.0,0.003785280278504251,7.106499195376553e-05,0.0006274974287747363,0.03513849199384224,0.047765910503404035,-0.0025286322343437747,0.0037028952876545216,-0.000154446985065687,0.0017838850570825783,0.17508940350864985,0.24386094306940168,-0.000769584263707145,0.00888880975960259,0.5399190325162139,0.023498255260946066,61.85090461345882,0.11715478098666374,0.22683827574263177,0.03513849199384224,-0.15625,3.15,-0.034836479999999996,rohrwild_nonlocal_exact_post_borel,Bs1_5830_observed_high_combo,5.8287,5.36692,high,observed narrow B_s1(5830),legacy_chi_condensate,4.18,0.093,0.2303,0.14615715477391222,0.16629436276498455,0.023498255260946066,0.11715478098666374
14.0,6.05,36.6025,35.3,0.3250544968954716,0.42004629950164785,0.04567164018718673,0.09159754848604933,-0.011085219537125197,0.05215168311463067,0.0,0.003884483610315629,7.442695081562207e-05,0.0006462660485500099,0.03785183773630768,0.05101662424974402,-0.002746340950696887,0.0037999395017831337,-0.00016175359829187903,0.0018372415472032643,0.1735802391359244,0.23878263952715134,-0.0007417665812740392,0.00842518741984618,0.5306507939685569,0.022562236979884548,59.745667662656466,0.10800729636998825,0.22683827574263177,0.03785183773630768,-0.15625,3.15,-0.034836479999999996,rohrwild_nonlocal_exact_post_borel,Bs1_5830_observed_high_combo,5.8287,5.36692,high,observed narrow B_s1(5830),legacy_chi_condensate,4.18,0.093,0.2303,0.14615715477391222,0.16629436276498455,0.022562236979884548,0.10800729636998825
8.0,6.15,37.822500000000005,35.3,0.51611666110823,0.6244581994779808,0.01349440772021472,0.025339939790364013,-0.003461606573042055,0.014455583847924273,0.0,0.0021577563549583733,2.9189139052281013e-05,0.0003134849513218471,0.008875897235372328,0.01414096430711993,-0.0006154708131655445,0.0021107937195707937,-6.343734656609683e-05,0.0008911926880326005,0.21873085935507544,0.3853287671816619,-0.001563301710424326,0.021961874651667632,0.8078857577205036,0.06037427631994258,138.48052011185933,0.7733795039078726,0.22683827574263177,0.008875897235372328,-0.15625,3.15,-0.034836479999999996,rohrwild_nonlocal_exact_post_borel,Bs1_5830_observed_high_combo,5.8287,5.36692,high,observed narrow B_s1(5830),legacy_chi_condensate,4.18,0.093,0.2303,0.14615715477391222,0.16629436276498455,0.06037427631994258,0.7733795039078726
8.5,6.15,37.822500000000005,35.3,0.48357700995610614,0.5907757062997295,0.015926000287452037,0.03019673300860676,-0.0040375933245880725,0.017224281077182057,0.0,0.002354566861351666,3.3190716695973475e-05,0.0003515549568104138,0.010860310980356272,0.016849402036653638,-0.0007435869277505464,0.0023033207302714637,-7.213405623401103e-05,0.000999420245309948,0.21247357746369366,0.36016049235048686,-0.001411246971908054,0.019552883457457017,0.76159292339708,0.05328112933789697,123.06500736813274,0.6023315680356581,0.22683827574263177,0.010860310980356272,-0.15625,3.15,-0.034836479999999996,rohrwild_nonlocal_exact_post_borel,Bs1_5830_observed_high_combo,5.8287,5.36692,high,observed narrow B_s1(5830),legacy_chi_condensate,4.18,0.093,0.2303,0.14615715477391222,0.16629436276498455,0.05328112933789697,0.6023315680356581
9.0,6.15,37.822500000000005,35.3,0.45733579179240647,0.5632584734933717,0.0184915856595959,0.03534621815879906,-0.0046265532096759435,0.020151712859455134,0.0,0.0025407652409270816,3.7205958085442694e-05,0.00038845481080418474,0.013006745405413841,0.01971311953019482,-0.000882574127691469,0.0024854665825123335,-8.086046159711782e-05,0.001104321229966647,0.20726855499098304,0.3396805937683457,-0.001288549172659479,0.017597873906702276,0.7239713873398196,0.04776572756409719,111.20686219569673,0.4840849452861259,0.22683827574263177,0.013006745405413841,-0.15625,3.15,-0.034836479999999996,rohrwild_nonlocal_exact_post_borel,Bs1_5830_observed_high_combo,5.8287,5.36692,high,observed narrow B_s1(5830),legacy_chi_condensate,4.18,0.093,0.2303,0.14615715477391222,0.16629436276498455,0.04776572756409719,0.4840849452861259
9.5,6.15,37.822500000000005,35.3,0.4358121435456119,0.5404142432464443,0.021171783942274352,0.04074564248704349,-0.005222852348421348,0.02321316454463429,0.0,0.002716345221651037,4.120858835372553e-05,0.0004239179360566469,0.01529672749538492,0.02270794004132257,-0.0010318285326582442,0.002657225140767923,-8.955945895535491e-05,0.001205137801181675,0.20288229388441145,0.32273590274703434,-0.0011878376258837823,0.0159838842408823,0.692889748074897,0.04340018177558452,101.8631385412998,0.399642695045836,0.22683827574263177,0.01529672749538492,-0.15625,3.15,-0.034836479999999996,rohrwild_nonlocal_exact_post_borel,Bs1_5830_observed_high_combo,5.8287,5.36692,high,observed narrow B_s1(5830),legacy_chi_condensate,4.18,0.093,0.2303,0.14615715477391222,0.16629436276498455,0.04340018177558452,0.399642695045836
10.0,6.15,37.822500000000005,35.3,0.41789782634772416,0.5211845919690417,0.023948343872786042,0.0463546385125574,-0.005821767732858118,0.02638564182879445,0.0,0.0028815310205378866,4.517783948891161e-05,0.0004577609168229096,0.017712043322882346,0.02581136972720824,-0.001190752901168987,0.0028188157420660814,-9.818591276818143e-05,0.001301348534337909,0.1991439124193298,0.30851301888582067,-0.001103945290595457,0.0146316059544867,0.6668437820448518,0.03989163471465196,94.34893319925058,0.337638878612043,0.22683827574263177,0.017712043322882346,-0.15625,3.15,-0.034836479999999996,rohrwild_nonlocal_exact_post_borel,Bs1_5830_observed_high_combo,5.8287,5.36692,high,observed narrow B_s1(5830),legacy_chi_condensate,4.18,0.093,0.2303,0.14615715477391222,0.16629436276498455,0.03989163471465196,0.337638878612043
10.5,6.15,37.822500000000005,35.3,0.4027964592166025,0.5048006426253488,0.026804344662312105,0.052135759655515514,-0.006419401791554252,0.029648086095996826,0.0,0.003036695577885683,4.9097523447689844e-05,0.0004898672565361569,0.02023519780209946,0.02900280830359624,-0.0013587672651963147,0.002970603209820303,-0.00010670464123349234,0.0013926222464293082,0.19592580834429676,0.29642403203408735,-0.0010331598085782533,0.013483962055542826,0.6447457849761619,0.037034431383108635,88.19943544700405,0.2910047942930178,0.22683827574263177,0.02023519780209946,-0.15625,3.15,-0.034836479999999996,rohrwild_nonlocal_exact_post_borel,Bs1_5830_observed_high_combo,5.8287,5.36692,high,observed narrow B_s1(5830),legacy_chi_condensate,4.18,0.093,0.2303,0.14615715477391222,0.16629436276498455,0.037034431383108635,0.2910047942930178
11.0,6.15,37.822500000000005,35.3,0.3899232218896918,0.4906920451285339,0.029724293244016337,0.05805474364002695,-0.0070125850037823295,0.03298144746342973,0.0,0.00318230224135123,5.295522206850772e-05,0.0005201733209492024,0.02284970857615435,0.03226362050014891,-0.0015353156221239853,0.0031130408071257058,-0.00011508865570949495,0.0014787780344314644,0.1931309920399637,0.28603483682768593,-0.000972755787043892,0.012498972047928106,0.6257923298758467,0.03468085912748631,83.09009465746571,0.2551928351837904,0.22683827574263177,0.02284970857615435,-0.15625,3.15,-0.034836479999999996,rohrwild_nonlocal_exact_post_borel,Bs1_5830_observed_high_combo,5.8287,5.36692,high,observed narrow B_s1(5830),legacy_chi_condensate,4.18,0.093,0.2303,0.14615715477391222,0.16629436276498455,0.03468085912748631,0.2551928351837904
11.5,6.15,37.822500000000005,35.3,0.37884035917300224,0.4784278352069746,0.03269414680827934,0.06408058463283167,-0.007598777710311786,0.03636866268469014,0.0,0.0033188637248066514,5.6741596118861634e-05,0.0005486565129754673,0.025540275932585395,0.03557711444465359,-0.0017198698322855395,0.003246630088858367,-0.00012331765905320292,0.0015597516580730492,0.19068457310477052,0.27701879676677604,-0.0009206938576117131,0.011645159193039697,0.6093787304253933,0.032722685468910884,78.78859670352178,0.2271886641225557,0.22683827574263177,0.025540275932585395,-0.15625,3.15,-0.034836479999999996,rohrwild_nonlocal_exact_post_borel,Bs1_5830_observed_high_combo,5.8287,5.36692,high,observed narrow B_s1(5830),legacy_chi_condensate,4.18,0.093,0.2303,0.14615715477391222,0.16629436276498455,0.032722685468910884,0.2271886641225557
12.0,6.15,37.822500000000005,35.3,0.3692145824674064,0.46767698918009537,0.03570128395123129,0.07018547592350867,-0.008175977360075576,0.039794572335072984,0.0,0.003446913644921104,6.0449805316560484e-05,0.0005753255259962125,0.02829286273177091,0.03892846065073838,-0.001911931562999024,0.003371893057751045,-0.00013137678514091213,0.0016355678313882815,0.18852790671535943,0.26912598964668194,-0.0008754218520912256,0.010898514670145305,0.5950422323977514,0.031079185610961457,75.12497884715128,0.2049406184134161,0.22683827574263177,0.02829286273177091,-0.15625,3.15,-0.034836479999999996,rohrwild_nonlocal_exact_post_borel,Bs1_5830_observed_high_combo,5.8287,5.36692,high,observed narrow B_s1(5830),legacy_chi_condensate,4.18,0.093,0.2303,0.14615715477391222,0.16629436276498455,0.031079185610961457,0.2049406184134161
12.5,6.15,37.822500000000005,35.3,0.3607882560361011,0.45818149660118235,0.038734442126398025,0.07634466905387838,-0.00874263430565317,0.04324580183541245,0.0,0.003566987135397008,6.407502675574536e-05,0.0006002124344859946,0.031094710925619506,0.04230457563117811,-0.0021110328887188876,0.0034893532005521866,-0.0001392555522537244,0.0017063177375011896,0.1866144861827483,0.26216230795260637,-0.0008357403094721292,0.01024044277529974,0.5824233869938993,0.02968918664808906,71.97246765649369,0.1870188499706459,0.22683827574263177,0.031094710925619506,-0.15625,3.15,-0.034836479999999996,rohrwild_nonlocal_exact_post_borel,Bs1_5830_observed_high_combo,5.8287,5.36692,high,observed narrow B_s1(5830),legacy_chi_condensate,4.18,0.093,0.2303,0.14615715477391222,0.16629436276498455,0.02968918664808906,0.1870188499706459
13.0,6.15,37.822500000000005,35.3,0.3533594873621418,0.44973759191692897,0.0417836344851437,0.08253628270222493,-0.009297577340412587,0.046710623447091856,0.0,0.0036796079644918953,6.761405803921946e-05,0.0006233663559333162,0.03393431489567218,0.04569398689652328,-0.0023167359857192895,0.0035995228859293524,-0.00014694700055700898,0.0017721410103764131,0.18490700774096014,0.2559749534588576,-0.0008007095547100926,0.00965634027182129,0.5712392283559975,0.028505663986624352,69.2348618077035,0.1724054955358536,0.22683827574263177,0.03393431489567218,-0.15625,3.15,-0.034836479999999996,rohrwild_nonlocal_exact_post_borel,Bs1_5830_observed_high_combo,5.8287,5.36692,high,observed narrow B_s1(5830),legacy_chi_condensate,4.18,0.093,0.2303,0.14615715477391222,0.16629436276498455,0.028505663986624352,0.1724054955358536
13.5,6.15,37.822500000000005,35.3,0.3467681034967244,0.44218242583779316,0.04484005556114817,0.0887410849472192,-0.009839949042538838,0.05017881090659497,0.0,0.003785280278504251,7.106499195376553e-05,0.0006448484266340208,0.03680136667378505,0.04908669075346758,-0.0025286322343437747,0.0037028952876545216,-0.000154446985065687,0.0018332114517214972,0.18337523819591664,0.25044217672593305,-0.000769584263707145,0.009134595179650614,0.5612642918976464,0.027491998165721565,66.83802491668294,0.1603619743451155,0.22683827574263177,0.03680136667378505,-0.15625,3.15,-0.034836479999999996,rohrwild_nonlocal_exact_post_borel,Bs1_5830_observed_high_combo,5.8287,5.36692,high,observed narrow B_s1(5830),legacy_chi_condensate,4.18,0.093,0.2303,0.14615715477391222,0.16629436276498455,0.027491998165721565,0.1603619743451155
14.0,6.15,37.822500000000005,35.3,0.3408856003384571,0.43538443825624223,0.04789598246554221,0.09494226527066701,-0.010369150370804943,0.05364149441669602,0.0,0.003884483610315629,7.442695081562207e-05,0.0006647278585198748,0.03968668404466365,0.05247401045209206,-0.002746340950696887,0.0037999395017831337,-0.00016175359829187903,0.00188972582111694,0.18199444251492167,0.2454658935154858,-0.0007417665812740392,0.008665868807108722,0.5523169493949798,0.02661933516895798,64.72402604640618,0.15034299275742496,0.22683827574263177,0.03968668404466365,-0.15625,3.15,-0.034836479999999996,rohrwild_nonlocal_exact_post_borel,Bs1_5830_observed_high_combo,5.8287,5.36692,high,observed narrow B_s1(5830),legacy_chi_condensate,4.18,0.093,0.2303,0.14615715477391222,0.16629436276498455,0.02661933516895798,0.15034299275742496
8.0,6.25,39.0625,35.3,0.5269353057502686,0.6341595967230031,0.013777272453676931,0.02573361357393636,-0.0033595663879927816,0.01463257025491289,0.0,0.0021577563549583733,2.9189139052281013e-05,0.0003173230927461675,0.009085525359921166,0.014314098681379799,-0.0006154708131655445,0.0021107937195707937,-6.343734656609683e-05,0.0009021039727962433,0.22389677538718428,0.3895953589933432,-0.001563301710424326,0.022230764052900028,0.8220550689803643,0.06359775252082028,143.38066995609296,0.8581680051975809,0.22683827574263177,0.009085525359921166,-0.15625,3.15,-0.034836479999999996,rohrwild_nonlocal_exact_post_borel,Bs1_5830_observed_high_combo,5.8287,5.36692,high,observed narrow B_s1(5830),legacy_chi_condensate,4.18,0.093,0.2303,0.14615715477391222,0.16629436276498455,0.06359775252082028,0.8581680051975809
8.5,6.25,39.0625,35.3,0.49496170656164057,0.6009755370543963,0.016300940943602654,0.030718084111482656,-0.0039022186889626147,0.017459055256122208,0.0,0.002354566861351666,3.3190716695973475e-05,0.00035634679839542167,0.011138375145593418,0.017079066456960175,-0.0007435869277505464,0.0023033207302714637,-7.213405623401103e-05,0.00101304276264216,0.21791368760964216,0.364653698952666,-0.001411246971908054,0.0198193974639962,0.7764961224232203,0.05667855822032608,127.92851680068568,0.6815949600552753,0.22683827574263177,0.011138375145593418,-0.15625,3.15,-0.034836479999999996,rohrwild_nonlocal_exact_post_borel,Bs1_5830_observed_high_combo,5.8287,5.36692,high,observed narrow B_s1(5830),legacy_chi_condensate,4.18,0.093,0.2303,0.14615715477391222,0.16629436276498455,0.05667855822032608,0.6815949600552753
9.0,6.25,39.0625,35.3,0.4692485253875753,0.5739228517266146,0.01897325654052927,0.03601544100638857,-0.004452506742043401,0.0204535194924347,0.0,0.0025407652409270816,3.7205958085442694e-05,0.00039427259112544995,0.013364191197281359,0.02000835747212194,-0.000882574127691469,0.0024854665825123335,-8.086046159711782e-05,0.0011208603437615177,0.21296462041386355,0.3443853480857689,-0.001288549172659479,0.017861432399641445,0.7395588512260196,0.051325664980336305,116.0470915627208,0.558930683599135,0.22683827574263177,0.013364191197281359,-0.15625,3.15,-0.034836479999999996,rohrwild_nonlocal_exact_post_borel,Bs1_5830_observed_high_combo,5.8287,5.36692,high,observed narrow B_s1(5830),legacy_chi_condensate,4.18,0.093,0.2303,0.14615715477391222,0.16629436276498455,0.051325664980336305,0.558930683599135
9.5,6.25,39.0625,35.3,0.4482181104906904,0.5515122061835439,0.02177446667070711,0.041582396210359605,-0.005004926878801018,0.023591021395870118,0.0,0.002716345221651037,4.120858835372553e-05,0.0004308183436332511,0.01574423139110635,0.02307757300134264,-0.0010318285326582442,0.002657225140767923,-8.955945895535491e-05,0.001224754668756287,0.20881759062768976,0.32763838812155527,-0.0011878376258837823,0.016244065060182687,0.7091160953882438,0.04711211524242642,106.68993931067337,0.47092743208002336,0.22683827574263177,0.01574423139110635,-0.15625,3.15,-0.034836479999999996,rohrwild_nonlocal_exact_post_borel,Bs1_5830_observed_high_combo,5.8287,5.36692,high,observed narrow B_s1(5830),legacy_chi_condensate,4.18,0.093,0.2303,0.14615715477391222,0.16629436276498455,0.04711211524242642,0.47092743208002336
10.0,6.25,39.0625,35.3,0.4307651843507179,0.532687859181234,0.024685729651704957,0.04737774971260263,-0.005554966325955081,0.026848201319031446,0.0,0.0028815310205378866,4.517783948891161e-05,0.00046578579860179247,0.018259848854057542,0.026263861809864602,-0.001190752901168987,0.0028188157420660814,-9.818591276818143e-05,0.0013241621205515705,0.20530311916552382,0.31360057665859004,-0.001103945290595457,0.014888108647715486,0.6836675317531606,0.04374591860202787,99.16962989116011,0.4060353664483431,0.22683827574263177,0.018259848854057542,-0.15625,3.15,-0.034836479999999996,rohrwild_nonlocal_exact_post_borel,Bs1_5830_observed_high_combo,5.8287,5.36692,high,observed narrow B_s1(5830),legacy_chi_condensate,4.18,0.093,0.2303,0.14615715477391222,0.16629436276498455,0.04374591860202787,0.4060353664483431
10.5,6.25,39.0625,35.3,0.4160960723976254,0.5166833754604007,0.02768937581743422,0.05336300710892011,-0.006098996240700307,0.030203534182717685,0.0,0.003036695577885683,4.9097523447689844e-05,0.0004990447740834681,0.020892995892418595,0.029546167302541525,-0.0013587672651963147,0.002970603209820303,-0.00010670464123349234,0.001418712610569492,0.20229488977525467,0.3016850654141741,-0.0010331598085782533,0.013736580079550094,0.6621290127937329,0.041022217866420074,93.01950368804744,0.3570483707140626,0.22683827574263177,0.020892995892418595,-0.15625,3.15,-0.034836479999999996,rohrwild_nonlocal_exact_post_borel,Bs1_5830_observed_high_combo,5.8287,5.36692,high,observed narrow B_s1(5830),legacy_chi_condensate,4.18,0.093,0.2303,0.14615715477391222,0.16629436276498455,0.041022217866420074,0.3570483707140626
11.0,6.25,39.0625,35.3,0.4036284140389211,0.5029306169459902,0.030769055719139012,0.05950271320960977,-0.006634155764064194,0.03363743466888694,0.0,0.00318230224135123,5.295522206850772e-05,0.0005305193508965303,0.023626555941514152,0.03290533042732212,-0.0015353156221239853,0.0031130408071257058,-0.00011508865570949495,0.0015081903114812758,0.1996970846374047,0.2914587167176112,-0.000972755787043892,0.012747571378018135,0.6437003381620414,0.03879402958346162,87.91363889258152,0.3193144464177173,0.22683827574263177,0.023626555941514152,-0.15625,3.15,-0.034836479999999996,rohrwild_nonlocal_exact_post_borel,Bs1_5830_observed_high_combo,5.8287,5.36692,high,observed narrow B_s1(5830),legacy_chi_condensate,4.18,0.093,0.2303,0.14615715477391222,0.16629436276498455,0.03879402958346162,0.3193144464177173
11.5,6.25,39.0625,35.3,0.39292668204883,0.49100061760589975,0.033909804794393816,0.06576458206629195,-0.007158238441378148,0.03713226176984588,0.0,0.0033188637248066514,5.6741596118861634e-05,0.0005601761450005726,0.026444545026088572,0.036324094125428454,-0.0017198698322855395,0.003246630088858367,-0.00012331765905320292,0.0015925003172552884,0.19743587706568413,0.2825957725959512,-0.0009206938576117131,0.011889661801876108,0.6277797398263791,0.036953784904946385,83.61869269833994,0.28973878543036014,0.22683827574263177,0.026444545026088572,-0.15625,3.15,-0.034836479999999996,rohrwild_nonlocal_exact_post_borel,Bs1_5830_observed_high_combo,5.8287,5.36692,high,observed narrow B_s1(5830),legacy_chi_condensate,4.18,0.093,0.2303,0.14615715477391222,0.16629436276498455,0.036953784904946385,0.28973878543036014
12.0,6.25,39.0625,35.3,0.38365960223384654,0.48056415631151983,0.037098048263508564,0.07211948589053854,-0.007669587109144145,0.04067225736443415,0.0,0.003446913644921104,6.0449805316560484e-05,0.0005880145579808878,0.029332217009839803,0.03978704324440317,-0.001911931562999024,0.003371893057751045,-0.00013137678514091213,0.0016716409266844714,0.19545358575454502,0.27484710668812234,-0.0008754218520912256,0.011138885720943835,0.6139070987297603,0.03542136144820607,79.9639230425331,0.26620688359309214,0.22683827574263177,0.029332217009839803,-0.15625,3.15,-0.034836479999999996,rohrwild_nonlocal_exact_post_borel,Bs1_5830_observed_high_combo,5.8287,5.36692,high,observed narrow B_s1(5830),legacy_chi_condensate,4.18,0.093,0.2303,0.14615715477391222,0.16629436276498455,0.03542136144820607,0.26620688359309214
12.5,6.25,39.0625,35.3,0.375571358742797,0.471364847878163,0.04032156484079096,0.07854135005852006,-0.008167000046905208,0.04424344392534947,0.0,0.003566987135397008,6.407502675574536e-05,0.000614058800193948,0.03227609986081524,0.0432805044717905,-0.0021110328887188876,0.0034893532005521866,-0.0001392555522537244,0.0017456809663347309,0.19370457586555323,0.26801933166244096,-0.0008357403094721292,0.0104766806596408,0.6017253441453833,0.034136132414710085,76.82196117463374,0.2472392463170469,0.22683827574263177,0.03227609986081524,-0.15625,3.15,-0.034836479999999996,rohrwild_nonlocal_exact_post_borel,Bs1_5830_observed_high_combo,5.8287,5.36692,high,observed narrow B_s1(5830),legacy_chi_condensate,4.18,0.093,0.2303,0.14615715477391222,0.16629436276498455,0.034136132414710085,0.2472392463170469
13.0,6.25,39.0625,35.3,0.36846170312064624,0.46320039245055433,0.04356942342173003,0.08500698902248337,-0.00864964920374771,0.047833499156101716,0.0,0.0036796079644918953,6.761405803921946e-05,0.0006383514468449019,0.03526398395086857,0.04679242370056288,-0.0023167359857192895,0.0035995228859293524,-0.00014694700055700898,0.001814741471398857,0.19215233233460532,0.2619603008351622,-0.0008007095547100926,0.009888468835496819,0.590953656460377,0.03305156802673104,74.0961478652929,0.23177837735265408,0.22683827574263177,0.03526398395086857,-0.15625,3.15,-0.034836479999999996,rohrwild_nonlocal_exact_post_borel,Bs1_5830_observed_high_combo,5.8287,5.36692,high,observed narrow B_s1(5830),legacy_chi_condensate,4.18,0.093,0.2303,0.14615715477391222,0.16629436276498455,0.03305156802673104,0.23177837735265408
13.5,6.25,39.0625,35.3,0.36217194833239075,0.45590926342069354,0.04683190328682318,0.09149590827085734,-0.009117010174664923,0.051431619902811324,0.0,0.003785280278504251,7.106499195376553e-05,0.0006609482882187616,0.03828487825414843,0.050312232902820345,-0.0025286322343437747,0.0037028952876545216,-0.000154446985065687,0.0018789810456434942,0.19076733566411525,0.2565488543813796,-0.000769584263707145,0.009362657638905834,0.5813685092250868,0.03213149721191805,71.71199253419061,0.2190537575133156,0.22683827574263177,0.03828487825414843,-0.15625,3.15,-0.034836479999999996,rohrwild_nonlocal_exact_post_borel,Bs1_5830_observed_high_combo,5.8287,5.36692,high,observed narrow B_s1(5830),legacy_chi_condensate,4.18,0.093,0.2303,0.14615715477391222,0.16629436276498455,0.03213149721191805,0.2190537575133156
14.0,6.25,39.0625,35.3,0.35657493437045845,0.44936109549282854,0.0501004054946953,0.0979900900947876,-0.00956880300835854,0.05502838368795801,0.0,0.003884483610315629,7.442695081562207e-05,0.0006819142539645778,0.04132894619006135,0.0538307146771974,-0.002746340950696887,0.0037999395017831337,-0.00016175359829187903,0.0019385842747344825,0.18952549709430275,0.2516874420033315,-0.0007417665812740392,0.008889922976468366,0.5727900260413152,0.03134747248824188,69.61128905882416,0.20849413460745414,0.22683827574263177,0.04132894619006135,-0.15625,3.15,-0.034836479999999996,rohrwild_nonlocal_exact_post_borel,Bs1_5830_observed_high_combo,5.8287,5.36692,high,observed narrow B_s1(5830),legacy_chi_condensate,4.18,0.093,0.2303,0.14615715477391222,0.16629436276498455,0.03134747248824188,0.20849413460745414
8.0,6.05,36.6025,35.3,0.8212178640277628,0.8127471236369759,0.021471596480762738,0.032980531274901956,-0.0035591034091152804,0.022534673147228214,0.0,0.0021577563549583733,2.9189139052281013e-05,0.0003090812486391508,0.00862575640499354,0.022044215716221376,-0.0006154708131655445,0.0021107937195707937,-6.343734656609683e-05,0.000878673593847887,0.2125665790195056,0.5800904827097321,-0.001563301710424326,0.021653363618162568,1.1378604828380432,0.20057464638900507,274.7051566377197,8.535733603260013,0.22683827574263177,0.00862575640499354,-0.15625,4.980468750000001,-0.055080000000000004,rohrwild_nonlocal_exact_post_borel,Bs1_5830_observed_high_combo,5.8287,5.36692,high,observed narrow B_s1(5830),lattice_fperp_s,4.18,0.093,0.2303,0.14615715477391222,0.16629436276498455,0.20057464638900507,8.535733603260013
8.5,6.05,36.6025,35.3,0.7706184852270206,0.7675192817870855,0.02537935006123509,0.03923075133919543,-0.004165778927195935,0.02681126490703365,0.0,0.002354566861351666,3.3190716695973475e-05,0.00034610650334973125,0.010531491215252948,0.0262277293029255,-0.0007435869277505464,0.0023033207302714637,-7.213405623401103e-05,0.000983931074730078,0.20604047329580705,0.5436402056381,-0.001411246971908054,0.019249849825086537,1.071709104157069,0.1854138445623848,243.692757453426,7.2941232982692785,0.22683827574263177,0.010531491215252948,-0.15625,4.980468750000001,-0.055080000000000004,rohrwild_nonlocal_exact_post_borel,Bs1_5830_observed_high_combo,5.8287,5.36692,high,observed narrow B_s1(5830),lattice_fperp_s,4.18,0.093,0.2303,0.14615715477391222,0.16629436276498455,0.1854138445623848,7.2941232982692785
9.0,6.05,36.6025,35.3,0.7294359855668449,0.7304348025179728,0.029493488706485774,0.04583705189635891,-0.004790040879401686,0.03132366560370593,0.0,0.0025407652409270816,3.7205958085442694e-05,0.0003818927831690039,0.012587434028370743,0.03064191954680337,-0.000882574127691469,0.0024854665825123335,-8.086046159711782e-05,0.0010856663279610417,0.2005866326113209,0.5138361197375889,-0.001288549172659479,0.01730059934172226,1.017645445197194,0.17323280762820076,219.7261611861835,6.36720848390168,0.22683827574263177,0.012587434028370743,-0.15625,4.980468750000001,-0.055080000000000004,rohrwild_nonlocal_exact_post_borel,Bs1_5830_observed_high_combo,5.8287,5.36692,high,observed narrow B_s1(5830),lattice_fperp_s,4.18,0.093,0.2303,0.14615715477391222,0.16629436276498455,0.17323280762820076,6.36720848390168
9.5,6.05,36.6025,35.3,0.6953671436832597,0.699544808540053,0.033780983721206484,0.05274361849016241,-0.005426093711924451,0.03603333307532225,0.0,0.002716345221651037,4.120858835372553e-05,0.0004161905478039188,0.014775528255232154,0.03524908313944465,-0.0010318285326582442,0.002657225140767923,-8.955945895535491e-05,0.0011831699463312835,0.19596956712995314,0.48907055703484265,-0.0011878376258837823,0.01569252200114103,0.972748019918118,0.16327796365381103,200.76568870168302,5.656449742565442,0.22683827574263177,0.014775528255232154,-0.15625,4.980468750000001,-0.055080000000000004,rohrwild_nonlocal_exact_post_borel,Bs1_5830_observed_high_combo,5.8287,5.36692,high,observed narrow B_s1(5830),lattice_fperp_s,4.18,0.093,0.2303,0.14615715477391222,0.16629436276498455,0.16327796365381103,5.656449742565442
10.0,6.05,36.6025,35.3,0.6667842229886601,0.6734622815913995,0.038211201050358946,0.05989835673589104,-0.006068990269965326,0.040904650199849193,0.0,0.0028815310205378866,4.517783948891161e-05,0.000448832260448283,0.01707813601089835,0.04001437815009821,-0.001190752901168987,0.0028188157420660814,-9.818591276818143e-05,0.001275965646765569,0.19201662733321978,0.46820338401748857,-0.001103945290595457,0.01434621553128661,0.9349442305805198,0.15502235470113584,185.46424418292997,5.09891110642609,0.22683827574263177,0.01707813601089835,-0.15625,4.980468750000001,-0.055080000000000004,rohrwild_nonlocal_exact_post_borel,Bs1_5830_observed_high_combo,5.8287,5.36692,high,observed narrow B_s1(5830),lattice_fperp_s,4.18,0.093,0.2303,0.14615715477391222,0.16629436276498455,0.15502235470113584,5.09891110642609
10.5,6.05,36.6025,35.3,0.6425086868770991,0.6511764584141354,0.04275614618132043,0.06725343920452521,-0.006714565412632497,0.04590520272610425,0.0,0.003036695577885683,4.9097523447689844e-05,0.0004797157665153031,0.019478449072925088,0.044906095809762646,-0.0013587672651963147,0.002970603209820303,-0.00010670464123349234,0.0013637630184469974,0.18859864466015308,0.4504064388506953,-0.0010331598085782533,0.013204534711865468,0.9027281289316121,0.14808820999978722,172.90308115960903,4.652964610312166,0.22683827574263177,0.019478449072925088,-0.15625,4.980468750000001,-0.055080000000000004,rohrwild_nonlocal_exact_post_borel,Bs1_5830_observed_high_combo,5.8287,5.36692,high,observed narrow B_s1(5830),lattice_fperp_s,4.18,0.093,0.2303,0.14615715477391222,0.16629436276498455,0.14808820999978722,4.652964610312166
11.0,6.05,36.6025,35.3,0.6216689526948853,0.6319353523735843,0.047390535400917616,0.07476551789118291,-0.007359354551538823,0.05100584242505185,0.0,0.00318230224135123,5.295522206850772e-05,0.0005087900639848468,0.021960742003910787,0.04989572228802171,-0.0015353156221239853,0.0031130408071257058,-0.00011508865570949495,0.0014464170699581978,0.18561724211989097,0.43506541630716444,-0.000972755787043892,0.01222544973357289,0.8749823397298822,0.14219873939350808,162.43789653772416,4.290227029650821,0.22683827574263177,0.021960742003910787,-0.15625,4.980468750000001,-0.055080000000000004,rohrwild_nonlocal_exact_post_borel,Bs1_5830_observed_high_combo,5.8287,5.36692,high,observed narrow B_s1(5830),lattice_fperp_s,4.18,0.093,0.2303,0.14615715477391222,0.16629436276498455,0.14219873939350808,4.290227029650821
11.5,6.05,36.6025,35.3,0.6036082717320808,0.6151691843069562,0.05209175045071802,0.08239570960882348,-0.008000508298383743,0.05618060998062792,0.0,0.0033188637248066514,5.6741596118861634e-05,0.0005360434475483321,0.024510509224398933,0.05495786326211671,-0.0017198698322855395,0.003246630088858367,-0.00012331765905320292,0.001523894524788207,0.18299629966299794,0.42171612989126755,-0.0009206938576117131,0.011377448610302512,0.8508623375331907,0.1371471968063145,153.60571814200108,3.990824711537193,0.22683827574263177,0.024510509224398933,-0.15625,4.980468750000001,-0.055080000000000004,rohrwild_nonlocal_exact_post_borel,Bs1_5830_observed_high_combo,5.8287,5.36692,high,observed narrow B_s1(5830),lattice_fperp_s,4.18,0.093,0.2303,0.14615715477391222,0.16629436276498455,0.1371471968063145,3.990824711537193
12.0,6.05,36.6025,35.3,0.5878234805942686,0.6004391677755022,0.0568397186634677,0.0901094339221612,-0.008635709738030203,0.06140657112779902,0.0,0.003446913644921104,6.0449805316560484e-05,0.000561493823461216,0.027114519303310748,0.0600700836213901,-0.001911931562999024,0.003371893057751045,-0.00013137678514091213,0.0015962462878492574,0.18067608125444787,0.4100020106067868,-0.0008754218520912256,0.010636497766359016,0.829719255431083,0.13277648776717754,146.06666714985911,3.7405127106358944,0.22683827574263177,0.027114519303310748,-0.15625,4.980468750000001,-0.055080000000000004,rohrwild_nonlocal_exact_post_borel,Bs1_5830_observed_high_combo,5.8287,5.36692,high,observed narrow B_s1(5830),lattice_fperp_s,4.18,0.093,0.2303,0.14615715477391222,0.16629436276498455,0.13277648776717754,3.7405127106358944
12.5,6.05,36.6025,35.3,0.5739233133615528,0.5874024547498904,0.061616748867150566,0.09787616117625739,-0.009263097820325581,0.06666360360822138,0.0,0.003566987135397008,6.407502675574536e-05,0.0005851809171020194,0.029760812064228873,0.06521269905976255,-0.0021110328887188876,0.0034893532005521866,-0.0001392555522537244,0.0016635852926863812,0.17860911024490442,0.39964510022754673,-0.0008357403094721292,0.009983984586911252,0.8110471862641628,0.12896540279890722,139.5664480657043,3.528866426234651,0.22683827574263177,0.029760812064228873,-0.15625,4.980468750000001,-0.055080000000000004,rohrwild_nonlocal_exact_post_borel,Bs1_5830_observed_high_combo,5.8287,5.36692,high,observed narrow B_s1(5830),lattice_fperp_s,4.18,0.093,0.2303,0.14615715477391222,0.16629436276498455,0.12896540279890722,3.528866426234651
13.0,6.05,36.6025,35.3,0.5615994262510227,0.5757876424841581,0.06640734434134571,0.1056691112565439,-0.009881198466296684,0.07193416070401665,0.0,0.0036796079644918953,6.761405803921946e-05,0.0006071600810946217,0.032438657701938364,0.07036854475609398,-0.0023167359857192895,0.0035995228859293524,-0.00014694700055700898,0.001726068898858489,0.1767572190344602,0.3904258382099238,-0.0008007095547100926,0.009405294794484315,0.7944464492435133,0.12561912309563567,133.9115505301095,3.3481144625367962,0.22683827574263177,0.032438657701938364,-0.15625,4.980468750000001,-0.055080000000000004,rohrwild_nonlocal_exact_post_borel,Bs1_5830_observed_high_combo,5.8287,5.36692,high,observed narrow B_s1(5830),lattice_fperp_s,4.18,0.093,0.2303,0.14615715477391222,0.16629436276498455,0.12561912309563567,3.3481144625367962
13.5,6.05,36.6025,35.3,0.5506058744154603,0.565377339058203,0.07119800740645983,0.11346493108028118,-0.010488863835315635,0.07720302854254271,0.0,0.003785280278504251,7.106499195376553e-05,0.0006274974287747363,0.03513849199384224,0.0755227379611113,-0.0025286322343437747,0.0037028952876545216,-0.000154446985065687,0.0017838850570825783,0.17508940350864985,0.3821687100536577,-0.000769584263707145,0.00888880975960259,0.779597501546216,0.12266254540097232,128.95246824836318,3.192366371107934,0.22683827574263177,0.03513849199384224,-0.15625,4.980468750000001,-0.055080000000000004,rohrwild_nonlocal_exact_post_borel,Bs1_5830_observed_high_combo,5.8287,5.36692,high,observed narrow B_s1(5830),lattice_fperp_s,4.18,0.093,0.2303,0.14615715477391222,0.16629436276498455,0.12266254540097232,3.192366371107934
14.0,6.05,36.6025,35.3,0.5407443250180864,0.5559955432152168,0.07597704533043566,0.12124336957165209,-0.011085219537125197,0.0824570882578796,0.0,0.003884483610315629,7.442695081562207e-05,0.0006462660485500099,0.03785183773630768,0.08066244533534678,-0.002746340950696887,0.0037999395017831337,-0.00016175359829187903,0.0018372415472032643,0.1735802391359244,0.3747318832407202,-0.0007417665812740392,0.00842518741984618,0.7662420937887902,0.12003550649962225,124.57210263177481,3.0570901146894194,0.22683827574263177,0.03785183773630768,-0.15625,4.980468750000001,-0.055080000000000004,rohrwild_nonlocal_exact_post_borel,Bs1_5830_observed_high_combo,5.8287,5.36692,high,observed narrow B_s1(5830),lattice_fperp_s,4.18,0.093,0.2303,0.14615715477391222,0.16629436276498455,0.12003550649962225,3.0570901146894194
8.0,6.15,37.822500000000005,35.3,0.8373950057951113,0.8269598582808201,0.021894564703271908,0.03355727098371273,-0.003461606573042055,0.02285574083098146,0.0,0.0021577563549583733,2.9189139052281013e-05,0.0003134849513218471,0.008875897235372328,0.022358295500468642,-0.0006154708131655445,0.0021107937195707937,-6.343734656609683e-05,0.0008911926880326005,0.21873085935507544,0.5878304259845012,-0.001563301710424326,0.021961874651667632,1.158808114549714,0.20556448280810913,284.9127190524113,8.965715255131155,0.22683827574263177,0.008875897235372328,-0.15625,4.980468750000001,-0.055080000000000004,rohrwild_nonlocal_exact_post_borel,Bs1_5830_observed_high_combo,5.8287,5.36692,high,observed narrow B_s1(5830),lattice_fperp_s,4.18,0.093,0.2303,0.14615715477391222,0.16629436276498455,0.20556448280810913,8.965715255131155
8.5,6.15,37.822500000000005,35.3,0.7874917719640108,0.7823331033637955,0.025935050526499057,0.03998794059091815,-0.0040375933245880725,0.027233331316229077,0.0,0.002354566861351666,3.3190716695973475e-05,0.0003515549568104138,0.010860310980356272,0.026640609618965024,-0.0007435869277505464,0.0023033207302714637,-7.213405623401103e-05,0.000999420245309948,0.21247357746369366,0.5517178894145529,-0.001411246971908054,0.019552883457457017,1.0935495781879414,0.19062448839228474,253.72644634348433,7.709854182511536,0.22683827574263177,0.010860310980356272,-0.15625,4.980468750000001,-0.055080000000000004,rohrwild_nonlocal_exact_post_borel,Bs1_5830_observed_high_combo,5.8287,5.36692,high,observed narrow B_s1(5830),lattice_fperp_s,4.18,0.093,0.2303,0.14615715477391222,0.16629436276498455,0.19062448839228474,7.709854182511536
9.0,6.15,37.822500000000005,35.3,0.7469532709229968,0.7458042968024394,0.03020176999235964,0.046801535385794714,-0.0046265532096759435,0.03186189719221887,0.0,0.0025407652409270816,3.7205958085442694e-05,0.00038845481080418474,0.013006745405413841,0.031168436757190474,-0.000882574127691469,0.0024854665825123335,-8.086046159711782e-05,0.001104321229966647,0.20726855499098304,0.5222264170774135,-0.001288549172659479,0.017597873906702276,1.0403115641248233,0.17864794322831934,229.62313094664987,6.7714990694274615,0.22683827574263177,0.013006745405413841,-0.15625,4.980468750000001,-0.055080000000000004,rohrwild_nonlocal_exact_post_borel,Bs1_5830_observed_high_combo,5.8287,5.36692,high,observed narrow B_s1(5830),lattice_fperp_s,4.18,0.093,0.2303,0.14615715477391222,0.16629436276498455,0.17864794322831934,6.7714990694274615
9.5,6.15,37.822500000000005,35.3,0.7134815225504506,0.7154291820903134,0.03466098149388105,0.05394125347831799,-0.005222852348421348,0.03670236209624098,0.0,0.002716345221651037,4.120858835372553e-05,0.0004239179360566469,0.01529672749538492,0.03590355103259708,-0.0010318285326582442,0.002657225140767923,-8.955945895535491e-05,0.001205137801181675,0.20288229388441145,0.4977508415909036,-0.0011878376258837823,0.0159838842408823,0.9961793862067383,0.16888288280370561,210.55418766784055,6.051458362480629,0.22683827574263177,0.01529672749538492,-0.15625,4.980468750000001,-0.055080000000000004,rohrwild_nonlocal_exact_post_borel,Bs1_5830_observed_high_combo,5.8287,5.36692,high,observed narrow B_s1(5830),lattice_fperp_s,4.18,0.093,0.2303,0.14615715477391222,0.16629436276498455,0.16888288280370561,6.051458362480629
10.0,6.15,37.822500000000005,35.3,0.6854534321263078,0.6898248221251267,0.03928107175097687,0.061353656188859226,-0.005821767732858118,0.04171836970698529,0.0,0.0028815310205378866,4.517783948891161e-05,0.0004577609168229096,0.017712043322882346,0.04081038740351006,-0.001190752901168987,0.0028188157420660814,-9.818591276818143e-05,0.001301348534337909,0.1991439124193298,0.47715324904190576,-0.001103945290595457,0.0146316059544867,0.9590864598207047,0.16080377925373973,195.16606307860116,5.486321893137055,0.22683827574263177,0.017712043322882346,-0.15625,4.980468750000001,-0.055080000000000004,rohrwild_nonlocal_exact_post_borel,Bs1_5830_observed_high_combo,5.8287,5.36692,high,observed narrow B_s1(5830),lattice_fperp_s,4.18,0.093,0.2303,0.14615715477391222,0.16629436276498455,0.16080377925373973,5.486321893137055
10.5,6.15,37.822500000000005,35.3,0.661694568532341,0.6679840549666056,0.044032882788036465,0.06898932608788802,-0.006419401791554252,0.04687662422172118,0.0,0.003036695577885683,4.9097523447689844e-05,0.0004898672565361569,0.02023519780209946,0.04585637473596877,-0.0013587672651963147,0.002970603209820303,-0.00010670464123349234,0.0013926222464293082,0.19592580834429676,0.45960744437534445,-0.0010331598085782533,0.013483962055542826,0.9275321482719859,0.1540341314020527,182.53524136946425,5.034110102615861,0.22683827574263177,0.02023519780209946,-0.15625,4.980468750000001,-0.055080000000000004,rohrwild_nonlocal_exact_post_borel,Bs1_5830_observed_high_combo,5.8287,5.36692,high,observed narrow B_s1(5830),lattice_fperp_s,4.18,0.093,0.2303,0.14615715477391222,0.16629436276498455,0.1540341314020527,5.034110102615861
11.0,6.15,37.822500000000005,35.3,0.6413369801008517,0.6491580728753915,0.048889851628643295,0.0768031719217355,-0.0070125850037823295,0.052147005848056684,0.0,0.00318230224135123,5.295522206850772e-05,0.0005201733209492024,0.02284970857615435,0.051012048781857465,-0.0015353156221239853,0.0031130408071257058,-0.00011508865570949495,0.0014787780344314644,0.1931309920399637,0.4445008645745436,-0.000972755787043892,0.012498972047928106,0.9004037689279727,0.14829827552764868,172.01383976320918,4.666174584493705,0.22683827574263177,0.02284970857615435,-0.15625,4.980468750000001,-0.055080000000000004,rohrwild_nonlocal_exact_post_borel,Bs1_5830_observed_high_combo,5.8287,5.36692,high,observed narrow B_s1(5830),lattice_fperp_s,4.18,0.093,0.2303,0.14615715477391222,0.16629436276498455,0.14829827552764868,4.666174584493705
11.5,6.15,37.822500000000005,35.3,0.6237271321471822,0.6327799058218684,0.05382801999037979,0.08475448819032753,-0.007598777710311786,0.05750253586679059,0.0,0.0033188637248066514,5.6741596118861634e-05,0.0005486565129754673,0.025540275932585395,0.05625101800214947,-0.0017198698322855395,0.003246630088858367,-0.00012331765905320292,0.0015597516580730492,0.19068457310477052,0.43137086738166996,-0.0009206938576117131,0.011645159193039697,0.8768609462347179,0.14339046536236794,163.13616086719395,4.362438630398741,0.22683827574263177,0.025540275932585395,-0.15625,4.980468750000001,-0.055080000000000004,rohrwild_nonlocal_exact_post_borel,Bs1_5830_observed_high_combo,5.8287,5.36692,high,observed narrow B_s1(5830),lattice_fperp_s,4.18,0.093,0.2303,0.14615715477391222,0.16629436276498455,0.14339046536236794,4.362438630398741
12.0,6.15,37.822500000000005,35.3,0.6083647102437779,0.6184132537883574,0.058825957309633095,0.0928068507510583,-0.008175977360075576,0.06291924569347479,0.0,0.003446913644921104,6.0449805316560484e-05,0.0005753255259962125,0.02829286273177091,0.061549835478288004,-0.001911931562999024,0.003371893057751045,-0.00013137678514091213,0.0016355678313882815,0.18852790671535943,0.419862254254944,-0.0008754218520912256,0.010898514670145305,0.8562584888406897,0.13915449478675795,155.56022483254225,4.108499702461294,0.22683827574263177,0.02829286273177091,-0.15625,4.980468750000001,-0.055080000000000004,rohrwild_nonlocal_exact_post_borel,Bs1_5830_observed_high_combo,5.8287,5.36692,high,observed narrow B_s1(5830),lattice_fperp_s,4.18,0.093,0.2303,0.14615715477391222,0.16629436276498455,0.13915449478675795,4.108499702461294
12.5,6.15,37.822500000000005,35.3,0.5948609783596946,0.6057174738461483,0.06386462905605363,0.10092790831574601,-0.00874263430565317,0.06837598876506805,0.0,0.003566987135397008,6.407502675574536e-05,0.0006002124344859946,0.031094710925619506,0.06688781489304574,-0.0021110328887188876,0.0034893532005521866,-0.0001392555522537244,0.0017063177375011896,0.1866144861827483,0.40969828519757234,-0.0008357403094721292,0.01024044277529974,0.8380937511676189,0.13546994482689434,149.0300980446957,3.89380940615714,0.22683827574263177,0.031094710925619506,-0.15625,4.980468750000001,-0.055080000000000004,rohrwild_nonlocal_exact_post_borel,Bs1_5830_observed_high_combo,5.8287,5.36692,high,observed narrow B_s1(5830),lattice_fperp_s,4.18,0.093,0.2303,0.14615715477391222,0.16629436276498455,0.13546994482689434,3.89380940615714
13.0,6.15,37.822500000000005,35.3,0.582909843815716,0.594423123106202,0.06892723337813383,0.10908911288539806,-0.009297577340412587,0.073854222340082,0.0,0.0036796079644918953,6.761405803921946e-05,0.0006233663559333162,0.03393431489567218,0.07224681707969641,-0.0023167359857192895,0.0035995228859293524,-0.00014694700055700898,0.0017721410103764131,0.18490700774096014,0.40066048464813075,-0.0008007095547100926,0.00965634027182129,0.821969952756928,0.13224270136898725,143.35098000028836,3.710498038348755,0.22683827574263177,0.03393431489567218,-0.15625,4.980468750000001,-0.055080000000000004,rohrwild_nonlocal_exact_post_borel,Bs1_5830_observed_high_combo,5.8287,5.36692,high,observed narrow B_s1(5830),lattice_fperp_s,4.18,0.093,0.2303,0.14615715477391222,0.16629436276498455,0.13224270136898725,3.710498038348755
13.5,6.15,37.822500000000005,35.3,0.5722673691609659,0.5843145555346617,0.07399902231565018,0.11726541938059586,-0.009839949042538838,0.07933777766109698,0.0,0.003785280278504251,7.106499195376553e-05,0.0006448484266340208,0.03680136667378505,0.07761102518684423,-0.0025286322343437747,0.0037028952876545216,-0.000154446985065687,0.0018332114517214972,0.18337523819591664,0.3925743064228015,-0.000769584263707145,0.009134595179650614,0.807570135658373,0.1293982905945807,138.37233904998317,3.552596309857498,0.22683827574263177,0.03680136667378505,-0.15625,4.980468750000001,-0.055080000000000004,rohrwild_nonlocal_exact_post_borel,Bs1_5830_observed_high_combo,5.8287,5.36692,high,observed narrow B_s1(5830),lattice_fperp_s,4.18,0.093,0.2303,0.14615715477391222,0.16629436276498455,0.1293982905945807,3.552596309857498
14.0,6.15,37.822500000000005,35.3,0.5627370156714272,0.575217328818687,0.0790671187300062,0.1254349752134378,-0.010369150370804943,0.08481263068116003,0.0,0.003884483610315629,7.442695081562207e-05,0.0006647278585198748,0.03968668404466365,0.08296672039486284,-0.002746340950696887,0.0037999395017831337,-0.00016175359829187903,0.00188972582111694,0.18199444251492167,0.3852987840779307,-0.0007417665812740392,0.008665868807108722,0.7946383595429847,0.12687711268358787,133.97625497879073,3.4155083854224197,0.22683827574263177,0.03968668404466365,-0.15625,4.980468750000001,-0.055080000000000004,rohrwild_nonlocal_exact_post_borel,Bs1_5830_observed_high_combo,5.8287,5.36692,high,observed narrow B_s1(5830),lattice_fperp_s,4.18,0.093,0.2303,0.14615715477391222,0.16629436276498455,0.12687711268358787,3.4155083854224197
8.0,6.25,39.0625,35.3,0.8521472099853203,0.8391405771068865,0.022280276448533306,0.034051553358279835,-0.0033595663879927816,0.023135574249769267,0.0,0.0021577563549583733,2.9189139052281013e-05,0.0003173230927461675,0.009085525359921166,0.022632038465723273,-0.0006154708131655445,0.0021107937195707937,-6.343734656609683e-05,0.0009021039727962433,0.22389677538718428,0.5945763393772265,-0.001563301710424326,0.022230764052900028,1.1772739307256384,0.2105655899401626,294.06533799544246,9.407269477808294,0.22683827574263177,0.009085525359921166,-0.15625,4.980468750000001,-0.055080000000000004,rohrwild_nonlocal_exact_post_borel,Bs1_5830_observed_high_combo,5.8287,5.36692,high,observed narrow B_s1(5830),lattice_fperp_s,4.18,0.093,0.2303,0.14615715477391222,0.16629436276498455,0.2105655899401626,9.407269477808294
8.5,6.25,39.0625,35.3,0.8030189543080483,0.7951439418240441,0.02644641873752486,0.04064274996184419,-0.0039022186889626147,0.027604533050044414,0.0,0.002354566861351666,3.3190716695973475e-05,0.00035634679839542167,0.011138375145593418,0.027003732307321705,-0.0007435869277505464,0.0023033207302714637,-7.213405623401103e-05,0.00101304276264216,0.21791368760964216,0.5588221037223137,-0.001411246971908054,0.0198193974639962,1.11297748571849,0.19589396489228256,262.82189378001004,8.141996191964052,0.22683827574263177,0.011138375145593418,-0.15625,4.980468750000001,-0.055080000000000004,rohrwild_nonlocal_exact_post_borel,Bs1_5830_observed_high_combo,5.8287,5.36692,high,observed narrow B_s1(5830),lattice_fperp_s,4.18,0.093,0.2303,0.14615715477391222,0.16629436276498455,0.19589396489228256,8.141996191964052
9.0,6.25,39.0625,35.3,0.7632035254444537,0.759202613370435,0.030858821067011055,0.04764232135291182,-0.004452506742043401,0.032339084018916484,0.0,0.0025407652409270816,3.7205958085442694e-05,0.00039427259112544995,0.013364191197281359,0.03163523781864519,-0.000882574127691469,0.0024854665825123335,-8.086046159711782e-05,0.0011208603437615177,0.21296462041386355,0.5296651097295895,-0.001288549172659479,0.017861432399641445,1.0606367673931547,0.18416806740893032,238.68335737735,7.196435605599324,0.22683827574263177,0.013364191197281359,-0.15625,4.980468750000001,-0.055080000000000004,rohrwild_nonlocal_exact_post_borel,Bs1_5830_observed_high_combo,5.8287,5.36692,high,observed narrow B_s1(5830),lattice_fperp_s,4.18,0.093,0.2303,0.14615715477391222,0.16629436276498455,0.18416806740893032,7.196435605599324
9.5,6.25,39.0625,35.3,0.7304073074218458,0.7293759851148394,0.03548323728839654,0.054992801354741015,-0.005004926878801018,0.037299792013559534,0.0,0.002716345221651037,4.120858835372553e-05,0.0004308183436332511,0.01574423139110635,0.03648797814572405,-0.0010318285326582442,0.002657225140767923,-8.955945895535491e-05,0.001224754668756287,0.20881759062768976,0.5055021670528508,-0.0011878376258837823,0.016244065060182687,1.0173425902531084,0.17463738561536396,219.59539805539845,6.470878187838038,0.22683827574263177,0.01574423139110635,-0.15625,4.980468750000001,-0.055080000000000004,rohrwild_nonlocal_exact_post_borel,Bs1_5830_observed_high_combo,5.8287,5.36692,high,observed narrow B_s1(5830),lattice_fperp_s,4.18,0.093,0.2303,0.14615715477391222,0.16629436276498455,0.17463738561536396,6.470878187838038
10.0,6.25,39.0625,35.3,0.7030112344786191,0.7042844752156917,0.04028725140033856,0.06263971107681711,-0.005554966325955081,0.042449723067665056,0.0,0.0028815310205378866,4.517783948891161e-05,0.00046578579860179247,0.018259848854057542,0.04152582317407909,-0.001190752901168987,0.0028188157420660814,-9.818591276818143e-05,0.0013241621205515705,0.20530311916552382,0.48519719269304784,-0.001103945290595457,0.014888108647715486,0.9810334362041353,0.16677774096833542,204.2003119003488,5.901534576293681,0.22683827574263177,0.018259848854057542,-0.15625,4.980468750000001,-0.055080000000000004,rohrwild_nonlocal_exact_post_borel,Bs1_5830_observed_high_combo,5.8287,5.36692,high,observed narrow B_s1(5830),lattice_fperp_s,4.18,0.093,0.2303,0.14615715477391222,0.16629436276498455,0.16677774096833542,5.901534576293681
10.5,6.25,39.0625,35.3,0.679844560891617,0.6829239805619609,0.0452406854875998,0.07053232010243568,-0.006098996240700307,0.04775484385288326,0.0,0.003036695577885683,4.9097523447689844e-05,0.0004990447740834681,0.020892995892418595,0.04671548029605711,-0.0013587672651963147,0.002970603209820303,-0.00010670464123349234,0.001418712610569492,0.20229488977525467,0.4679256705157345,-0.0010331598085782533,0.013736580079550094,0.9502132946106662,0.16021387251312724,191.57153842619354,5.446142714512316,0.22683827574263177,0.020892995892418595,-0.15625,4.980468750000001,-0.055080000000000004,rohrwild_nonlocal_exact_post_borel,Bs1_5830_observed_high_combo,5.8287,5.36692,high,observed narrow B_s1(5830),lattice_fperp_s,4.18,0.093,0.2303,0.14615715477391222,0.16629436276498455,0.16021387251312724,5.446142714512316
11.0,6.25,39.0625,35.3,0.6600426868225631,0.6645484677538833,0.0503158090497943,0.07862403989393908,-0.006634155764064194,0.05318418799954223,0.0,0.00318230224135123,5.295522206850772e-05,0.0005305193508965303,0.023626555941514152,0.05202665711165142,-0.0015353156221239853,0.0031130408071257058,-0.00011508865570949495,0.0015081903114812758,0.1996970846374047,0.45307656752550424,-0.000972755787043892,0.012747571378018135,0.9237736839631098,0.15467124890944306,181.05893198038274,5.075840499964104,0.22683827574263177,0.023626555941514152,-0.15625,4.980468750000001,-0.055080000000000004,rohrwild_nonlocal_exact_post_borel,Bs1_5830_observed_high_combo,5.8287,5.36692,high,observed narrow B_s1(5830),lattice_fperp_s,4.18,0.093,0.2303,0.14615715477391222,0.16629436276498455,0.15467124890944306,5.075840499964104
11.5,6.25,39.0625,35.3,0.642955115507781,0.6485934755143844,0.05548740631392481,0.08687255640554763,-0.007158238441378148,0.05870986328937688,0.0,0.0033188637248066514,5.6741596118861634e-05,0.0005601761450005726,0.026444545026088572,0.05743206846468415,-0.0017198698322855395,0.003246630088858367,-0.00012331765905320292,0.0015925003172552884,0.19743587706568413,0.44018863050443585,-0.0009206938576117131,0.011889661801876108,0.9008780316805737,0.14994515354884802,172.19509453998063,4.770387392882774,0.22683827574263177,0.026444545026088572,-0.15625,4.980468750000001,-0.055080000000000004,rohrwild_nonlocal_exact_post_borel,Bs1_5830_observed_high_combo,5.8287,5.36692,high,observed narrow B_s1(5830),lattice_fperp_s,4.18,0.093,0.2303,0.14615715477391222,0.16629436276498455,0.14994515354884802,4.770387392882774
12.0,6.25,39.0625,35.3,0.6280842806487265,0.6346249688434166,0.06073274543733528,0.09523978408538893,-0.007669587109144145,0.06430695453826087,0.0,0.003446913644921104,6.0449805316560484e-05,0.0005880145579808878,0.029332217009839803,0.06290734143925356,-0.001911931562999024,0.003371893057751045,-0.00013137678514091213,0.0016716409266844714,0.19545358575454502,0.4289079192200191,-0.0008754218520912256,0.011138885720943835,0.8808845830048588,0.14588031430556997,164.63675606518785,4.515253757799334,0.22683827574263177,0.029332217009839803,-0.15625,4.980468750000001,-0.055080000000000004,rohrwild_nonlocal_exact_post_borel,Bs1_5830_observed_high_combo,5.8287,5.36692,high,observed narrow B_s1(5830),lattice_fperp_s,4.18,0.093,0.2303,0.14615715477391222,0.16629436276498455,0.14588031430556997,4.515253757799334
12.5,6.25,39.0625,35.3,0.6150439300687264,0.6223043485735611,0.06603148277657814,0.1036917027314876,-0.008167000046905208,0.06995336186113664,0.0,0.003566987135397008,6.407502675574536e-05,0.000614058800193948,0.03227609986081524,0.06843085714475805,-0.0021110328887188876,0.0034893532005521866,-0.0001392555522537244,0.0017456809663347309,0.19370457586555323,0.41895883235783915,-0.0008357403094721292,0.0104766806596408,0.8632937956622391,0.14235715836947815,158.1269963415098,4.299791558358184,0.22683827574263177,0.03227609986081524,-0.15625,4.980468750000001,-0.055080000000000004,rohrwild_nonlocal_exact_post_borel,Bs1_5830_observed_high_combo,5.8287,5.36692,high,observed narrow B_s1(5830),lattice_fperp_s,4.18,0.093,0.2303,0.14615715477391222,0.16629436276498455,0.14235715836947815,4.299791558358184
13.0,6.25,39.0625,35.3,0.6035302158357877,0.6113640161256116,0.07136552672598259,0.11219812214014677,-0.00864964920374771,0.07562960246035429,0.0,0.0036796079644918953,6.761405803921946e-05,0.0006383514468449019,0.03526398395086857,0.07398355681822628,-0.0023167359857192895,0.0035995228859293524,-0.00014694700055700898,0.001814741471398857,0.19215233233460532,0.4101239245102195,-0.0008007095547100926,0.009888468835496819,0.8477116915490175,0.1392823379008738,152.47025545072663,4.1160522385286855,0.22683827574263177,0.03526398395086857,-0.15625,4.980468750000001,-0.055080000000000004,rohrwild_nonlocal_exact_post_borel,Bs1_5830_observed_high_combo,5.8287,5.36692,high,observed narrow B_s1(5830),lattice_fperp_s,4.18,0.093,0.2303,0.14615715477391222,0.16629436276498455,0.1392823379008738,4.1160522385286855
13.5,6.25,39.0625,35.3,0.5933012300045886,0.6015899907729964,0.0767188788404658,0.12073240670620163,-0.009117010174664923,0.08131859545645394,0.0,0.003785280278504251,7.106499195376553e-05,0.0006609482882187616,0.03828487825414843,0.07954873133816463,-0.0025286322343437747,0.0037028952876545216,-0.000154446985065687,0.0018789810456434942,0.19076733566411525,0.40222958173368245,-0.000769584263707145,0.009362657638905834,0.8338238446000823,0.1365820731265613,147.5154140981478,3.9580035817440145,0.22683827574263177,0.03828487825414843,-0.15625,4.980468750000001,-0.055080000000000004,rohrwild_nonlocal_exact_post_borel,Bs1_5830_observed_high_combo,5.8287,5.36692,high,observed narrow B_s1(5830),lattice_fperp_s,4.18,0.093,0.2303,0.14615715477391222,0.16629436276498455,0.1365820731265613,3.9580035817440145
14.0,6.25,39.0625,35.3,0.5841622702083543,0.5928093352881658,0.0820774647657483,0.12927118247789116,-0.00956880300835854,0.08700544295901101,0.0,0.003884483610315629,7.442695081562207e-05,0.0006819142539645778,0.04132894619006135,0.08511180706030097,-0.002746340950696887,0.0037999395017831337,-0.00016175359829187903,0.0019385842747344825,0.18952549709430275,0.3951356817986688,-0.0007417665812740392,0.008889922976468366,0.8213766039961803,0.13419739322161733,143.14409548753423,3.820999154300001,0.22683827574263177,0.04132894619006135,-0.15625,4.980468750000001,-0.055080000000000004,rohrwild_nonlocal_exact_post_borel,Bs1_5830_observed_high_combo,5.8287,5.36692,high,observed narrow B_s1(5830),lattice_fperp_s,4.18,0.093,0.2303,0.14615715477391222,0.16629436276498455,0.13419739322161733,3.820999154300001
8.0,5.95,35.4025,35.3,0.45912570446235457,0.5705002601314585,0.012862459541309747,0.024342705441558803,-0.003648702418658075,0.014020173850773237,0.0,0.0021577563549583733,2.9189139052281013e-05,0.00030404261518393057,0.008331439578486978,0.013715030820555144,-0.0006154708131655445,0.0021107937195707937,-6.343734656609683e-05,0.0008643494826775282,0.19525719761130966,0.35647273384444045,-0.0014867296819120615,0.020257058357620445,0.7309159963178127,0.045041820954025535,52.06585769195964,0.19771971395080568,0.22471315655866592,0.008331439578486978,-0.15625,3.15,-0.034836479999999996,rohrwild_nonlocal_exact_post_borel,Bs1_lower_model_5720_low_combo,5.72,5.36692,low,model lower 1+ partner diagnostic,legacy_chi_condensate,4.18,0.093,0.2303,0.14753936745002144,0.1678670136320244,0.7309159963178127,52.06585769195964
8.5,5.95,35.4025,35.3,0.4298794108010939,0.5400894001825608,0.015099751952689287,0.028894115547310754,-0.004282541148743601,0.016654607841402908,0.0,0.002354566861351666,3.3190716695973475e-05,0.00033992768198234,0.010148022735046136,0.016292127492877173,-0.0007435869277505464,0.0023033207302714637,-7.213405623401103e-05,0.000966365573100543,0.18968704901300132,0.3336873573232179,-0.0013483312579812856,0.018063325104323038,0.6891963565897354,0.038745968612077075,46.29179694981569,0.14630903245594237,0.22471315655866592,0.010148022735046136,-0.15625,3.15,-0.034836479999999996,rohrwild_nonlocal_exact_post_borel,Bs1_lower_model_5720_low_combo,5.72,5.36692,low,model lower 1+ partner diagnostic,legacy_chi_condensate,4.18,0.093,0.2303,0.14753936745002144,0.1678670136320244,0.6891963565897354,46.29179694981569
9.0,5.95,35.4025,35.3,0.40614514342827907,0.5151078277989919,0.01744297902152325,0.03369443100494098,-0.0049377904295909375,0.01942828854157229,0.0,0.0025407652409270816,3.7205958085442694e-05,0.00037450971052937235,0.01210228146854575,0.019005440230229854,-0.000882574127691469,0.0024854665825123335,-8.086046159711782e-05,0.001064677312941632,0.1850151414564751,0.315052463191878,-0.0012361644190402653,0.016276387569679106,0.6550929289476588,0.03381133290704352,41.82384121494586,0.11141474672211037,0.22471315655866592,0.01210228146854575,-0.15625,3.15,-0.034836479999999996,rohrwild_nonlocal_exact_post_borel,Bs1_lower_model_5720_low_combo,5.72,5.36692,low,model lower 1+ partner diagnostic,legacy_chi_condensate,4.18,0.093,0.2303,0.14753936745002144,0.1678670136320244,0.6550929289476588,41.82384121494586
9.5,5.95,35.4025,35.3,0.38656206061153586,0.49426175893956814,0.019873925887331143,0.03870276846338302,-0.005608479698141028,0.022317294190062405,0.0,0.002716345221651037,4.120858835372553e-05,0.00040755758540500617,0.01417673572177171,0.021831567918198187,-0.0010318285326582442,0.002657225140767923,-8.955945895535491e-05,0.0011586276742587961,0.18104695379850377,0.2995620470180328,-0.0011437377084492029,0.014796495831480806,0.626763434831495,0.029874902719488117,38.28471316014858,0.08698234127877562,0.22471315655866592,0.01417673572177171,-0.15625,3.15,-0.034836479999999996,rohrwild_nonlocal_exact_post_borel,Bs1_lower_model_5720_low_combo,5.72,5.36692,low,model lower 1+ partner diagnostic,legacy_chi_condensate,4.18,0.093,0.2303,0.14753936745002144,0.1678670136320244,0.626763434831495,38.28471316014858
10.0,5.95,35.4025,35.3,0.3701712987338686,0.47662922278410214,0.022375859208724716,0.04388117289561009,-0.00628944110817421,0.025299670902176365,0.0,0.0028815310205378866,4.517783948891161e-05,0.00043892055469576125,0.016354473387558924,0.024749034488906436,-0.001190752901168987,0.0028188157420660814,-9.818591276818143e-05,0.001247788091015822,0.17763927956755488,0.28650317596370806,-0.0010664773114058604,0.013553244564245167,0.6029013325461071,0.026686881275724883,35.42505891668983,0.06940867291074938,0.22471315655866592,0.016354473387558924,-0.15625,3.15,-0.034836479999999996,rohrwild_nonlocal_exact_post_borel,Bs1_lower_model_5720_low_combo,5.72,5.36692,low,model lower 1+ partner diagnostic,legacy_chi_condensate,4.18,0.093,0.2303,0.14753936745002144,0.1678670136320244,0.6029013325461071,35.42505891668983
10.5,5.95,35.4025,35.3,0.35628055354359023,0.46153755028180665,0.02493361239797261,0.04919497104816403,-0.006976259105780901,0.028355567085675736,0.0,0.003036695577885683,4.9097523447689844e-05,0.0004685113167444038,0.018619508956182734,0.027738420411449704,-0.0013587672651963147,0.002970603209820303,-0.00010670464123349234,0.0013319103771410922,0.17468457380883962,0.27535833704349394,-0.0010010819738137252,0.012495721403286784,0.5825575783032337,0.024070959991863816,33.074691812789005,0.05646832632398931,0.22471315655866592,0.018619508956182734,-0.15625,3.15,-0.034836479999999996,rohrwild_nonlocal_exact_post_borel,Bs1_lower_model_5720_low_combo,5.72,5.36692,low,model lower 1+ partner diagnostic,legacy_chi_condensate,4.18,0.093,0.2303,0.14753936745002144,0.1678670136320244,0.5825575783032337,33.074691812789005
11.0,5.95,35.4025,35.3,0.3443791786116241,0.448485733119592,0.02753358716258681,0.05461288581524857,-0.00766520191078455,0.03146723990831055,0.0,0.00318230224135123,5.295522206850772e-05,0.0004962917016410725,0.02095699424623188,0.03078236901866092,-0.0015353156221239853,0.0031130408071257058,-0.00011508865570949495,0.0014108860210635477,0.1721006459958959,0.2657438872914583,-0.0009451179764466771,0.011586317808684531,0.5650281994532137,0.021899892595493797,31.11417857880944,0.04674143737689191,0.22471315655866592,0.02095699424623188,-0.15625,3.15,-0.034836479999999996,rohrwild_nonlocal_exact_post_borel,Bs1_lower_model_5720_low_combo,5.72,5.36692,low,model lower 1+ partner diagnostic,legacy_chi_condensate,4.18,0.093,0.2303,0.14753936745002144,0.1678670136320244,0.5650281994532137,31.11417857880944
11.5,5.95,35.4025,35.3,0.3340833422123619,0.4370937613496183,0.03016370021668041,0.060106990686913594,-0.0083531462984434,0.034618980334681235,0.0,0.0033188637248066514,5.6741596118861634e-05,0.000522260859517065,0.02335332230715231,0.03386551317551312,-0.0017198698322855395,0.003246630088858367,-0.00012331765905320292,0.0014847126067285413,0.16982369888408888,0.25737009523108034,-0.0008967572460440879,0.010796724480493167,0.5497812555038872,0.020080011232781303,29.45764005215242,0.03929578749490197,0.22471315655866592,0.02335332230715231,-0.15625,3.15,-0.034836479999999996,rohrwild_nonlocal_exact_post_borel,Bs1_lower_model_5720_low_combo,5.72,5.36692,low,model lower 1+ partner diagnostic,legacy_chi_condensate,4.18,0.093,0.2303,0.14753936745002144,0.1678670136320244,0.5497812555038872,29.45764005215242
12.0,5.95,35.4025,35.3,0.3250996525147817,0.4270687009251551,0.032813296245967655,0.06565256242122065,-0.009037502553254332,0.037796989648611876,0.0,0.003446913644921104,6.0449805316560484e-05,0.0005464457003724486,0.025796156587278653,0.036974354488929946,-0.001911931562999024,0.003371893057751045,-0.00013137678514091213,0.0015534666354009472,0.1678035201719724,0.25001451265202274,-0.0008546035507628156,0.010105271651922813,0.5364081332618156,0.018541141974151604,28.04198819209466,0.033503567411094864,0.22471315655866592,0.025796156587278653,-0.15625,3.15,-0.034836479999999996,rohrwild_nonlocal_exact_post_borel,Bs1_lower_model_5720_low_combo,5.72,5.36692,low,model lower 1+ partner diagnostic,legacy_chi_condensate,4.18,0.093,0.2303,0.14753936745002144,0.1678670136320244,0.5364081332618156,28.04198819209466
12.5,5.95,35.4025,35.3,0.3172004577285039,0.41818145226408915,0.03547304213085803,0.07122787355255633,-0.009716143487407224,0.040989230185706674,0.0,0.003566987135397008,6.407502675574536e-05,0.0005688932704058206,0.0282744096512275,0.04009711728908352,-0.0021110328887188876,0.0034893532005521866,-0.0001392555522537244,0.0016172818526657212,0.16600009378541586,0.24350381197948212,-0.0008175744434421661,0.009495120942633212,0.524590305623389,0.017229876576294156,26.819990206038064,0.028932264488626507,0.22471315655866592,0.0282744096512275,-0.15625,3.15,-0.034836479999999996,rohrwild_nonlocal_exact_post_borel,Bs1_lower_model_5720_low_combo,5.72,5.36692,low,model lower 1+ partner diagnostic,legacy_chi_condensate,4.18,0.093,0.2303,0.14753936745002144,0.1678670136320244,0.524590305623389,26.819990206038064
13.0,5.95,35.4025,35.3,0.3102067168484376,0.41025049595544155,0.038134812828411385,0.07681395378557489,-0.010387339506503099,0.044185265564870055,0.0,0.0036796079644918953,6.761405803921946e-05,0.0005896647475133136,0.03077818936922116,0.04322359233820661,-0.0023167359857192895,0.0035995228859293524,-0.00014694700055700898,0.0016763321784940546,0.1643811681479244,0.237701137044846,-0.0007848193835453707,0.008953010146216427,0.5140761675641095,0.016104985320396226,25.755680843817558,0.025277770138307853,0.22471315655866592,0.03077818936922116,-0.15625,3.15,-0.034836479999999996,rohrwild_nonlocal_exact_post_borel,Bs1_lower_model_5720_low_combo,5.72,5.36692,low,model lower 1+ partner diagnostic,legacy_chi_condensate,4.18,0.093,0.2303,0.14753936745002144,0.1678670136320244,0.5140761675641095,25.755680843817558
13.5,5.95,35.4025,35.3,0.30397589301430844,0.40313031267432725,0.04079157591132154,0.08239434002657052,-0.011049700516339628,0.04737610039285413,0.0,0.003785280278504251,7.106499195376553e-05,0.0006088307643490247,0.03329872552304818,0.046344980023901305,-0.0025286322343437747,0.0037028952876545216,-0.000154446985065687,0.0017308184113759616,0.16292048249229418,0.23249712678791146,-0.0007556618738745795,0.008468365267996138,0.5046645892813898,0.015134227968195857,24.821256306916826,0.02232228438337828,0.22471315655866592,0.03329872552304818,-0.15625,3.15,-0.034836479999999996,rohrwild_nonlocal_exact_post_borel,Bs1_lower_model_5720_low_combo,5.72,5.36692,low,model lower 1+ partner diagnostic,legacy_chi_condensate,4.18,0.093,0.2303,0.14753936745002144,0.1678670136320244,0.5046645892813898,24.821256306916826
14.0,5.95,35.4025,35.3,0.29839324854092636,0.3967029938428647,0.04343727929760378,0.08795482806290204,-0.011702124751724904,0.050554025683790305,0.0,0.003884483610315629,7.442695081562207e-05,0.0006264678044071262,0.03582828598416042,0.049453739143047855,-0.002746340950696887,0.0037999395017831337,-0.00016175359829187903,0.0017809579828993833,0.16159645385253943,0.22780343632718225,-0.0007295578664692951,0.008032661529612269,0.49619303910643686,0.014292097152519806,23.99492675479497,0.019907192366863165,0.22471315655866592,0.03582828598416042,-0.15625,3.15,-0.034836479999999996,rohrwild_nonlocal_exact_post_borel,Bs1_lower_model_5720_low_combo,5.72,5.36692,low,model lower 1+ partner diagnostic,legacy_chi_condensate,4.18,0.093,0.2303,0.14753936745002144,0.1678670136320244,0.49619303910643686,23.99492675479497
8.0,6.05,36.6025,35.3,0.47079732422916337,0.5830603750004577,0.013189441314652037,0.024878633639904828,-0.0035591034091152804,0.014252517981117513,0.0,0.0021577563549583733,2.9189139052281013e-05,0.0003090812486391508,0.00862575640499354,0.013942318081224246,-0.0006154708131655445,0.0021107937195707937,-6.343734656609683e-05,0.000878673593847887,0.20215486256010373,0.36179948117939015,-0.0014867296819120615,0.02059276094287583,0.7479113126692833,0.04730951044265702,54.51528642827247,0.21812980027609385,0.22471315655866592,0.00862575640499354,-0.15625,3.15,-0.034836479999999996,rohrwild_nonlocal_exact_post_borel,Bs1_lower_model_5720_low_combo,5.72,5.36692,low,model lower 1+ partner diagnostic,legacy_chi_condensate,4.18,0.093,0.2303,0.14753936745002144,0.1678670136320244,0.7479113126692833,54.51528642827247
8.5,6.05,36.6025,35.3,0.44199793006570676,0.5531209884398022,0.015525421641285302,0.029591289416567274,-0.004165778927195935,0.016957336487083866,0.0,0.002354566861351666,3.3190716695973475e-05,0.00034610650334973125,0.010531491215252948,0.016588267380297346,-0.0007435869277505464,0.0023033207302714637,-7.213405623401103e-05,0.000983931074730078,0.1968548497066997,0.33922281017018263,-0.0013483312579812856,0.018391659820901143,0.7068347043782124,0.04110594508776477,48.69157499938795,0.16467488513699943,0.22471315655866592,0.010531491215252948,-0.15625,3.15,-0.034836479999999996,rohrwild_nonlocal_exact_post_borel,Bs1_lower_model_5720_low_combo,5.72,5.36692,low,model lower 1+ partner diagnostic,legacy_chi_condensate,4.18,0.093,0.2303,0.14753936745002144,0.1678670136320244,0.7068347043782124,48.69157499938795
9.0,6.05,36.6025,35.3,0.4186753122530762,0.528573385418534,0.017981120312841378,0.03457524522998081,-0.004790040879401686,0.019811297210061536,0.0,0.0025407652409270816,3.7205958085442694e-05,0.0003818927831690039,0.012587434028370743,0.01938011288042528,-0.000882574127691469,0.0024854665825123335,-8.086046159711782e-05,0.0010856663279610417,0.19243197188776878,0.32078031818814007,-0.0012361644190402653,0.016597259761665463,0.673323330282579,0.03625649955798321,44.18403958341123,0.1281120079026151,0.22471315655866592,0.012587434028370743,-0.15625,3.15,-0.034836479999999996,rohrwild_nonlocal_exact_post_borel,Bs1_lower_model_5720_low_combo,5.72,5.36692,low,model lower 1+ partner diagnostic,legacy_chi_condensate,4.18,0.093,0.2303,0.14753936745002144,0.1678670136320244,0.673323330282579,44.18403958341123
9.5,6.05,36.6025,35.3,0.39947243595945464,0.5081278775382213,0.020537674012111568,0.039788543698677105,-0.005426093711924451,0.02279002336622734,0.0,0.002716345221651037,4.120858835372553e-05,0.0004161905478039188,0.014775528255232154,0.022294008347959346,-0.0010318285326582442,0.002657225140767923,-8.955945895535491e-05,0.0011831699463312835,0.18869395845937317,0.305467738762921,-0.0011437377084492029,0.015109918024376324,0.6455404542768132,0.032398902990131206,40.612995287785985,0.10230072337502195,0.22471315655866592,0.014775528255232154,-0.15625,3.15,-0.034836479999999996,rohrwild_nonlocal_exact_post_borel,Bs1_lower_model_5720_low_combo,5.72,5.36692,low,model lower 1+ partner diagnostic,legacy_chi_condensate,4.18,0.093,0.2303,0.14753936745002144,0.1678670136320244,0.6455404542768132,40.612995287785985
10.0,6.05,36.6025,35.3,0.3834337551878925,0.49086605449162474,0.023177539023967318,0.045191895872254945,-0.006068990269965326,0.02587098817345756,0.0,0.0028815310205378866,4.517783948891161e-05,0.000448832260448283,0.01707813601089835,0.02530791728646211,-0.001190752901168987,0.0028188157420660814,-9.818591276818143e-05,0.001275965646765569,0.18549956977768006,0.2925736580371946,-0.0010664773114058604,0.013859303988155897,0.6221843576462733,0.029284008775398218,37.72734732722855,0.08357553211107306,0.22471315655866592,0.01707813601089835,-0.15625,3.15,-0.034836479999999996,rohrwild_nonlocal_exact_post_borel,Bs1_lower_model_5720_low_combo,5.72,5.36692,low,model lower 1+ partner diagnostic,legacy_chi_condensate,4.18,0.093,0.2303,0.14753936745002144,0.1678670136320244,0.6221843576462733,37.72734732722855
10.5,6.05,36.6025,35.3,0.3698698604927691,0.4761183475005042,0.025884634026455758,0.05074912822691363,-0.006714565412632497,0.029033690571239577,0.0,0.003036695577885683,4.9097523447689844e-05,0.0004797157665153031,0.019478449072925088,0.02840178483215105,-0.0013587672651963147,0.002970603209820303,-0.00010670464123349234,0.0013637630184469974,0.18274298118003027,0.2815818916701418,-0.0010010819738137252,0.012794556624145833,0.6023101996374198,0.02673607937381206,35.355625824047294,0.0696648229107803,0.22471315655866592,0.019478449072925088,-0.15625,3.15,-0.034836479999999996,rohrwild_nonlocal_exact_post_borel,Bs1_lower_model_5720_low_combo,5.72,5.36692,low,model lower 1+ partner diagnostic,legacy_chi_condensate,4.18,0.093,0.2303,0.14753936745002144,0.1678670136320244,0.6023101996374198,35.355625824047294
11.0,6.05,36.6025,35.3,0.35827263627160316,0.4633864538395666,0.028644388137875017,0.05642737242909116,-0.007359354551538823,0.03225969516200926,0.0,0.00318230224135123,5.295522206850772e-05,0.0005087900639848468,0.021960742003910787,0.03155757682592995,-0.0015353156221239853,0.0031130408071257058,-0.00011508865570949495,0.0014464170699581978,0.18034350923686523,0.2721099607294968,-0.0009451179764466771,0.011878101849651213,0.5852176781899396,0.0246283705711432,33.377435647284976,0.05911387826181234,0.22471315655866592,0.021960742003910787,-0.15625,3.15,-0.034836479999999996,rohrwild_nonlocal_exact_post_borel,Bs1_lower_model_5720_low_combo,5.72,5.36692,low,model lower 1+ partner diagnostic,legacy_chi_condensate,4.18,0.093,0.2303,0.14753936745002144,0.1678670136320244,0.5852176781899396,33.377435647284976
11.5,6.05,36.6025,35.3,0.34826046873054783,0.4522927309280725,0.03144372391195547,0.062197078452252565,-0.008000508298383743,0.03553258344186537,0.0,0.0033188637248066514,5.6741596118861634e-05,0.0005360434475483321,0.024510509224398933,0.03475923210554581,-0.0017198698322855395,0.003246630088858367,-0.00012331765905320292,0.001523894524788207,0.17823867984493105,0.26386915572725644,-0.0008967572460440879,0.011081652601929138,0.5703780665577318,0.02286765664991236,31.7061658575676,0.05096375500876698,0.22471315655866592,0.024510509224398933,-0.15625,3.15,-0.034836479999999996,rohrwild_nonlocal_exact_post_borel,Bs1_lower_model_5720_low_combo,5.72,5.36692,low,model lower 1+ partner diagnostic,legacy_chi_condensate,4.18,0.093,0.2303,0.14753936745002144,0.1678670136320244,0.5703780665577318,31.7061658575676
12.0,6.05,36.6025,35.3,0.3395419149469758,0.44254632206052985,0.03427099769838015,0.068031911424135,-0.008635709738030203,0.03883785016271147,0.0,0.003446913644921104,6.0449805316560484e-05,0.000561493823461216,0.027114519303310748,0.037992561123363904,-0.001911931562999024,0.003371893057751045,-0.00013137678514091213,0.0015962462878492574,0.17637944518875437,0.2566379279248519,-0.0008546035507628156,0.010383552497686485,0.557385573135205,0.021384153850472154,30.278164278445622,0.04456585412321703,0.22471315655866592,0.027114519303310748,-0.15625,3.15,-0.034836479999999996,rohrwild_nonlocal_exact_post_borel,Bs1_lower_model_5720_low_combo,5.72,5.36692,low,model lower 1+ partner diagnostic,legacy_chi_condensate,4.18,0.093,0.2303,0.14753936745002144,0.1678670136320244,0.557385573135205,30.278164278445622
12.5,6.05,36.6025,35.3,0.3318910404644606,0.4339199559103359,0.03711591384690543,0.07390857625123405,-0.009263097820325581,0.04216276858797624,0.0,0.003566987135397008,6.407502675574536e-05,0.0005851809171020194,0.029760812064228873,0.04124511413473922,-0.0021110328887188876,0.0034893532005521866,-0.0001392555522537244,0.0016635852926863812,0.1747268167481492,0.25024374347212547,-0.0008175744434421661,0.009766970133503347,0.5459241553013139,0.020124799038919783,29.045758044076127,0.039471278919879484,0.22471315655866592,0.029760812064228873,-0.15625,3.15,-0.034836479999999996,rohrwild_nonlocal_exact_post_borel,Bs1_lower_model_5720_low_combo,5.72,5.36692,low,model lower 1+ partner diagnostic,legacy_chi_condensate,4.18,0.093,0.2303,0.14753936745002144,0.1678670136320244,0.5459241553013139,29.045758044076127
13.0,6.05,36.6025,35.3,0.3251303219080515,0.4262337269405197,0.03996942457201063,0.07980660139559828,-0.009881198466296684,0.045496240934681575,0.0,0.0036796079644918953,6.761405803921946e-05,0.0006071600810946217,0.032438657701938364,0.04450603489514837,-0.0023167359857192895,0.0035995228859293524,-0.00014694700055700898,0.001726068898858489,0.1732494521437869,0.24455044851875332,-0.0007848193835453707,0.009218645661524819,0.5357444021489518,0.019048668502047533,27.972634937459436,0.03536285674140477,0.22471315655866592,0.032438657701938364,-0.15625,3.15,-0.034836479999999996,rohrwild_nonlocal_exact_post_borel,Bs1_lower_model_5720_low_combo,5.72,5.36692,low,model lower 1+ partner diagnostic,legacy_chi_condensate,4.18,0.093,0.2303,0.14753936745002144,0.1678670136320244,0.5357444021489518,27.972634937459436
13.5,6.05,36.6025,35.3,0.3191185674390918,0.4193435447258839,0.0428236237397653,0.08570810362257392,-0.010488863835315635,0.04882864487584819,0.0,0.003785280278504251,7.106499195376553e-05,0.0006274974287747363,0.03513849199384224,0.047765910503404035,-0.0025286322343437747,0.0037028952876545216,-0.000154446985065687,0.0017838850570825783,0.17192189730282337,0.23944930515727147,-0.0007556618738745795,0.008728004139663625,0.5266471272852759,0.018123794023716,27.03071495652169,0.0320122595402566,0.22471315655866592,0.03513849199384224,-0.15625,3.15,-0.034836479999999996,rohrwild_nonlocal_exact_post_borel,Bs1_lower_model_5720_low_combo,5.72,5.36692,low,model lower 1+ partner diagnostic,legacy_chi_condensate,4.18,0.093,0.2303,0.14753936745002144,0.1678670136320244,0.5266471272852759,27.03071495652169
14.0,6.05,36.6025,35.3,0.3137422348272804,0.41313276955184125,0.04567164018718673,0.09159754848604933,-0.011085219537125197,0.05215168311463067,0.0,0.003884483610315629,7.442695081562207e-05,0.0006462660485500099,0.03785183773630768,0.05101662424974402,-0.002746340950696887,0.0037999395017831337,-0.00016175359829187903,0.0018372415472032643,0.17072328697759193,0.23485252293804335,-0.0007295578664692951,0.008286517502675271,0.5184715254112461,0.017324910670095256,26.197986459353714,0.02925230558898249,0.22471315655866592,0.03785183773630768,-0.15625,3.15,-0.034836479999999996,rohrwild_nonlocal_exact_post_borel,Bs1_lower_model_5720_low_combo,5.72,5.36692,low,model lower 1+ partner diagnostic,legacy_chi_condensate,4.18,0.093,0.2303,0.14753936745002144,0.1678670136320244,0.5184715254112461,26.197986459353714
8.0,6.15,37.822500000000005,35.3,0.48168310508170015,0.5938716334067606,0.01349440772021472,0.025339939790364013,-0.003461606573042055,0.014455583847924273,0.0,0.0021577563549583733,2.9189139052281013e-05,0.0003134849513218471,0.008875897235372328,0.01414096430711993,-0.0006154708131655445,0.0021107937195707937,-6.343734656609683e-05,0.0008911926880326005,0.20801721048783098,0.36645499179301916,-0.0014867296819120615,0.020886160807822473,0.7630252185137436,0.04994643729452475,56.74085524528471,0.24312360352186105,0.22471315655866592,0.008875897235372328,-0.15625,3.15,-0.034836479999999996,rohrwild_nonlocal_exact_post_borel,Bs1_lower_model_5720_low_combo,5.72,5.36692,low,model lower 1+ partner diagnostic,legacy_chi_condensate,4.18,0.093,0.2303,0.14753936745002144,0.1678670136320244,0.7630252185137436,56.74085524528471
8.5,6.15,37.822500000000005,35.3,0.45340212484540887,0.564437952474696,0.015926000287452037,0.03019673300860676,-0.0040375933245880725,0.017224281077182057,0.0,0.002354566861351666,3.3190716695973475e-05,0.0003515549568104138,0.010860310980356272,0.016849402036653638,-0.0007435869277505464,0.0023033207302714637,-7.213405623401103e-05,0.000999420245309948,0.20300115549730396,0.3441039445204423,-0.0013483312579812856,0.018681183714931045,0.7226609050360798,0.043873743179638325,50.89641757864928,0.1875976834316277,0.22471315655866592,0.010860310980356272,-0.15625,3.15,-0.034836479999999996,rohrwild_nonlocal_exact_post_borel,Bs1_lower_model_5720_low_combo,5.72,5.36692,low,model lower 1+ partner diagnostic,legacy_chi_condensate,4.18,0.093,0.2303,0.14753936745002144,0.1678670136320244,0.7226609050360798,50.89641757864928
9.0,6.15,37.822500000000005,35.3,0.4305610699104672,0.5403597304853839,0.0184915856595959,0.03534621815879906,-0.0046265532096759435,0.020151712859455134,0.0,0.0025407652409270816,3.7205958085442694e-05,0.00038845481080418474,0.013006745405413841,0.01971311953019482,-0.000882574127691469,0.0024854665825123335,-8.086046159711782e-05,0.001104321229966647,0.19884224700321446,0.3258711989921594,-0.0012361644190402653,0.016882448909050125,0.689810885225189,0.039146083808269005,46.37438681653594,0.14934639258095134,0.22471315655866592,0.013006745405413841,-0.15625,3.15,-0.034836479999999996,rohrwild_nonlocal_exact_post_borel,Bs1_lower_model_5720_low_combo,5.72,5.36692,low,model lower 1+ partner diagnostic,legacy_chi_condensate,4.18,0.093,0.2303,0.14753936745002144,0.1678670136320244,0.689810885225189,46.37438681653594
9.5,6.15,37.822500000000005,35.3,0.4118063272423148,0.5203507067930447,0.021171783942274352,0.04074564248704349,-0.005222852348421348,0.02321316454463429,0.0,0.002716345221651037,4.120858835372553e-05,0.0004239179360566469,0.01529672749538492,0.02270794004132257,-0.0010318285326582442,0.002657225140767923,-8.955945895535491e-05,0.001205137801181675,0.19535004182042776,0.3107539395946808,-0.0011437377084492029,0.015390463086385425,0.6626431978049241,0.035402000221597896,42.7934777322237,0.12214443772208536,0.22471315655866592,0.01529672749538492,-0.15625,3.15,-0.034836479999999996,rohrwild_nonlocal_exact_post_borel,Bs1_lower_model_5720_low_combo,5.72,5.36692,low,model lower 1+ partner diagnostic,legacy_chi_condensate,4.18,0.093,0.2303,0.14753936745002144,0.1678670136320244,0.6626431978049241,42.7934777322237
10.0,6.15,37.822500000000005,35.3,0.39618543677902157,0.5034955510245385,0.023948343872786042,0.0463546385125574,-0.005821767732858118,0.02638564182879445,0.0,0.0028815310205378866,4.517783948891161e-05,0.0004577609168229096,0.017712043322882346,0.02581136972720824,-0.001190752901168987,0.0028188157420660814,-9.818591276818143e-05,0.001301348534337909,0.19238495431712382,0.29804206577808234,-0.0010664773114058604,0.014135008240738238,0.639860420941716,0.03239308459498258,39.901441770923064,0.10226398308257542,0.22471315655866592,0.017712043322882346,-0.15625,3.15,-0.034836479999999996,rohrwild_nonlocal_exact_post_borel,Bs1_lower_model_5720_low_combo,5.72,5.36692,low,model lower 1+ partner diagnostic,legacy_chi_condensate,4.18,0.093,0.2303,0.14753936745002144,0.1678670136320244,0.639860420941716,39.901441770923064
10.5,6.15,37.822500000000005,35.3,0.38301175943676125,0.4891274510544854,0.026804344662312105,0.052135759655515514,-0.006419401791554252,0.029648086095996826,0.0,0.003036695577885683,4.9097523447689844e-05,0.0004898672565361569,0.02023519780209946,0.02900280830359624,-0.0013587672651963147,0.002970603209820303,-0.00010670464123349234,0.0013926222464293082,0.1898426490363252,0.28722057576248733,-0.0010010819738137252,0.013065308229486537,0.6205215645647327,0.0299442674319762,37.52596346274395,0.08738672816931042,0.22471315655866592,0.02023519780209946,-0.15625,3.15,-0.034836479999999996,rohrwild_nonlocal_exact_post_borel,Bs1_lower_model_5720_low_combo,5.72,5.36692,low,model lower 1+ partner diagnostic,legacy_chi_condensate,4.18,0.093,0.2303,0.14753936745002144,0.1678670136320244,0.6205215645647327,37.52596346274395
11.0,6.15,37.822500000000005,35.3,0.37177966066458845,0.47675056671694305,0.029724293244016337,0.05805474364002695,-0.0070125850037823295,0.03298144746342973,0.0,0.00318230224135123,5.295522206850772e-05,0.0005201733209492024,0.02284970857615435,0.03226362050014891,-0.0015353156221239853,0.0031130408071257058,-0.00011508865570949495,0.0014787780344314644,0.18764377947382363,0.27790805233589433,-0.0009451179764466771,0.01214385288367179,0.6039297700954613,0.02792940638907443,35.546019121323376,0.07602238745386816,0.22471315655866592,0.02284970857615435,-0.15625,3.15,-0.034836479999999996,rohrwild_nonlocal_exact_post_borel,Bs1_lower_model_5720_low_combo,5.72,5.36692,low,model lower 1+ partner diagnostic,legacy_chi_condensate,4.18,0.093,0.2303,0.14753936745002144,0.1678670136320244,0.6039297700954613,35.546019121323376
11.5,6.15,37.822500000000005,35.3,0.3621097464180289,0.4659894539146354,0.03269414680827934,0.06408058463283167,-0.007598777710311786,0.03636866268469014,0.0,0.0033188637248066514,5.6741596118861634e-05,0.0005486565129754673,0.025540275932585395,0.03557711444465359,-0.0017198698322855395,0.003246630088858367,-0.00012331765905320292,0.0015597516580730492,0.18572707010785985,0.26981673792787186,-0.0008967572460440879,0.011342403124947728,0.5895593877518962,0.02625581695926993,33.87452484017723,0.06718451182223457,0.22471315655866592,0.025540275932585395,-0.15625,3.15,-0.034836479999999996,rohrwild_nonlocal_exact_post_borel,Bs1_lower_model_5720_low_combo,5.72,5.36692,low,model lower 1+ partner diagnostic,legacy_chi_condensate,4.18,0.093,0.2303,0.14753936745002144,0.1678670136320244,0.5895593877518962,33.87452484017723
12.0,6.15,37.822500000000005,35.3,0.3537125596854091,0.4565552191878835,0.03570128395123129,0.07018547592350867,-0.008175977360075576,0.039794572335072984,0.0,0.003446913644921104,6.0449805316560484e-05,0.0005753255259962125,0.02829286273177091,0.03892846065073838,-0.001911931562999024,0.003371893057751045,-0.00013137678514091213,0.0016355678313882815,0.18404454733674785,0.2627259369927675,-0.0008546035507628156,0.010639338409131047,0.577007375780938,0.02485420168293373,32.447468769672085,0.06020294409622225,0.22471315655866592,0.02829286273177091,-0.15625,3.15,-0.034836479999999996,rohrwild_nonlocal_exact_post_borel,Bs1_lower_model_5720_low_combo,5.72,5.36692,low,model lower 1+ partner diagnostic,legacy_chi_condensate,4.18,0.093,0.2303,0.14753936745002144,0.1678670136320244,0.577007375780938,32.447468769672085
12.5,6.15,37.822500000000005,35.3,0.34636394383732844,0.4482223459052895,0.038734442126398025,0.07634466905387838,-0.00874263430565317,0.04324580183541245,0.0,0.003566987135397008,6.407502675574536e-05,0.0006002124344859946,0.031094710925619506,0.04230457563117811,-0.0021110328887188876,0.0034893532005521866,-0.0001392555522537244,0.0017063177375011896,0.18255818577839494,0.25646388068949993,-0.0008175744434421661,0.0100178538808367,0.5659601509651594,0.023671934413624862,31.216902015946832,0.054611686875315736,0.22471315655866592,0.031094710925619506,-0.15625,3.15,-0.034836479999999996,rohrwild_nonlocal_exact_post_borel,Bs1_lower_model_5720_low_combo,5.72,5.36692,low,model lower 1+ partner diagnostic,legacy_chi_condensate,4.18,0.093,0.2303,0.14753936745002144,0.1678670136320244,0.5659601509651594,31.216902015946832
13.0,6.15,37.822500000000005,35.3,0.3398879687689171,0.44081249882576773,0.0417836344851437,0.08253628270222493,-0.009297577340412587,0.046710623447091856,0.0,0.0036796079644918953,6.761405803921946e-05,0.0006233663559333162,0.03393431489567218,0.04569398689652328,-0.0023167359857192895,0.0035995228859293524,-0.00014694700055700898,0.0017721410103764131,0.18123750737684344,0.2508951017193393,-0.0007848193835453707,0.009464709113130304,0.556170504658217,0.022668484358289887,30.146298853006876,0.05007985479847186,0.22471315655866592,0.03393431489567218,-0.15625,3.15,-0.034836479999999996,rohrwild_nonlocal_exact_post_borel,Bs1_lower_model_5720_low_combo,5.72,5.36692,low,model lower 1+ partner diagnostic,legacy_chi_condensate,4.18,0.093,0.2303,0.14753936745002144,0.1678670136320244,0.556170504658217,30.146298853006876
13.5,6.15,37.822500000000005,35.3,0.3341448725011918,0.4341829949762938,0.04484005556114817,0.0887410849472192,-0.009839949042538838,0.05017881090659497,0.0,0.003785280278504251,7.106499195376553e-05,0.0006448484266340208,0.03680136667378505,0.04908669075346758,-0.0025286322343437747,0.0037028952876545216,-0.000154446985065687,0.0018332114517214972,0.18005783466754274,0.24591147907614128,-0.0007556618738745795,0.008969343106484309,0.5474412253972067,0.02181223695604856,29.207413013628315,0.04636801535959064,0.22471315655866592,0.03680136667378505,-0.15625,3.15,-0.034836479999999996,rohrwild_nonlocal_exact_post_borel,Bs1_lower_model_5720_low_combo,5.72,5.36692,low,model lower 1+ partner diagnostic,legacy_chi_condensate,4.18,0.093,0.2303,0.14753936745002144,0.1678670136320244,0.5474412253972067,29.207413013628315
14.0,6.15,37.822500000000005,35.3,0.3290223980658199,0.42821845832227917,0.04789598246554221,0.09494226527066701,-0.010369150370804943,0.05364149441669602,0.0,0.003884483610315629,7.442695081562207e-05,0.0006647278585198748,0.03968668404466365,0.05247401045209206,-0.002746340950696887,0.0037999395017831337,-0.00016175359829187903,0.00188972582111694,0.1789990012254304,0.24142577744140364,-0.0007295578664692951,0.008523237521914395,0.5396132819182652,0.02107824599655414,28.378102643561423,0.04329991373265148,0.22471315655866592,0.03968668404466365,-0.15625,3.15,-0.034836479999999996,rohrwild_nonlocal_exact_post_borel,Bs1_lower_model_5720_low_combo,5.72,5.36692,low,model lower 1+ partner diagnostic,legacy_chi_condensate,4.18,0.093,0.2303,0.14753936745002144,0.1678670136320244,0.5396132819182652,28.378102643561423
8.0,5.95,35.4025,35.3,0.7499379903364477,0.7572824900160361,0.021009599256677235,0.03231252617880105,-0.003648702418658075,0.022167313566140726,0.0,0.0021577563549583733,2.9189139052281013e-05,0.00030404261518393057,0.008331439578486978,0.021684851557797386,-0.0006154708131655445,0.0021107937195707937,-6.343734656609683e-05,0.0008643494826775282,0.19525719761130966,0.5432549637290179,-0.0014867296819120615,0.020257058357620445,1.0514040919423506,0.1744511234748548,107.73514971623395,2.9659623586587784,0.22471315655866592,0.008331439578486978,-0.15625,4.980468750000001,-0.055080000000000004,rohrwild_nonlocal_exact_post_borel,Bs1_lower_model_5720_low_combo,5.72,5.36692,low,model lower 1+ partner diagnostic,lattice_fperp_s,4.18,0.093,0.2303,0.14753936745002144,0.1678670136320244,1.0514040919423506,107.73514971623395
8.5,5.95,35.4025,35.3,0.7054056777222795,0.7170537618243981,0.024777764396242616,0.03836149022881156,-0.004282541148743601,0.02633262028495624,0.0,0.002354566861351666,3.3190716695973475e-05,0.00033992768198234,0.010148022735046136,0.025759502174377974,-0.0007435869277505464,0.0023033207302714637,-7.213405623401103e-05,0.000966365573100543,0.18968704901300132,0.510651718965055,-0.0013483312579812856,0.018063325104323038,0.9928385782885104,0.16135310648202084,96.0672550556857,2.5373054716955363,0.22471315655866592,0.010148022735046136,-0.15625,4.980468750000001,-0.055080000000000004,rohrwild_nonlocal_exact_post_borel,Bs1_lower_model_5720_low_combo,5.72,5.36692,low,model lower 1+ partner diagnostic,lattice_fperp_s,4.18,0.093,0.2303,0.14753936745002144,0.1678670136320244,0.9928385782885104,96.0672550556857
9.0,5.95,35.4025,35.3,0.6690187090401253,0.6839456422507112,0.028732780621945845,0.04473851494825165,-0.0049377904295909375,0.030718090141994885,0.0,0.0025407652409270816,3.7205958085442694e-05,0.00037450971052937235,0.01210228146854575,0.030049524173540516,-0.000882574127691469,0.0024854665825123335,-8.086046159711782e-05,0.001064677312941632,0.1850151414564751,0.48389027764359727,-0.0012361644190402653,0.016276387569679106,0.9447913100863692,0.150788112876101,86.99411491491013,2.215910961045102,0.22471315655866592,0.01210228146854575,-0.15625,4.980468750000001,-0.055080000000000004,rohrwild_nonlocal_exact_post_borel,Bs1_lower_model_5720_low_combo,5.72,5.36692,low,model lower 1+ partner diagnostic,lattice_fperp_s,4.18,0.093,0.2303,0.14753936745002144,0.1678670136320244,0.9447913100863692,86.99411491491013
9.5,5.95,35.4025,35.3,0.6388107191240424,0.6562754330893525,0.03284253210938379,0.0513891185706098,-0.005608479698141028,0.035285900412115045,0.0,0.002716345221651037,4.120858835372553e-05,0.00040755758540500617,0.01417673572177171,0.03451791802542497,-0.0010318285326582442,0.002657225140767923,-8.955945895535491e-05,0.0011586276742587961,0.18104695379850377,0.4615757211678172,-0.0011437377084492029,0.014796495831480806,0.9047526949740956,0.14212367811700083,79.77703009037093,1.9685704897647731,0.22471315655866592,0.01417673572177171,-0.15625,4.980468750000001,-0.055080000000000004,rohrwild_nonlocal_exact_post_borel,Bs1_lower_model_5720_low_combo,5.72,5.36692,low,model lower 1+ partner diagnostic,lattice_fperp_s,4.18,0.093,0.2303,0.14753936745002144,0.1678670136320244,0.9047526949740956,79.77703009037093
10.0,5.95,35.4025,35.3,0.6133859083748606,0.6328405293068248,0.037077528088635237,0.058262866300249926,-0.00628944110817421,0.04000133978208689,0.0,0.0028815310205378866,4.517783948891161e-05,0.00043892055469576125,0.016354473387558924,0.03913072789354627,-0.001190752901168987,0.0028188157420660814,-9.818591276818143e-05,0.001247788091015822,0.17763927956755488,0.4427144824864306,-0.0010664773114058604,0.013553244564245167,0.8709346683373405,0.13491557217134698,73.92464547980704,1.7739535862721207,0.22471315655866592,0.016354473387558924,-0.15625,4.980468750000001,-0.055080000000000004,rohrwild_nonlocal_exact_post_borel,Bs1_lower_model_5720_low_combo,5.72,5.36692,low,model lower 1+ partner diagnostic,lattice_fperp_s,4.18,0.093,0.2303,0.14753936745002144,0.1678670136320244,0.8709346683373405,73.92464547980704
10.5,5.95,35.4025,35.3,0.5917296438570327,0.6127612373446021,0.04141106618808627,0.06531380017118651,-0.006976259105780901,0.044833020875789394,0.0,0.003036695577885683,4.9097523447689844e-05,0.0004685113167444038,0.018619508956182734,0.04385724953447219,-0.0013587672651963147,0.002970603209820303,-0.00010670464123349234,0.0013319103771410922,0.17468457380883962,0.4265820241062894,-0.0010010819738137252,0.012495721403286784,0.8420329658174832,0.1288440525902212,69.09971925114816,1.6178820123906663,0.22471315655866592,0.018619508956182734,-0.15625,4.980468750000001,-0.055080000000000004,rohrwild_nonlocal_exact_post_borel,Bs1_lower_model_5720_low_combo,5.72,5.36692,low,model lower 1+ partner diagnostic,lattice_fperp_s,4.18,0.093,0.2303,0.14753936745002144,0.1678670136320244,0.8420329658174832,69.09971925114816
11.0,5.95,35.4025,35.3,0.5730888373670434,0.5953808339578459,0.04581923773430598,0.07250055709766987,-0.00766520191078455,0.04975289048002972,0.0,0.00318230224135123,5.295522206850772e-05,0.0004962917016410725,0.02095699424623188,0.0486700403010822,-0.0015353156221239853,0.0031130408071257058,-0.00011508865570949495,0.0014108860210635477,0.1721006459958959,0.4126389881297121,-0.0009451179764466771,0.011586317808684531,0.8170764331278972,0.12367398831622867,65.06440497114627,1.4906470554198705,0.22471315655866592,0.02095699424623188,-0.15625,4.980468750000001,-0.055080000000000004,rohrwild_nonlocal_exact_post_borel,Bs1_lower_model_5720_low_combo,5.72,5.36692,low,model lower 1+ partner diagnostic,lattice_fperp_s,4.18,0.093,0.2303,0.14753936745002144,0.1678670136320244,0.8170764331278972,65.06440497114627
11.5,5.95,35.4025,35.3,0.5568941448285653,0.5802001587631203,0.05028083090223551,0.07978628070929139,-0.0083531462984434,0.05473611102023633,0.0,0.0033188637248066514,5.6741596118861634e-05,0.000522260859517065,0.02335332230715231,0.053544803197890914,-0.0017198698322855395,0.003246630088858367,-0.00012331765905320292,0.0014847126067285413,0.16982369888408888,0.40047649264458235,-0.0008967572460440879,0.010796724480493167,0.7953286869007778,0.11922915988034771,61.646920743802276,1.385425131152484,0.22471315655866592,0.02335332230715231,-0.15625,4.980468750000001,-0.055080000000000004,rohrwild_nonlocal_exact_post_borel,Bs1_lower_model_5720_low_combo,5.72,5.36692,low,model lower 1+ partner diagnostic,lattice_fperp_s,4.18,0.093,0.2303,0.14753936745002144,0.1678670136320244,0.7953286869007778,61.646920743802276
12.0,5.95,35.4025,35.3,0.5427080359676164,0.5668337008141076,0.05477717192719228,0.08713840383182653,-0.009037502553254332,0.0597608653298365,0.0,0.003446913644921104,6.0449805316560484e-05,0.0005464457003724486,0.025796156587278653,0.05846019589953583,-0.001911931562999024,0.003371893057751045,-0.00013137678514091213,0.0015534666354009472,0.1678035201719724,0.3897795125409753,-0.0008546035507628156,0.010105271651922813,0.7762222669567291,0.11537525281879663,58.72057336193187,1.2973089823774149,0.22471315655866592,0.025796156587278653,-0.15625,4.980468750000001,-0.055080000000000004,rohrwild_nonlocal_exact_post_borel,Bs1_lower_model_5720_low_combo,5.72,5.36692,low,model lower 1+ partner diagnostic,lattice_fperp_s,4.18,0.093,0.2303,0.14753936745002144,0.1678670136320244,0.7762222669567291,58.72057336193187
12.5,5.95,35.4025,35.3,0.5301893220009797,0.5549794382564018,0.0592919325884748,0.09452835614390623,-0.009716143487407224,0.06480812064332345,0.0,0.003566987135397008,6.407502675574536e-05,0.0005688932704058206,0.0282744096512275,0.06339759988043342,-0.0021110328887188876,0.0034893532005521866,-0.0001392555522537244,0.0016172818526657212,0.16600009378541586,0.38030179797179486,-0.0008175744434421661,0.009495120942633212,0.7593135233676084,0.11200833577157704,56.190172216346795,1.2226968200309962,0.22471315655866592,0.0282744096512275,-0.15625,4.980468750000001,-0.055080000000000004,rohrwild_nonlocal_exact_post_borel,Bs1_lower_model_5720_low_combo,5.72,5.36692,low,model lower 1+ partner diagnostic,lattice_fperp_s,4.18,0.093,0.2303,0.14753936745002144,0.1678670136320244,0.7593135233676084,56.190172216346795
13.0,5.95,35.4025,35.3,0.5190684189119306,0.5443976979268106,0.063810923249664,0.1019312347499643,-0.010387339506503099,0.06986137598612267,0.0,0.0036796079644918953,6.761405803921946e-05,0.0005896647475133136,0.03077818936922116,0.06834087330259601,-0.0023167359857192895,0.0035995228859293524,-0.00014694700055700898,0.0016763321784940546,0.1643811681479244,0.3718483390162151,-0.0007848193835453707,0.008953010146216427,0.7442510686761246,0.10904688805366619,53.983001441268634,1.1588964869668898,0.22471315655866592,0.03077818936922116,-0.15625,4.980468750000001,-0.055080000000000004,rohrwild_nonlocal_exact_post_borel,Bs1_lower_model_5720_low_combo,5.72,5.36692,low,model lower 1+ partner diagnostic,lattice_fperp_s,4.18,0.093,0.2303,0.14753936745002144,0.1678670136320244,0.7442510686761246,53.983001441268634
13.5,5.95,35.4025,35.3,0.5091297728330061,0.5348960633090828,0.06832188424972858,0.10932546309105483,-0.011049700516339628,0.07490640873126118,0.0,0.003785280278504251,7.106499195376553e-05,0.0006088307643490247,0.03329872552304818,0.07327610308838563,-0.0025286322343437747,0.0037028952876545216,-0.000154446985065687,0.0017308184113759616,0.16292048249229418,0.36426287742266705,-0.0007556618738745795,0.008468365267996138,0.7307533050846343,0.10642617740211341,52.04268207146542,1.1038626037657897,0.22471315655866592,0.03329872552304818,-0.15625,4.980468750000001,-0.055080000000000004,rohrwild_nonlocal_exact_post_borel,Bs1_lower_model_5720_low_combo,5.72,5.36692,low,model lower 1+ partner diagnostic,lattice_fperp_s,4.18,0.093,0.2303,0.14753936745002144,0.1678670136320244,0.7307533050846343,52.04268207146542
14.0,5.95,35.4025,35.3,0.5001991615574705,0.5263184202469702,0.07281428380581827,0.11669245475242615,-0.011702124751724904,0.07993103019200479,0.0,0.003884483610315629,7.442695081562207e-05,0.0006264678044071262,0.03582828598416042,0.07819136583257197,-0.002746340950696887,0.0037999395017831337,-0.00016175359829187903,0.0017809579828993833,0.16159645385253943,0.35741886273128776,-0.0007295578664692951,0.008032661529612269,0.7185921463313802,0.10409422628043707,50.32491227044951,1.0560181356319542,0.22471315655866592,0.03582828598416042,-0.15625,4.980468750000001,-0.055080000000000004,rohrwild_nonlocal_exact_post_borel,Bs1_lower_model_5720_low_combo,5.72,5.36692,low,model lower 1+ partner diagnostic,lattice_fperp_s,4.18,0.093,0.2303,0.14753936745002144,0.1678670136320244,0.7185921463313802,50.32491227044951
8.0,6.05,36.6025,35.3,0.7664289888337933,0.7729379841027403,0.021471596480762738,0.032980531274901956,-0.0035591034091152804,0.022534673147228214,0.0,0.0021577563549583733,2.9189139052281013e-05,0.0003090812486391508,0.00862575640499354,0.022044215716221376,-0.0006154708131655445,0.0021107937195707937,-6.343734656609683e-05,0.000878673593847887,0.20215486256010373,0.5516770902816729,-0.0014867296819120615,0.02059276094287583,1.0737105783731757,0.17886340062500106,112.35503967881156,3.1178919496499695,0.22471315655866592,0.00862575640499354,-0.15625,4.980468750000001,-0.055080000000000004,rohrwild_nonlocal_exact_post_borel,Bs1_lower_model_5720_low_combo,5.72,5.36692,low,model lower 1+ partner diagnostic,lattice_fperp_s,4.18,0.093,0.2303,0.14753936745002144,0.1678670136320244,1.0737105783731757,112.35503967881156
8.5,6.05,36.6025,35.3,0.7225324021892525,0.7333020083208356,0.02537935006123509,0.03923075133919543,-0.004165778927195935,0.02681126490703365,0.0,0.002354566861351666,3.3190716695973475e-05,0.00034610650334973125,0.010531491215252948,0.0262277293029255,-0.0007435869277505464,0.0023033207302714637,-7.213405623401103e-05,0.000983931074730078,0.1968548497066997,0.519403830051216,-0.0013483312579812856,0.018391659820901143,1.0159961913410973,0.16594169699363415,100.60098975903104,2.683670225453965,0.22471315655866592,0.010531491215252948,-0.15625,4.980468750000001,-0.055080000000000004,rohrwild_nonlocal_exact_post_borel,Bs1_lower_model_5720_low_combo,5.72,5.36692,low,model lower 1+ partner diagnostic,lattice_fperp_s,4.18,0.093,0.2303,0.14753936745002144,0.1678670136320244,1.0159961913410973,100.60098975903104
9.0,6.05,36.6025,35.3,0.6867311590592013,0.7007396632274562,0.029493488706485774,0.04583705189635891,-0.004790040879401686,0.03132366560370593,0.0,0.0025407652409270816,3.7205958085442694e-05,0.0003818927831690039,0.012587434028370743,0.03064191954680337,-0.000882574127691469,0.0024854665825123335,-8.086046159711782e-05,0.0010856663279610417,0.19243197188776878,0.4929465959970621,-0.0012361644190402653,0.016597259761665463,0.9687328161841204,0.15553935608361646,91.45893027170857,2.3577550682133706,0.22471315655866592,0.012587434028370743,-0.15625,4.980468750000001,-0.055080000000000004,rohrwild_nonlocal_exact_post_borel,Bs1_lower_model_5720_low_combo,5.72,5.36692,low,model lower 1+ partner diagnostic,lattice_fperp_s,4.18,0.093,0.2303,0.14753936745002144,0.1678670136320244,0.9687328161841204,91.45893027170857
9.5,6.05,36.6025,35.3,0.6570642736007475,0.6735733561915455,0.033780983721206484,0.05274361849016241,-0.005426093711924451,0.03603333307532225,0.0,0.002716345221651037,4.120858835372553e-05,0.0004161905478039188,0.014775528255232154,0.03524908313944465,-0.0010318285326582442,0.002657225140767923,-8.955945895535491e-05,0.0011831699463312835,0.18869395845937317,0.47091321741624526,-0.0011437377084492029,0.015109918024376324,0.9294181358745748,0.147025353327414,84.18609770751225,2.10669933042282,0.22471315655866592,0.014775528255232154,-0.15625,4.980468750000001,-0.055080000000000004,rohrwild_nonlocal_exact_post_borel,Bs1_lower_model_5720_low_combo,5.72,5.36692,low,model lower 1+ partner diagnostic,lattice_fperp_s,4.18,0.093,0.2303,0.14753936745002144,0.1678670136320244,0.9294181358745748,84.18609770751225
10.0,6.05,36.6025,35.3,0.6321406381336672,0.6506049253740146,0.038211201050358946,0.05989835673589104,-0.006068990269965326,0.040904650199849193,0.0,0.0028815310205378866,4.517783948891161e-05,0.000448832260448283,0.01707813601089835,0.04001437815009821,-0.001190752901168987,0.0028188157420660814,-9.818591276818143e-05,0.001275965646765569,0.18549956977768006,0.4523125289195845,-0.0010664773114058604,0.013859303988155897,0.8962704233172247,0.13995672040930995,78.28818484448684,1.908998591720221,0.22471315655866592,0.01707813601089835,-0.15625,4.980468750000001,-0.055080000000000004,rohrwild_nonlocal_exact_post_borel,Bs1_lower_model_5720_low_combo,5.72,5.36692,low,model lower 1+ partner diagnostic,lattice_fperp_s,4.18,0.093,0.2303,0.14753936745002144,0.1678670136320244,0.8962704233172247,78.28818484448684
10.5,6.05,36.6025,35.3,0.6109497166206906,0.6309585495658383,0.04275614618132043,0.06725343920452521,-0.006714565412632497,0.04590520272610425,0.0,0.003036695577885683,4.9097523447689844e-05,0.0004797157665153031,0.019478449072925088,0.044906095809762646,-0.0013587672651963147,0.002970603209820303,-0.00010670464123349234,0.0013637630184469974,0.18274298118003027,0.436422093735476,-0.0010010819738137252,0.012794556624145833,0.8679909419473447,0.13401482084638983,73.42576496850583,1.7503453855015152,0.22471315655866592,0.019478449072925088,-0.15625,4.980468750000001,-0.055080000000000004,rohrwild_nonlocal_exact_post_borel,Bs1_lower_model_5720_low_combo,5.72,5.36692,low,model lower 1+ partner diagnostic,lattice_fperp_s,4.18,0.093,0.2303,0.14753936745002144,0.1678670136320244,0.8679909419473447,73.42576496850583
11.0,6.05,36.6025,35.3,0.5927420048452484,0.6139808875313234,0.047390535400917616,0.07476551789118291,-0.007359354551538823,0.05100584242505185,0.0,0.00318230224135123,5.295522206850772e-05,0.0005087900639848468,0.021960742003910787,0.04989572228802171,-0.0015353156221239853,0.0031130408071257058,-0.00011508865570949495,0.0014464170699581978,0.18034350923686523,0.4227043944212537,-0.0009451179764466771,0.011878101849651213,0.8436133686972838,0.12896549428795706,69.35934775256858,1.6209333124622933,0.22471315655866592,0.021960742003910787,-0.15625,4.980468750000001,-0.055080000000000004,rohrwild_nonlocal_exact_post_borel,Bs1_lower_model_5720_low_combo,5.72,5.36692,low,model lower 1+ partner diagnostic,lattice_fperp_s,4.18,0.093,0.2303,0.14753936745002144,0.1678670136320244,0.8436133686972838,69.35934775256858
11.5,6.05,36.6025,35.3,0.5769513013076691,0.5991757401328793,0.05209175045071802,0.08239570960882348,-0.008000508298383743,0.05618060998062792,0.0,0.0033188637248066514,5.6741596118861634e-05,0.0005360434475483321,0.024510509224398933,0.05495786326211671,-0.0017198698322855395,0.003246630088858367,-0.00012331765905320292,0.001523894524788207,0.17823867984493105,0.4107521649320633,-0.0008967572460440879,0.011081652601929138,0.8224055529451662,0.12463337486143938,65.91589629610301,1.5138637995595108,0.22471315655866592,0.024510509224398933,-0.15625,4.980468750000001,-0.055080000000000004,rohrwild_nonlocal_exact_post_borel,Bs1_lower_model_5720_low_combo,5.72,5.36692,low,model lower 1+ partner diagnostic,lattice_fperp_s,4.18,0.093,0.2303,0.14753936745002144,0.1678670136320244,0.8224055529451662,65.91589629610301
12.0,6.05,36.6025,35.3,0.5631428384401366,0.5861601964495415,0.0568397186634677,0.0901094339221612,-0.008635709738030203,0.06140657112779902,0.0,0.003446913644921104,6.0449805316560484e-05,0.000561493823461216,0.027114519303310748,0.0600700836213901,-0.001911931562999024,0.003371893057751045,-0.00013137678514091213,0.0015962462878492574,0.17637944518875437,0.40025180231386365,-0.0008546035507628156,0.010383552497686485,0.8038037529408436,0.12088490040693328,62.96774677081321,1.4241712284079981,0.22471315655866592,0.027114519303310748,-0.15625,4.980468750000001,-0.055080000000000004,rohrwild_nonlocal_exact_post_borel,Bs1_lower_model_5720_low_combo,5.72,5.36692,low,model lower 1+ partner diagnostic,lattice_fperp_s,4.18,0.093,0.2303,0.14753936745002144,0.1678670136320244,0.8038037529408436,62.96774677081321
12.5,6.05,36.6025,35.3,0.5509778629163679,0.5746345241167516,0.061616748867150566,0.09787616117625739,-0.009263097820325581,0.06666360360822138,0.0,0.003566987135397008,6.407502675574536e-05,0.0005851809171020194,0.029760812064228873,0.06521269905976255,-0.0021110328887188876,0.0034893532005521866,-0.0001392555522537244,0.0016635852926863812,0.1747268167481492,0.3909583116785413,-0.0008175744434421661,0.009766970133503347,0.7873675946422585,0.11761680423322923,60.418949116051365,1.3482078258224468,0.22471315655866592,0.029760812064228873,-0.15625,4.980468750000001,-0.055080000000000004,rohrwild_nonlocal_exact_post_borel,Bs1_lower_model_5720_low_combo,5.72,5.36692,low,model lower 1+ partner diagnostic,lattice_fperp_s,4.18,0.093,0.2303,0.14753936745002144,0.1678670136320244,0.7873675946422585,60.418949116051365
13.0,6.05,36.6025,35.3,0.5401889437727884,0.5643610719633186,0.06640734434134571,0.1056691112565439,-0.009881198466296684,0.07193416070401665,0.0,0.0036796079644918953,6.761405803921946e-05,0.0006071600810946217,0.032438657701938364,0.07036854475609398,-0.0023167359857192895,0.0035995228859293524,-0.00014694700055700898,0.001726068898858489,0.1732494521437869,0.38267779354155224,-0.0007848193835453707,0.009218645661524819,0.7727485849739772,0.11474815441941894,58.19618699154505,1.2832447970169432,0.22471315655866592,0.032438657701938364,-0.15625,4.980468750000001,-0.055080000000000004,rohrwild_nonlocal_exact_post_borel,Bs1_lower_model_5720_low_combo,5.72,5.36692,low,model lower 1+ partner diagnostic,lattice_fperp_s,4.18,0.093,0.2303,0.14753936745002144,0.1678670136320244,0.7727485849739772,58.19618699154505
13.5,6.05,36.6025,35.3,0.5305624359614698,0.5551492144874773,0.07119800740645983,0.11346493108028118,-0.010488863835315635,0.07720302854254271,0.0,0.003785280278504251,7.106499195376553e-05,0.0006274974287747363,0.03513849199384224,0.0755227379611113,-0.0025286322343437747,0.0037028952876545216,-0.000154446985065687,0.0017838850570825783,0.17192189730282337,0.37525497491886495,-0.0007556618738745795,0.008728004139663625,0.7596676908785244,0.11221474161055067,56.242602138850806,1.2272072753115573,0.22471315655866592,0.03513849199384224,-0.15625,4.980468750000001,-0.055080000000000004,rohrwild_nonlocal_exact_post_borel,Bs1_lower_model_5720_low_combo,5.72,5.36692,low,model lower 1+ partner diagnostic,lattice_fperp_s,4.18,0.093,0.2303,0.14753936745002144,0.1678670136320244,0.7596676908785244,56.242602138850806
14.0,6.05,36.6025,35.3,0.5219258143532154,0.5468444285772879,0.07597704533043566,0.12124336957165209,-0.011085219537125197,0.0824570882578796,0.0,0.003884483610315629,7.442695081562207e-05,0.0006462660485500099,0.03785183773630768,0.08066244533534678,-0.002746340950696887,0.0037999395017831337,-0.00016175359829187903,0.0018372415472032643,0.17072328697759193,0.36856418196349,-0.0007295578664692951,0.008286517502675271,0.7478991052744055,0.10996505392183131,54.51350684776342,1.1784942740070246,0.22471315655866592,0.03785183773630768,-0.15625,4.980468750000001,-0.055080000000000004,rohrwild_nonlocal_exact_post_borel,Bs1_lower_model_5720_low_combo,5.72,5.36692,low,model lower 1+ partner diagnostic,lattice_fperp_s,4.18,0.093,0.2303,0.14753936745002144,0.1678670136320244,0.7478991052744055,54.51350684776342
8.0,6.15,37.822500000000005,35.3,0.7815268464792168,0.7864545652688976,0.021894564703271908,0.03355727098371273,-0.003461606573042055,0.02285574083098146,0.0,0.0021577563549583733,2.9189139052281013e-05,0.0003134849513218471,0.008875897235372328,0.022358295500468642,-0.0006154708131655445,0.0021107937195707937,-6.343734656609683e-05,0.0008911926880326005,0.20801721048783098,0.559037923655156,-0.0014867296819120615,0.020886160807822473,1.0934663805045108,0.18337467029664783,116.52764335291869,3.2771535131310254,0.22471315655866592,0.008875897235372328,-0.15625,4.980468750000001,-0.055080000000000004,rohrwild_nonlocal_exact_post_borel,Bs1_lower_model_5720_low_combo,5.72,5.36692,low,model lower 1+ partner diagnostic,lattice_fperp_s,4.18,0.093,0.2303,0.14753936745002144,0.1678670136320244,1.0934663805045108,116.52764335291869
8.5,6.15,37.822500000000005,35.3,0.7383528070103412,0.7474554053375395,0.025935050526499057,0.03998794059091815,-0.0040375933245880725,0.027233331316229077,0.0,0.002354566861351666,3.3190716695973475e-05,0.0003515549568104138,0.010860310980356272,0.026640609618965024,-0.0007435869277505464,0.0023033207302714637,-7.213405623401103e-05,0.000999420245309948,0.20300115549730396,0.5271213973832858,-0.0013483312579812856,0.018681183714931045,1.0366892522204574,0.1706746756813809,104.7406550851246,2.8389403417798573,0.22471315655866592,0.010860310980356272,-0.15625,4.980468750000001,-0.055080000000000004,rohrwild_nonlocal_exact_post_borel,Bs1_lower_model_5720_low_combo,5.72,5.36692,low,model lower 1+ partner diagnostic,lattice_fperp_s,4.18,0.093,0.2303,0.14753936745002144,0.1678670136320244,1.0366892522204574,104.7406550851246
9.0,6.15,37.822500000000005,35.3,0.7032228950226426,0.7154843251900938,0.03020176999235964,0.046801535385794714,-0.0046265532096759435,0.03186189719221887,0.0,0.0025407652409270816,3.7205958085442694e-05,0.00038845481080418474,0.013006745405413841,0.031168436757190474,-0.000882574127691469,0.0024854665825123335,-8.086046159711782e-05,0.001104321229966647,0.19884224700321446,0.5009957936968694,-0.0012361644190402653,0.016882448909050125,0.9902963644306482,0.16047856639499009,95.5759146927199,2.5098754217867243,0.22471315655866592,0.013006745405413841,-0.15625,4.980468750000001,-0.055080000000000004,rohrwild_nonlocal_exact_post_borel,Bs1_lower_model_5720_low_combo,5.72,5.36692,low,model lower 1+ partner diagnostic,lattice_fperp_s,4.18,0.093,0.2303,0.14753936745002144,0.1678670136320244,0.9902963644306482,95.5759146927199
9.5,6.15,37.822500000000005,35.3,0.6741808591343329,0.6888680030428008,0.03466098149388105,0.05394125347831799,-0.005222852348421348,0.03670236209624098,0.0,0.002716345221651037,4.120858835372553e-05,0.0004239179360566469,0.01529672749538492,0.03590355103259708,-0.0010318285326582442,0.002657225140767923,-8.955945895535491e-05,0.001205137801181675,0.19535004182042776,0.479271235844437,-0.0011437377084492029,0.015390463086385425,0.9517916215508802,0.15215671389994428,88.2880345252587,2.2563181366414997,0.22471315655866592,0.01529672749538492,-0.15625,4.980468750000001,-0.055080000000000004,rohrwild_nonlocal_exact_post_borel,Bs1_lower_model_5720_low_combo,5.72,5.36692,low,model lower 1+ partner diagnostic,lattice_fperp_s,4.18,0.093,0.2303,0.14753936745002144,0.1678670136320244,0.9517916215508802,88.2880345252587
10.0,6.15,37.822500000000005,35.3,0.6498398658160898,0.6664121201551676,0.03928107175097687,0.061353656188859226,-0.005821767732858118,0.04171836970698529,0.0,0.0028815310205378866,4.517783948891161e-05,0.0004577609168229096,0.017712043322882346,0.04081038740351006,-0.001190752901168987,0.0028188157420660814,-9.818591276818143e-05,0.001301348534337909,0.19238495431712382,0.4609586349087114,-0.0010664773114058604,0.014135008240738238,0.9193989028338302,0.14526741741191795,82.38080965998734,2.056622226241754,0.22471315655866592,0.017712043322882346,-0.15625,4.980468750000001,-0.055080000000000004,rohrwild_nonlocal_exact_post_borel,Bs1_lower_model_5720_low_combo,5.72,5.36692,low,model lower 1+ partner diagnostic,lattice_fperp_s,4.18,0.093,0.2303,0.14753936745002144,0.1678670136320244,0.9193989028338302,82.38080965998734
10.5,6.15,37.822500000000005,35.3,0.6291932193153559,0.6472442991586005,0.044032882788036465,0.06898932608788802,-0.006419401791554252,0.04687662422172118,0.0,0.003036695577885683,4.9097523447689844e-05,0.0004898672565361569,0.02023519780209946,0.04585637473596877,-0.0013587672651963147,0.002970603209820303,-0.00010670464123349234,0.0013926222464293082,0.1898426490363252,0.4453374238666027,-0.0010010819738137252,0.013065308229486537,0.891824501500204,0.13949318459925664,77.51341896642222,1.8963743485660345,0.22471315655866592,0.02023519780209946,-0.15625,4.980468750000001,-0.055080000000000004,rohrwild_nonlocal_exact_post_borel,Bs1_lower_model_5720_low_combo,5.72,5.36692,low,model lower 1+ partner diagnostic,lattice_fperp_s,4.18,0.093,0.2303,0.14753936745002144,0.1678670136320244,0.891824501500204,77.51341896642222
11.0,6.15,37.822500000000005,35.3,0.6114948570593199,0.6307142783436672,0.048889851628643295,0.0768031719217355,-0.0070125850037823295,0.052147005848056684,0.0,0.00318230224135123,5.295522206850772e-05,0.0005201733209492024,0.02284970857615435,0.051012048781857465,-0.0015353156221239853,0.0031130408071257058,-0.00011508865570949495,0.0014787780344314644,0.18764377947382363,0.43187176396261867,-0.0009451179764466771,0.01214385288367179,0.8681065965795778,0.13460088443837698,73.44533336533968,1.7656878185732974,0.22471315655866592,0.02284970857615435,-0.15625,4.980468750000001,-0.055080000000000004,rohrwild_nonlocal_exact_post_borel,Bs1_lower_model_5720_low_combo,5.72,5.36692,low,model lower 1+ partner diagnostic,lattice_fperp_s,4.18,0.093,0.2303,0.14753936745002144,0.1678670136320244,0.8681065965795778,73.44533336533968
11.5,6.15,37.822500000000005,35.3,0.5961816585458357,0.6163286102166747,0.05382801999037979,0.08475448819032753,-0.007598777710311786,0.05750253586679059,0.0,0.0033188637248066514,5.6741596118861634e-05,0.0005486565129754673,0.025540275932585395,0.05625101800214947,-0.0017198698322855395,0.003246630088858367,-0.00012331765905320292,0.0015597516580730492,0.18572707010785985,0.42015589422991123,-0.0008967572460440879,0.011342403124947728,0.8475170635480062,0.13041607551619627,70.00273294349563,1.6576023288899437,0.22471315655866592,0.025540275932585395,-0.15625,4.980468750000001,-0.055080000000000004,rohrwild_nonlocal_exact_post_borel,Bs1_lower_model_5720_low_combo,5.72,5.36692,low,model lower 1+ partner diagnostic,lattice_fperp_s,4.18,0.093,0.2303,0.14753936745002144,0.1678670136320244,0.8475170635480062,70.00273294349563
12.0,6.15,37.822500000000005,35.3,0.5828216140449844,0.6037068428938908,0.058825957309633095,0.0928068507510583,-0.008175977360075576,0.06291924569347479,0.0,0.003446913644921104,6.0449805316560484e-05,0.0005753255259962125,0.02829286273177091,0.061549835478288004,-0.001911931562999024,0.003371893057751045,-0.00013137678514091213,0.0016355678313882815,0.18404454733674785,0.40987756069877485,-0.0008546035507628156,0.010639338409131047,0.8294957612057168,0.12680602547457315,67.05735757632824,1.5671042006261864,0.22471315655866592,0.02829286273177091,-0.15625,4.980468750000001,-0.055080000000000004,rohrwild_nonlocal_exact_post_borel,Bs1_lower_model_5720_low_combo,5.72,5.36692,low,model lower 1+ partner diagnostic,lattice_fperp_s,4.18,0.093,0.2303,0.14753936745002144,0.1678670136320244,0.8294957612057168,67.05735757632824
12.5,6.15,37.822500000000005,35.3,0.5710784402000573,0.5925514432536466,0.06386462905605363,0.10092790831574601,-0.00874263430565317,0.06837598876506805,0.0,0.003566987135397008,6.407502675574536e-05,0.0006002124344859946,0.031094710925619506,0.06688781489304574,-0.0021110328887188876,0.0034893532005521866,-0.0001392555522537244,0.0017063177375011896,0.18255818577839494,0.40079297803785713,-0.0008175744434421661,0.0100178538808367,0.8136055376861948,0.123668212608042,64.51279908186194,1.4905078290315057,0.22471315655866592,0.031094710925619506,-0.15625,4.980468750000001,-0.055080000000000004,rohrwild_nonlocal_exact_post_borel,Bs1_lower_model_5720_low_combo,5.72,5.36692,low,model lower 1+ partner diagnostic,lattice_fperp_s,4.18,0.093,0.2303,0.14753936745002144,0.1678670136320244,0.8136055376861948,64.51279908186194
13.0,6.15,37.822500000000005,35.3,0.5606869204756407,0.5826267293765857,0.06892723337813383,0.10908911288539806,-0.009297577340412587,0.073854222340082,0.0,0.0036796079644918953,6.761405803921946e-05,0.0006233663559333162,0.03393431489567218,0.07224681707969641,-0.0023167359857192895,0.0035995228859293524,-0.00014694700055700898,0.0017721410103764131,0.18123750737684344,0.39270933227015736,-0.0007848193835453707,0.009464709113130304,0.7995007867186494,0.12092237432657066,62.29538648537811,1.4250543420166202,0.22471315655866592,0.03393431489567218,-0.15625,4.980468750000001,-0.055080000000000004,rohrwild_nonlocal_exact_post_borel,Bs1_lower_model_5720_low_combo,5.72,5.36692,low,model lower 1+ partner diagnostic,lattice_fperp_s,4.18,0.093,0.2303,0.14753936745002144,0.1678670136320244,0.7995007867186494,62.29538648537811
13.5,6.15,37.822500000000005,35.3,0.5514353978254221,0.5737438416952069,0.07399902231565018,0.11726541938059586,-0.009839949042538838,0.07933777766109698,0.0,0.003785280278504251,7.106499195376553e-05,0.0006448484266340208,0.03680136667378505,0.07761102518684423,-0.0025286322343437747,0.0037028952876545216,-0.000154446985065687,0.0018332114517214972,0.18005783466754274,0.38547232579505436,-0.0007556618738745795,0.008969343106484309,0.7869050652728307,0.11850490329947627,60.347985234643154,1.3686447447609444,0.22471315655866592,0.03680136667378505,-0.15625,4.980468750000001,-0.055080000000000004,rohrwild_nonlocal_exact_post_borel,Bs1_lower_model_5720_low_combo,5.72,5.36692,low,model lower 1+ partner diagnostic,lattice_fperp_s,4.18,0.093,0.2303,0.14753936745002144,0.1678670136320244,0.7869050652728307,60.347985234643154
14.0,6.15,37.822500000000005,35.3,0.5431531346374908,0.5657498433649314,0.0790671187300062,0.1254349752134378,-0.010369150370804943,0.08481263068116003,0.0,0.003884483610315629,7.442695081562207e-05,0.0006647278585198748,0.03968668404466365,0.08296672039486284,-0.002746340950696887,0.0037999395017831337,-0.00016175359829187903,0.00188972582111694,0.1789990012254304,0.378957162484056,-0.0007295578664692951,0.008523237521914395,0.775594893810158,0.11636482986532709,58.625691200469326,1.3196585365595852,0.22471315655866592,0.03968668404466365,-0.15625,4.980468750000001,-0.055080000000000004,rohrwild_nonlocal_exact_post_borel,Bs1_lower_model_5720_low_combo,5.72,5.36692,low,model lower 1+ partner diagnostic,lattice_fperp_s,4.18,0.093,0.2303,0.14753936745002144,0.1678670136320244,0.775594893810158,58.625691200469326
