case,theta_deg,f1_GeV,f2_GeV,s01_GeV2,s02_GeV2,GA_GeV_inv,GB_GeV_inv,G_low_A_component_GeV_inv,G_low_B_component_GeV_inv,G_low_GeV_inv,Gamma_low_keV,G_high_A_component_GeV_inv,G_high_B_component_GeV_inv,G_high_GeV_inv,Gamma_high_keV,low_interference,high_interference
previous_study_nominal,26.6,0.40058584465010283,0.16754429849454994,7.925,10.075,-0.33703651677018065,-0.26924270706873854,-0.08476338392852407,-0.27762062324352277,-0.36238400717204683,27.604049385535703,-0.40470843969736536,0.33239129426577857,-0.0723171454315868,1.6228661939918647,constructive,destructive
truncated_matrix_diagnostic,30.612200648415484,0.40116767359436173,0.1635251939803735,7.9,9.975,-0.33703651677018065,-0.26924270706873854,-0.0962593666785498,-0.26682545460089674,-0.3630848212794465,27.710919516577246,-0.3991104563210883,0.38731085231791723,-0.011799604003171094,0.04320510140250331,constructive,destructive
hqet_benchmark,35.3,0.40078469629101376,0.1661060396291142,7.9,9.825,-0.33703651677018065,-0.26924270706873854,-0.10933751365901852,-0.25327197454181305,-0.36260948820083155,27.638411419870206,-0.3725953524357173,0.43268347496223075,0.060088122526513466,1.1204111773921808,constructive,destructive
