scenario,ensemble,M2,s0_root,theta_deg,GA,GB,GB_hard,GB_soft2p,GB_3p,GB_em,T_A,T_B,transition_scheme,G2460,G2536,Gamma2460_keV,Gamma2536_keV,chi_effective,fperp_s_used_GeV
legacy_chi_condensate,central,4.5,2.55,35.3,-0.3398444213165865,-0.3179930205053402,-0.4092482583414416,0.12093509671915124,-0.0013996411073214407,-0.028280217775728415,-0.04435316263841104,-0.08520605418723447,rohrwild_nonlocal_exact_post_borel,-0.4559077473795291,-0.09360511561575441,43.69066896250559,2.7189381705487485,3.15,-0.034836479999999996
legacy_chi_condensate,theta_fixed,5.060884366290175,2.5085254311191902,35.3,-0.294964643655562,-0.3430889922172142,-0.3880402729430251,0.06760128051848556,-0.0011644941293450504,-0.0214855056633296,-0.04937047484738553,-0.10366541399540345,rohrwild_nonlocal_exact_post_borel,-0.4504553915511183,-0.042475143437133295,42.8471085146097,0.5600131204144023,3.4361910086904293,-0.03426016293165777
legacy_chi_condensate,theta_fixed,5.471388339821202,2.565128527323523,35.3,-0.299955621262619,-0.3687842742688047,-0.35480606761770705,0.012207501079432756,-0.0013596743065033027,-0.024826033424027255,-0.04639347998217233,-0.14122869398766474,rohrwild_nonlocal_exact_post_borel,-0.47431035158449864,-0.03170025322930459,47.02919129896088,0.3117320456425105,2.8840016336795387,-0.04074379313033552
legacy_chi_condensate,theta_fixed,4.768697137526511,2.5044921494679597,35.3,-0.2762291349772173,-0.2656030120333187,-0.4070165626146547,0.16975813131222056,-0.0014208631264643417,-0.026923717604420278,-0.03941053089061757,-0.07177993470014239,rohrwild_nonlocal_exact_post_borel,-0.37638971388235,-0.07196025496755631,29.530931346940065,1.6053926287286577,3.1725196389059125,-0.03488900805023427
legacy_chi_condensate,theta_fixed,4.557414558531545,2.5143078521329323,35.3,-0.3433567155836226,-0.3477183320822456,-0.3993523601376402,0.07517553117586526,-0.0011478426060198036,-0.02239366051445087,-0.04777972504644617,-0.08997965863695463,rohrwild_nonlocal_exact_post_borel,-0.48219729755557184,-0.07929463306261553,49.04653847856614,1.951738034677032,3.18160305975444,-0.02819976612554318
legacy_chi_condensate,theta_fixed,3.464455591036613,2.5784196957863803,35.3,-0.3284326257396437,-0.32296055206595314,-0.4282859472099075,0.1493064946795139,-0.0018100310296777595,-0.04217106850588182,-0.029665876514605498,-0.06293721625013426,rohrwild_nonlocal_exact_post_borel,-0.45336754353401254,-0.081420994288435,43.174726268208055,2.0571583809089655,3.1134268364509867,-0.03625547134461337
legacy_chi_condensate,theta_fixed,5.926094534359181,2.502438162016536,35.3,-0.16231888396576133,-0.30526601747448223,-0.38278280117334107,0.10506026255306676,-0.001590522833920726,-0.025952956020287236,-0.030388458809439967,-0.09972855648524467,rohrwild_nonlocal_exact_post_borel,-0.34293627651602876,0.04392575287850031,24.72084001320026,0.599148529119594,3.333941829022748,-0.047302393860944536
legacy_chi_condensate,theta_fixed,5.137852478663097,2.5696739107761997,35.3,-0.3440391541171014,-0.3451329603911072,-0.4406396715784146,0.12261989446440867,-0.0013530707902570474,-0.025760112486844147,-0.056816380406858664,-0.10136183637335427,rohrwild_nonlocal_exact_post_borel,-0.48048163084384854,-0.08134557354629637,48.23950448591444,2.052886257029155,2.934606635966756,-0.03243826890899892
legacy_chi_condensate,theta_fixed,5.432293387012696,2.5951941260901927,35.3,-0.27628842556573807,-0.2992819383265848,-0.41921136185220337,0.15159103959584505,-0.0016160951989064062,-0.030045520871319994,-0.04499720382665972,-0.09750560800110247,rohrwild_nonlocal_exact_post_borel,-0.40391061314245436,-0.052547019905972214,34.17685320581463,0.8563503408070946,2.98706297450984,-0.043284185339830965
legacy_chi_condensate,theta_fixed,5.674237419105097,2.5889962941562428,35.3,-0.3658077433216063,-0.430939252408462,-0.5088377551880446,0.10324126019871302,-0.0013427066479309278,-0.02400005077119948,-0.06657343104479052,-0.11453722772978257,rohrwild_nonlocal_exact_post_borel,-0.5630905164685026,-0.049527917416800016,66.45207907634706,0.7615400732947386,2.7043943451033576,-0.026753350099577782
legacy_chi_condensate,theta_fixed,5.859668920908125,2.577761419065692,35.3,-0.38235949674112063,-0.3245561472554744,-0.38070687045430845,0.0720294938782813,-0.0008526852651941464,-0.01502608541425306,-0.07369813980891082,-0.12101608655487417,rohrwild_nonlocal_exact_post_borel,-0.48583182231408106,-0.12451071398244956,49.411767453901774,4.809931482583581,3.272306566518589,-0.02837321692936269
legacy_chi_condensate,theta_fixed,3.8613401455107392,2.543697679622713,35.3,-0.32592917173195796,-0.389773404960169,-0.4422044419241395,0.08397712903650563,-0.0013750968245345135,-0.030170995248000623,-0.04063854108761416,-0.08520925551121392,rohrwild_nonlocal_exact_post_borel,-0.5064493842958435,-0.04076951491598965,53.79400944468198,0.5154977356179914,3.286649752343626,-0.030104058007397527
legacy_chi_condensate,theta_fixed,5.3667291690578045,2.5977083383017887,35.3,-0.30934002714307796,-0.34774888694203765,-0.42546032974642617,0.10627270814680204,-0.0014399652142652933,-0.027121300128148267,-0.049266042037394604,-0.11179579210243296,rohrwild_nonlocal_exact_post_borel,-0.4625654317535608,-0.05151467857754896,45.074877258228774,0.8233028889898585,3.343611481742373,-0.04281751442284022
legacy_chi_condensate,theta_fixed,4.74502456195458,2.5908979973130264,35.3,-0.4493370975682036,-0.3924609507936107,-0.42488706163695206,0.05541161078728277,-0.0010889240881401438,-0.02189657585580118,-0.05897671785186607,-0.11096444240423887,rohrwild_nonlocal_exact_post_borel,-0.5799550023294073,-0.13993434325403992,70.32453556192525,6.075137558911989,3.297326399539104,-0.02949831807978215
legacy_chi_condensate,theta_fixed,3.3135479122292697,2.507236759776899,35.3,-0.1984694967061146,-0.2865582287070871,-0.4326751094246578,0.19868021340536215,-0.002191119496943101,-0.05037221319084836,-0.016849587579402872,-0.04970911781555182,rohrwild_nonlocal_exact_post_borel,-0.3485580540738268,0.003611440542071853,25.519375302230312,0.0040476492603292264,3.4358565457509074,-0.04343546997181585
legacy_chi_condensate,theta_fixed,3.244922499326953,2.55953860583626,35.3,-0.25474784301288345,-0.4013901446520884,-0.4398690256982705,0.09179113985023528,-0.002150686362181923,-0.05116157244187117,-0.024028389650024625,-0.06970394025468392,rohrwild_nonlocal_exact_post_borel,-0.47479756871852935,0.024037064764953653,47.44551392390633,0.17926234276430209,2.9581623229085015,-0.03731365781099026
legacy_chi_condensate,theta_fixed,5.967872172197526,2.5216052505501123,35.3,-0.27247693504724646,-0.3308330812876274,-0.4120833612992046,0.1088410957989903,-0.0015660381305550827,-0.02602477765685807,-0.04373543974995922,-0.10580896547758512,rohrwild_nonlocal_exact_post_borel,-0.42745818806657854,-0.031204250701544617,38.12850960441833,0.302080299508609,3.0968720783672654,-0.04219033630894857
legacy_chi_condensate,theta_fixed,4.701169838962456,2.515874488637885,35.3,-0.2527956052983108,-0.29079369460257487,-0.38525934384255583,0.12621761149220456,-0.001557616545936906,-0.030194345706286704,-0.030248945062676388,-0.08485767846501377,rohrwild_nonlocal_exact_post_borel,-0.3834075330557237,-0.03827864254227231,30.577435700278308,0.45437994508918983,3.619436030115799,-0.047195310593003116
legacy_chi_condensate,theta_fixed,3.277744462294934,2.536289047722454,35.3,-0.30482690837890597,-0.366099817966785,-0.44629034028817793,0.12751191172379067,-0.001932922880128192,-0.04538846652226949,-0.03051945222999836,-0.062657310996982,rohrwild_nonlocal_exact_post_borel,-0.47493437628820034,-0.03722712729842603,47.10016630194043,0.4298042633031101,2.7209992497556548,-0.030199428115116132
legacy_chi_condensate,theta_fixed,5.8966643114105635,2.576770211177865,35.3,-0.21540298027936403,-0.24949677877366447,-0.45214607729575285,0.23752628241071438,-0.0018837003445739667,-0.03299328354405201,-0.030074321959642415,-0.07921933449458324,rohrwild_nonlocal_exact_post_borel,-0.32809595423046173,-0.031624853347797716,22.593454225394783,0.310521875336618,3.595515626218085,-0.05791307051206996
legacy_chi_condensate,theta_fixed,3.6094373752151094,2.501846427932442,35.3,-0.372294054597691,-0.33744947417371296,-0.4119201198168082,0.11456000399109488,-0.0017232073139432592,-0.03836615103405634,-0.03514885308537503,-0.06982861009681518,rohrwild_nonlocal_exact_post_borel,-0.4905381585878761,-0.10884542102504638,50.675994843449544,3.67544175596598,2.989303346826978,-0.033995709046466274
legacy_chi_condensate,theta_fixed,3.118746398190627,2.585800894690855,35.3,-0.37618275718554106,-0.42093797943528904,-0.4737031628987367,0.10840241003244344,-0.0021719528829918892,-0.053465273686003956,-0.02524034642075611,-0.06818922010048743,rohrwild_nonlocal_exact_post_borel,-0.5609233825108026,-0.06377466806984866,66.37293831630042,1.2626033660902518,3.3437432048246922,-0.039861656801812806
legacy_chi_condensate,theta_fixed,3.906726834899269,2.550343200110001,35.3,-0.30459713102720487,-0.2978038165327377,-0.4250240834156636,0.16501229332344697,-0.001650414011726979,-0.03614161242879415,-0.033982166170676925,-0.06817743324079771,rohrwild_nonlocal_exact_post_borel,-0.4190626636711146,-0.07650496250792474,36.824149919036,1.8166279614668173,3.4884356622032424,-0.040571400515755446
legacy_chi_condensate,theta_fixed,5.106039983358629,2.5793866596228274,35.3,-0.4399361156385608,-0.34187066092331353,-0.427130951525975,0.10770097608213376,-0.0011130479018827998,-0.021327637577589403,-0.06321103206675067,-0.10296133394920065,rohrwild_nonlocal_exact_post_borel,-0.5332339359884706,-0.16149583323891692,59.9265929193878,8.0949374771654,2.8404903647668234,-0.026644197771541357
legacy_chi_condensate,theta_fixed,5.193624325058997,2.54451483066446,35.3,-0.4427234492764686,-0.35471142489832796,-0.39826271747215286,0.06817952290870288,-0.0012645831187782378,-0.0233636472160997,-0.050238445470838416,-0.10789918667675594,rohrwild_nonlocal_exact_post_borel,-0.5453244481481927,-0.1563505476310372,62.58586310137092,7.580130820857065,3.3197188061400986,-0.03644799564176097
legacy_chi_condensate,theta_fixed,3.4362668077999703,2.5669909801754685,35.3,-0.40853638249334356,-0.39603352168301703,-0.4684074769511029,0.1204820156026961,-0.0019623607906327596,-0.04614569954397748,-0.040325675326758015,-0.073185252367984,rohrwild_nonlocal_exact_post_borel,-0.5592937074391711,-0.10457090865220234,65.62053005681605,3.393618377563657,2.4349156000661227,-0.028452986884477623
legacy_chi_condensate,theta_fixed,5.382864767497805,2.5913298600568617,35.3,-0.4020126966494522,-0.40060937465236,-0.37598277086356996,-0.006691967213925538,-0.000915517946009702,-0.017019118628854774,-0.07198096995354779,-0.14050768327117152,rohrwild_nonlocal_exact_post_borel,-0.5592584714501564,-0.09660249188273609,65.65479003110163,2.895142003483896,2.5266021734992914,-0.02278091392022071
legacy_chi_condensate,theta_fixed,5.868469502965659,2.535121270610071,35.3,-0.3250962695668113,-0.2712626987178221,-0.35353658710552877,0.10377504131700417,-0.001198530445152427,-0.020302622484144973,-0.055884724533567846,-0.10112169382980477,rohrwild_nonlocal_exact_post_borel,-0.40924704323802114,-0.10857206732336835,35.20841080056994,3.6561513320036942,2.6873277070590653,-0.03285661087269085
legacy_chi_condensate,theta_fixed,4.419428609389957,2.5672131079667935,35.3,-0.3322744130335861,-0.30362766875977454,-0.4028408952962228,0.12682800131005104,-0.001277092472692835,-0.026337682300909875,-0.04485263387103611,-0.08263800022132202,rohrwild_nonlocal_exact_post_borel,-0.43980925682227123,-0.09572807533190564,40.816814369233484,2.842412603405037,3.4683472381730933,-0.035852814680062406
legacy_chi_condensate,theta_fixed,3.031067763661338,2.5317966825885647,35.3,-0.2505306004144385,-0.33034660284182427,-0.43990403349841356,0.16548908272115534,-0.0022060473954873387,-0.05372560466907866,-0.019881015323633792,-0.05392977061646573,rohrwild_nonlocal_exact_post_borel,-0.41437929792535494,-0.013574137322237528,36.15901776556431,0.05716131933446422,3.2528001515698954,-0.03963006087377975
legacy_chi_condensate,theta_fixed,4.391823914423471,2.550010182603773,35.3,-0.3045749866340004,-0.31015380805944515,-0.3751904683657098,0.091390984599397,-0.0012148750018404681,-0.0251394492912919,-0.05188502800312314,-0.09187141120378106,rohrwild_nonlocal_exact_post_borel,-0.4291291596867815,-0.06935035287144148,38.40779886059402,1.4921976557271768,3.0138025802391666,-0.03185049218473527
legacy_chi_condensate,theta_fixed,5.353439209463104,2.520873555762324,35.3,-0.29264619344510095,-0.3216279790863423,-0.40924625531939907,0.11229868190540909,-0.0013030908713227009,-0.02337731480102962,-0.05004725001666082,-0.09722984593408862,rohrwild_nonlocal_exact_post_borel,-0.43160051788294135,-0.05298437913431561,39.01336079249407,0.8710207284041639,3.3177400415241394,-0.036516136735907354
legacy_chi_condensate,theta_fixed,3.277121222626431,2.524482625967285,35.3,-0.24337681160909497,-0.2566809352134256,-0.39972645944013896,0.19594246554308142,-0.002166497137219528,-0.05073044417914851,-0.022706376936415376,-0.04847858033917736,rohrwild_nonlocal_exact_post_borel,-0.3501241060710705,-0.050303929061073394,25.809104054105482,0.785204668915967,3.0303486794992227,-0.04184395643137836
legacy_chi_condensate,theta_fixed,5.227590590825906,2.5356153540251856,35.3,-0.3722964617107289,-0.29462703512926847,-0.39512795231476927,0.12236692808128462,-0.0011210581175353207,-0.020744952778248445,-0.054460622797307456,-0.09623109771541101,rohrwild_nonlocal_exact_post_borel,-0.4555905473534103,-0.1335926584570103,43.874526299715164,5.536435002432041,3.13211215709768,-0.031208056778673145
legacy_chi_condensate,theta_fixed,4.823468829248742,2.536669949954521,35.3,-0.3122820250849763,-0.34617668869348434,-0.371908621428639,0.04986013144365804,-0.0012045405695613994,-0.022923658138941927,-0.044000149126241755,-0.10334125738476921,rohrwild_nonlocal_exact_post_borel,-0.4629823576055048,-0.05482426043283961,45.13386512334022,0.932845012688693,2.971231149482799,-0.03096894286153088
legacy_chi_condensate,theta_fixed,4.561765694738343,2.537108065952439,35.3,-0.36510935391705623,-0.31025516631743744,-0.3945719859211662,0.10589680473737415,-0.0010297313764595474,-0.020550253757185843,-0.05443703298930108,-0.08705086139417717,rohrwild_nonlocal_exact_post_borel,-0.46419212764293927,-0.11869615486068688,45.14783304340076,4.375678102728358,3.1787999081161016,-0.026854304681486203
legacy_chi_condensate,theta_fixed,4.0657221367851175,2.5946230985529906,35.3,-0.3339678514450461,-0.3113307712381518,-0.41093266453953087,0.13141210485553023,-0.0013865549461387332,-0.030423656608012425,-0.04253397958949427,-0.08095473338710303,rohrwild_nonlocal_exact_post_borel,-0.4470746146126006,-0.09265885757744596,41.70390071287753,2.6640197238800702,3.2084906438352023,-0.03463215347843642
legacy_chi_condensate,theta_fixed,4.698822707626439,2.533614612332782,35.3,-0.3417733270698428,-0.3666249107141842,-0.48757410912955756,0.15363547889323306,-0.0015883083010863068,-0.03109797217677337,-0.04939989421830361,-0.08562699659160701,rohrwild_nonlocal_exact_post_borel,-0.49671269395185436,-0.06707705956334675,51.683705410460064,1.3957259816857372,2.926431907464693,-0.03126080186082504
legacy_chi_condensate,theta_fixed,3.5914473548808155,2.523440440259272,35.3,-0.3508214771102716,-0.37541251252756025,-0.3977110500745998,0.0541556328184462,-0.0013478638815771571,-0.030509231389829458,-0.04250050689300487,-0.08457594256202855,rohrwild_nonlocal_exact_post_borel,-0.5091131286058348,-0.06938361222412029,54.82864313918678,1.4931177598187013,2.8021698845129777,-0.026530860167897585
legacy_chi_condensate,theta_fixed,4.535095249245092,2.571601323319552,35.3,-0.2989914506006083,-0.2852551326024291,-0.40142769034916087,0.14477533616124416,-0.0013503607002818508,-0.02725241771423045,-0.04128927334580486,-0.07769653846929518,rohrwild_nonlocal_exact_post_borel,-0.4055819258351887,-0.07918130867891027,34.75152564393633,1.9450037972086125,3.222445958223084,-0.03521192882753755
legacy_chi_condensate,theta_fixed,5.4285503449018515,2.5864651304175865,35.3,-0.300872125712182,-0.3208115669043924,-0.44428206148902205,0.1528646472141276,-0.0015150804176266694,-0.027879072211871317,-0.04306749671969895,-0.09544074947327172,rohrwild_nonlocal_exact_post_borel,-0.43568763089044776,-0.06016964167491312,39.97709458389787,1.1232629348075913,3.475005048860834,-0.04362064381968041
legacy_chi_condensate,theta_fixed,5.645481947766555,2.563329714337002,35.3,-0.3428562348504742,-0.3170441970505789,-0.4144784459248114,0.11945658929497312,-0.0011749948659801142,-0.020847345554760494,-0.0584956587598887,-0.10213161637401891,rohrwild_nonlocal_exact_post_borel,-0.4568737763055271,-0.0966114547226,44.03113978678125,2.8971220227822356,3.1526390664530717,-0.03290080342108255
legacy_chi_condensate,theta_fixed,3.6515083899664917,2.5632618065770876,35.3,-0.2172645175581028,-0.2922835496208204,-0.4418490620885942,0.1924183531221545,-0.0018153309916426983,-0.04103750966273802,-0.022769634904550765,-0.05810695210788283,rohrwild_nonlocal_exact_post_borel,-0.364091549786565,-0.008419462139533013,28.001563324207925,0.022012368414153185,4.079521914703316,-0.047520789095450586
legacy_chi_condensate,theta_fixed,3.735163443345087,2.593620795696085,35.3,-0.21750130032428658,-0.3176631651105465,-0.4600569949939078,0.1961559380620143,-0.002275363849227967,-0.05148674432942511,-0.026522609160727618,-0.062064777980455885,rohrwild_nonlocal_exact_post_borel,-0.3849416347362731,0.006053094858961161,31.11429281429144,0.011372404281005163,3.162812296131682,-0.04585612823489565
legacy_chi_condensate,theta_fixed,3.2707411935118462,2.594795931533656,35.3,-0.416965995431918,-0.34811608004010836,-0.45890812506202533,0.16364812221638003,-0.0021006600307763496,-0.050755417163686714,-0.029418798304664734,-0.06042840592336347,rohrwild_nonlocal_exact_post_borel,-0.5250575982010779,-0.13914009163550548,57.80197427157809,6.008421969843124,3.061397849381513,-0.037780763047298625
legacy_chi_condensate,theta_fixed,4.320521453991407,2.5835288562883827,35.3,-0.6064736543888164,-0.35951515708948795,-0.40504255098354436,0.0629566951180383,-0.0007970530982336561,-0.016632248125748265,-0.061816302142769716,-0.09126349615385893,rohrwild_nonlocal_exact_post_borel,-0.6438692590806094,-0.28721737213440246,86.95085141385209,25.603333813019752,2.8965936660011615,-0.01814812543116151
legacy_chi_condensate,theta_fixed,5.293293226204457,2.597921446488772,35.3,-0.35303156726619456,-0.29784055358292494,-0.4106211038759378,0.13757521397361538,-0.001238642769419203,-0.023556020911183324,-0.06025328695372025,-0.09820208593104865,rohrwild_nonlocal_exact_post_borel,-0.4470808544221381,-0.11601289779235688,42.019120646586394,4.178466681427734,3.0631178575534492,-0.03481709777485774
legacy_chi_condensate,theta_fixed,3.573078528310483,2.552867540115048,35.3,-0.3989371051229874,-0.3268329249252532,-0.3756449480668336,0.07609064309598713,-0.0011366952621915292,-0.026141924692215237,-0.04384366127147596,-0.07914552166888109,rohrwild_nonlocal_exact_post_borel,-0.4972694835521483,-0.13672467000101116,52.28279065682318,5.798267759530917,3.1362302379951865,-0.027072393258725777
legacy_chi_condensate,theta_fixed,3.4607247061965,2.5432751329887977,35.3,-0.2752187482424371,-0.37353774458954847,-0.4540535153937933,0.12396793466052054,-0.0018080392192151601,-0.04164412463706062,-0.031331594647608374,-0.06785751681721168,rohrwild_nonlocal_exact_post_borel,-0.4638954467184692,-0.008764732229371908,45.10242442078288,0.023843763684539943,3.2462062348857246,-0.034900720000971976
legacy_chi_condensate,theta_fixed,4.917646255260768,2.5945774168067115,35.3,-0.35568805275828985,-0.36715742364912773,-0.4614643035874283,0.12315128774558634,-0.0013798477019950598,-0.027464560105290744,-0.058511000730896885,-0.10186921038996963,rohrwild_nonlocal_exact_post_borel,-0.5051880281055399,-0.0781256735938024,53.38109500199032,1.894058670148918,3.2560107503525404,-0.03544072833228185
legacy_chi_condensate,theta_fixed,4.012955844884647,2.5618126140919304,35.3,-0.37114364945613915,-0.30962148117946575,-0.38290390003422314,0.10635113268593463,-0.0014541342325209464,-0.03161457959865627,-0.038858672537959056,-0.0829125272245408,rohrwild_nonlocal_exact_post_borel,-0.46716191706660787,-0.12398715006822095,45.9863701860726,4.767813550815241,3.05782465493222,-0.03581636453874864
legacy_chi_condensate,theta_fixed,4.51298578562981,2.534454288710791,35.3,-0.393777450137506,-0.31765967754442603,-0.3548636162974713,0.05617841472512008,-0.000913823892674779,-0.018060652079399993,-0.047049976906327104,-0.09279346029735279,rohrwild_nonlocal_exact_post_borel,-0.4868013055690021,-0.13781451255488225,49.676820083936484,5.894097844691546,3.3707640698294594,-0.026906944923376776
legacy_chi_condensate,theta_fixed,5.732234068710225,2.5991933661841444,35.3,-0.4066407735086813,-0.29015660601701426,-0.43479923890554617,0.17440572181299785,-0.001569495534018457,-0.028193593390447427,-0.04566671233660859,-0.09420329108547984,rohrwild_nonlocal_exact_post_borel,-0.47178818453776217,-0.16420561386753488,47.093072294214046,8.365910112332932,3.1755039799699976,-0.04411069545142889
legacy_chi_condensate,theta_fixed,4.1027332985657665,2.5819865990967874,35.3,-0.22972435930251495,-0.32060028800576185,-0.43631448883100704,0.15891662978886367,-0.0019059550670744037,-0.041296473896544006,-0.030393299095895634,-0.07725512292663196,rohrwild_nonlocal_exact_post_borel,-0.39440191896160187,-0.0022253641801862345,32.66310642468291,0.0015358033015710581,3.3383347100008622,-0.046258336472447856
legacy_chi_condensate,theta_fixed,5.99874670944661,2.5590199663379796,35.3,-0.3434854317399407,-0.3239328090285902,-0.4187821552403627,0.11632696887240956,-0.0011895016335007088,-0.020288121027136365,-0.06204392710680491,-0.10855396874412976,rohrwild_nonlocal_exact_post_borel,-0.4628594177040751,-0.09314432900274183,45.08805977087258,2.6916223109642377,3.0347228598423355,-0.03265666932852069
legacy_chi_condensate,theta_fixed,5.252981412238116,2.5152313348107427,35.3,-0.3979699062023382,-0.3732482495414126,-0.4258079153174266,0.0732876661917586,-0.0010837031668826794,-0.019644297248861912,-0.06082614317952098,-0.10683848068571265,rohrwild_nonlocal_exact_post_borel,-0.5345918714565764,-0.10911385338710128,60.48732544497025,3.695732763188157,3.1582706167786343,-0.02747949095645279
legacy_chi_condensate,theta_fixed,5.5459202677030195,2.5112157495820373,35.3,-0.38378387501877537,-0.29440711669516945,-0.35516408462946214,0.08490284580376968,-0.0013119953112284395,-0.02283388255824852,-0.042655868109823504,-0.10365812483131832,rohrwild_nonlocal_exact_post_borel,-0.46204915301708976,-0.14309504981438073,44.71468032735452,6.352133582621921,3.30969502039972,-0.04236226457961746
legacy_chi_condensate,theta_fixed,5.765711062915544,2.5244286230687814,35.3,-0.31837852830023156,-0.25511308143632727,-0.3478649862987551,0.11493931495323113,-0.0012186870167622908,-0.020968723074041035,-0.05185808748439847,-0.09789820434466909,rohrwild_nonlocal_exact_post_borel,-0.3921848354996562,-0.11242164563226731,32.304181294007556,3.9225130479795314,2.997947114259551,-0.03804420239017407
legacy_chi_condensate,theta_fixed,3.819941120718528,2.585468372781639,35.3,-0.2593812511785841,-0.272489219741718,-0.38668372835138715,0.1559410010384792,-0.0017827089456069012,-0.03996378348320314,-0.029943937989480675,-0.06836638209690096,rohrwild_nonlocal_exact_post_borel,-0.3722741287385069,-0.054230816058802256,29.13072048183699,0.9129761839854208,2.921077370500818,-0.040426233705185076
legacy_chi_condensate,theta_fixed,5.275277876644372,2.532847834050467,35.3,-0.3021574446990168,-0.2707635301229705,-0.4077148698136487,0.16287506561928336,-0.0013504413891164272,-0.024573284539488746,-0.04671633097447874,-0.08231266460383674,rohrwild_nonlocal_exact_post_borel,-0.39558427813972225,-0.09013927845488348,32.828939473226484,2.5216662352454344,3.2431403282108926,-0.03713559423932467
legacy_chi_condensate,theta_fixed,3.355346989782878,2.5629716535063025,35.3,-0.43650306633708263,-0.31702225797937944,-0.44054421286041745,0.16822504351703488,-0.001814474771867483,-0.0428886138641294,-0.03236868476957449,-0.059064772610567466,rohrwild_nonlocal_exact_post_borel,-0.5109704065787237,-0.173052831750288,55.01023628431853,9.29053894737153,3.1029016067145436,-0.03455151809595941
legacy_chi_condensate,theta_fixed,4.585518510460144,2.5881665560842904,35.3,-0.2945300989509548,-0.3626347438854796,-0.40296254583256214,0.0726398324974303,-0.0015045768751487118,-0.03080745367519901,-0.04040356969603211,-0.10519049907668945,rohrwild_nonlocal_exact_post_borel,-0.4661563092432689,-0.030825833543319248,45.66693214417169,0.29503273026294147,3.372789178949721,-0.04303071085242579
legacy_chi_condensate,theta_fixed,3.235764304368044,2.547140081183716,35.3,-0.2658645902841637,-0.29232261320290187,-0.43207199841463134,0.18464374555308927,-0.0018162548062912326,-0.04307810553506854,-0.023120079669583515,-0.05093059700013376,rohrwild_nonlocal_exact_post_borel,-0.392207353614652,-0.048061235183159384,32.43948821665294,0.7169378259152445,3.7452128683252726,-0.04024655769100849
legacy_chi_condensate,theta_fixed,3.5066337895433466,2.513601519386056,35.3,-0.2720320964110795,-0.30290962869019666,-0.4215212237006268,0.15579299420594894,-0.001573047191419204,-0.03560835200409963,-0.031830917381264624,-0.05939107509843541,rohrwild_nonlocal_exact_post_borel,-0.4044117553594644,-0.04697698115158552,34.56560878555044,0.6844418434477497,3.531875596078562,-0.035248251480698246
legacy_chi_condensate,theta_fixed,4.827254057363034,2.5371201931254976,35.3,-0.3058105860636492,-0.293635258410805,-0.3923577128704791,0.12459304815178983,-0.0012929227313057223,-0.024577670960810073,-0.042448912423999445,-0.08126573184587922,rohrwild_nonlocal_exact_post_borel,-0.41636175093602734,-0.07990414187048364,36.49717237662094,1.9802402282681981,3.359091452585556,-0.035595575369656615
legacy_chi_condensate,theta_fixed,4.320341816867866,2.5989053877468553,35.3,-0.4211088507384218,-0.2861609062158056,-0.3997052455721887,0.14209221360463453,-0.0012812149253455594,-0.027266659322905763,-0.046515648518368306,-0.08027533865074288,rohrwild_nonlocal_exact_post_borel,-0.47688763246869487,-0.17832250114578505,47.84166605610815,9.871207135890014,3.3423402301206218,-0.0357168670224255
legacy_chi_condensate,theta_fixed,4.752476249525245,2.5377611797351096,35.3,-0.31529093850390993,-0.3083699628064146,-0.4340256085343262,0.15911440828719392,-0.0016260358151432815,-0.03183272674413905,-0.04464685162094283,-0.08310151226525286,rohrwild_nonlocal_exact_post_borel,-0.4338655910114511,-0.07912685258614843,39.54702318877611,1.9440663301699586,3.0383086612402503,-0.038083878124619046
legacy_chi_condensate,theta_fixed,3.9184473822068253,2.5713640915720415,35.3,-0.3755967245829312,-0.37786896766581407,-0.4497456256384804,0.10644373785464449,-0.0014997874428807425,-0.0330672924390974,-0.04248343290899449,-0.08232058615227159,rohrwild_nonlocal_exact_post_borel,-0.5254344996305739,-0.08818414165950031,58.117693079582864,2.4121626454935936,3.272099493360287,-0.0331856081275451
legacy_chi_condensate,theta_fixed,5.571638567400354,2.562936976632865,35.3,-0.4105818888496133,-0.44389212837750885,-0.4272843286464069,0.0030810663662974693,-0.001038747390844993,-0.0186501187065544,-0.07123138298280791,-0.13809083229201852,rohrwild_nonlocal_exact_post_borel,-0.5995349268151031,-0.0785848625095184,75.42110600267212,1.9164980089925072,2.7660396694595613,-0.024788904240132453
legacy_chi_condensate,theta_fixed,3.3957376442889413,2.585982152979079,35.3,-0.42133885898976736,-0.3475729935750097,-0.4232344421578201,0.1112005110041819,-0.001446899130414962,-0.03409216329095652,-0.03593749876879881,-0.06703911009272487,rohrwild_nonlocal_exact_post_borel,-0.5271412574695391,-0.14302277661591473,58.77884862526812,6.350179875954415,2.9642357850528103,-0.02759496218575796
legacy_chi_condensate,theta_fixed,5.522597379600516,2.5033967413666915,35.3,-0.31511022748657674,-0.28572105182676055,-0.37451876231430825,0.10871778220841681,-0.0010814097570681785,-0.018838661963800903,-0.056345084933921805,-0.09605440280503369,rohrwild_nonlocal_exact_post_borel,-0.4152765381474001,-0.09206721342553759,36.0722999583651,2.62879348399703,3.077623778807933,-0.03069238239782128
legacy_chi_condensate,theta_fixed,4.148177826707749,2.5897066602149637,35.3,-0.15584571824315638,-0.2389263026460343,-0.4426166259706802,0.2468530952224393,-0.0019159349637529713,-0.041246836934040465,-0.021241635666351167,-0.055886892518065064,rohrwild_nonlocal_exact_post_borel,-0.2850533733626289,0.010873836738490461,17.011357719807872,0.03668504193221432,4.10319508098992,-0.05647259642244087
legacy_chi_condensate,theta_fixed,3.222887312096033,2.5242306470434492,35.3,-0.321106894036381,-0.3450587224819954,-0.41896782106623154,0.12135249917161868,-0.0019558938030513934,-0.04548750678433104,-0.02384191156741169,-0.056057151350961135,rohrwild_nonlocal_exact_post_borel,-0.46716946116362357,-0.06267259301072428,45.78348379215502,1.2184442371390762,3.0163576137511257,-0.03402974802259412
legacy_chi_condensate,theta_fixed,3.2494957516563208,2.539866249654572,35.3,-0.35210633433987054,-0.3388274107724084,-0.4606650158856827,0.1715809539224661,-0.0020264136824117438,-0.04771693512678005,-0.028673203116821616,-0.05403214953044161,rohrwild_nonlocal_exact_post_borel,-0.47999711637291576,-0.09157321249514308,48.640112467948775,2.6008087096379717,2.9618378579616937,-0.032951182635341816
legacy_chi_condensate,theta_fixed,4.686901731446155,2.5646505857384727,35.3,-0.1806392988138791,-0.3212798653617513,-0.44738857756834627,0.17100295834800014,-0.0021368814971850325,-0.04275736464422006,-0.021600565427788848,-0.08437849941913346,rohrwild_nonlocal_exact_post_borel,-0.3665923711405084,0.038227497752464784,28.138131257487874,0.45336620612090583,3.6664722008698027,-0.05952506739900929
legacy_chi_condensate,theta_fixed,4.7265084602744665,2.588306835416614,35.3,-0.39583778294869715,-0.3240182058859287,-0.4483860474317795,0.15340791318932936,-0.0013669708253900316,-0.02767310081808857,-0.052250245491975156,-0.08847578680964109,rohrwild_nonlocal_exact_post_borel,-0.49318131858980685,-0.13582170352817496,51.074399313547936,5.721409365308127,3.4456342698392564,-0.03699439057321646
legacy_chi_condensate,theta_fixed,4.031160203506258,2.5430123286562334,35.3,-0.19526731335500688,-0.278871778622729,-0.4518926561340886,0.22483334744616357,-0.0023093526136168992,-0.04950311732118706,-0.022398529650771618,-0.06127278474944835,rohrwild_nonlocal_exact_post_borel,-0.34043444716159577,0.0017831889595501527,24.341414353409995,0.0009860394638964137,3.346374187365452,-0.051743188347168234
legacy_chi_condensate,theta_fixed,4.919873425986521,2.5163750058427063,35.3,-0.30166077266859886,-0.3288053366135269,-0.4093016570478598,0.10838345638435047,-0.0014051971050760802,-0.02648193884494159,-0.04684533680970341,-0.09362714976343518,rohrwild_nonlocal_exact_post_borel,-0.4426673724932289,-0.0561940253273579,41.18648450585523,0.9796824819604636,2.9294544797393947,-0.03312909638709041
legacy_chi_condensate,theta_fixed,3.16952393420363,2.510266977329936,35.3,-0.27984683835386087,-0.2456065292296384,-0.38146490633110214,0.18021512709127302,-0.001808209711652539,-0.0425485402781568,-0.02137327222463775,-0.0456567266832998,rohrwild_nonlocal_exact_post_borel,-0.3621603500758264,-0.08646791873195539,27.72891208893973,2.321325495808016,3.385051753766552,-0.039055794630319045
legacy_chi_condensate,theta_fixed,5.613847231906117,2.5447826243048524,35.3,-0.32959815500317663,-0.3018061502880355,-0.3998583486599198,0.12040628947977479,-0.001208036906201172,-0.02114605420168932,-0.05394259210926553,-0.0968423269850502,rohrwild_nonlocal_exact_post_borel,-0.43677615101877,-0.09459645888938434,39.7382797021662,2.7755726775360574,3.0301242634330725,-0.032531451143904246
legacy_chi_condensate,theta_fixed,5.757999780954428,2.56629673618706,35.3,-0.4455709821622678,-0.3962155716384731,-0.4146204425899228,0.035668290298585904,-0.0009236954318336828,-0.01633972391530241,-0.07332270315518823,-0.1334622697952689,rohrwild_nonlocal_exact_post_borel,-0.5808430110357699,-0.1346910386208027,70.54147715849292,5.629606568572319,2.9973118658299676,-0.025318807162800494
legacy_chi_condensate,theta_fixed,3.0589138183803213,2.520842613111401,35.3,-0.26074808539919686,-0.34487803892162694,-0.4149049179614165,0.11738402917861203,-0.0018961873370066387,-0.04546096280181592,-0.019112858944239756,-0.056488519611129995,rohrwild_nonlocal_exact_post_borel,-0.43214320074839563,-0.013515909762422923,39.35397317189569,0.05668729403923567,3.6860453543474825,-0.04008597320557738
legacy_chi_condensate,theta_fixed,3.490059105159961,2.5204380915889764,35.3,-0.23215568818754304,-0.2568209544158264,-0.39502362152565834,0.18903292546209785,-0.0021611802161554247,-0.04866907813611051,-0.02151857375904953,-0.05114281150464013,rohrwild_nonlocal_exact_post_borel,-0.3437541692821907,-0.04106503727014854,24.805492373519893,0.5229899632841062,2.8914906174624115,-0.041264889174960774
legacy_chi_condensate,theta_fixed,4.861085020085078,2.544754567691237,35.3,-0.35814032777778565,-0.30537617369778847,-0.3800188159921683,0.101511872472436,-0.0013287317231547833,-0.02554049845490139,-0.048712210650430986,-0.0931292994235654,rohrwild_nonlocal_exact_post_borel,-0.45618309347521463,-0.11582783374675193,43.91979772854684,4.162867315812944,2.805872070905568,-0.03277416892733399
legacy_chi_condensate,theta_fixed,3.7787454582176325,2.5966971401829597,35.3,-0.3277063028356173,-0.3179597448859292,-0.461731753606056,0.18666134296399392,-0.0018190475732049397,-0.04107028667066222,-0.03468746627101766,-0.06478185831401434,rohrwild_nonlocal_exact_post_borel,-0.4488664855857962,-0.08371796942097146,42.15932459195009,2.1763722442726916,3.115122048106877,-0.0366630599287654
legacy_chi_condensate,theta_fixed,5.33165735507889,2.532842743680522,35.3,-0.3399404497072808,-0.3137871840881075,-0.3833714983378777,0.09119384691508584,-0.001132038625518786,-0.020477494039796953,-0.052060345798305395,-0.1025901856215714,rohrwild_nonlocal_exact_post_borel,-0.4525306969194174,-0.09611386263572264,43.17745309147138,2.8687385726748795,3.25499694111946,-0.03345535863227459
legacy_chi_condensate,theta_fixed,3.557571722966909,2.5280796089032886,35.3,-0.36608770891679593,-0.35216759705632983,-0.42322875250660263,0.11295514261481636,-0.0017909421776002652,-0.04010304498694322,-0.03317431938839862,-0.0663688705691898,rohrwild_nonlocal_exact_post_borel,-0.4989637877565339,-0.09527520949350274,52.14149340665765,2.815883184290042,2.7479997628450406,-0.0308766268671779
legacy_chi_condensate,theta_fixed,4.3173247199586955,2.5453050098066026,35.3,-0.3262559766211135,-0.28703290141715027,-0.3970959337993859,0.14533615217092763,-0.0016412015173433033,-0.033631918271348676,-0.040348041622630365,-0.0742072505463392,rohrwild_nonlocal_exact_post_borel,-0.42278784402750635,-0.10040561597598535,37.58538169716039,3.131643399697884,2.5572993838868263,-0.03268181806375153
legacy_chi_condensate,theta_fixed,5.123212870028484,2.5570149882019697,35.3,-0.3842991669337552,-0.35116914667221255,-0.41221452767896843,0.08178394685840955,-0.001043895555898659,-0.01969467029575497,-0.0566070909695765,-0.10777110478036991,rohrwild_nonlocal_exact_post_borel,-0.5086725447324658,-0.11071522711834073,54.2962225413038,3.804253726325191,3.328710166108298,-0.029647597113554674
legacy_chi_condensate,theta_fixed,5.040041857277689,2.531849374510374,35.3,-0.39991923247837247,-0.3675224188148005,-0.43185098279247447,0.08855017491205694,-0.0012236769635440797,-0.022997933970838907,-0.058472076387281455,-0.10266884362989606,rohrwild_nonlocal_exact_post_borel,-0.5310452388171697,-0.11401348677760598,59.36300813721359,4.032621589582329,2.926704862844576,-0.02830172165130501
legacy_chi_condensate,theta_fixed,5.942244068511394,2.561894847111239,35.3,-0.3463047629114428,-0.2981497407447583,-0.37324735363506373,0.09482158483121698,-0.0010760665975234486,-0.018647905343388154,-0.06555660356324929,-0.11368155913309576,rohrwild_nonlocal_exact_post_borel,-0.443446058503151,-0.11034423373850219,41.176482250996635,3.779009577484048,3.054912797083386,-0.033903220317599604
legacy_chi_condensate,theta_fixed,5.266159128815348,2.521670648338773,35.3,-0.3028473185756712,-0.32690594271377543,-0.4202894887701175,0.11587043067751306,-0.001171544310505666,-0.021315340310665405,-0.05570205415495485,-0.09730438197468462,rohrwild_nonlocal_exact_post_borel,-0.4418028603323556,-0.058259989291154335,41.157560730380986,1.0525737286618702,3.17218503159215,-0.03056057372148993
legacy_chi_condensate,theta_fixed,4.11353845589214,2.5964233769636604,35.3,-0.3611653005115743,-0.34509970351585206,-0.44548023003657056,0.13467909019976101,-0.0015269418487793885,-0.0327716218302631,-0.04172867995884282,-0.07682311448658968,rohrwild_nonlocal_exact_post_borel,-0.4903509629281784,-0.09534208313097087,50.487184233700674,2.820620414378838,2.8615054320066737,-0.0303943808397131
legacy_chi_condensate,theta_fixed,4.852976064182219,2.5910131043386864,35.3,-0.3382181712944975,-0.3553899175330336,-0.42330891378748065,0.0937810682806986,-0.0012547062041550455,-0.024607365822096557,-0.05140149114369159,-0.09833374373308106,rohrwild_nonlocal_exact_post_borel,-0.48548901982176873,-0.07066778976612134,49.609910619438004,1.5486844721802577,3.118502228094106,-0.03177313059320245
legacy_chi_condensate,theta_fixed,4.267086951649563,2.534161854316315,35.3,-0.2757808646261458,-0.28081437783039104,-0.4046730597005874,0.15600450198242583,-0.0014935291105081824,-0.03065229100172122,-0.03912392924998427,-0.0687848523210205,rohrwild_nonlocal_exact_post_borel,-0.3885452448656486,-0.06280440098040371,31.40520920124264,1.2225051692707471,3.214135266795598,-0.036061782858296365
legacy_chi_condensate,theta_fixed,4.402834941497253,2.5798205920859827,35.3,-0.44421013051289304,-0.3352442818195826,-0.4303986921318208,0.12517772420457215,-0.0013723748968103328,-0.028650938995523564,-0.054739592265991566,-0.08720665401809977,rohrwild_nonlocal_exact_post_borel,-0.5302956709976554,-0.16881312112556762,58.916270790482756,8.837763370847096,2.7225723812075087,-0.028814129276985404
legacy_chi_condensate,theta_fixed,3.5700468616189096,2.550271176818501,35.3,-0.37505652647488424,-0.4020335983375488,-0.4415308179248888,0.06981257933677854,-0.0012689093005713997,-0.02904645044886718,-0.044380619143891326,-0.0812053045251706,rohrwild_nonlocal_exact_post_borel,-0.544844005476768,-0.07377954960335956,62.21521836806351,1.6887473634400219,2.9309564988344237,-0.023722940997797252
legacy_chi_condensate,theta_fixed,5.300682673431917,2.543781346084007,35.3,-0.4124627923591475,-0.3601539649228723,-0.4158543690448386,0.0757247231079061,-0.0010440031238945623,-0.018980315862045308,-0.06303884967162038,-0.10661607867128722,rohrwild_nonlocal_exact_post_borel,-0.5322799583292116,-0.1285086747710969,59.801590811222866,5.126517620040969,2.7650171601747457,-0.024090141351894617
legacy_chi_condensate,theta_fixed,4.7566994410425165,2.5460247316698443,35.3,-0.3141290720205895,-0.3123915898808704,-0.43484042816434204,0.15871820642956858,-0.0017683906969473934,-0.03450097744914954,-0.04508450802208443,-0.08169585299706622,rohrwild_nonlocal_exact_post_borel,-0.4364763986342962,-0.07585468180705496,39.93767130461391,1.7851615454563492,2.689870609261784,-0.036262208552687664
legacy_chi_condensate,theta_fixed,5.634181872140695,2.527665186923002,35.3,-0.3058097139250622,-0.33682172181195497,-0.3835329292280764,0.07585654941704681,-0.0015872513765526476,-0.027558090624372658,-0.04932645981741045,-0.11144890224888566,rohrwild_nonlocal_exact_post_borel,-0.4516073431283949,-0.05494780293888529,42.65445990864066,0.9357295384777993,2.5937407331426545,-0.037900879963960715
legacy_chi_condensate,theta_fixed,3.147658615348786,2.520203804292436,35.3,-0.16875740372891945,-0.23098744989816974,-0.42516104128491167,0.2538440594902369,-0.002406227918547101,-0.05726424018494782,-0.011926898531448505,-0.039482696215537946,rohrwild_nonlocal_exact_post_borel,-0.28603529311457554,-0.004251401726944659,17.177437103328725,0.005609472694102571,3.7593374695686927,-0.05251740321865954
legacy_chi_condensate,theta_fixed,3.8941483664786003,2.5199317112255333,35.3,-0.3032642396379362,-0.28993267958796604,-0.409398579997411,0.15408901339651282,-0.0015343889796636,-0.03308872400740426,-0.03484017451235386,-0.0671032716711093,rohrwild_nonlocal_exact_post_borel,-0.4118685114820538,-0.07996553623775138,35.54307749150852,1.985398666385812,3.2506677678405858,-0.035258424062160315
legacy_chi_condensate,theta_fixed,4.910202569660113,2.5670097324088297,35.3,-0.45907879718578704,-0.34787089035603064,-0.40226582697209345,0.07903311067816715,-0.0012060312459703868,-0.02343214281613401,-0.05908179370357951,-0.10351818869081293,rohrwild_nonlocal_exact_post_borel,-0.5491926932608264,-0.1736516168987962,63.349564552092055,9.36049391785714,2.815198837733711,-0.029224707996155917
legacy_chi_condensate,theta_fixed,4.1069211997606665,2.597190917153647,35.3,-0.3885101320896635,-0.27581119155354156,-0.4178752735307993,0.17041967981162656,-0.0012463823594216646,-0.027109215474947185,-0.0478015083626347,-0.06903152477553695,rohrwild_nonlocal_exact_post_borel,-0.44960342316989965,-0.15769812299586927,42.413973227098715,7.714474211158707,3.176844127660375,-0.030256537983443965
legacy_chi_condensate,theta_fixed,5.905508298934338,2.5740778893856735,35.3,-0.38107164722218867,-0.40693610250149015,-0.4442192405384947,0.056599333808807564,-0.001058064676574973,-0.018258131095228024,-0.06433128378945148,-0.125141339899011,rohrwild_nonlocal_exact_post_borel,-0.5523210067959023,-0.07585576634440039,64.45578577184006,1.785381268152241,3.335420538437331,-0.029844810797085557
legacy_chi_condensate,theta_fixed,3.2288302539977147,2.5106039837902725,35.3,-0.36121799763476886,-0.30935195337805244,-0.4344384301043423,0.17369735674770462,-0.002013867073166047,-0.04659701294824868,-0.025899897245935256,-0.04782063025717725,rohrwild_nonlocal_exact_post_borel,-0.461206331714348,-0.11604220120578307,44.74812900497549,4.178380797925543,2.9588972074625945,-0.03281031331574361
legacy_chi_condensate,theta_fixed,4.464586068945175,2.5498818318407284,35.3,-0.31872728331135036,-0.3555045179918839,-0.44084189408996,0.11191622158997479,-0.0012587924148678414,-0.02532005307703087,-0.04040192391644065,-0.08527141036746062,rohrwild_nonlocal_exact_post_borel,-0.47431959133701046,-0.05469432067012883,47.45544436446245,0.9285901050996471,3.778151322311758,-0.03396381847567756
legacy_chi_condensate,theta_fixed,3.4384680703855843,2.5977137381170428,35.3,-0.2066563574630585,-0.3700624526026677,-0.4648982745907488,0.16061068878153992,-0.0026718153848140245,-0.0631030514086448,-0.024805475600576558,-0.06672739738366136,rohrwild_nonlocal_exact_post_borel,-0.42143983003364616,0.04518338817986636,37.55786522708512,0.6336102341396624,2.7358208392699987,-0.043914600963432616
legacy_chi_condensate,theta_fixed,4.001373929947482,2.5235017882605155,35.3,-0.48082939226156146,-0.3035291058702641,-0.3732428644110489,0.09204287549268925,-0.0010044787489212712,-0.02132463820298319,-0.05030314459494538,-0.0780503399226014,rohrwild_nonlocal_exact_post_borel,-0.5255724433301737,-0.21702633339061855,58.19004345292897,14.615742251674487,2.5721312221450843,-0.020292650654299877
legacy_chi_condensate,theta_fixed,4.861832911946229,2.536957524792698,35.3,-0.3298067832013711,-0.2718967382712399,-0.42051571675864463,0.17940775959476465,-0.0015239482060333748,-0.029264832901326525,-0.04672639405162867,-0.07587013005374942,rohrwild_nonlocal_exact_post_borel,-0.4124865129696559,-0.11205010997901446,35.77703458651244,3.897156184336531,2.8239653428484663,-0.03419500065681929
legacy_chi_condensate,theta_fixed,3.1903936996635163,2.566634971864938,35.3,-0.3253488627541739,-0.30734736582942446,-0.43046194314985065,0.16581216580572114,-0.0017075493317405264,-0.040990039153554446,-0.02754767637897716,-0.05251962556018734,rohrwild_nonlocal_exact_post_borel,-0.4388430593925139,-0.08792641810479296,40.48565651914274,2.399127381611123,3.3989597873291855,-0.03437487199874892
legacy_chi_condensate,theta_fixed,5.777423633850967,2.5551734855340675,35.3,-0.4059383753251353,-0.37767278161736967,-0.40866318316011235,0.049611392119648684,-0.0010073039521470613,-0.01761368662475899,-0.07203615428052282,-0.12704210159458418,rohrwild_nonlocal_exact_post_borel,-0.5428075390395533,-0.1130604709791879,62.089310187969744,3.9638847713153877,2.6232014269925505,-0.024130752615949897
legacy_chi_condensate,theta_fixed,5.319035308875006,2.581045633975985,35.3,-0.39285844917262785,-0.2997988500059186,-0.4199277240513036,0.14593157536831156,-0.001308964666500058,-0.024493736656426474,-0.05435575216531991,-0.09361441552773726,rohrwild_nonlocal_exact_post_borel,-0.47169336111051663,-0.1473854966930507,46.75466865144662,6.740811850590701,3.3314648141287635,-0.03825706112122443
legacy_chi_condensate,theta_fixed,5.195428930177807,2.5175003686437596,35.3,-0.2874582850203082,-0.32763180845766926,-0.39129354707673547,0.08547303214720992,-0.0011323678952911284,-0.02067892563285261,-0.05144544199548714,-0.10281109714045178,rohrwild_nonlocal_exact_post_borel,-0.4335025962794387,-0.045280973477229786,39.51430864588678,0.6359312627407439,3.2171557810883744,-0.03163602622279271
legacy_chi_condensate,theta_fixed,5.790603165203013,2.552473553426266,35.3,-0.2524018121696628,-0.29995995735876185,-0.4146970055771174,0.14121407667904975,-0.0014360470296901169,-0.025040981431003945,-0.046715100303916506,-0.09987207532291567,rohrwild_nonlocal_exact_post_borel,-0.3906609082897806,-0.03266045834650219,32.1054845700605,0.33080736153082296,3.2949380494033713,-0.04251143601693106
legacy_chi_condensate,theta_fixed,5.5148849661415635,2.508732913918759,35.3,-0.4545695693929804,-0.30671983955303017,-0.4078758618280322,0.11946679286386001,-0.000993627674492038,-0.017317142914365924,-0.06580045477393603,-0.09236165499564143,rohrwild_nonlocal_exact_post_borel,-0.5130020821690441,-0.19375091505275926,55.36070533367535,11.652325718692175,2.913975027169292,-0.024397724346012145
legacy_chi_condensate,theta_fixed,3.137353671799692,2.5994071412109836,35.3,-0.5313229245880159,-0.459953191540503,-0.4574150341828659,0.03753362337049556,-0.001561906862352297,-0.0385098738657805,-0.04034919317194319,-0.07804038952492796,rohrwild_nonlocal_exact_post_borel,-0.6824140922764717,-0.1678451526363996,97.8522943864277,8.738866026751998,2.350437522106268,-0.021109199497660415
legacy_chi_condensate,theta_fixed,5.459242985332001,2.575176494490624,35.3,-0.33368352888003633,-0.2626428537758087,-0.39774957454137166,0.15830722891211005,-0.0011931899568920345,-0.02200731818965501,-0.051720104943292836,-0.0908498541780906,rohrwild_nonlocal_exact_post_borel,-0.407174277026887,-0.12056149556540327,34.896960222459576,4.510564350209531,3.5700113491550467,-0.04016117402547357
legacy_chi_condensate,theta_fixed,5.441946481072809,2.5181482820976493,35.3,-0.21709654335609865,-0.2626604931220686,-0.4276083064880856,0.1989457465335382,-0.001811397607559014,-0.03218653555996216,-0.03965578337596466,-0.07734903962682747,rohrwild_nonlocal_exact_post_borel,-0.3398179946715374,-0.0254002811344608,24.21464852342077,0.20015079765938285,3.0883633612119255,-0.04569952957224929
legacy_chi_condensate,theta_fixed,4.8958815779852545,2.560000914339943,35.3,-0.2592669516887056,-0.31375729729564145,-0.4409056296753634,0.16134745176739534,-0.0016690156805302177,-0.032530103707143224,-0.03718786249646661,-0.08889467820601273,rohrwild_nonlocal_exact_post_borel,-0.4058885092689176,-0.03029045869040098,34.69572896584264,0.28484330000068675,3.22688679720325,-0.04214590857383791
legacy_chi_condensate,theta_fixed,5.199451248967054,2.5687737916582867,35.3,-0.41373409404320516,-0.2918366345794063,-0.3995599758288486,0.13084169391814282,-0.0011568691034588463,-0.021961483565241677,-0.05621811269495524,-0.09682816696307175,rohrwild_nonlocal_exact_post_borel,-0.47725824835300934,-0.169023922080287,47.640909802527915,8.863586969412058,3.3832406221066265,-0.03583979846608446
legacy_chi_condensate,theta_fixed,5.983474691282139,2.570637492097154,35.3,-0.3399069546383368,-0.2766717170726453,-0.37459179211667293,0.11910950011661608,-0.0011504670454666863,-0.02003895802712174,-0.05942227394012472,-0.1080242771286129,rohrwild_nonlocal_exact_post_borel,-0.4222200137337499,-0.11753398164831441,37.64464027954691,4.287757878845838,3.380379924003966,-0.040822170152045964
legacy_chi_condensate,theta_fixed,5.281743504203248,2.5216436828815736,35.3,-0.4330943661545241,-0.43238667186053903,-0.43635793858768107,0.024242614381261636,-0.0010648319119898443,-0.019206515742129827,-0.06173498628973765,-0.12060879689662636,rohrwild_nonlocal_exact_post_borel,-0.6031538979149746,-0.10360665725422655,76.22048954586796,3.3286710969360667,2.9330241984653442,-0.024406346507830405
legacy_chi_condensate,theta_fixed,3.530361791608053,2.598034503009533,35.3,-0.3315314130114085,-0.363093827378698,-0.4814136179292844,0.1615499108058665,-0.00178697083708807,-0.04144314941819211,-0.03626673419006612,-0.06301423482136292,rohrwild_nonlocal_exact_post_borel,-0.48791247598111154,-0.06075871193363225,49.84046466302031,1.1460482426765854,2.886660026592715,-0.030016523124311106
legacy_chi_condensate,theta_fixed,3.0251540362412452,2.5781777109839967,35.3,-0.26672354829888995,-0.2846498062869203,-0.42620530909803916,0.19598366866192993,-0.0021208984798964862,-0.05230726737091464,-0.020239639962895843,-0.046297618380661584,rohrwild_nonlocal_exact_post_borel,-0.3864416429069273,-0.053196053084100525,31.338779441753225,0.8782294899679144,3.374450002776817,-0.04140517776887866
legacy_chi_condensate,theta_fixed,5.739347872494081,2.579294672064681,35.3,-0.3488865009878374,-0.3572032528355583,-0.44376130618929593,0.11116786633584805,-0.0013005729023542537,-0.023309240079756113,-0.06434086168157575,-0.11461756667507568,rohrwild_nonlocal_exact_post_borel,-0.49313372657831195,-0.07832676502209676,50.86611284836399,1.9043660212823474,3.0104634540144226,-0.03408796277164985
legacy_chi_condensate,theta_fixed,3.1123425245520164,2.5497837415442532,35.3,-0.35606085186659847,-0.3326420815333065,-0.4411456194699781,0.15476499931608642,-0.0018383184241763933,-0.04442314295523845,-0.026965458218591743,-0.05456483918722546,rohrwild_nonlocal_exact_post_borel,-0.47723418477744073,-0.09837488255947383,47.73065791021764,3.0027630799030005,3.2047315779237917,-0.033265815535615924
legacy_chi_condensate,theta_fixed,4.1593450624509325,2.5273390727312406,35.3,-0.2528753256216436,-0.27877826011914714,-0.39367156241828444,0.1483488306379413,-0.001539803889468149,-0.03191572444933594,-0.032957019693480374,-0.06816362744209625,rohrwild_nonlocal_exact_post_borel,-0.3736473523093091,-0.045286915721366755,29.446692244894546,0.6362271909459365,3.4510234628315293,-0.04011911454108179
legacy_chi_condensate,theta_fixed,5.633286102238822,2.5508517757972697,35.3,-0.4419492042660603,-0.2852314087139464,-0.37287438074453866,0.10535885573787408,-0.0009622039651247737,-0.016753679742157107,-0.05937637773798457,-0.09528994263349781,rohrwild_nonlocal_exact_post_borel,-0.4881717917983356,-0.19586821426854523,49.875400136712756,11.905555856461378,3.174224895286713,-0.028864134846346038
legacy_chi_condensate,theta_fixed,4.618965072406515,2.5733443714123743,35.3,-0.31019085066442226,-0.3107325347124859,-0.44936220416525385,0.16932780837882103,-0.0014568201300064255,-0.02924131879604664,-0.03968452367595074,-0.07783659393292035,rohrwild_nonlocal_exact_post_borel,-0.4328466501101897,-0.07359924899855425,39.45241250340297,1.679595105233335,3.743457674987212,-0.040307316108552385
legacy_chi_condensate,theta_fixed,4.973463941154917,2.573963645123737,35.3,-0.2608226774455522,-0.289922946455419,-0.38413668489606057,0.11641986241976907,-0.0011034718018068494,-0.021102652177320578,-0.0437544070387941,-0.08925615572384864,rohrwild_nonlocal_exact_post_borel,-0.38733538760309705,-0.0453330063156733,31.592324746376917,0.6382365660765607,3.752926154096753,-0.036810799037510986
legacy_chi_condensate,theta_fixed,3.808049597713584,2.59368004228342,35.3,-0.37600699029295087,-0.2752382638680574,-0.3845795015257183,0.1384393937851597,-0.001231737546409798,-0.027866418581089014,-0.041579312652502996,-0.07026629320135495,rohrwild_nonlocal_exact_post_borel,-0.44191079953339996,-0.1478249096127471,41.043604743254875,6.779033213069646,3.414627420867426,-0.033365659651792876
legacy_chi_condensate,theta_fixed,3.161032223649353,2.5633766239607954,35.3,-0.5129995964390268,-0.4047744737885605,-0.47559079657759395,0.12346599455503897,-0.0020928067950502834,-0.0505568649709552,-0.0329376330076747,-0.062149229291346794,rohrwild_nonlocal_exact_post_borel,-0.6267923916717137,-0.18477623851530112,83.03644681139713,10.597453047271136,2.653553439377369,-0.029665924541815467
legacy_chi_condensate,theta_fixed,4.746904945708582,2.502848169118678,35.3,-0.3452820050969603,-0.2836550584331492,-0.3976187076705476,0.14293369348891535,-0.0014395691637354782,-0.027530475087781538,-0.04035056848960939,-0.07899675729107239,rohrwild_nonlocal_exact_post_borel,-0.43102539501138026,-0.11788538532733481,38.857406710648775,4.314775166621795,3.3873870120801928,-0.039213987918959685
legacy_chi_condensate,theta_fixed,3.5015706021735906,2.583583029819879,35.3,-0.28264516638879206,-0.3824695237043726,-0.4139141411819843,0.07024276668440277,-0.0016074247684395363,-0.03719072443835166,-0.030349171639719584,-0.07735915084433435,rohrwild_nonlocal_exact_post_borel,-0.4754764197481014,-0.009664414577455177,47.52244513285323,0.028982364476481667,3.0180982511131536,-0.032248543711148596
legacy_chi_condensate,theta_fixed,5.063139378901816,2.5883634173171517,35.3,-0.2845716187506773,-0.2748578449804892,-0.4016272467107705,0.15559406500315878,-0.0014106397725976425,-0.027414023500279897,-0.045291613861643314,-0.08955218915536768,rohrwild_nonlocal_exact_post_borel,-0.38876369879523776,-0.07342089378879268,31.846546872026085,1.6721996051639896,3.3385132368609303,-0.04277109633407869
legacy_chi_condensate,theta_fixed,5.302569019560087,2.5282078044460783,35.3,-0.3003766562099004,-0.2656982712236422,-0.3650828006539365,0.12522670545901693,-0.0013602645324554258,-0.02448191149626716,-0.04779414969085952,-0.08677401380621891,rohrwild_nonlocal_exact_post_borel,-0.39042128774264206,-0.09161290850338677,31.972161092709523,2.603861199050877,2.9224829962684025,-0.037071982937606926
legacy_chi_condensate,theta_fixed,3.9410971906982275,2.5265911887113686,35.3,-0.26990325097202744,-0.30667767374838495,-0.436657695517514,0.1686380143510937,-0.001719135488391759,-0.03693885709357298,-0.032274223058319854,-0.06736137272988522,rohrwild_nonlocal_exact_post_borel,-0.4062568290044773,-0.04306215679940972,34.74160615797849,0.575512211720733,3.372938634622006,-0.03890189870536252
legacy_chi_condensate,theta_fixed,4.025706654144885,2.518203111082411,35.3,-0.4554970476181085,-0.41514814649453563,-0.44038940640751123,0.04936104077680723,-0.0010946052084120095,-0.023025175655419606,-0.05147437904401562,-0.08845812283645757,rohrwild_nonlocal_exact_post_borel,-0.6020304496565962,-0.13185174103112332,76.15280449447931,5.395162620223628,2.6783563557639187,-0.019333855319653984
legacy_chi_condensate,theta_fixed,5.694187942506068,2.5788163909969395,35.3,-0.4496770768183269,-0.34720393911388864,-0.4221609336955196,0.09392144806611515,-0.0010060657709585691,-0.017958387713525613,-0.07089741738746463,-0.11251368688308012,rohrwild_nonlocal_exact_post_borel,-0.5432155134847052,-0.16636392235585357,61.81540457332156,8.586620859981029,2.9356817572717304,-0.026404583504907556
legacy_chi_condensate,theta_fixed,3.1025277169801546,2.5059542268432202,35.3,-0.43535685219707115,-0.3381528502346847,-0.4240698389126538,0.11876526415909734,-0.0013312714606882015,-0.03151700402044002,-0.03239055656342684,-0.05403509035907102,rohrwild_nonlocal_exact_post_borel,-0.5275535286389533,-0.15990688946187603,58.899611473554145,7.935175096299084,3.1977270248438594,-0.02382304538816367
legacy_chi_condensate,theta_fixed,5.765853532713281,2.5002292971621243,35.3,-0.3361262026264071,-0.2877847165542726,-0.3620403696508871,0.0928766613115207,-0.0010560473373498085,-0.017564960877556456,-0.05043044730919028,-0.09882027316373916,rohrwild_nonlocal_exact_post_borel,-0.4291050139732504,-0.10802663633237908,38.61480778430455,3.620684774994215,2.907510047294183,-0.028574285532611175
legacy_chi_condensate,theta_fixed,3.468489081457976,2.5787089025295247,35.3,-0.2938274130155141,-0.2859897154643845,-0.43144551519351787,0.19570121997058149,-0.0020483018411117087,-0.048197118400336365,-0.025455759630836954,-0.058769340447260045,rohrwild_nonlocal_exact_post_borel,-0.4031973680307096,-0.07454225918160576,34.154870758487895,1.7256814861967678,3.387352983307638,-0.04558578880658163
legacy_chi_condensate,theta_fixed,4.7357966125637665,2.5934331654102323,35.3,-0.24258675671025495,-0.28832348387892376,-0.43458342235898023,0.1793738324689285,-0.0015750297950451874,-0.031538864193826864,-0.03646080964109211,-0.07812754762136498,rohrwild_nonlocal_exact_post_borel,-0.37549224023594807,-0.03137424755861887,29.56858113701501,0.30565969005219606,3.6383449457663866,-0.045390697397765994
legacy_chi_condensate,theta_fixed,5.281918540843544,2.503224524471158,35.3,-0.21591246810849712,-0.29955616229838994,-0.3878573219635424,0.11446039809667662,-0.0013829057788490528,-0.02477633265267516,-0.041001155709869,-0.09430410980534677,rohrwild_nonlocal_exact_post_borel,-0.3692457102878248,-0.003113469075140929,28.716612120272217,0.0030072568919533222,3.3839396010352485,-0.04075225618279051
legacy_chi_condensate,theta_fixed,4.9147377342253415,2.5896506617540234,35.3,-0.2740985534093874,-0.28819876940473776,-0.4249771155816372,0.1702366705115697,-0.001616429072064294,-0.03184189526260601,-0.04620139561782267,-0.08378751583811526,rohrwild_nonlocal_exact_post_borel,-0.3935997880461545,-0.05716427658552409,32.58752317183633,1.0143952227141078,3.083621087178509,-0.041725782203025454
legacy_chi_condensate,theta_fixed,4.600213415405339,2.594186006845101,35.3,-0.3392122302942618,-0.30745728569329217,-0.4313001996097382,0.1626637488847473,-0.001807825388185247,-0.03701300958011612,-0.04353410192705162,-0.0834716424733984,rohrwild_nonlocal_exact_post_borel,-0.4469438217579834,-0.09917731544794867,41.79178129546935,3.0513236342486354,2.7626757874800956,-0.039726883853031275
legacy_chi_condensate,theta_fixed,5.0507490807137385,2.5607686067184536,35.3,-0.3460440370071936,-0.2699151517026073,-0.3941012465696025,0.1465286339327652,-0.0011036279387512424,-0.021238911127018794,-0.0540742234792174,-0.08855841755918951,rohrwild_nonlocal_exact_post_borel,-0.42025208659374147,-0.12644701807667866,37.07462269222472,4.960867012838871,3.55833103096289,-0.03567618263442491
legacy_chi_condensate,theta_fixed,4.433860173055531,2.5526267473159283,35.3,-0.27320998151478076,-0.28195161781298933,-0.4028870379460025,0.15840859297109697,-0.0017501165909805834,-0.03572305624710314,-0.03378234841380711,-0.07663750887171925,rohrwild_nonlocal_exact_post_borel,-0.3879877847570881,-0.06004904383881826,31.716564462109364,1.1186982466438025,3.0377967642609773,-0.042429586205268294
legacy_chi_condensate,theta_fixed,5.357756177013378,2.529071432936135,35.3,-0.31297002682419833,-0.2757038393078043,-0.3813724592994014,0.12760105637899663,-0.0011638362682725681,-0.020768600119126946,-0.04317520127100993,-0.08836183872443934,rohrwild_nonlocal_exact_post_borel,-0.4058643831923924,-0.0961090378438049,34.7927502430415,2.867922987335659,3.596202359270164,-0.03739961688002842
legacy_chi_condensate,theta_fixed,4.731636971049799,2.541519712016678,35.3,-0.2853223281284441,-0.33861330966610753,-0.4018062702302621,0.08797454903115166,-0.0012027141247632751,-0.02357887434223384,-0.0446764045362157,-0.09783509563370943,rohrwild_nonlocal_exact_post_borel,-0.4412307332358377,-0.03719199456651598,41.185026473857064,0.428892456194145,3.6729761708589335,-0.036540180604466434
legacy_chi_condensate,theta_fixed,5.441627431300553,2.594046456108645,35.3,-0.4078693921904833,-0.34664450417376713,-0.44096047028773533,0.11960147408134246,-0.0012892905090343347,-0.02399621745833991,-0.06268987648504616,-0.10855862126030925,rohrwild_nonlocal_exact_post_borel,-0.5186000482808473,-0.13256637312234965,56.17330011873018,5.454889945355596,2.770005770563289,-0.03061841646354242
legacy_chi_condensate,theta_fixed,5.865346205704332,2.5813037955455855,35.3,-0.31453469730048794,-0.3012336104999214,-0.39985037859879935,0.12502176760986863,-0.0014134098267144263,-0.024991589684276318,-0.05131938261008761,-0.11020390144378242,rohrwild_nonlocal_exact_post_borel,-0.42760434589279644,-0.08263345130346222,38.254474431247516,2.1185589297083163,3.0141697423593063,-0.04149097821962078
legacy_chi_condensate,theta_fixed,3.164818420104714,2.5675091654872104,35.3,-0.387542871174867,-0.3810243142442207,-0.4450955339989822,0.11000300177497678,-0.0018209560512582991,-0.044110825968956845,-0.029858436733266394,-0.06433411457673659,rohrwild_nonlocal_exact_post_borel,-0.5349128684730955,-0.09611049987188244,59.964727378258615,2.865584618992511,3.2078365170646523,-0.03375450535877787
legacy_chi_condensate,theta_fixed,4.6125068832343565,2.532309614478193,35.3,-0.39736836690322397,-0.31181612517797197,-0.4063835851370377,0.11695450603051408,-0.0010879782039186735,-0.021299067867529654,-0.04980798137579203,-0.08235530593703301,rohrwild_nonlocal_exact_post_borel,-0.48410720145473374,-0.14412193599867354,49.365750624302514,6.4441294918713465,3.160911148936352,-0.026778686062867443
legacy_chi_condensate,theta_fixed,3.2733635568243287,2.5616744189769323,35.3,-0.4579203089887253,-0.3667086560505411,-0.43334517992419724,0.0982941898606039,-0.0012852987546071231,-0.030372367232340634,-0.039774230308657475,-0.0611774773850027,rohrwild_nonlocal_exact_post_borel,-0.5638974607198086,-0.16182058460058701,67.13680269490138,8.126653401153707,2.884685476398613,-0.02180960772262201
legacy_chi_condensate,theta_fixed,5.771939743391582,2.5351331776627815,35.3,-0.3331025515570726,-0.3267459009222768,-0.3730461471600319,0.07024344358505635,-0.001301826003367076,-0.022641371343934118,-0.05716873275036149,-0.12098736957179329,rohrwild_nonlocal_exact_post_borel,-0.4591554612661318,-0.08304490359334651,44.29620863049005,2.14074598164079,2.698720126263034,-0.034856214252321514
legacy_chi_condensate,theta_fixed,5.83570716855363,2.5805301657855235,35.3,-0.35503483720369644,-0.39026873747011454,-0.4560577857563573,0.0881665044763906,-0.0011930196691765798,-0.021184436520971257,-0.06785775545522103,-0.12421232697237966,rohrwild_nonlocal_exact_post_borel,-0.5236725744823986,-0.06423751092429655,58.042244324556506,1.281276617340645,3.1250249141081836,-0.03190504093150533
legacy_chi_condensate,theta_fixed,3.94450407751358,2.520374980936876,35.3,-0.3024023242705119,-0.3020638220702925,-0.41816996404493656,0.15152780412954664,-0.0015835928853815595,-0.033838069269521084,-0.03668031449491773,-0.06749594669729767,rohrwild_nonlocal_exact_post_borel,-0.42127112850585924,-0.07225202153103369,37.33246617579972,1.6193781174464768,3.2022629676832,-0.03515602099543949
legacy_chi_condensate,theta_fixed,3.1137157741290866,2.501173593407587,35.3,-0.36706910046125657,-0.38639231548467023,-0.5034770786550872,0.15817689715943636,-0.0016634039541216935,-0.039428730034897684,-0.029975679140523008,-0.05350392556080204,rohrwild_nonlocal_exact_post_borel,-0.5274629715622837,-0.07629914553732872,58.354497233018456,1.8052789762944828,3.7365433469429985,-0.02965648830153604
legacy_chi_condensate,theta_fixed,5.170397437426485,2.576279194831617,35.3,-0.36323910306697477,-0.26557749231858224,-0.38058474771208733,0.13617895581451742,-0.0010644368683591383,-0.020107263552653108,-0.05479207546405591,-0.08926046061264568,rohrwild_nonlocal_exact_post_borel,-0.42664825974189724,-0.14298710739901518,38.376808297642995,6.350028172553808,3.0713675307235535,-0.030619656285182484
legacy_chi_condensate,theta_fixed,4.136005000653476,2.55330242704077,35.3,-0.41027305908870815,-0.38922364211751553,-0.4211702807633357,0.05493859917117423,-0.0010368436506790427,-0.02195511687467503,-0.052340065702527624,-0.09392935785215775,rohrwild_nonlocal_exact_post_borel,-0.5547394605535663,-0.1099234165315503,64.77873039871663,3.74736262393681,2.9053680536249185,-0.021985644833726444
legacy_chi_condensate,theta_fixed,5.956064179546297,2.541193156534072,35.3,-0.28730438320049195,-0.24952012112457775,-0.37415411627429845,0.14228035317173263,-0.0009868856886638537,-0.016659472333348024,-0.05794036022963525,-0.09072432412353432,rohrwild_nonlocal_exact_post_borel,-0.36966377868232714,-0.09029280249578342,28.954902341566076,2.531361111850198,3.336336747722285,-0.03231094119044966
legacy_chi_condensate,theta_fixed,5.525449616341582,2.517136765662581,35.3,-0.32682240153788034,-0.2576514164930692,-0.36300684329335,0.12382314971131497,-0.001013455374157337,-0.01745426753687689,-0.04828750715919308,-0.08370185862660041,rohrwild_nonlocal_exact_post_borel,-0.3991358226853848,-0.11784621172160603,33.69124200502264,4.309692645484289,3.6458791999772804,-0.03409325238259998
legacy_chi_condensate,theta_fixed,4.652135242488535,2.523160426485357,35.3,-0.33561266248205246,-0.284988086811256,-0.352045532212492,0.08647359036504575,-0.0009400005937395465,-0.018476144370070214,-0.05776900752939412,-0.09077235845223595,rohrwild_nonlocal_exact_post_borel,-0.42652582622659596,-0.10922357073613598,38.34498113063573,3.703396137984087,3.019535861649986,-0.026247103416498604
legacy_chi_condensate,theta_fixed,5.743576055528228,2.5888650332028744,35.3,-0.3244966120012977,-0.3859437659736235,-0.3915036682816259,0.025801486106300356,-0.001066808708293135,-0.019174775090004773,-0.060313355981370456,-0.14086094141352262,rohrwild_nonlocal_exact_post_borel,-0.5024960563997404,-0.04181333515677432,53.03075652611363,0.5422125501749889,3.4964736798528713,-0.03699298028031385
legacy_chi_condensate,theta_fixed,5.153901719166149,2.558799482102377,35.3,-0.42300735792523714,-0.29333821176172836,-0.4095094465769782,0.1431544688315592,-0.0013598819148454304,-0.025623352101463947,-0.05176310745721068,-0.09026368627300135,rohrwild_nonlocal_exact_post_borel,-0.48384236817306137,-0.17572448349374087,49.167752930181045,9.586906957695007,3.1377635971920586,-0.03699930299393098
legacy_chi_condensate,theta_fixed,4.233545574785291,2.5076671743441685,35.3,-0.30042493371402584,-0.3425297022727329,-0.43348626421234204,0.12565429454180843,-0.001623508602647532,-0.03307422399955165,-0.038010008127170064,-0.07649629082442479,rohrwild_nonlocal_exact_post_borel,-0.45315420424530206,-0.04725468136524616,43.052842559426495,0.693415163651731,3.2880160397014366,-0.03651308127738476
legacy_chi_condensate,theta_fixed,3.50379659086653,2.5328726453958876,35.3,-0.28251628209390234,-0.32120656621876675,-0.4781680718778317,0.20902207507220236,-0.0021911743978747706,-0.0498693950152626,-0.026072894376710717,-0.055097773863441134,rohrwild_nonlocal_exact_post_borel,-0.4254029404921504,-0.044960494334964546,38.21041638093646,0.6271241531052598,3.312773323632266,-0.04081755842193956
legacy_chi_condensate,theta_fixed,4.205331212600994,2.55152999925924,35.3,-0.22115440113218143,-0.26948989216787256,-0.4033824558835286,0.1723122072092093,-0.0017517425168613982,-0.0366679009766919,-0.03195150052279942,-0.06810515952994398,rohrwild_nonlocal_exact_post_borel,-0.3477365880050489,-0.0247656310921458,25.44610344685385,0.19025294715880786,3.1368432307120013,-0.04207281970092978
legacy_chi_condensate,theta_fixed,3.3122720182216723,2.5607201029870277,35.3,-0.41131472671499264,-0.30103884007688547,-0.46518518120664737,0.19917120734267618,-0.0014190231034940178,-0.03360584310942023,-0.04071934833051626,-0.052052596406096205,rohrwild_nonlocal_exact_post_borel,-0.48337046431435243,-0.1617318208516588,49.23049590892784,8.119667844063851,2.5338821473894315,-0.020500590134502072
legacy_chi_condensate,theta_fixed,4.374904663542913,2.557439678158949,35.3,-0.41223677455934415,-0.3869935084601659,-0.4293931913650102,0.06813381114813018,-0.0011888239951811414,-0.024545304248104707,-0.04878122435423868,-0.09839282652262162,rohrwild_nonlocal_exact_post_borel,-0.5540541126017271,-0.11281477828065203,64.59691309157724,3.9515687948835363,3.338887469066778,-0.029731486458631523
legacy_chi_condensate,theta_fixed,3.8343891215484893,2.5808108446601694,35.3,-0.3067484706265222,-0.28615609002574793,-0.4074805939340292,0.15966700836503123,-0.0016452470474456814,-0.03669725740930426,-0.03194711382897373,-0.06635164608501413,rohrwild_nonlocal_exact_post_borel,-0.4107996842198909,-0.08499147919275354,35.511635453132705,2.2417371272174376,3.479043302425143,-0.04203212461462462
legacy_chi_condensate,theta_fixed,5.351342177424658,2.5814061780665267,35.3,-0.38668088369442133,-0.3628156095554795,-0.40762703155600627,0.06339612060309797,-0.0009438404606233422,-0.017640858141947765,-0.06805010041429096,-0.1197607545623245,rohrwild_nonlocal_exact_post_borel,-0.5195539540722462,-0.10592903832144901,56.82034397563206,3.4800422515699414,3.1196674953558685,-0.026845951222085943
legacy_chi_condensate,theta_fixed,3.846280047487433,2.5468447988705667,35.3,-0.23239784360597746,-0.2695484132423304,-0.42517355650756167,0.19675419812926362,-0.001795801543105995,-0.03933325332092643,-0.025218885229403503,-0.0594962088732047,rohrwild_nonlocal_exact_post_borel,-0.35428145821152623,-0.03390801028785201,26.335803223846977,0.3567725281971042,3.615853182384907,-0.0444350323253049
legacy_chi_condensate,theta_fixed,3.0484528045617862,2.543095738264356,35.3,-0.32808014498160354,-0.35988535238781033,-0.45842950329385485,0.15389893231762478,-0.002183913036425818,-0.053170868375154424,-0.027689189904733815,-0.05489563114042856,rohrwild_nonlocal_exact_post_borel,-0.4832995773894022,-0.059796044097194745,49.1494729858928,1.1096922020997615,2.7987134301277266,-0.03256933503615675
legacy_chi_condensate,theta_fixed,4.6599973003413675,2.5674355789315007,35.3,-0.4047580247706122,-0.33591337359188045,-0.4044200698815057,0.09465413485271164,-0.0012413136355359396,-0.024906124927550417,-0.048047238654099225,-0.09577654478989102,rohrwild_nonlocal_exact_post_borel,-0.5080440418430798,-0.1362281348394403,54.12536119033343,5.75989691354028,3.5845393773327405,-0.03716491894568594
legacy_chi_condensate,theta_fixed,4.43018535233642,2.595643772261544,35.3,-0.3743582650544475,-0.3140878498136618,-0.41461976808450796,0.1320820556771708,-0.0014371555034709605,-0.030112981902853594,-0.04615053282381317,-0.08639684111472778,rohrwild_nonlocal_exact_post_borel,-0.4726646785330749,-0.12402979352708088,47.125584845200876,4.775861291186972,3.1649898567693584,-0.036994231033253916
legacy_chi_condensate,theta_fixed,5.740984614828845,2.517765807382099,35.3,-0.39006318658896977,-0.3165187847153173,-0.3774077743025308,0.0791832174101765,-0.001026729767646573,-0.017267498055316393,-0.05467439228051456,-0.10304381112205722,rohrwild_nonlocal_exact_post_borel,-0.4837238645344222,-0.1354424360733623,49.389442968686,5.691535225074165,3.1362502317208465,-0.029184555258166087
legacy_chi_condensate,theta_fixed,4.320887572444212,2.5842342954752855,35.3,-0.3019180112183987,-0.3036156697443054,-0.4165726789849319,0.1534574285208764,-0.001843763541996264,-0.038656655738253665,-0.03578894990359705,-0.07916770856891522,rohrwild_nonlocal_exact_post_borel,-0.4222577857369476,-0.07096000843352746,37.568205340851044,1.5630246576008582,2.6705518962783628,-0.038086630128701594
legacy_chi_condensate,theta_fixed,4.633143730137398,2.524469917713533,35.3,-0.37601836691955826,-0.2833994020853123,-0.3843115333779352,0.1280850341931757,-0.0013203736533668562,-0.025852529247185913,-0.046079815863211276,-0.08050335302126145,rohrwild_nonlocal_exact_post_borel,-0.4485779852807663,-0.1431182185628814,42.33982194333171,6.360623641294846,3.0351089467062997,-0.033377543367165675
legacy_chi_condensate,theta_fixed,4.728006516860223,2.569626910384428,35.3,-0.27478146955505905,-0.2879938163935724,-0.41801522482109826,0.16486823056718858,-0.001679952745045752,-0.03316686939461698,-0.032638523332504533,-0.07792635477743551,rohrwild_nonlocal_exact_post_borel,-0.39382714649113326,-0.05784006378302167,32.52725846265973,1.0374938373541516,3.5515073871678102,-0.047702951833859274
legacy_chi_condensate,theta_fixed,5.496443743408176,2.507654364229076,35.3,-0.27917352758261554,-0.3025486317106741,-0.3941057029049558,0.11920937495470613,-0.0014962127945939352,-0.026156090965830527,-0.03404461685245286,-0.09672434499494004,rohrwild_nonlocal_exact_post_borel,-0.4082438626060527,-0.05301397643464284,35.17017674385468,0.8717719061127148,3.5687415239010387,-0.046614172327131824
legacy_chi_condensate,theta_fixed,3.3483295791535665,2.5670763593870696,35.3,-0.3900082348645014,-0.3620685217922183,-0.44962597412606153,0.12544726498255784,-0.0015281077819743315,-0.036361704866740285,-0.03890988605581881,-0.06799499136193654,rohrwild_nonlocal_exact_post_borel,-0.520866962908192,-0.10907632504683265,56.936756594048205,3.690960968794214,3.0964098202879557,-0.028815315073714196
legacy_chi_condensate,theta_fixed,4.500500499295352,2.5591004549409653,35.3,-0.45429287947002844,-0.414938058936624,-0.4570532410969725,0.06854888758490166,-0.0012354924339279,-0.025198212990625243,-0.056852503159349366,-0.10099876361893481,rohrwild_nonlocal_exact_post_borel,-0.6011631515579685,-0.13099037483782527,76.03546704520123,5.322759780938055,3.113569344348072,-0.027710845076907808
legacy_chi_condensate,theta_fixed,5.115415508883514,2.542474882142516,35.3,-0.30154978187178066,-0.30475689131338224,-0.4346214262067699,0.15566389125983082,-0.0013141283808429133,-0.024485227985600228,-0.04927236306750955,-0.08376788321081377,rohrwild_nonlocal_exact_post_borel,-0.4229763954226165,-0.0700000190371799,37.53807311239774,1.5201201823214745,3.5635832497825852,-0.03691513771120609
legacy_chi_condensate,theta_fixed,3.4037421211010033,2.5202587955432407,35.3,-0.2024165150718638,-0.27160961710069653,-0.42656306086960305,0.21424477854689555,-0.002503180586270194,-0.0567881541917188,-0.018820974274175256,-0.04709510286478763,rohrwild_nonlocal_exact_post_borel,-0.33863874487857276,-0.008248038705653382,24.148510605199753,0.021117666164176197,2.8699970728640376,-0.042570276790678464
legacy_chi_condensate,theta_fixed,5.958268017120007,2.5475964055809817,35.3,-0.39448818700210764,-0.33562131282081387,-0.3901068700150582,0.0760266750761359,-0.0011850545727755204,-0.02035606330911595,-0.05610175499394744,-0.12189942470764346,rohrwild_nonlocal_exact_post_borel,-0.5018711760135125,-0.128015303735883,53.172366674351416,5.090116806638695,3.4861176218005436,-0.040363456897982104
legacy_chi_condensate,theta_fixed,3.999627328689233,2.5009002830245444,35.3,-0.38887960311704844,-0.31429590086438886,-0.38001052417886605,0.09564603820060599,-0.0013508223750786452,-0.02858059251105016,-0.04160714112626555,-0.08035465976612045,rohrwild_nonlocal_exact_post_borel,-0.4812257427319533,-0.13576097949230764,48.482113440384836,5.719300289128404,3.0365268815535784,-0.03160397763556969
legacy_chi_condensate,theta_fixed,5.704256347760288,2.579429725173335,35.3,-0.4586803164484051,-0.38337494612091005,-0.4373571589081716,0.0715589185484797,-0.0009327225741272883,-0.016643983187090844,-0.06700312144036863,-0.1219369606476513,rohrwild_nonlocal_exact_post_borel,-0.5779386226385808,-0.15281011246982323,70.63606932783013,7.249772384226577,3.4010138298019967,-0.027404589865666767
legacy_chi_condensate,theta_fixed,3.543244878256677,2.5959307035499943,35.3,-0.33756724577881053,-0.324168734529402,-0.4294183799167037,0.1542560901973554,-0.0020168491653551495,-0.04698959564469856,-0.03373336062294718,-0.06527870306567612,rohrwild_nonlocal_exact_post_borel,-0.4596320964935877,-0.0881779436253482,44.37111450509886,2.4125706025095797,2.7390659877920864,-0.03670867543439432
legacy_chi_condensate,theta_fixed,4.716044333154128,2.5687407710904293,35.3,-0.47085965179356276,-0.31116169939380034,-0.4077260407052178,0.12419536377403134,-0.0013166091290742904,-0.026314413333539653,-0.05226566851685859,-0.09086493214351223,rohrwild_nonlocal_exact_post_borel,-0.5260405992719761,-0.20447910106994585,58.34795655042304,12.97467039998281,2.9889593797895317,-0.03306722828927431
legacy_chi_condensate,theta_fixed,3.9288267343356638,2.57524114984102,35.3,-0.4720971522640993,-0.3690594517628316,-0.42247418897079536,0.08336461934420526,-0.0013040981625030272,-0.02864578397373844,-0.043775801593237094,-0.08406966345964247,rohrwild_nonlocal_exact_post_borel,-0.574008230443573,-0.17203241408057976,69.03048433359103,9.186047250082064,3.3077470903447184,-0.030866772045905867
legacy_chi_condensate,theta_fixed,3.3800170265701417,2.5285044475066387,35.3,-0.3121197919974057,-0.24025763154004423,-0.4080223819581829,0.21686152308382342,-0.0020218602339783223,-0.04707491243170646,-0.02227187724603017,-0.04843571588513402,rohrwild_nonlocal_exact_post_borel,-0.3764440859301535,-0.11589799065534612,29.704830470357635,4.168942381940348,3.492177525794114,-0.0461481737865143
legacy_chi_condensate,theta_fixed,5.02048324905434,2.554318899320383,35.3,-0.2797725956357202,-0.28303255687081663,-0.4087421391034412,0.1554388401018139,-0.0014796278301971216,-0.028249630038992165,-0.04530293823793002,-0.0859462429318446,rohrwild_nonlocal_exact_post_borel,-0.3926622363604385,-0.06478041103604842,32.56562572535056,1.302223418814661,3.0964917988233234,-0.039065623943011024
legacy_chi_condensate,theta_fixed,4.403318814073559,2.549974194407725,35.3,-0.33456024651349564,-0.33832736247872136,-0.40123273165148976,0.09311220722380582,-0.0014044395655587302,-0.028802398485478675,-0.04699620832163202,-0.09191896083585814,rohrwild_nonlocal_exact_post_borel,-0.46944986753500895,-0.07754214738025766,46.365795884815604,1.8659708231485461,2.830010759945573,-0.03183260976144198
legacy_chi_condensate,theta_fixed,3.8144179534200515,2.513059970888132,35.3,-0.33845333225220015,-0.2937469767722844,-0.37010106017387545,0.1041772247784598,-0.0012279142327636073,-0.02659522714410521,-0.04177367843613006,-0.07125314529929265,rohrwild_nonlocal_exact_post_borel,-0.4353157882562026,-0.10648055677144147,39.77003745471906,3.516413899147187,2.939717946308738,-0.02747484113287812
legacy_chi_condensate,theta_fixed,3.3534377182581867,2.5170721580403135,35.3,-0.344503033675025,-0.38611764123100306,-0.4587801832999306,0.10852532154160836,-0.0014902510795311965,-0.03437252839314962,-0.030579022924024347,-0.06609533317657072,rohrwild_nonlocal_exact_post_borel,-0.5141988258340675,-0.058040852784529195,55.50625009709449,1.0453889657530369,3.614922329252723,-0.0301789330797715
legacy_chi_condensate,theta_fixed,5.512653117387397,2.523202770013001,35.3,-0.30261046812334913,-0.2846614423303871,-0.38223595199215515,0.12082391789579244,-0.0012498137609923963,-0.021999594473031986,-0.04698503544760521,-0.09402600339114235,rohrwild_nonlocal_exact_post_borel,-0.40718866975560364,-0.08247799336859965,34.773392238887,2.110203353841347,3.441096211303037,-0.039384022135920634
legacy_chi_condensate,theta_fixed,4.686376316297874,2.593465930628495,35.3,-0.35253297109200266,-0.34016864544167824,-0.46206110333166356,0.15510695556201365,-0.0015617894510608873,-0.03165270822096739,-0.0482226566843654,-0.08689910928443859,rohrwild_nonlocal_exact_post_borel,-0.48133828370368736,-0.09114636410614277,48.5577744514265,2.5788063730384487,3.299323278104804,-0.038659448970191426
legacy_chi_condensate,theta_fixed,3.169019553985147,2.5199959489375554,35.3,-0.30192570852270256,-0.3035551795116349,-0.4336158840651662,0.18514124958098907,-0.002225806014721496,-0.05285473901273632,-0.022005467529541183,-0.05141290991166628,rohrwild_nonlocal_exact_post_borel,-0.42221286533021174,-0.07100124523506154,37.405918473410416,1.5630093041562798,3.1727414090857584,-0.04048860478154262
legacy_chi_condensate,theta_fixed,5.467052103675908,2.507866982523221,35.3,-0.36398237936086847,-0.3216573776456408,-0.35852867372155683,0.052901522680778884,-0.0008666191558966099,-0.015163607448966174,-0.06055583737540241,-0.11111680857561511,rohrwild_nonlocal_exact_post_borel,-0.4728466700781445,-0.11118753381148383,46.986893286019615,3.8374021725343215,3.044135667060118,-0.02512999009584238
legacy_chi_condensate,theta_fixed,4.335326544094465,2.5342291559876458,35.3,-0.36142727408436676,-0.3318191116990033,-0.40345444959795745,0.0998398732937342,-0.0013139630818148561,-0.026890572312965138,-0.04538478801036583,-0.08699019891186718,rohrwild_nonlocal_exact_post_borel,-0.4796635561543623,-0.1032301808490256,48.21898079573401,3.3087640411569086,2.8894457046364965,-0.02932231680990664
legacy_chi_condensate,theta_fixed,5.260022994731387,2.565523417184334,35.3,-0.3089798453010505,-0.33664382739470494,-0.43003113085092526,0.12169116287967707,-0.0014553610901670273,-0.026848498333289776,-0.046990539224004056,-0.09798794994443133,rohrwild_nonlocal_exact_post_borel,-0.45329404139332397,-0.05763786396566506,43.029146824354406,1.031136130195469,2.8931607065240126,-0.03427260773090477
legacy_chi_condensate,theta_fixed,3.274239851548511,2.505648604848137,35.3,-0.320198666406987,-0.2936893920121786,-0.412867785602413,0.16342058634415216,-0.0018298366076646496,-0.04241235614625307,-0.023759642219373135,-0.05250631135925807,rohrwild_nonlocal_exact_post_borel,-0.42472019332963495,-0.09161551357348602,37.88632067546678,2.606232581769358,3.5182867948066554,-0.03888954668673749
legacy_chi_condensate,theta_fixed,5.994217429850525,2.587061472686172,35.3,-0.5217773558048701,-0.3694276934449743,-0.4228805261576101,0.06827442741509394,-0.0007985234238446268,-0.014023071278613556,-0.07906358933551853,-0.13154461262983233,rohrwild_nonlocal_exact_post_borel,-0.6030168507195628,-0.2123655044093943,76.49407283239236,13.994432560239764,3.400063365001897,-0.02563953941330232
legacy_chi_condensate,theta_fixed,5.383816373906352,2.5764930270285213,35.3,-0.4148618215677664,-0.34377453162270755,-0.3733958544938694,0.04974001623467796,-0.001021290185239849,-0.01909740317827634,-0.06758724985589563,-0.12624276336481283,rohrwild_nonlocal_exact_post_borel,-0.5202983844280555,-0.13993159310353234,56.882055104725836,6.077922970703561,2.972463312082954,-0.03063127398488041
legacy_chi_condensate,theta_fixed,5.118479197010463,2.5570712888072027,35.3,-0.5273087570368925,-0.3036343803792721,-0.43499396014156466,0.15727483791797217,-0.0013108722247791818,-0.024604385930900384,-0.05118344753180341,-0.0843820425198172,rohrwild_nonlocal_exact_post_borel,-0.5525168171261795,-0.2548990564691304,64.04042187576236,20.156937247062988,3.431921265149254,-0.035910712591074735
legacy_chi_condensate,theta_fixed,4.910067947536485,2.5477437970466186,35.3,-0.2368955540911251,-0.30616094506583963,-0.3999495918238784,0.12491852195981856,-0.001571922790554204,-0.029557952411225576,-0.0361939522819156,-0.08405706067147983,rohrwild_nonlocal_exact_post_borel,-0.38676135799681044,-0.016421930221880127,31.702705832179056,0.08365734950746621,3.000176411112442,-0.038080714164138885
legacy_chi_condensate,theta_fixed,4.164708466782989,2.5833337242967302,35.3,-0.6323691927459362,-0.3368174179117493,-0.39594137338370594,0.08371816860470799,-0.001090856242563368,-0.023503356890188003,-0.05813078791426397,-0.0905375618633754,rohrwild_nonlocal_exact_post_borel,-0.6403087152049989,-0.321467756043135,86.29706350910446,32.07954086070451,2.6053160001050686,-0.02309140532981401
legacy_chi_condensate,theta_fixed,5.508069082215044,2.587094016874915,35.3,-0.45993186624395904,-0.2978576338403415,-0.38791354402631567,0.10995012797409513,-0.0010297765573022261,-0.01886444123081871,-0.05945006455817797,-0.10317740857640476,rohrwild_nonlocal_exact_post_borel,-0.5088679470754414,-0.20324838022194364,54.17145916494824,12.83116206779418,3.4955963466705127,-0.03476253672034246
legacy_chi_condensate,theta_fixed,4.829836064575541,2.5314602892661906,35.3,-0.2824149744114559,-0.3051266861179112,-0.38759281275800395,0.11152755255169687,-0.001433940225760821,-0.027627485685843285,-0.03713013464755249,-0.09178710449982563,rohrwild_nonlocal_exact_post_borel,-0.4122210044811499,-0.054169694642608124,35.88132011411035,0.9104997750030096,3.5807127014769646,-0.04414041939995397
legacy_chi_condensate,theta_fixed,4.163754662030772,2.555152617993421,35.3,-0.27095240491840444,-0.3061494017674728,-0.42232483662471304,0.15834219371212485,-0.0019072256392127834,-0.040259533215671835,-0.030439248794867847,-0.07387691716235399,rohrwild_nonlocal_exact_post_borel,-0.4064319479901348,-0.04422367676474723,35.01630191941964,0.606657448608976,3.1213158285708364,-0.04354077369279532
legacy_chi_condensate,theta_fixed,4.190150529854429,2.5184511874199327,35.3,-0.306757877136535,-0.33419331163730115,-0.4128098666716386,0.10977304602755103,-0.0014332183601618563,-0.029723272633051655,-0.03885189237124912,-0.08284682028658287,rohrwild_nonlocal_exact_post_borel,-0.45001010212362025,-0.05724048143673033,42.88153319892645,1.0167633016892406,3.2555693719498806,-0.034237122402952055
legacy_chi_condensate,theta_fixed,5.494755968889667,2.582128909512315,35.3,-0.3614525232307294,-0.25673732952504086,-0.4203390037800436,0.1896904273550656,-0.0013509363792441138,-0.024737816720818765,-0.05345668465001149,-0.0819593342360772,rohrwild_nonlocal_exact_post_borel,-0.4184010818037159,-0.14663736790801538,36.83986232931536,6.675332411854615,3.2343346407644855,-0.038789220120454625
legacy_chi_condensate,theta_fixed,4.510265979094444,2.5556249959835795,35.3,-0.3494687105563256,-0.38854042265412125,-0.43275006768445995,0.07632037055101905,-0.0015056956011718701,-0.03060502991950844,-0.045131014872109985,-0.10148829562571986,rohrwild_nonlocal_exact_post_borel,-0.5190456030721066,-0.0606935056299871,56.702227806264155,1.1429044289871744,3.0687040448947833,-0.035095274862311246
legacy_chi_condensate,theta_fixed,3.597535695500683,2.5758966799204126,35.3,-0.523441826785055,-0.3519237838627047,-0.4074760420902334,0.08501387301540934,-0.0012274863585934864,-0.02823412842928707,-0.04163054836101124,-0.07739837980903266,rohrwild_nonlocal_exact_post_borel,-0.5896930793825732,-0.2238387093525548,72.88402642465235,15.545650972291694,3.269047321476648,-0.02825748235064234
legacy_chi_condensate,theta_fixed,4.145936933638306,2.5795930362525437,35.3,-0.3900548971864537,-0.2834319231770897,-0.3780989300965389,0.12031484515312672,-0.001149131724537599,-0.024498706509139986,-0.04294115671603046,-0.07602974603710037,rohrwild_nonlocal_exact_post_borel,-0.45671564300085166,-0.15455516598715577,43.9722864199368,7.406751763280052,3.2917225569963344,-0.031142111342754904
legacy_chi_condensate,theta_fixed,4.1205733598106375,2.5292949173930066,35.3,-0.4746031057547582,-0.36779539890639706,-0.41866864326661696,0.07419292369262336,-0.001060042926722075,-0.022259636405681273,-0.05202229101027608,-0.08736477164783897,rohrwild_nonlocal_exact_post_borel,-0.5744246737225163,-0.1748080595040135,69.33402083650455,9.486291907884652,2.9536636515502668,-0.02254832468695411
legacy_chi_condensate,theta_fixed,4.829010725037321,2.541942228186648,35.3,-0.38518933321690546,-0.2837780716792751,-0.37951670258809295,0.11990785950624154,-0.0011914971569053402,-0.02297773144051842,-0.05320469017593634,-0.08593000897242606,rohrwild_nonlocal_exact_post_borel,-0.454186544568506,-0.15038417178351107,43.530108010485904,7.0200715224399115,2.8196952307570626,-0.029446928487954153
legacy_chi_condensate,theta_fixed,3.9132452677383993,2.567715145771383,35.3,-0.30852060537553916,-0.3239015042949781,-0.45814843464543814,0.1749219434701692,-0.0017847108756482728,-0.038890302244060884,-0.03377776967062027,-0.06624646424522149,rohrwild_nonlocal_exact_post_borel,-0.44262917723431205,-0.06462630955512488,41.15397821309582,1.296802287552758,3.0914490591472785,-0.03552761619398795
legacy_chi_condensate,theta_fixed,4.077164341356442,2.5298029633444363,35.3,-0.3232884129341192,-0.36490724741642994,-0.4487550185971981,0.11511087277324793,-0.0014295036406988878,-0.02983359795178082,-0.04154387322402757,-0.07517801889726163,rohrwild_nonlocal_exact_post_borel,-0.48462919579805375,-0.052983391120509565,49.60886620498065,0.8712691566097744,3.096162762825438,-0.0286463340171027
legacy_chi_condensate,theta_fixed,3.393872972756633,2.521487955733274,35.3,-0.16692958124907475,-0.2642302073015214,-0.4468015740734852,0.24248456264444423,-0.002507733727894954,-0.05740546214458547,-0.01620930080980374,-0.0452777085481576,rohrwild_nonlocal_exact_post_borel,-0.31210973587336854,0.016449933727908095,20.40279924384517,0.08393983716033528,3.383715617670048,-0.048875064597548895
legacy_chi_condensate,theta_fixed,4.79168099317801,2.5650444628483235,35.3,-0.3703671600168197,-0.3527310572005414,-0.4479643892529845,0.11644881765639095,-0.0010309996993410403,-0.020184485904606808,-0.05336801740794814,-0.09175509208192373,rohrwild_nonlocal_exact_post_borel,-0.501896562207062,-0.09844223066077315,53.03021299249203,3.0075327971264803,3.695976264040465,-0.02864965006356776
legacy_chi_condensate,theta_fixed,4.820072783353264,2.5632658108530073,35.3,-0.48477256318145184,-0.370071553453663,-0.4458168221469735,0.10160007176663093,-0.001254842841763265,-0.024599960231557184,-0.056269464821754885,-0.09916175208215706,rohrwild_nonlocal_exact_post_borel,-0.5821588275192302,-0.18179244272124526,70.92955792527898,10.261744500473803,2.9384275657790297,-0.028282972743658288
legacy_chi_condensate,theta_fixed,4.520563364916863,2.566944384236691,35.3,-0.24071349018234214,-0.35828903422443736,-0.4205659240986484,0.10263442892315887,-0.0018947772744486713,-0.038462761774499185,-0.033886014857569896,-0.09432003444941256,rohrwild_nonlocal_exact_post_borel,-0.4315112745379108,0.010584722382392775,39.09957155909864,0.03476590231121451,3.0227302136639684,-0.04466624916180817
legacy_chi_condensate,theta_fixed,5.680677891238418,2.5922795987229232,35.3,-0.5463248316801608,-0.36172260814678764,-0.40132625998983357,0.05740584690458753,-0.0009241708247321042,-0.016878024236809522,-0.08326860073058402,-0.12949088390297947,rohrwild_nonlocal_exact_post_borel,-0.6109133870668455,-0.23685206449888732,78.4569860773126,17.39521050314579,2.672533525221538,-0.024191706850822753
legacy_chi_condensate,theta_fixed,3.9308209603509168,2.5427117470210034,35.3,-0.21744733270017272,-0.2597092759570323,-0.39257686214378473,0.172300626635291,-0.001751849957762961,-0.03768119049077557,-0.027155929504955337,-0.06081488211691287,rohrwild_nonlocal_exact_post_borel,-0.33761210170368716,-0.02739195684438689,23.942221057122094,0.23307089969074846,3.3668323593210947,-0.043625730211898806
legacy_chi_condensate,theta_fixed,4.912096683972786,2.5506506798505186,35.3,-0.3109682710840841,-0.2767486407064082,-0.398038765802598,0.15170820400362292,-0.0014869935853049502,-0.0289310853221282,-0.04606280470432224,-0.08732134707090396,rohrwild_nonlocal_exact_post_borel,-0.4055603550713829,-0.09387158328398909,34.90666595337179,2.7350289183876493,3.0225115708074854,-0.0394305432131646
legacy_chi_condensate,theta_fixed,5.078618447705943,2.532173493003595,35.3,-0.3336296146958428,-0.20927042274674967,-0.3418093858814307,0.1530243506866665,-0.0010427282448834101,-0.019442659307102067,-0.049669338313516,-0.07303914468181077,rohrwild_nonlocal_exact_post_borel,-0.36358387506771256,-0.1513591603750689,27.734469245026244,7.1098520279428685,3.4412815495337568,-0.03568165775572295
legacy_chi_condensate,theta_fixed,4.425334376379376,2.5315879376048382,35.3,-0.17251690527491248,-0.3359697103195617,-0.4393344758542071,0.14667506410516212,-0.0020376840533931568,-0.041272614517123524,-0.023136940129414953,-0.08275598928127052,rohrwild_nonlocal_exact_post_borel,-0.37388771876829174,0.05334512735092198,29.383884514452877,0.883087776726116,3.5786469453883356,-0.05258460294317307
legacy_chi_condensate,theta_fixed,5.813647112332623,2.5528589404418907,35.3,-0.35084481552439867,-0.2699365809089672,-0.36921240929362464,0.12032950411033809,-0.0011534236221508365,-0.019900252103529824,-0.05242282412922521,-0.098508268034818,rohrwild_nonlocal_exact_post_borel,-0.4230437422437209,-0.13035273085593949,37.47581016975684,5.270597873381752,3.1153833704705587,-0.03568064486324468
legacy_chi_condensate,theta_fixed,4.754126819967205,2.5864507481376706,35.3,-0.3602812091104825,-0.303441906324579,-0.4058732235989473,0.1321086664659174,-0.0014188429550033726,-0.02825850623654578,-0.04587037783253044,-0.08713770450314043,rohrwild_nonlocal_exact_post_borel,-0.45584158976367195,-0.11869281862747211,43.86538713750153,4.36983044391523,3.198204908455148,-0.03833934663339256
legacy_chi_condensate,theta_fixed,5.140351424103369,2.5212869539411042,35.3,-0.32477027368698164,-0.26331285248170105,-0.34222264248612777,0.10188225127920515,-0.001185024977344707,-0.021787436297433765,-0.046899107083558184,-0.09199593698883324,rohrwild_nonlocal_exact_post_borel,-0.4025704956846883,-0.11289988909184712,33.84247095925072,3.9539467867715814,3.1552357327929412,-0.036944990687831615
legacy_chi_condensate,theta_fixed,4.8364814357024475,2.55173834393645,35.3,-0.34307361738942166,-0.28167424618473536,-0.36588524776890885,0.10507690807386669,-0.001036451525529709,-0.019829454964163502,-0.04793276052628334,-0.08596353593058824,rohrwild_nonlocal_exact_post_borel,-0.4281326460021625,-0.11722766456595973,38.411953920166845,4.265029772205694,3.1306395384156835,-0.02892468337620932
legacy_chi_condensate,theta_fixed,4.777587804215369,2.554042820911358,35.3,-0.42146287325402015,-0.30196476859797783,-0.3771598664535697,0.09658977755948461,-0.0010304553972968619,-0.020364224306595857,-0.051603892589076675,-0.09819811489852544,rohrwild_nonlocal_exact_post_borel,-0.48999033323708135,-0.1694790498562537,50.644187911063,8.913623415917252,3.3983994121637187,-0.03177173452510502
legacy_chi_condensate,theta_fixed,4.054636090991897,2.51422695894218,35.3,-0.296523505125208,-0.24925941422517583,-0.3691539167483786,0.15831914202241307,-0.0017339512729958495,-0.03669068822621439,-0.03222127666211252,-0.06622256991025356,rohrwild_nonlocal_exact_post_borel,-0.37477834587605025,-0.09796752591562508,29.582722931382776,2.9767672938581304,3.152868862844693,-0.044216171234654336
legacy_chi_condensate,theta_fixed,3.66175822103248,2.5811507540518663,35.3,-0.409450849305389,-0.30990459536718923,-0.4073147141613618,0.1272702339089055,-0.0012520112462280817,-0.028608103868504906,-0.03963432652167578,-0.06957779976235705,rohrwild_nonlocal_exact_post_borel,-0.4895290846991657,-0.1550874961439596,50.4348206375817,7.460602656042142,3.520186358207502,-0.031528606818805455
legacy_chi_condensate,theta_fixed,3.4523719975312543,2.5239609733512354,35.3,-0.31037546301494595,-0.3332362901482807,-0.43089996777036865,0.14861262818828175,-0.0021413475903399545,-0.04880760297585381,-0.030884688484435666,-0.06191661987865858,rohrwild_nonlocal_exact_post_borel,-0.4513194904936181,-0.060745951421573935,42.95779832066004,1.144845195366347,2.4356020955881026,-0.03186654162139272
legacy_chi_condensate,theta_fixed,5.166261169823737,2.554547979002345,35.3,-0.2766963075789633,-0.3182333990065091,-0.410483438704814,0.12069487005953082,-0.0014582260823042547,-0.026986604278921758,-0.03762026452283081,-0.09237411010086255,rohrwild_nonlocal_exact_post_borel,-0.4196133103214578,-0.0419286617021844,37.09835896167739,0.545572871786265,3.6481454807022597,-0.0444145704843135
legacy_chi_condensate,theta_fixed,3.564915484152969,2.5569900950511464,35.3,-0.3293489540148529,-0.2741364255309775,-0.3948153019213495,0.15667537797097816,-0.0015075134342123894,-0.03448898814639378,-0.030094102885695865,-0.059828377617702905,rohrwild_nonlocal_exact_post_borel,-0.41404984584625654,-0.11038223801078725,35.96644656512192,3.782017331500645,3.7417990596718824,-0.039933010236085996
legacy_chi_condensate,theta_fixed,3.476948962861342,2.5967441374761306,35.3,-0.37955626036433543,-0.3238620028182211,-0.4318082544388844,0.1451689738515733,-0.001520332208701611,-0.03570239002220832,-0.03667115848095615,-0.0639105160888383,rohrwild_nonlocal_exact_post_borel,-0.4836454334326191,-0.12262400405696525,49.00914096493013,4.661637557286293,3.1529988361704873,-0.031245579588614403
legacy_chi_condensate,theta_fixed,3.044417963746178,2.591979108677217,35.3,-0.315636298711244,-0.37060488728990526,-0.45748694496367226,0.14378431625966678,-0.0022024314484468646,-0.05469982713745288,-0.02450638535970613,-0.058488042832222725,rohrwild_nonlocal_exact_post_borel,-0.48485742132719467,-0.0434457884177549,49.3627443072932,0.5857832832602407,3.239903506518013,-0.03949276903254098
legacy_chi_condensate,theta_fixed,5.245298178461237,2.5622997304022714,35.3,-0.36371410625494544,-0.3049960900293919,-0.3793743134209022,0.09676200243615152,-0.0011376324666505133,-0.021246146577990704,-0.05584598894450657,-0.10321896125703667,rohrwild_nonlocal_exact_post_borel,-0.45909374329571206,-0.12059643812642842,44.43060056926123,4.515571523177279,3.191326360986634,-0.03439768617809016
legacy_chi_condensate,theta_fixed,3.677432766374339,2.585804698908109,35.3,-0.4611721997332131,-0.3473853557402214,-0.45563541168725635,0.14103879267655908,-0.0013735006065464606,-0.03141523612297765,-0.03911793112646157,-0.07068993704818462,rohrwild_nonlocal_exact_post_borel,-0.5500061188325134,-0.17564069128856766,63.70492044415395,9.573977736134227,3.724119289549492,-0.033016172135574506
legacy_chi_condensate,theta_fixed,5.915674950154204,2.504892489907492,35.3,-0.4014715288481701,-0.38642194083872555,-0.4414332878337555,0.07365983337621582,-0.0010606100926693225,-0.017587876288516487,-0.06863748313114056,-0.11349128687777343,rohrwild_nonlocal_exact_post_borel,-0.5473668554680332,-0.10435914129721371,62.80204626206469,3.380764119798821,2.7007893892253945,-0.02289131709553696
legacy_chi_condensate,theta_fixed,5.787271257691743,2.578914161906555,35.3,-0.41639547868234134,-0.3283554674409618,-0.40674451578613796,0.09473965012614788,-0.0008749039605935789,-0.015475697820378094,-0.07179531121688792,-0.11313373847103063,rohrwild_nonlocal_exact_post_borel,-0.5086005420023214,-0.15009329212331118,54.44810437571286,6.991905120013117,3.1305798724452734,-0.0256739016593003
legacy_chi_condensate,theta_fixed,5.238311198650762,2.5596257173087245,35.3,-0.4398173739468478,-0.3529488015033433,-0.3955767786483509,0.06480313615485778,-0.0011333810991539421,-0.021041777910696228,-0.058543025822186484,-0.11180719205758258,rohrwild_nonlocal_exact_post_borel,-0.5422066071521368,-0.1549973356826377,61.398805249695805,7.457009719090043,2.992168197892429,-0.030351361158373086
legacy_chi_condensate,theta_fixed,4.590414408612788,2.5368969264178682,35.3,-0.31782541510258183,-0.27437995376158636,-0.41526887784216937,0.16863706380261698,-0.001334010354571433,-0.026414129367462617,-0.04735390336194801,-0.07226194177555963,rohrwild_nonlocal_exact_post_borel,-0.40758963356916633,-0.10083672008892139,34.76323094454094,3.1549839425259636,3.0849605032586447,-0.03187120287963196
legacy_chi_condensate,theta_fixed,4.341052880682916,2.526630539011045,35.3,-0.23082625603580065,-0.3346790886974352,-0.4711606375479463,0.17681047100989686,-0.0019044275659949258,-0.03842449459339082,-0.028206130183646243,-0.07113387822225754,rohrwild_nonlocal_exact_post_borel,-0.4065288968579355,0.005010878797251955,34.713017916674765,0.007792245701937649,3.6008133402784375,-0.04409239268649596
legacy_chi_condensate,theta_fixed,3.4208947214253986,2.581455344245736,35.3,-0.3745689532866816,-0.3190808359309327,-0.4040678119763011,0.12569285707552857,-0.0016512962452910386,-0.039054584784869194,-0.03530674775660217,-0.06836809663799101,rohrwild_nonlocal_exact_post_borel,-0.47686138999149247,-0.12131650901688867,48.02676612235547,4.565967551707095,2.838547684834613,-0.032423169111710295
legacy_chi_condensate,theta_fixed,5.690985381495077,2.5598944920011064,35.3,-0.4325725680339627,-0.30292641830510103,-0.41817569598884446,0.133786559074076,-0.0009830765202645461,-0.017554204870067935,-0.06550107259099017,-0.10229441466857817,rohrwild_nonlocal_exact_post_borel,-0.49719499354471763,-0.17799039276523482,51.93952344968505,9.818891144745441,3.504444639807765,-0.03122210673459163
legacy_chi_condensate,theta_fixed,5.628665276343241,2.5339067063363365,35.3,-0.24551806229347664,-0.27904902250504865,-0.37460068232580346,0.12178004025334754,-0.0014129061595866926,-0.024815474273005986,-0.048204711634471736,-0.09589509072105404,rohrwild_nonlocal_exact_post_borel,-0.3696168809616447,-0.03912591445004199,28.59110082011643,0.47479671754835734,3.206053440408186,-0.04350512817868172
legacy_chi_condensate,theta_fixed,3.139888475383539,2.521128201283112,35.3,-0.280068207945959,-0.36758965601632176,-0.43354983453798285,0.11785996105082992,-0.0021110423789334597,-0.049788740150235405,-0.022946053383549228,-0.05752475622117026,rohrwild_nonlocal_exact_post_borel,-0.46184328530855334,-0.016159706917542593,45.139629973739005,0.08108208639786514,2.918426633418045,-0.03400237877789687
legacy_chi_condensate,theta_fixed,5.72232074280264,2.5940708193499553,35.3,-0.3759913758886894,-0.2947599713843092,-0.38803165899061465,0.1118076787938014,-0.000969968280671462,-0.017566022906824484,-0.06080405227177439,-0.1108365787265167,rohrwild_nonlocal_exact_post_borel,-0.45783417595741077,-0.13653139858123176,44.36102967516527,5.784531010964821,3.5956534393307384,-0.03507853198785132
legacy_chi_condensate,theta_fixed,5.323024715087631,2.509493694803125,35.3,-0.3651141125342563,-0.4105721678261029,-0.4073021854563872,0.02109325103029999,-0.001297038097029324,-0.02306619530298634,-0.052327585475959656,-0.1191757729632335,rohrwild_nonlocal_exact_post_borel,-0.5460673533015199,-0.06073109436998672,62.58271027841285,1.1447636330847812,3.0922253728293443,-0.03307238954472156
legacy_chi_condensate,theta_fixed,3.326662667706976,2.530555339362878,35.3,-0.3553767957959168,-0.27264292773894916,-0.3446782643328072,0.09934515136071455,-0.0011113465906788151,-0.02619846817617769,-0.03724209715140835,-0.06603724894985587,rohrwild_nonlocal_exact_post_borel,-0.4278713329769158,-0.1324875671630959,38.58929963492511,5.448954070047768,3.448030403013509,-0.02969367595887072
legacy_chi_condensate,theta_fixed,3.4440626524022773,2.5649251256886605,35.3,-0.4073632193904468,-0.3795526703559174,-0.42907151588681214,0.09841858259931943,-0.002000559180467796,-0.046899177887956785,-0.036941365642742204,-0.07591533611099664,rohrwild_nonlocal_exact_post_borel,-0.5451651439109482,-0.11313703174032877,62.72091995457704,3.973534212717586,2.456794201969971,-0.03184180785078616
legacy_chi_condensate,theta_fixed,3.3625549416248655,2.581859465490604,35.3,-0.3859871257515543,-0.3414150650918848,-0.4356736860583175,0.13454072101611828,-0.0016284643573088932,-0.03865363569237667,-0.03309297717710461,-0.06377632379433495,rohrwild_nonlocal_exact_post_borel,-0.5016872719705624,-0.11772930417010494,52.90229883027615,4.302468648674829,3.3983619871280455,-0.03459845496750092
legacy_chi_condensate,theta_fixed,4.546771122287275,2.5989769796381963,35.3,-0.3160115091072144,-0.31163289176251946,-0.4310651858140228,0.15067411810895673,-0.0014377155199697175,-0.02980410853748373,-0.046408939006254146,-0.08548653267460468,rohrwild_nonlocal_exact_post_borel,-0.43694497720331543,-0.07782942896670503,40.024488225359605,1.880574738025651,3.367141283957879,-0.038744812258189446
legacy_chi_condensate,theta_fixed,3.175811521325658,2.5115364396305755,35.3,-0.4063487918634244,-0.38229572286316155,-0.46215504048707945,0.13607591488592596,-0.0023060369752953207,-0.05391056028671286,-0.021950956789710777,-0.05659856190791243,rohrwild_nonlocal_exact_post_borel,-0.5468176574927993,-0.11072402549771837,62.51647506139483,3.8026058669699996,3.0037575272265706,-0.0359294607568892
legacy_chi_condensate,theta_fixed,4.315640195679063,2.5763862526394483,35.3,-0.37428737987835964,-0.3684887438741236,-0.43341439609202226,0.09724041823393671,-0.0014586698203365707,-0.03085609619570142,-0.04621662104256335,-0.09500522894314656,rohrwild_nonlocal_exact_post_borel,-0.5170223315703282,-0.09253597006417891,56.313202132251845,2.657547640118801,3.333604254387777,-0.03703327615352084
legacy_chi_condensate,theta_fixed,3.0930563959142634,2.530829782973586,35.3,-0.3535627544038364,-0.34724129549678845,-0.4274369756868853,0.11502427293243135,-0.0013922466184669974,-0.0334363461238675,-0.030079588790150394,-0.05647270119473915,rohrwild_nonlocal_exact_post_borel,-0.48770560741335134,-0.08789982421762563,50.30025362951834,2.3979822486079714,3.7271631203354874,-0.029505293156815292
legacy_chi_condensate,theta_fixed,5.992570660874997,2.582386947824476,35.3,-0.36488723925042016,-0.3248804091122667,-0.4118052098434016,0.10833453840180456,-0.0011661525203988182,-0.020243585150270832,-0.06494043110466692,-0.11367892584700874,rohrwild_nonlocal_exact_post_borel,-0.4759999873982454,-0.11006357067448508,47.8868335482564,3.762399695797391,3.0587363465217194,-0.03380827183426143
legacy_chi_condensate,theta_fixed,5.400341608421479,2.579349641018761,35.3,-0.2965139986015246,-0.3136754569887488,-0.43407489112897574,0.1459714055505391,-0.0013134745761031214,-0.024258496834209074,-0.05100171781436114,-0.09498365314417459,rohrwild_nonlocal_exact_post_borel,-0.42734520636242146,-0.06073646584075151,38.28392075747666,1.1445707737294935,3.6149184098316782,-0.04029576121497742
legacy_chi_condensate,theta_fixed,4.0837059228500285,2.5026223802551906,35.3,-0.15963315406073095,-0.25254826381180306,-0.42759252632879674,0.22570873293484536,-0.0023518133502690125,-0.04831265706758275,-0.019231906522296578,-0.05314707002106414,rohrwild_nonlocal_exact_post_borel,-0.2983593665846736,0.015654322116447406,18.707323898673465,0.07600939997561282,3.2047907697359954,-0.04983524654956296
legacy_chi_condensate,theta_fixed,5.243079249405777,2.5182635082754437,35.3,-0.43042228644805247,-0.3352326047852996,-0.38893934418280723,0.07272409882972924,-0.001001581671902371,-0.018015777760319235,-0.05879293657796711,-0.10197757618696601,rohrwild_nonlocal_exact_post_borel,-0.5223187301143575,-0.15756709096137825,57.2149417886943,7.706869880568498,2.837603550423066,-0.024439315676387456
legacy_chi_condensate,theta_fixed,3.1755204132873676,2.549413402559925,35.3,-0.1871004286711321,-0.2759860845091629,-0.4274581832083992,0.2228198561810096,-0.002862602048136365,-0.06848515543363698,-0.015282482317438048,-0.04671735720931345,rohrwild_nonlocal_exact_post_borel,-0.33336002714000357,0.006780970198747516,23.305878612398057,0.01427315952301864,2.925909719177825,-0.049245033209799095
legacy_chi_condensate,theta_fixed,5.473297014260117,2.517406700736518,35.3,-0.3300252028671872,-0.32406295258451406,-0.35759327432848453,0.05631069632031865,-0.001224914293125267,-0.02155546028322294,-0.05091243044027033,-0.1123823528830088,rohrwild_nonlocal_exact_post_borel,-0.4551875368721038,-0.08208372580255033,43.565080427839064,2.090915457721087,2.9727106127329286,-0.03519700534568393
legacy_chi_condensate,theta_fixed,5.394307916963589,2.5943363635145578,35.3,-0.31618914196330056,-0.33881341307758706,-0.4255572562540333,0.1139111355484418,-0.0013753945862771339,-0.02579189778571848,-0.05814081950727692,-0.1092967357525833,rohrwild_nonlocal_exact_post_borel,-0.45923066886674757,-0.06226793034116007,44.196161399125685,1.2022706493145228,2.9341745392711096,-0.035907354001456976
legacy_chi_condensate,theta_fixed,5.087920356335559,2.560330535567397,35.3,-0.4932354475319808,-0.29304141559187125,-0.3572639362095062,0.08255964171612368,-0.0009136496458502777,-0.017423471452638485,-0.06754366599309597,-0.10440666769738878,rohrwild_nonlocal_exact_post_borel,-0.524181978687394,-0.23321177323096193,57.81628987440413,16.87276914355284,2.6264417403621705,-0.023907072808384517
legacy_chi_condensate,theta_fixed,5.847838267538822,2.586668425374525,35.3,-0.3704710311419982,-0.2994493182713707,-0.47336544816999404,0.19677762844587038,-0.001224177613543118,-0.021637320933703862,-0.06539119808513134,-0.08999187794715084,rohrwild_nonlocal_exact_post_borel,-0.4584713549237661,-0.12931626287118794,44.15863274575227,5.193014063031724,3.2556639419712106,-0.032614011723441576
legacy_chi_condensate,theta_fixed,5.376511820747666,2.534946128017291,35.3,-0.3762385707586651,-0.34078864391798924,-0.3973557496792132,0.06931794278964348,-0.0006767207995574309,-0.012074116228862071,-0.06630759564369836,-0.1046147803805227,rohrwild_nonlocal_exact_post_borel,-0.49554274927396125,-0.11013512424285524,51.6519139574066,3.764805829680856,3.358038551665208,-0.019593181556911213
legacy_chi_condensate,theta_fixed,5.336529398866244,2.510426750414713,35.3,-0.30658788481432625,-0.2975022188239462,-0.3682623718345766,0.09318305436796676,-0.0011914534469328064,-0.021231447910403524,-0.04637306284926716,-0.09931905248205522,rohrwild_nonlocal_exact_post_borel,-0.41996689069804627,-0.07830397204171072,37.033624732127215,1.9041402496448663,3.2208501346651843,-0.035347194231333846
legacy_chi_condensate,theta_fixed,3.322849033532601,2.5841255462968196,35.3,-0.34678305487577743,-0.33138867246742626,-0.41258113734477836,0.11405396673134598,-0.001325232195312599,-0.03153626965868132,-0.03501542799113952,-0.06328466293379785,rohrwild_nonlocal_exact_post_borel,-0.4708499847944003,-0.0915272156673225,46.55507523266665,2.5990062855578024,3.4831137685134577,-0.02996371585378834
legacy_chi_condensate,theta_fixed,4.856063260146865,2.596212977886184,35.3,-0.5634288461152295,-0.35755981984320007,-0.38924146717454683,0.04686012292373894,-0.0007287078960803717,-0.0144497676963118,-0.07181438510959867,-0.11186367071088227,rohrwild_nonlocal_exact_post_borel,-0.6173996642016117,-0.25321679258054314,80.26896131781336,19.885005496237433,2.7793540233340157,-0.01834574422388202
legacy_chi_condensate,theta_fixed,3.8928289148356088,2.5943835460992775,35.3,-0.3888469499584932,-0.3764668012095269,-0.46159143314048223,0.11776318469175297,-0.0013947846288456835,-0.031243768131952062,-0.046757185244413704,-0.08225640543203007,rohrwild_nonlocal_exact_post_borel,-0.5319468826361167,-0.09980840124295076,60.0499007295677,3.091335844867712,3.1453595582048677,-0.029493144106047774
legacy_chi_condensate,theta_fixed,3.416401122046061,2.5672097572236163,35.3,-0.2597954329073407,-0.3080468282828513,-0.43480142774658764,0.17156340606434262,-0.0018312772787929252,-0.04297752932181332,-0.02769296162825056,-0.06020543891058464,rohrwild_nonlocal_exact_post_borel,-0.40153336775212345,-0.03402161013642696,33.955443252232314,0.35908527205703816,3.3131940068251136,-0.038265879148574114
legacy_chi_condensate,theta_fixed,4.180568914084311,2.586341294172179,35.3,-0.2806652035865873,-0.3028839598037701,-0.46507893826983465,0.202840130718234,-0.0018191826241773434,-0.038825969627992105,-0.03398235508640943,-0.06698708453504144,rohrwild_nonlocal_exact_post_borel,-0.4093795128198433,-0.054037617398439236,35.15166294798628,0.9061846319289387,3.449655087206074,-0.042688952718711405
legacy_chi_condensate,theta_fixed,4.047225856867779,2.5822451648904177,35.3,-0.304153757434295,-0.39356332681191525,-0.4223498213518746,0.06176731237238024,-0.0014518501983500542,-0.031528967634070905,-0.040235438437193544,-0.09442573843994065,rohrwild_nonlocal_exact_post_borel,-0.4969593928065057,-0.020807745530248695,51.79840457166082,0.13430327864346175,3.2254761625279644,-0.03445585094003072
legacy_chi_condensate,theta_fixed,4.745080845351837,2.529382481247067,35.3,-0.4021257779097415,-0.329217310730538,-0.41274596055554136,0.10549344097700966,-0.0010775291061941798,-0.02088726204581214,-0.05447846387739594,-0.08986682308757594,rohrwild_nonlocal_exact_post_borel,-0.5010580693185849,-0.13794923020769123,52.68752910066138,5.911543236899613,3.2658784151604707,-0.027867825578098776
legacy_chi_condensate,theta_fixed,3.878516183686619,2.5898248446882888,35.3,-0.4127254533817073,-0.40763950626349943,-0.40130327777122343,0.014391396825352164,-0.0008954701368285834,-0.019832155180799598,-0.050889512946373394,-0.09560152282029923,rohrwild_nonlocal_exact_post_borel,-0.5711864742771173,-0.10128316019339731,68.65654488464668,3.1838058349120804,3.1162814319800556,-0.02084342536282695
legacy_chi_condensate,theta_fixed,4.276097376941758,2.5023691965938686,35.3,-0.28466875136834724,-0.27052098113180734,-0.3703654498817376,0.13125940441587627,-0.0014856134050030257,-0.029929322260942935,-0.030385176151811348,-0.07175185049892567,rohrwild_nonlocal_exact_post_borel,-0.3852803500089656,-0.07600625721016999,31.16432078733956,1.792775562792217,3.4318020313723396,-0.04069993084771594
legacy_chi_condensate,theta_fixed,3.7252209824896885,2.5477751932238624,35.3,-0.2083771239116972,-0.34601895979687736,-0.46914613133342886,0.17590684466687406,-0.0022795513184998505,-0.05050012181182271,-0.02434111417186557,-0.06449438104491106,rohrwild_nonlocal_exact_post_borel,-0.402811389770148,0.029885290362747702,34.05277666981371,0.2770881958750984,3.197145314878889,-0.043713247869735336
legacy_chi_condensate,theta_fixed,4.155314827796515,2.557100490826955,35.3,-0.3566911383225845,-0.3434858614781139,-0.40235743703013505,0.0865734400071316,-0.0012448483136183151,-0.026457016141492117,-0.04802729092258046,-0.08854252787202707,rohrwild_nonlocal_exact_post_borel,-0.4864484170430926,-0.09262312211047855,49.82260332731389,2.664389878627451,3.035218882131349,-0.029358119486959315
legacy_chi_condensate,theta_fixed,3.9935552996894903,2.518561137138175,35.3,-0.2990920038240713,-0.3103851713039572,-0.4092299071334454,0.13439721110570588,-0.0016044225913772522,-0.03394805268484035,-0.033238419968217914,-0.07128109029935113,rohrwild_nonlocal_exact_post_borel,-0.42614960050650946,-0.06474178947965159,38.187318790973194,1.300948298498165,3.3019735457971637,-0.037562499725630034
legacy_chi_condensate,theta_fixed,4.86047190901296,2.544228935273673,35.3,-0.2833438754881869,-0.2714755704969425,-0.41468298410149323,0.1757375900052457,-0.001604349992391148,-0.03092582640830379,-0.04079116768531662,-0.07635742660437293,rohrwild_nonlocal_exact_post_borel,-0.38529383664423067,-0.07437335945938187,31.299274104832953,1.7153707704521193,3.187265446162667,-0.04145567416930387
legacy_chi_condensate,theta_fixed,3.6581430667644064,2.5989055194593322,35.3,-0.39270525791179045,-0.31391569467854524,-0.45088551100553975,0.1798975675446282,-0.001787457880666304,-0.04114029333696737,-0.03337744636738763,-0.06382853194298835,rohrwild_nonlocal_exact_post_borel,-0.4831261259631063,-0.13910294522029454,49.373194552806716,6.006386260090227,3.3185036014953213,-0.03874110245683535
legacy_chi_condensate,theta_fixed,5.117158678562217,2.530598685620962,35.3,-0.3353645230099133,-0.26818022716587003,-0.4185329320050993,0.18144754510281552,-0.001593037037513308,-0.029501803226072938,-0.04739820422702033,-0.07660959385923974,rohrwild_nonlocal_exact_post_borel,-0.412664910875319,-0.1187336046309947,35.666498982929156,4.375570168671172,2.820482007544554,-0.036473771389589585
legacy_chi_condensate,theta_fixed,4.625662408663999,2.564552980404866,35.3,-0.32594748925068856,-0.3508264306656593,-0.4539172161179628,0.13459775760070813,-0.0014871158137457544,-0.03001985633465876,-0.0427438631688996,-0.08880618925892872,rohrwild_nonlocal_exact_post_borel,-0.47467387947206663,-0.06329027057433348,47.500207552322095,1.2436792779268144,3.942425066287623,-0.0436018251678255
legacy_chi_condensate,theta_fixed,4.7032674497098785,2.518197404288573,35.3,-0.2168893113227514,-0.2620085047550465,-0.37774559431581817,0.15005891291700416,-0.00169013717266167,-0.032631686183570915,-0.034021181517648776,-0.07674938354732846,rohrwild_nonlocal_exact_post_borel,-0.3391661318464295,-0.02560790773107044,24.20600955852243,0.20342908788042727,2.900718462552714,-0.041459307251186364
legacy_chi_condensate,theta_fixed,3.8690954849171417,2.5196026006925267,35.3,-0.3736906531194218,-0.2918987779700995,-0.3871829545088447,0.12780854107274295,-0.0014253552501104975,-0.03109900928388725,-0.04289273178245457,-0.07347586477711562,rohrwild_nonlocal_exact_post_borel,-0.45416955826577043,-0.13630705467411608,43.12519329509826,5.7648433310798755,2.850288784278262,-0.030884252579917098
legacy_chi_condensate,theta_fixed,3.9307107808686688,2.5880885338342337,35.3,-0.35467843702300944,-0.3347622875683667,-0.4491556070321344,0.1503797966890525,-0.0015484734629542425,-0.03443800376233046,-0.03955894855410228,-0.07531497618491756,rohrwild_nonlocal_exact_post_borel,-0.47816572566393933,-0.09602146461791264,47.89858557340429,2.862045895911169,3.5381931541313296,-0.03794113737547899
legacy_chi_condensate,theta_fixed,3.3062855513107694,2.5117211307940726,35.3,-0.27859336623720393,-0.30389719317323116,-0.4402323099004708,0.1795766711026689,-0.0017897292234198244,-0.04145182515200949,-0.02795329634676753,-0.05158663576159905,rohrwild_nonlocal_exact_post_borel,-0.40900922365136033,-0.051761208429252525,35.308011862586575,0.8310202017338287,3.49613807689591,-0.03590608256468017
legacy_chi_condensate,theta_fixed,4.044888156832091,2.5552686042478916,35.3,-0.2954144531716974,-0.3027045595250654,-0.43348853381943026,0.16576203832335976,-0.0015595517605533015,-0.03341851226844159,-0.033513568734546986,-0.06950243789765191,rohrwild_nonlocal_exact_post_borel,-0.41775606383541264,-0.06617870222918781,36.55626037137883,1.359713118323529,3.525927994394445,-0.038406671631629745
legacy_chi_condensate,theta_fixed,3.3157081183108783,2.5854545460649057,35.3,-0.2997813773278949,-0.31609033838492995,-0.45895587024822776,0.19710370533513533,-0.0021807767198347657,-0.0520573967520028,-0.024893220100226536,-0.055687897460236266,rohrwild_nonlocal_exact_post_borel,-0.4312041615542117,-0.06200763881360541,38.94861857611455,1.1936458075787764,3.097001534470986,-0.03961854759577742
legacy_chi_condensate,theta_fixed,3.0983459950449257,2.5538796983067438,35.3,-0.3075862777265995,-0.3194309624470924,-0.46326084401847795,0.19893965037971836,-0.0021946369071445477,-0.0529151319011883,-0.020645640681109707,-0.04793739420117914,rohrwild_nonlocal_exact_post_borel,-0.43844069162861404,-0.0664471063313003,40.33013776063586,1.3690237404792929,3.3330590034436764,-0.03866610701935027
legacy_chi_condensate,theta_fixed,5.56580166407524,2.5190269627374726,35.3,-0.36842743235478703,-0.32428600943172464,-0.41957821863771905,0.11825892704967601,-0.0012581270795154053,-0.02170859076416609,-0.05087177446130727,-0.0946872522291735,rohrwild_nonlocal_exact_post_borel,-0.47756060305257175,-0.1132963337304338,48.29399271429272,3.9846986435728904,3.1212665663138788,-0.03194048279505392
legacy_chi_condensate,theta_fixed,3.4209847081019378,2.544912023540308,35.3,-0.30346371790698684,-0.36816822412254663,-0.4554249677656516,0.1341329473816353,-0.0019542176023826826,-0.044921986136147625,-0.027376061819225136,-0.06253631694035455,rohrwild_nonlocal_exact_post_borel,-0.47583475029578515,-0.03491933204442507,47.779818135465156,0.37848776845666304,3.2276537096798625,-0.03628365598558605
legacy_chi_condensate,theta_fixed,3.4396319960757733,2.5906999375318955,35.3,-0.5188308367186613,-0.38152181139440255,-0.48929250346891845,0.14452371976079795,-0.0014870862240098752,-0.03526594146227223,-0.042177620692532,-0.06851631425469008,rohrwild_nonlocal_exact_post_borel,-0.6111846464775971,-0.2029720611559801,78.83872583031852,12.776528749209907,3.1986397696564035,-0.02756874990889167
legacy_chi_condensate,theta_fixed,3.6811938951626115,2.563181728370667,35.3,-0.36122674361984725,-0.34970474899695125,-0.43535701000042765,0.12182504177306551,-0.0015457788689193098,-0.03462700190066968,-0.03536407372173751,-0.07003506806920437,rohrwild_nonlocal_exact_post_borel,-0.49414481901791363,-0.09273116851939778,51.42348192867649,2.6674803981220254,2.9963219745980014,-0.02992840032834471
legacy_chi_condensate,theta_fixed,3.626050839628032,2.56247784086279,35.3,-0.26643137211135803,-0.2623773372299986,-0.40059714927850026,0.18090526441441754,-0.0018038493782356155,-0.04088160298768025,-0.026149910923139032,-0.05622339082162092,rohrwild_nonlocal_exact_post_borel,-0.3680954074480477,-0.06582791317291734,28.387146240685606,1.3448151658498204,3.488816972150648,-0.04413925965233496
legacy_chi_condensate,theta_fixed,4.0827197395275405,2.546137051837874,35.3,-0.2974992832084731,-0.3130239072650841,-0.41095296836595196,0.13440248412692565,-0.0016414843541856664,-0.034831938671872065,-0.035489597090933696,-0.07359271882359883,rohrwild_nonlocal_exact_post_borel,-0.4273828063634452,-0.061917096620894146,38.2645228693505,1.189589179401719,3.336216447331969,-0.04012094563116006
legacy_chi_condensate,theta_fixed,5.938977726392483,2.561004789891013,35.3,-0.4195603589982844,-0.3218115068221868,-0.33261730931226513,0.025760341586129137,-0.0008184005144935708,-0.014136138581557295,-0.06975288882500601,-0.13768971509269273,rohrwild_nonlocal_exact_post_borel,-0.5050886199741639,-0.15645774745448168,53.61449283389169,7.598330163993661,2.961966140243463,-0.02782673003328075
legacy_chi_condensate,theta_fixed,4.7293758301193565,2.5525122529541298,35.3,-0.20699467679359665,-0.2731434316451359,-0.4382731024058166,0.20235908329220473,-0.001810477608651009,-0.035418934922873,-0.031132197513043813,-0.06953857502017083,rohrwild_nonlocal_exact_post_borel,-0.34253607424106547,-0.011098122151331075,24.606046142856908,0.038236924449830775,3.5513681048072803,-0.04828075984884359
legacy_chi_condensate,theta_fixed,4.455322472600996,2.505143331276923,35.3,-0.3293679814438101,-0.2506138475762813,-0.363231046096877,0.1396816625035226,-0.00129811619037965,-0.025766347792547186,-0.0418551992039476,-0.07218864907482432,rohrwild_nonlocal_exact_post_borel,-0.3948631809067334,-0.1239904680270783,32.890051313557876,4.769009895084848,3.148320554825023,-0.03472766639922949
legacy_chi_condensate,theta_fixed,4.394752800236612,2.5203543440836906,35.3,-0.2479473230763463,-0.31470729435770284,-0.4364604092393409,0.15517060805124275,-0.0015888321820145478,-0.03182866098759023,-0.035275218288493455,-0.07384462222104693,rohrwild_nonlocal_exact_post_borel,-0.4001227038828902,-0.020503121228653498,33.91086472186528,0.13051851495268574,3.416659456735699,-0.03801742260537893
legacy_chi_condensate,theta_fixed,3.3387207994827,2.564372315294797,35.3,-0.3783632589516222,-0.3432889033514146,-0.4539011774691368,0.14935453145030822,-0.0015757656592652763,-0.03716649167332077,-0.03350776174189388,-0.05980068812706453,rohrwild_nonlocal_exact_post_borel,-0.49881107225427,-0.11042436816778542,52.18077063746852,3.7856104314584758,3.4029006987839256,-0.031412510035994344
legacy_chi_condensate,theta_fixed,4.744139350230354,2.5349262503987804,35.3,-0.3362980869719775,-0.31354284586287184,-0.36700984639596373,0.07921745890326878,-0.0012519398863680429,-0.02449851848380891,-0.048253283321008325,-0.09911438398054402,rohrwild_nonlocal_exact_post_borel,-0.45022651623174376,-0.09328238619711518,42.62950278534578,2.7007377464397297,3.1297688042818246,-0.035592191875282855
legacy_chi_condensate,theta_fixed,5.297508914602885,2.52151989171452,35.3,-0.3475521336649883,-0.2960504413407396,-0.40176029748218106,0.12827643397197008,-0.0011844007363459319,-0.021382177094182695,-0.05765842888297643,-0.09015231604146917,rohrwild_nonlocal_exact_post_borel,-0.4424535440470677,-0.11257535606571323,41.2047886292971,3.9300480529717396,2.9347853270136715,-0.029722743533256026
legacy_chi_condensate,theta_fixed,4.027453310345369,2.593568374680257,35.3,-0.4435837780478266,-0.3871997309399798,-0.46904417700548634,0.11744347627279682,-0.0015573399194794637,-0.03404169028781073,-0.04068770749593401,-0.08389948794633655,rohrwild_nonlocal_exact_post_borel,-0.5723365234868187,-0.1382790789316968,68.57567166020127,5.930272921720224,3.1567553698396,-0.032640982641425786
legacy_chi_condensate,theta_fixed,3.143696540855645,2.5258173022013337,35.3,-0.36109940475476593,-0.3239289796141856,-0.4088461132650366,0.1238782802497084,-0.0015718888204263952,-0.037389257778431044,-0.030592048354264982,-0.05601663054029129,rohrwild_nonlocal_exact_post_borel,-0.47303466097733365,-0.10752196734710881,46.88541764128,3.5877098280097233,3.027886650105711,-0.028520803667440836
legacy_chi_condensate,theta_fixed,3.629075509023997,2.5201245737961977,35.3,-0.3274720333152111,-0.31037874790549064,-0.39051274075866194,0.10776763768427668,-0.0012016113190738366,-0.026432033512031515,-0.03420617609683219,-0.06447391324654367,rohrwild_nonlocal_exact_post_borel,-0.4425439745512487,-0.08790751016473264,41.28658874149817,2.397446852466345,3.2664115316182727,-0.026632195767697785
legacy_chi_condensate,theta_fixed,4.374868064343311,2.5655656419634383,35.3,-0.38036239078731854,-0.37533987908896443,-0.4729070407040713,0.135208329476091,-0.001724050692715684,-0.035917117168268516,-0.05243189073754906,-0.08675575712195313,rohrwild_nonlocal_exact_post_borel,-0.5261242919258365,-0.09353503410754924,58.049098900050794,2.7161417057031683,2.6578821526929115,-0.03167928667239843
legacy_chi_condensate,theta_fixed,5.832240836175719,2.5157260834981856,35.3,-0.31708849100093084,-0.28917936281463746,-0.3621837184891625,0.09180235345108786,-0.0010461227836529078,-0.017751874992909925,-0.059401753925561754,-0.10708618180318884,rohrwild_nonlocal_exact_post_borel,-0.41924215039760293,-0.0916833372708521,37.000810746071814,2.608129965120878,2.9224947361671867,-0.030359872049566833
legacy_chi_condensate,theta_fixed,4.0116314998981055,2.5860026487042176,35.3,-0.46913206550045655,-0.41203870628874684,-0.4579777029486612,0.07563280518311961,-0.0013025577878988282,-0.028391250735306493,-0.04657442685188875,-0.08894938457964614,rohrwild_nonlocal_exact_post_borel,-0.6073718176624656,-0.14477660539680237,77.5083041362845,6.506095192965964,3.1812501424390565,-0.027858830886457544
legacy_chi_condensate,theta_fixed,5.590984546670234,2.592727995443576,35.3,-0.5488481518005269,-0.45181322637320465,-0.5105725761862434,0.08289073998768719,-0.0012425006932910553,-0.022888889481357394,-0.0735458598156076,-0.1270161580099159,rohrwild_nonlocal_exact_post_borel,-0.6858978468852992,-0.18685189027336507,98.60155976316634,10.840782234802996,2.9315971321775898,-0.027764334241502712
legacy_chi_condensate,theta_fixed,4.022644577513885,2.5278907351309607,35.3,-0.28042400146232005,-0.30215282847408287,-0.3842597951035392,0.11333615792068388,-0.0014011202569883816,-0.029828071034239227,-0.038830658606404306,-0.07685887494088989,rohrwild_nonlocal_exact_post_borel,-0.4086434285718749,-0.05426325309130295,35.07287840535333,0.9136907947623694,3.1890295760510536,-0.034628678932061376
legacy_chi_condensate,theta_fixed,3.5091652280240573,2.5082705945930384,35.3,-0.39225218372384546,-0.33724916793669035,-0.424051418803158,0.11740434750668259,-0.0013065575078385987,-0.02929553913237628,-0.03823240406402189,-0.06345224857485011,rohrwild_nonlocal_exact_post_borel,-0.5019076382222933,-0.12524974891884977,53.14356144413987,4.869290592399178,3.0333304598407467,-0.02446877018696985
legacy_chi_condensate,theta_fixed,5.600419312408967,2.530054645129792,35.3,-0.31867043276121193,-0.35426213081255364,-0.4240612852295233,0.09218314660181949,-0.001211816169043683,-0.021172176015806097,-0.052856450912347364,-0.10806809869433252,rohrwild_nonlocal_exact_post_borel,-0.4732727809346775,-0.05536584570315642,46.76581968466928,0.9504915728015125,3.292459054074826,-0.03327449825777514
legacy_chi_condensate,theta_fixed,5.090779026920495,2.5460843516393687,35.3,-0.3998824219427743,-0.3632029946725991,-0.44519231673423987,0.10443014759190107,-0.0011337881250889138,-0.021307037405171342,-0.06356873251030674,-0.10058121395296896,rohrwild_nonlocal_exact_post_borel,-0.5274987231585664,-0.11647945648931055,58.54561076381775,4.210230567424724,2.631038857438024,-0.02318926084980873
legacy_chi_condensate,theta_fixed,5.7169131176150625,2.5239418866824677,35.3,-0.20852288264844845,-0.243544754413291,-0.39826886530121325,0.18496324186342028,-0.0016686567238735882,-0.02857047425162436,-0.031057097258940923,-0.0785523657250121,rohrwild_nonlocal_exact_post_borel,-0.31926256654036067,-0.02944916970494424,21.5107004965523,0.2691156631448048,3.4355102931299015,-0.050750816898489856
legacy_chi_condensate,theta_fixed,5.256241702149308,2.5102871133545865,35.3,-0.3306526083908182,-0.33660822566415405,-0.394271613655131,0.07997361253686176,-0.0011853875798759695,-0.02112483696600887,-0.0545582197603422,-0.09683236957529695,rohrwild_nonlocal_exact_post_borel,-0.46578875687562915,-0.07534639333556645,45.84926735153962,1.760933620127233,2.9934537094051565,-0.029549965089569283
legacy_chi_condensate,theta_fixed,4.788144571390518,2.5840122744561507,35.3,-0.3395809045629453,-0.315132139269187,-0.42686401896149806,0.14473917324207686,-0.0015778094338022314,-0.03142948411596355,-0.05006337918139684,-0.08927015817538672,rohrwild_nonlocal_exact_post_borel,-0.4534205994967051,-0.09504323172225873,43.34044370349973,2.8043432813584936,2.7299382531311855,-0.03513935671241504
legacy_chi_condensate,theta_fixed,3.114823929378918,2.5552203685479973,35.3,-0.4318762408278733,-0.3190228098949961,-0.4309411713795928,0.15711380623072577,-0.001787099690892938,-0.04340834505523613,-0.028023296848492734,-0.05440269035326947,rohrwild_nonlocal_exact_post_borel,-0.5099294858007767,-0.16812067135206635,54.531796631863536,8.774970741719118,3.358051676065753,-0.035129937962271936
legacy_chi_condensate,theta_fixed,5.3139396170872,2.5977871680929665,35.3,-0.36048248245265435,-0.3059713065291444,-0.4150777164174323,0.13550511560392958,-0.0013237990310621592,-0.025074906684579526,-0.04668179772612319,-0.10033996940959256,rohrwild_nonlocal_exact_post_borel,-0.4580222356863334,-0.11739545217457428,43.95844022242729,4.274159881640728,3.6454685983505755,-0.04370811351901943
legacy_chi_condensate,theta_fixed,3.08692455376958,2.5013751845264443,35.3,-0.24061582362147427,-0.2871200543330332,-0.411208465990341,0.17321236378727664,-0.0019926891382934043,-0.04713126299167546,-0.018944353631540158,-0.04657562900440071,rohrwild_nonlocal_exact_post_borel,-0.37337115743403204,-0.03046110591583337,29.293602808219475,0.2878215455930167,3.5379334219290106,-0.04024992432279459
legacy_chi_condensate,theta_fixed,5.662889538444279,2.5135580649403524,35.3,-0.33899670712846913,-0.2671578862139245,-0.367623549240215,0.1209719592811339,-0.0011121428039580676,-0.019394153450885382,-0.05364029594789435,-0.0966249942630511,rohrwild_nonlocal_exact_post_borel,-0.4139294252806301,-0.12228873413804148,35.83291317466029,4.639831634066039,3.6320708674407034,-0.03973159561727299
legacy_chi_condensate,theta_fixed,5.8599269198637485,2.546295059413656,35.3,-0.21005946807664969,-0.20865982093449753,-0.38140536806543557,0.20200167233152844,-0.0016069164961126272,-0.027649208704477752,-0.03588704925441141,-0.07474377947679876,rohrwild_nonlocal_exact_post_borel,-0.2916795886060741,-0.050861759620100894,17.89498497917933,0.8036913747224772,3.2779518459968973,-0.05123856884385824
legacy_chi_condensate,theta_fixed,4.767569292176617,2.5825042471049033,35.3,-0.41109529803140976,-0.3524097792752786,-0.4444042923382981,0.11891170236247062,-0.0012766286741577558,-0.02564056062529336,-0.05476378992682307,-0.09924913190324879,rohrwild_nonlocal_exact_post_borel,-0.5251694202940667,-0.1318676479671121,58.14990149170165,5.393270490858606,3.06818920839953,-0.030938850914401503
legacy_chi_condensate,theta_fixed,3.7294531646041977,2.5139676491943077,35.3,-0.35943494125623326,-0.3111757597573766,-0.3695012026506751,0.08751975890477703,-0.0012776870910771335,-0.027916628920401372,-0.038884191480666686,-0.07395957366615798,rohrwild_nonlocal_exact_post_borel,-0.4616644559345,-0.11353308144833615,44.606453776629266,3.99971380258687,2.6450233393665887,-0.025179724819470607
legacy_chi_condensate,theta_fixed,3.7825620835007383,2.562103513275976,35.3,-0.3132428141659793,-0.32159818485522257,-0.3940909893997467,0.11294816310622408,-0.0017297830416619913,-0.03872557552003793,-0.03427195019331439,-0.07680564891230876,rohrwild_nonlocal_exact_post_borel,-0.44347811601105186,-0.06981127235686352,41.52037513837837,1.512182771792637,3.1123669470495603,-0.040414125613585115
legacy_chi_condensate,theta_fixed,5.476022260536675,2.566561504965747,35.3,-0.42099469658802524,-0.3237057586386766,-0.3992168225734209,0.09568701564194193,-0.0010306579609621462,-0.019145293746235498,-0.07334477416526872,-0.11497113974619359,rohrwild_nonlocal_exact_post_borel,-0.5074634329988504,-0.15653375642367318,54.56733372304983,7.60551430438205,3.078270922260164,-0.030503515219472806
legacy_chi_condensate,theta_fixed,4.583829580467933,2.5822937660485055,35.3,-0.31772395028620426,-0.30126082795515624,-0.3915663459637193,0.11756211556801606,-0.001271428442656969,-0.025985169116796034,-0.048193067460632504,-0.09112798714082262,rohrwild_nonlocal_exact_post_borel,-0.42946949323500394,-0.08522059273535693,38.79915764977153,2.252906987052923,3.013848422372635,-0.033250121398668064
legacy_chi_condensate,theta_fixed,4.490599248003087,2.5340869394204466,35.3,-0.48471905151738354,-0.33521766315769996,-0.41996782412631495,0.10978337476202274,-0.0011954433144733718,-0.0238377704789344,-0.052438444802889395,-0.08392979684133507,rohrwild_nonlocal_exact_post_borel,-0.5536823353650894,-0.20188935608763986,64.53937221364777,12.646025388951605,2.7446887012193875,-0.02450880510576863
legacy_chi_condensate,theta_fixed,3.4948027833153312,2.5663325801290626,35.3,-0.288825901455608,-0.32320538358354944,-0.38920588902531683,0.10391531213344778,-0.0015752966869123906,-0.03633951000476807,-0.024931435469712944,-0.06899314019250498,rohrwild_nonlocal_exact_post_borel,-0.43068031213437385,-0.048954980021160305,39.05848915247939,0.7440084461171864,3.797282172955063,-0.04213019760642456
legacy_chi_condensate,theta_fixed,5.241001122120913,2.5587260026319583,35.3,-0.3483362936482288,-0.2632829731497598,-0.3766324370028687,0.13759851887694347,-0.0012268427035647099,-0.023022212320269828,-0.05502177701157649,-0.08988969105266517,rohrwild_nonlocal_exact_post_borel,-0.4161639143497051,-0.1321502698305741,36.28558027438403,5.418570519445029,3.3211910801365137,-0.03918766339186044
legacy_chi_condensate,theta_fixed,4.146522488283945,2.554211871237918,35.3,-0.4698235392765068,-0.28791851706318733,-0.40216594845393316,0.1345470640724067,-0.0009135526900764135,-0.0193860799915844,-0.05126928797770405,-0.07295337471813851,rohrwild_nonlocal_exact_post_borel,-0.506472238941176,-0.21706474082190458,54.08020681867086,14.624579966643646,3.8348810930673634,-0.027027673181848604
legacy_chi_condensate,theta_fixed,4.931200317125036,2.5802633470609466,35.3,-0.284208485303399,-0.3229178190658883,-0.4292966847870504,0.1361076358076932,-0.0014591402929267643,-0.028269629793604287,-0.0442715383444122,-0.09114253019134566,rohrwild_nonlocal_exact_post_borel,-0.4277774107934318,-0.0453527044793319,38.41993212058944,0.637990780964646,2.9889038337665315,-0.034977778020178825
legacy_chi_condensate,theta_fixed,4.733516254249552,2.5215859600887716,35.3,-0.29482313946858746,-0.2262787986707728,-0.33451135720987213,0.13368830359341288,-0.0012400524094830778,-0.024215692644830436,-0.04314090828488144,-0.08019439161148727,rohrwild_nonlocal_exact_post_borel,-0.3550404324200031,-0.10985931749751374,26.434018553427762,3.7453197992892204,2.956945543410083,-0.036218685011750476
legacy_chi_condensate,theta_fixed,4.455136112578966,2.5239541736897126,35.3,-0.40668892121484745,-0.3068217309168703,-0.42226729797296086,0.13832361094724063,-0.001093994273126722,-0.02178404961802331,-0.04581465110269617,-0.07556607437867752,rohrwild_nonlocal_exact_post_borel,-0.48541704193102025,-0.15461483953572797,49.56163530200088,7.416425495318815,3.62470291326776,-0.02901438923054058
legacy_chi_condensate,theta_fixed,3.9911720877674655,2.5356082842863072,35.3,-0.41194406208680234,-0.31428009381525546,-0.4156102710695754,0.12917561802015426,-0.0012435680969758152,-0.026601872668858537,-0.04041779573326134,-0.07279358764576287,rohrwild_nonlocal_exact_post_borel,-0.4945408154729201,-0.15459388567624613,51.31000923044533,7.414331452033755,3.621248972287931,-0.03207710973428792
legacy_chi_condensate,theta_fixed,4.6598798134895505,2.5948684465168412,35.3,-0.336145690396479,-0.2960311092319597,-0.43168344052153834,0.17443774159973202,-0.0018051500741334513,-0.03698026023601993,-0.045151235914082745,-0.08306650130200262,rohrwild_nonlocal_exact_post_borel,-0.4358464661765909,-0.10327730015161984,39.94219863456203,3.312137521738363,2.9314052098862606,-0.04309224660512177
legacy_chi_condensate,theta_fixed,5.265408826949469,2.585539147573553,35.3,-0.3881741081501402,-0.29998522345273965,-0.39643982121481497,0.11722598871362078,-0.0010546697975706172,-0.01971672115397487,-0.059469290361002874,-0.09488093615127374,rohrwild_nonlocal_exact_post_borel,-0.4691385853112032,-0.14345473258261582,46.10271719015344,6.387170118396271,3.2704126395444533,-0.031307801961346804
legacy_chi_condensate,theta_fixed,3.943744055816055,2.569981016995703,35.3,-0.3029716090989076,-0.33825498081408467,-0.4516470211862588,0.1478235162700137,-0.0014963241294961376,-0.0329351517683435,-0.04015440226702656,-0.07542876979982963,rohrwild_nonlocal_exact_post_borel,-0.4511370591637607,-0.05180329926357566,42.87019301027512,0.8322620314490992,3.459458267343162,-0.035175608425282195
legacy_chi_condensate,theta_fixed,4.522823489233826,2.546683640282544,35.3,-0.3542233109444367,-0.2955858694533052,-0.4239653070406283,0.1606241566113675,-0.0015249675778666015,-0.030719751446177765,-0.04561261507810051,-0.07728986174886164,rohrwild_nonlocal_exact_post_borel,-0.44592938012098127,-0.11828841102078796,41.82735562104342,4.3417625690950485,2.888673470780521,-0.03372084490451903
legacy_chi_condensate,theta_fixed,3.566328680100952,2.5197834809677717,35.3,-0.22032021565061563,-0.2899885139887551,-0.37374522313826913,0.12279356992376414,-0.0016739809733206015,-0.03736287980092949,-0.02186039607675859,-0.06317140904004763,rohrwild_nonlocal_exact_post_borel,-0.3639842433772358,-0.01223953605498973,27.659066369045064,0.046516185392705016,3.631326030583519,-0.04327085021478943
legacy_chi_condensate,theta_fixed,3.9720232677229754,2.5527093207975455,35.3,-0.4318403514388219,-0.30629364134384524,-0.39556487294752385,0.12384559040697712,-0.0015293658081211902,-0.03304499299517734,-0.041174378262551756,-0.07463881871183585,rohrwild_nonlocal_exact_post_borel,-0.49951999389861845,-0.17544702777192175,52.479288292116415,9.551249224637552,2.705903502676733,-0.031268425909529544
legacy_chi_condensate,theta_fixed,5.194080018478978,2.5454075699910637,35.3,-0.2595031028749227,-0.24664488820837088,-0.3847268462425227,0.16817724460113997,-0.0015563037429537929,-0.028538982824034498,-0.03954775658405668,-0.07644516522160531,rohrwild_nonlocal_exact_post_borel,-0.35125201121542154,-0.06926460783223887,25.947825443710496,1.4895082576312955,2.9578410835922417,-0.040703131761723514
legacy_chi_condensate,theta_fixed,4.439418409163025,2.5909848415261316,35.3,-0.46279716819930666,-0.3469642866694288,-0.4212312754846099,0.10053759535657256,-0.0012009492638345935,-0.025069657277556858,-0.05217366997538596,-0.09470200311397549,rohrwild_nonlocal_exact_post_borel,-0.5506014689533343,-0.1772102071093911,63.571303380187295,9.74483153969388,3.0753184424297926,-0.029433966411382104
legacy_chi_condensate,theta_fixed,5.636462506574239,2.538573393066113,35.3,-0.3188798687802458,-0.31568936497426187,-0.36576977475928923,0.072804774011422,-0.0012308687048450259,-0.021493495521549638,-0.04914073866787047,-0.11251864930222737,rohrwild_nonlocal_exact_post_borel,-0.441913120981107,-0.07782634114422327,40.971332223153155,1.8792066868245836,3.008250797905451,-0.03609522160362949
legacy_chi_condensate,theta_fixed,4.526414695476683,2.5037434049281337,35.3,-0.31368648793258197,-0.35346341569789824,-0.39126482342105634,0.06628011249068609,-0.0013819838517906736,-0.027096720915737275,-0.04029809655616285,-0.09684042918727856,rohrwild_nonlocal_exact_post_borel,-0.46974090898711146,-0.051759804600339854,46.118393849485955,0.8310432327656758,2.8650224976706755,-0.031113130504502443
legacy_chi_condensate,theta_fixed,3.7988110156676576,2.586955838632808,35.3,-0.32566663790409495,-0.2873105897695968,-0.40613838965870563,0.1599977587046027,-0.0017522394580763792,-0.039417719357417426,-0.036307661570826405,-0.06672428421218798,rohrwild_nonlocal_exact_post_borel,-0.4226739220592918,-0.09976417016407321,37.599021285819,3.0880705889161155,2.9112396891735464,-0.0376280137119041
legacy_chi_condensate,theta_fixed,3.1323728314195494,2.58086838896856,35.3,-0.2572095600275027,-0.3177608973262725,-0.4520297662529048,0.1903869645389072,-0.0022001560286278414,-0.05391793958364711,-0.025881732173098936,-0.052664090640094155,rohrwild_nonlocal_exact_post_borel,-0.40796711829179266,-0.026297833215493643,34.95018882056876,0.21450314515695057,3.2342960876844087,-0.040664963903619435
legacy_chi_condensate,theta_fixed,3.2782172100641063,2.543055474697982,35.3,-0.3183732260312355,-0.3199607825378504,-0.4146739763578506,0.1358968814260697,-0.0016841717939338168,-0.03949951581213566,-0.029530478144681512,-0.057004419494956306,rohrwild_nonlocal_exact_post_borel,-0.445106418042326,-0.07494457974596916,41.651380753804524,1.7427691364852074,3.096246754311484,-0.031979405200609656
legacy_chi_condensate,theta_fixed,4.620576259417526,2.551485724287032,35.3,-0.37468273334996743,-0.33113161217217507,-0.4207630597102573,0.12006856570644879,-0.0014569622394496845,-0.02898015592891687,-0.04453339902930529,-0.08829034479702481,rohrwild_nonlocal_exact_post_borel,-0.4867622301486878,-0.11444573627279642,49.9453331372352,4.0643795322265435,3.063091011526808,-0.034748183447679014
legacy_chi_condensate,theta_fixed,3.7941341604082894,2.5123179868699204,35.3,-0.3566451240477249,-0.3930815100709372,-0.4137180584603194,0.05271816608708152,-0.0014244785005073047,-0.030657139197191974,-0.03594489731974294,-0.08161306634681986,rohrwild_nonlocal_exact_post_borel,-0.5268987004645438,-0.06392634445547737,58.08364100466709,1.2672789607559984,3.1274044013078934,-0.02955041691403743
legacy_chi_condensate,theta_fixed,3.8944279695212027,2.500763393600594,35.3,-0.2852705608830559,-0.28163463850932885,-0.38523829162394696,0.1400203624946406,-0.0016287226958473426,-0.034787986684175105,-0.030817372227182973,-0.06868117473026114,rohrwild_nonlocal_exact_post_borel,-0.3946983837745336,-0.07007530492680486,32.83670195907165,1.5235301504004966,3.056331061856585,-0.036690371786067114
legacy_chi_condensate,theta_fixed,3.3079219181569064,2.5606516830731687,35.3,-0.36733476387755526,-0.36517467131673187,-0.4853764895268739,0.16523808420362776,-0.0018286031776458993,-0.04320766281583981,-0.0333697286149805,-0.05859741071200445,rohrwild_nonlocal_exact_post_borel,-0.5102999702145121,-0.08877674089157864,54.66154880105524,2.4462729893254056,3.0136698706046987,-0.02984345853891702
legacy_chi_condensate,theta_fixed,5.800760749503493,2.5092477707834666,35.3,-0.4635937326654466,-0.24235468639530441,-0.3909600473117819,0.16611767593503995,-0.0009874283422592516,-0.01652488667630322,-0.06175960620848552,-0.0778936167963911,rohrwild_nonlocal_exact_post_borel,-0.4656859427364336,-0.23830976841524365,45.260590133651554,17.62249890542343,2.942092987360986,-0.02572440942230245
legacy_chi_condensate,theta_fixed,3.1569396520123094,2.5900616179400338,35.3,-0.32053182643968686,-0.35425047397945625,-0.43507486490577435,0.13907956229628118,-0.002298140522188756,-0.055957030847774356,-0.023390672791715167,-0.059514023644284944,rohrwild_nonlocal_exact_post_borel,-0.4743388878840914,-0.0568917350439789,47.176117073564875,1.0045139839984896,2.992711906125561,-0.04062404769549723
legacy_chi_condensate,theta_fixed,4.387844631891486,2.506152749755785,35.3,-0.25944934823728116,-0.23188396417071708,-0.35503314413350395,0.15452959245771053,-0.00150564463551155,-0.029874767859412114,-0.029143939386028432,-0.06503981825419072,rohrwild_nonlocal_exact_post_borel,-0.33917400371676737,-0.07775044914992252,24.185661905932182,1.8767798988490385,3.351728513438243,-0.04253863184505563
legacy_chi_condensate,theta_fixed,4.421827989189945,2.572805761044375,35.3,-0.38361300582183766,-0.38572076983989817,-0.41584409804663286,0.058510630757537214,-0.0013227875183204226,-0.027064515032482164,-0.04910091153423393,-0.09831671213364665,rohrwild_nonlocal_exact_post_borel,-0.5364749197678216,-0.0901893063597807,60.25271904895856,2.5249570036474127,2.640277129672014,-0.026847356204147577
legacy_chi_condensate,theta_fixed,3.862277799164634,2.5766392207501383,35.3,-0.2994893416105395,-0.4254609488690612,-0.4253152481785415,0.0382949919380395,-0.0016493700557628898,-0.036791322572796444,-0.03853879437857779,-0.09911485444035663,rohrwild_nonlocal_exact_post_borel,-0.5202968729544604,0.0014313436647081512,57.19720486050349,0.000635531588668286,3.0002371243881565,-0.03538727129228464
legacy_chi_condensate,theta_fixed,3.108939030700327,2.5200109264795842,35.3,-0.342724174652295,-0.33486051882939455,-0.4496786392172599,0.15486486857502896,-0.0016083754098128657,-0.03843837277735075,-0.029753137630606698,-0.0526279968440714,rohrwild_nonlocal_exact_post_borel,-0.47133803423378695,-0.08620837805235404,46.7991487758492,2.3045931023964794,3.4139969060293307,-0.029735334184487757
legacy_chi_condensate,theta_fixed,5.3655719526269126,2.588652249998143,35.3,-0.2836322189145873,-0.3188150963175748,-0.4485202377690034,0.15816786623230913,-0.0014503671129508628,-0.027012357667929667,-0.04793848374091604,-0.09416817645083705,rohrwild_nonlocal_exact_post_borel,-0.4240960246104054,-0.047253181438367514,37.878684849875356,0.6932129114523559,3.4626943143819573,-0.04141628687799132
legacy_chi_condensate,theta_fixed,5.3467881478388195,2.5370220635935588,35.3,-0.30374917403155133,-0.3125270939152489,-0.3754117683290234,0.0798297812234819,-0.0008989017031467582,-0.016046205106560674,-0.053481375804274284,-0.09969307085102566,rohrwild_nonlocal_exact_post_borel,-0.43058888537707135,-0.0673049548376031,38.92682012571341,1.4049537548959043,3.5433615183734974,-0.02876870339875342
legacy_chi_condensate,theta_fixed,3.9748331624605897,2.510476858878103,35.3,-0.23801436435372456,-0.3604140477346331,-0.40227613586791167,0.0796577030258949,-0.0017282949105751138,-0.03606731998204118,-0.02822303729035388,-0.0772843300897773,rohrwild_nonlocal_exact_post_borel,-0.4316858675037727,0.014015535690268394,39.12641784197077,0.06098008058009932,3.348694293663298,-0.03990552131293076
legacy_chi_condensate,theta_fixed,3.458204858277165,2.5158701504680643,35.3,-0.23314028057212635,-0.30864904267443166,-0.4467249021523622,0.1909028606622055,-0.0022352673141479897,-0.05059173387012702,-0.022724278496148734,-0.054575373325769415,rohrwild_nonlocal_exact_post_borel,-0.386621974548372,-0.011919344168657392,31.32058015060974,0.04410987241641375,3.080163713715027,-0.040087381619409716
legacy_chi_condensate,theta_fixed,5.680267127460869,2.5935394291433815,35.3,-0.41728168862684445,-0.3578513106021212,-0.41003289044901753,0.0698979536395837,-0.0009244463695436384,-0.016791927423143775,-0.07394192175307363,-0.12569039723247566,rohrwild_nonlocal_exact_post_borel,-0.5331853115304881,-0.13377216351342702,59.826898032175116,5.552388017528876,2.8553893114184743,-0.024980079725370273
legacy_chi_condensate,theta_fixed,3.804522876544544,2.53615390297888,35.3,-0.22895228869853468,-0.26616391646657966,-0.37025250020160166,0.14797502924086703,-0.0019145047338334977,-0.04197194077201155,-0.025373114904004807,-0.06560699682013123,rohrwild_nonlocal_exact_post_borel,-0.3495282029958331,-0.03305172067577175,25.907596827848103,0.33916179924871237,3.010557844748478,-0.044636862807425445
legacy_chi_condensate,theta_fixed,3.472308767025885,2.596220469464222,35.3,-0.20189148588390168,-0.27765686809101087,-0.4522210292629429,0.22493908785350106,-0.0020711777873222022,-0.048303748894246844,-0.01860820006939477,-0.05024345075192684,rohrwild_nonlocal_exact_post_borel,-0.34327074160912996,-0.004325092558154386,24.6907812488607,0.005802125356017823,3.83316645773068,-0.048393083785777787
legacy_chi_condensate,theta_fixed,4.441291089773444,2.5375239781910937,35.3,-0.3732131746000479,-0.3191997557733076,-0.42371850981986253,0.13486461205433214,-0.0014362115197187999,-0.028909646488058487,-0.045008382123054864,-0.07832147887772578,rohrwild_nonlocal_exact_post_borel,-0.4761749978940131,-0.12014128832929058,47.5319524500278,4.478571906161457,3.0809458897372877,-0.03271771492683972
legacy_chi_condensate,theta_fixed,5.246636544004485,2.5717968336312773,35.3,-0.36484077097760215,-0.3003361170936351,-0.4053995265616889,0.12957774550390044,-0.0012433156521029943,-0.023271020383743655,-0.053385340272504356,-0.0952548830035712,rohrwild_nonlocal_exact_post_borel,-0.4559416160141959,-0.12420875244835361,43.688328932911084,4.789118168869239,3.193303484335677,-0.035291496247243564
legacy_chi_condensate,theta_fixed,5.022557702237625,2.5971851248812103,35.3,-0.3911687394624901,-0.3305284323017111,-0.38760436528910136,0.07748597948747404,-0.0009978785072080457,-0.01941216799287565,-0.06483468719655477,-0.1082387592877805,rohrwild_nonlocal_exact_post_borel,-0.4957965167105768,-0.1282491376585397,51.54824446170924,5.103446766080327,2.5409733782664463,-0.023491806488448154
legacy_chi_condensate,theta_fixed,5.24406198132523,2.5493776780054946,35.3,-0.3103039095141487,-0.38915278127105607,-0.44236470282893187,0.08192388329848213,-0.0014649809548040506,-0.027246980785802278,-0.04889052081948367,-0.1127640999382398,rohrwild_nonlocal_exact_post_borel,-0.49691369306831157,-0.028375783195803167,52.11079373645193,0.24989514365336463,3.4141746208072683,-0.040401256351806185
legacy_chi_condensate,theta_fixed,4.2812853784430525,2.5107764080665125,35.3,-0.3728050075447882,-0.3319636674711209,-0.3921082726451493,0.08581160376541866,-0.0012120240531324068,-0.024454974538257766,-0.047866855631671416,-0.08140322985917202,rohrwild_nonlocal_exact_post_borel,-0.4863562435821584,-0.1124324441609216,49.740001219449006,3.9214112853027996,2.795063050420334,-0.025552923070432495
legacy_chi_condensate,theta_fixed,5.449994881870021,2.514807880227814,35.3,-0.36472977657667316,-0.33188962089177365,-0.40733948847427254,0.09846529332362788,-0.0012376278547677302,-0.021777797886361264,-0.054718597102347194,-0.10007765771243832,rohrwild_nonlocal_exact_post_borel,-0.4816294776017531,-0.10588473299969883,48.738720229101695,3.47888125043749,3.0220822549127337,-0.03150222102065535
legacy_chi_condensate,theta_fixed,3.9525577331816093,2.552808800008025,35.3,-0.34007559065096926,-0.3058454757742422,-0.42824132776282786,0.16199248810912825,-0.001739526286365387,-0.037857109834177304,-0.03463651322306927,-0.06990351738099727,rohrwild_nonlocal_exact_post_borel,-0.4461272624596966,-0.10081333293962261,41.96003189237582,3.1528737394138457,3.263996865539158,-0.039954405226636014
legacy_chi_condensate,theta_fixed,3.844526577988624,2.5254041089294588,35.3,-0.31111107028691404,-0.3503158044920267,-0.4679884182597131,0.15459653046163763,-0.0016349371626578166,-0.035288979531293375,-0.03641435228611152,-0.06606260801547605,rohrwild_nonlocal_exact_post_borel,-0.46568380044052116,-0.051476780583462334,45.671928618141415,0.8215006361849245,3.3680358789991907,-0.03316186619198816
legacy_chi_condensate,theta_fixed,4.211109732165333,2.5543623878724047,35.3,-0.31805315838336357,-0.2876718500307932,-0.40606876405214987,0.1512252275785933,-0.0015054936192701518,-0.03132281993796644,-0.03526061405765793,-0.07042986125705802,rohrwild_nonlocal_exact_post_borel,-0.41856925294911407,-0.09334176633957969,36.64339403191727,2.702448245267704,3.2460875235406923,-0.03667647156996311
legacy_chi_condensate,theta_fixed,3.318662110289332,2.5437007444606676,35.3,-0.35001601256896003,-0.32033742296365714,-0.43067379420798424,0.14532964449866,-0.001426857376581029,-0.03356641587775195,-0.03088052466605103,-0.058732814934262675,rohrwild_nonlocal_exact_post_borel,-0.46369883390933453,-0.10055180275258507,45.160673043212874,3.1354992639831942,4.039071191726078,-0.03517846105701814
legacy_chi_condensate,theta_fixed,4.472627432246992,2.503355710430788,35.3,-0.33913391798380904,-0.30963274139811314,-0.3842644031617268,0.0967192097480775,-0.0010663539559169093,-0.021021194028547033,-0.051109153403477305,-0.08333194964133858,rohrwild_nonlocal_exact_post_borel,-0.448674039568564,-0.09785629816208274,42.26629705382312,2.9713584177554533,2.9203506424730974,-0.02480966566252636
legacy_chi_condensate,theta_fixed,3.008619808741286,2.5304009469273567,35.3,-0.33621771672100315,-0.30079415133227067,-0.4121206590214119,0.158624101697529,-0.0018784242728595774,-0.04541916973552822,-0.021192234650112565,-0.04778256715189915,rohrwild_nonlocal_exact_post_borel,-0.43977538483857165,-0.10058372334961499,40.80068126779458,3.1379736508912752,3.3993245974448056,-0.03636496814319051
legacy_chi_condensate,theta_fixed,5.288486603004998,2.5170477060909224,35.3,-0.30794995422213267,-0.29834045877740045,-0.3924041805642822,0.11763027568849355,-0.0012266806740260472,-0.022339873227585794,-0.05461727096222092,-0.09739104525198361,rohrwild_nonlocal_exact_post_borel,-0.4214380920258078,-0.07893122473755335,37.22626423073325,1.932128133131986,2.998035962979791,-0.03274755083237345
legacy_chi_condensate,theta_fixed,4.861226097357105,2.5674055406041156,35.3,-0.2521524304737028,-0.31898907222959483,-0.41864021408332486,0.12968320218246676,-0.001463172123982824,-0.028568888204753933,-0.04270335625189246,-0.09148310259373364,rohrwild_nonlocal_exact_post_borel,-0.40604717712742855,-0.021460809456770896,34.61593666891847,0.14291835134800626,3.3406191082710284,-0.04015154155211535
legacy_chi_condensate,theta_fixed,4.865553458702433,2.5449626318321314,35.3,-0.2717105888983191,-0.318444274239543,-0.39739827589029947,0.10753167732444291,-0.00141630248063456,-0.027161373193051813,-0.04498120557481336,-0.09247720840901076,rohrwild_nonlocal_exact_post_borel,-0.4169043779733122,-0.037737773412143516,36.46328544589118,0.4420423754589476,2.964391109152919,-0.035162474908571745
legacy_chi_condensate,theta_fixed,3.440446596368438,2.5973875235708763,35.3,-0.3244076956443088,-0.37626222686761873,-0.46613786660810036,0.14679625843122182,-0.002311045777416365,-0.05460957291332391,-0.029239296319384416,-0.06725195436675273,rohrwild_nonlocal_exact_post_borel,-0.49454320741068036,-0.04733531836363464,51.21042476385601,0.6950086977682878,2.951188505827305,-0.040853387667401056
legacy_chi_condensate,theta_fixed,5.130851548474388,2.572376330538811,35.3,-0.3632986096267208,-0.26882991728602385,-0.3658598030009489,0.12305668631999314,-0.0013032375222892948,-0.024723563082778774,-0.050553246954081116,-0.09219576410643557,rohrwild_nonlocal_exact_post_borel,-0.42933707233599167,-0.14115623437410885,38.85949632534467,6.188940039097193,2.929287552743972,-0.03715766174949211
legacy_chi_condensate,theta_fixed,5.8247686790227675,2.5957552130918673,35.3,-0.5026576556336125,-0.31459352470361546,-0.39934301059382726,0.10397033409009712,-0.0010194598988382216,-0.01820138830104709,-0.07377948520887341,-0.11388870387023599,rohrwild_nonlocal_exact_post_borel,-0.5472161598690535,-0.2284475408724948,62.84529001669831,16.189610645377783,2.6870057064960453,-0.026887992901654664
legacy_chi_condensate,theta_fixed,4.330609163238535,2.5461968336859937,35.3,-0.3800340174030149,-0.29176036665393473,-0.40863449294003773,0.14880917311639041,-0.0014851609068507587,-0.030449885923436622,-0.04080047901394918,-0.07288847205871442,rohrwild_nonlocal_exact_post_borel,-0.4577221570032721,-0.1415640947478751,43.959968881923615,6.216663422674034,3.179599133411469,-0.035930643172959444
legacy_chi_condensate,theta_fixed,5.849770199202405,2.5097846381322673,35.3,-0.22280386766861804,-0.17092098227254007,-0.3198042661511235,0.16919194578855118,-0.0011304696794071606,-0.01917819223056052,-0.044566945322365485,-0.07231843286680627,rohrwild_nonlocal_exact_post_borel,-0.26824395224048914,-0.08307061884629965,15.226459064387276,2.1436240303199177,3.4528913638997305,-0.04423916742782121
legacy_chi_condensate,theta_fixed,3.7891040444954704,2.57664869758251,35.3,-0.45530075095027467,-0.3256253550440546,-0.43523555135919156,0.14632514032727018,-0.001559588353809647,-0.035155355658323555,-0.04015042278156868,-0.07264900505223218,rohrwild_nonlocal_exact_post_borel,-0.528854102858803,-0.18342296353745155,58.871200192712486,10.431971439863766,3.1853332313060987,-0.034363034321273925
legacy_chi_condensate,theta_fixed,5.628491798450285,2.5685212307974687,35.3,-0.39323975536679223,-0.2673446912311061,-0.3789886269152223,0.13229526548116347,-0.001100397966057394,-0.0195509318309899,-0.06421918396147487,-0.0915938562609366,rohrwild_nonlocal_exact_post_borel,-0.4454266428714848,-0.16645057810241687,41.65430297829948,8.599272109415644,2.7870909770258185,-0.029604015276709254
legacy_chi_condensate,theta_fixed,5.276362547315033,2.5999731128426067,35.3,-0.4620376463324372,-0.3652110641548818,-0.4366419537889135,0.09571398307812129,-0.0012269660144844385,-0.02305612742960521,-0.06106380444878795,-0.10715293572161132,rohrwild_nonlocal_exact_post_borel,-0.5650544544553844,-0.16604629327295278,66.92535976819849,8.556183892650727,2.7666607804570593,-0.028327027647808634
legacy_chi_condensate,theta_fixed,4.381919976331648,2.517158584732695,35.3,-0.3234513232810514,-0.2736646534296482,-0.3662345664786462,0.12042239506114638,-0.0013216135920971071,-0.026530868420051274,-0.04066123570098,-0.07763365471615959,rohrwild_nonlocal_exact_post_borel,-0.4102568240150849,-0.10584157698224436,35.29816740562633,3.4766142100415776,2.775531780073775,-0.030541613286997085
legacy_chi_condensate,theta_fixed,3.8413187717718076,2.537157268748746,35.3,-0.19975400214908012,-0.2705598285859789,-0.4051995025934321,0.1696771943006914,-0.0015584324396040602,-0.033479087853634064,-0.02615014878299044,-0.056782435498150166,rohrwild_nonlocal_exact_post_borel,-0.33624341961762716,-0.006681690122515238,23.75147063840069,0.013855502671810125,3.768870451589531,-0.04015908424027696
legacy_chi_condensate,theta_fixed,4.240928309392632,2.573633382398307,35.3,-0.348819533444353,-0.33661269441064945,-0.45072313300177996,0.15773131862968393,-0.0019804544233496682,-0.04164042561520384,-0.04060767196407263,-0.07799002788068336,rohrwild_nonlocal_exact_post_borel,-0.4762903001414134,-0.09017052146869142,47.52225599550109,2.521012613409455,2.339567664569735,-0.03234716789516121
legacy_chi_condensate,theta_fixed,4.9770034439623965,2.5399984089907757,35.3,-0.24027775640296029,-0.34723595911355887,-0.420615113538641,0.1075809764002104,-0.0017178748185363612,-0.03248394715659191,-0.03604467939330947,-0.0971784684954387,rohrwild_nonlocal_exact_post_borel,-0.4222386523673262,0.004553237373309288,37.477296166153096,0.006430826577057492,3.2531084194989375,-0.04477613334511452
legacy_chi_condensate,theta_fixed,3.0291843983771107,2.568558996999625,35.3,-0.4458632752902533,-0.3567601194780586,-0.4538127286081825,0.14318192516925854,-0.0017902137357231796,-0.0443391023034114,-0.03201197024879086,-0.05787079102799858,rohrwild_nonlocal_exact_post_borel,-0.5488108372066074,-0.15772922388426797,63.3379544045764,7.724962096092213,2.9614029498950076,-0.029369781301408774
legacy_chi_condensate,theta_fixed,4.78968042758657,2.5113640133393904,35.3,-0.31032529747627136,-0.29266611591526115,-0.36508329276647355,0.1004796981877936,-0.0013918185835617729,-0.0266707027530194,-0.04111166028555876,-0.09124457478198461,rohrwild_nonlocal_exact_post_borel,-0.4181796577269449,-0.08414879394285255,36.82843026663242,2.196779577104328,3.191665320241917,-0.03966057616197832
legacy_chi_condensate,theta_fixed,3.569797046685022,2.523667828375446,35.3,-0.23704548068184106,-0.27065723296861405,-0.4124739335836383,0.18642098761318585,-0.0019067026896636306,-0.04269758430849801,-0.02201519089628569,-0.05406223723650628,rohrwild_nonlocal_exact_post_borel,-0.35787208019042394,-0.03706038167761469,26.959622468623213,0.42628730455770447,3.5623060852693844,-0.04420470328716477
legacy_chi_condensate,theta_fixed,3.4278084311570995,2.5561462745391412,35.3,-0.2945739911539584,-0.2923957068347426,-0.3747479811451186,0.1150105072046889,-0.0013392037132518222,-0.031319029181061095,-0.031789897230663125,-0.06637602973708424,rohrwild_nonlocal_exact_post_borel,-0.4088569542592859,-0.07144981870922582,35.06839669943511,1.5845940086757122,3.7404644945883656,-0.03672292778477895
legacy_chi_condensate,theta_fixed,4.365397378532956,2.5977735319383,35.3,-0.40005245685149105,-0.45267638473477384,-0.4847367330345887,0.05088222565344279,-0.0008520981268156218,-0.01796977922681235,-0.06146319802558779,-0.10459292964320384,rohrwild_nonlocal_exact_post_borel,-0.6006195760686251,-0.06491534774307312,75.46085673920143,1.3079262401503369,3.629480924692851,-0.021231436854525415
legacy_chi_condensate,theta_fixed,4.916729730868655,2.5957046383772893,35.3,-0.2696230775908033,-0.26229110685116486,-0.4065781000328784,0.17937149475564357,-0.0016908187859038372,-0.033393682788026145,-0.039833666437867316,-0.0805200424549931,rohrwild_nonlocal_exact_post_borel,-0.3698693829405586,-0.06848261287301999,28.713815154909756,1.4550279224246268,3.110934770971198,-0.046275214654676516
legacy_chi_condensate,theta_fixed,5.856983678425827,2.5723736945711764,35.3,-0.3747743282144232,-0.31097380399371455,-0.385088744962348,0.09319511978180532,-0.0010277980556847718,-0.018052380757487052,-0.06576603397991561,-0.11540088016832124,rohrwild_nonlocal_exact_post_borel,-0.470363613951401,-0.1261688334315207,46.74785682800566,4.941161991341393,3.044555527740978,-0.031247009723428528
legacy_chi_condensate,theta_fixed,5.962948725607301,2.588561024376224,35.3,-0.5009602449497269,-0.43197018698462103,-0.4258599612571076,0.015019567103826716,-0.0011448075122434686,-0.019984985319096538,-0.07828383348426161,-0.14423907636695377,rohrwild_nonlocal_exact_post_borel,-0.6420308044493329,-0.15923522098380524,86.43766812674623,7.861980801217062,2.3900941684663732,-0.025082384124385987
legacy_chi_condensate,theta_fixed,5.685113617182236,2.5748281081271704,35.3,-0.38045330451306264,-0.38215789489405,-0.47150427620085406,0.11289773545410708,-0.0012512929830707006,-0.02230006116423228,-0.06634525007735838,-0.1089019293647233,rohrwild_nonlocal_exact_post_borel,-0.5317412661037099,-0.08966938980044725,59.53351434902268,2.4946372870432154,3.113369642600684,-0.030966991958650977
legacy_chi_condensate,theta_fixed,4.71507191234799,2.5007117202847042,35.3,-0.3523676669180102,-0.32492879694763716,-0.398078815379962,0.09674991218574053,-0.0011814054611277436,-0.022418488292288024,-0.0475301690386198,-0.08632195259063027,rohrwild_nonlocal_exact_post_borel,-0.46880494820328994,-0.09981791580268146,46.306107519862664,3.0916575506176454,3.1011718442288845,-0.02854517216317787
legacy_chi_condensate,theta_fixed,5.859382456689799,2.5185421508246213,35.3,-0.32416405432362216,-0.27937726682569547,-0.378346649643492,0.11771873958725673,-0.001060787874733202,-0.017688568894726975,-0.0550777491519059,-0.09422865837889242,rohrwild_nonlocal_exact_post_borel,-0.41533095961227884,-0.10312218637164206,36.077719238463935,3.3000571122455646,3.031062006521489,-0.029644550686204085
legacy_chi_condensate,theta_fixed,5.282650875313719,2.5159645404819897,35.3,-0.3364093924920936,-0.29970700988922094,-0.3822396645737153,0.10676189258751526,-0.0012765862851146397,-0.022952651617906307,-0.049338581396313946,-0.09517416000642366,rohrwild_nonlocal_exact_post_borel,-0.438998889146899,-0.10136837012315913,40.62070734968471,3.1866408549913117,2.9930348662503805,-0.033913120053265786
legacy_chi_condensate,theta_fixed,5.017646689785247,2.5919807769819116,35.3,-0.4053300614322547,-0.328657748725304,-0.39521630085757475,0.09265769314181348,-0.0012797555551693693,-0.024819385454373375,-0.04814832625043652,-0.10266874793922949,rohrwild_nonlocal_exact_post_borel,-0.5024530093963034,-0.14088771361072847,52.96412114064026,6.161303917236086,3.466763104113451,-0.04003228232162433
legacy_chi_condensate,theta_fixed,3.141476980376332,2.5198094817969996,35.3,-0.2785833556894126,-0.3221684813268307,-0.4487194280095743,0.1798817264842065,-0.0021691065175301416,-0.05116167328393277,-0.024160121323553295,-0.04875563903239874,rohrwild_nonlocal_exact_post_borel,-0.42391532406133375,-0.04119483527803727,37.76369025525331,0.5271525108112446,2.8632189011794376,-0.03315501598344375
legacy_chi_condensate,theta_fixed,3.1960882126457135,2.5189576197566845,35.3,-0.6085078795631564,-0.3742515618672381,-0.4258580019633795,0.07713664751814159,-0.0010387154302878628,-0.024491491991712442,-0.03919949603025976,-0.0640942842031684,rohrwild_nonlocal_exact_post_borel,-0.6570716854890735,-0.2803620359090442,90.83842764211859,24.41175964942838,3.1067950521271146,-0.01879705283690747
legacy_chi_condensate,theta_fixed,3.2626536003269644,2.587178036483908,35.3,-0.27690836551763115,-0.3656448538696775,-0.4601757993092972,0.1420669709302234,-0.0019037898621136614,-0.045632235628490045,-0.02851976937770623,-0.0616712596732867,rohrwild_nonlocal_exact_post_borel,-0.45843012013234863,-0.014704659481409865,44.04118089499898,0.06714068980171897,3.029695487475646,-0.0330384710476204
legacy_chi_condensate,theta_fixed,3.4903938668739385,2.5062801260533965,35.3,-0.27783170803627444,-0.3017104488313479,-0.40660384978201036,0.14778411137115843,-0.0018301616710005681,-0.041060548749495475,-0.024649717579129968,-0.05843747515620671,rohrwild_nonlocal_exact_post_borel,-0.406784409395473,-0.0524032174312159,34.78405110060038,0.8524577693369896,3.3566043060897535,-0.039228004545734635
legacy_chi_condensate,theta_fixed,4.541448606324298,2.5658003982053232,35.3,-0.3378990366064711,-0.3376466323501335,-0.447762534666432,0.1420966759794968,-0.0015145685543224245,-0.030466205108875814,-0.04072306060352635,-0.0813051878028299,rohrwild_nonlocal_exact_post_borel,-0.4708236433998103,-0.08066042457547423,46.72480877103084,2.0181686158595604,3.4520733705300346,-0.0378016846549854
legacy_chi_condensate,theta_fixed,3.4300899095217012,2.5186477090577664,35.3,-0.3102211978213927,-0.34105955334102456,-0.4135798787157923,0.11952599097582854,-0.0019816436734703376,-0.045024021927590474,-0.02593963635895311,-0.06358630478544454,rohrwild_nonlocal_exact_post_borel,-0.4576152063440351,-0.05609931751478822,44.252918388338,0.9774042716424503,2.9714673961763496,-0.036738369939938315
legacy_chi_condensate,theta_fixed,5.778618093011072,2.5719008234025735,35.3,-0.3431334466589028,-0.23851033640280717,-0.3708806011981647,0.15559735058776497,-0.0012466168959115182,-0.02198046889649594,-0.04372997570350478,-0.08827846125070182,rohrwild_nonlocal_exact_post_borel,-0.39293952949383315,-0.1422190878474593,32.517456954015856,6.2783769858671,3.806569039858127,-0.04839371510618152
legacy_chi_condensate,theta_fixed,3.3765008017712717,2.5092099343314156,35.3,-0.23341195305334114,-0.3708612689314728,-0.44984730719071286,0.12265662066739043,-0.001844951310529579,-0.041825631097620865,-0.024449384011962248,-0.05929634131180583,rohrwild_nonlocal_exact_post_borel,-0.4375526989739204,0.023808742979735814,40.16754722978991,0.17591337828730017,3.668211752409908,-0.03737828267623287
legacy_chi_condensate,theta_fixed,5.943748360240787,2.587693214779829,35.3,-0.33222590339386393,-0.3040108990596309,-0.4203273633922396,0.14150204374575362,-0.0013723253188317524,-0.023813254094313188,-0.05671208491246225,-0.10142900626757045,rohrwild_nonlocal_exact_post_borel,-0.4400939938104722,-0.09546703224078029,40.521205445948546,2.829368531337137,2.890967540966485,-0.036187574067469426
legacy_chi_condensate,theta_fixed,5.53648218554546,2.595967412839949,35.3,-0.3666235379372778,-0.29291466990575016,-0.4404671510674386,0.17099715802190202,-0.0012156541258994036,-0.02222902273431419,-0.06255932812576745,-0.08945077794803581,rohrwild_nonlocal_exact_post_borel,-0.4509148794715159,-0.1299522754199767,42.60688172938668,5.239095901969094,3.0145024686950537,-0.03126396548024122
legacy_chi_condensate,theta_fixed,4.665174676851251,2.5194808943709917,35.3,-0.39153824684076016,-0.2955743002308872,-0.3767689015603049,0.10060132447561174,-0.0009485800834774297,-0.018458143062716606,-0.05519323238785553,-0.086241833824581,rohrwild_nonlocal_exact_post_borel,-0.4674826582547502,-0.14874921824059148,46.24071802109682,6.864166505346786,3.143535310441623,-0.025348814273391487
legacy_chi_condensate,theta_fixed,4.178068732069365,2.510689999940512,35.3,-0.375074894217977,-0.273268581386825,-0.40393069413994376,0.1663933502725101,-0.0016576350750913066,-0.03407360244430002,-0.04094886719907252,-0.06559160277063383,rohrwild_nonlocal_exact_post_borel,-0.4397646487963623,-0.14820238700778954,40.706168620106574,6.814881031782805,2.5915620222634197,-0.03145136992527572
legacy_chi_condensate,theta_fixed,4.537320891861112,2.578779852117572,35.3,-0.2517670662113427,-0.28312871831354547,-0.431615953107044,0.18828444795366528,-0.0018743640750872636,-0.03792284908507961,-0.032212407156579366,-0.07099220715526156,rohrwild_nonlocal_exact_post_borel,-0.37655750862579274,-0.041868478119865354,29.707672579708248,0.5437615059580329,3.194187697705375,-0.04525832518550458
legacy_chi_condensate,theta_fixed,3.8664252909801258,2.577063976612826,35.3,-0.4490873044422875,-0.2854388204034521,-0.3750838498242487,0.11476849185448937,-0.001083033758026636,-0.02404042867566607,-0.04340486429002296,-0.07284749991076007,rohrwild_nonlocal_exact_post_borel,-0.49246587388520935,-0.20157403171795493,50.8067028519243,12.618452096241258,3.5753617301922014,-0.031058936465620284
legacy_chi_condensate,theta_fixed,3.3190641345847616,2.544332568636081,35.3,-0.48613331649870495,-0.36311209680653,-0.4294009794302681,0.09993290238077837,-0.0013766006431103317,-0.0322674191139299,-0.034489116277082094,-0.06589765365693638,rohrwild_nonlocal_exact_post_borel,-0.5772652750222516,-0.18692457973939405,70.0087925574167,10.847878322381451,3.328074918853325,-0.027804206370312827
legacy_chi_condensate,theta_fixed,3.53070926211171,2.5715641217033554,35.3,-0.4249724502527997,-0.34481976569182354,-0.42804330446043876,0.1195610963183458,-0.001507692519306435,-0.03482986503042405,-0.04214168818340768,-0.06914057036032507,rohrwild_nonlocal_exact_post_borel,-0.5269939431152506,-0.1475792607566267,58.29037850599047,6.757794481427421,2.559039676346708,-0.025246255888024618
legacy_chi_condensate,theta_fixed,5.9391606732138404,2.5416454571426708,35.3,-0.4090478267489374,-0.32088402292621226,-0.3951226642255015,0.09597311703394532,-0.0012021131175324092,-0.02053236261712364,-0.06172770275586201,-0.1132518032118704,rohrwild_nonlocal_exact_post_borel,-0.4982569185906024,-0.14841402835964143,52.32832107166175,6.835357806723616,2.903218967657857,-0.033115127548833535
legacy_chi_condensate,theta_fixed,3.582750049307153,2.5721736695767476,35.3,-0.2817749720342826,-0.3041362270992807,-0.433636841259544,0.17819825399096353,-0.0020285225120153403,-0.04666911731868493,-0.02960890559769199,-0.06180882851503141,rohrwild_nonlocal_exact_post_borel,-0.41104282339133846,-0.054219708940411365,35.396051123009066,0.9125450998370113,3.1060201259795646,-0.041388865266982655
legacy_chi_condensate,theta_fixed,3.4190091967605114,2.586558584189425,35.3,-0.16625862357804033,-0.27298103399099327,-0.40315145605706004,0.18371635300222008,-0.0021839514236046955,-0.05136197951254865,-0.015176036003162046,-0.05629468294994687,rohrwild_nonlocal_exact_post_borel,-0.3188638964730774,0.022054259426761924,21.27170471776201,0.15085650517891663,3.4649935434671724,-0.051513110339032754
legacy_chi_condensate,theta_fixed,3.862709999860706,2.578030575309223,35.3,-0.32311448447481916,-0.31228970698415087,-0.42252887434578357,0.14674863122960735,-0.0015787949027670156,-0.03493066896520764,-0.03374200092223799,-0.06988692465605299,rohrwild_nonlocal_exact_post_borel,-0.44158553726740435,-0.08324688848198988,41.06309048961759,2.149907146017853,3.387685714104634,-0.0377132942288903
legacy_chi_condensate,theta_fixed,5.99937231447594,2.5934076238739827,35.3,-0.39395726180814045,-0.29943076637125193,-0.3877458068950296,0.11130754658546471,-0.001232155860213848,-0.02176035020147323,-0.06352647177996493,-0.1176042378602864,rohrwild_nonlocal_exact_post_borel,-0.4720279114791717,-0.14849497892405047,46.859206276829624,6.845405823119128,2.9736464249855246,-0.038207745668112504
legacy_chi_condensate,theta_fixed,5.210665750059038,2.5705846924634597,35.3,-0.33206305057485874,-0.28909030365352195,-0.42455510515085515,0.1657668528879249,-0.0015247531476237587,-0.02877729824296787,-0.04583588367062611,-0.08783183064919875,rohrwild_nonlocal_exact_post_borel,-0.4278226292900548,-0.1039561017493012,38.646238270505364,3.353230266929151,3.367996664319438,-0.04384672075440921
legacy_chi_condensate,theta_fixed,4.424071816581766,2.506605292480789,35.3,-0.22215901640076113,-0.252961087123908,-0.38430091762213214,0.17021781765745958,-0.0018603558357622699,-0.03701763132347318,-0.03208126617970161,-0.06744435733162121,rohrwild_nonlocal_exact_post_borel,-0.33482733348208377,-0.03513683139300558,23.483968479079863,0.38304536094464064,2.90949333402803,-0.043080842176567345
legacy_chi_condensate,theta_fixed,3.0266454874771123,2.5466322810714863,35.3,-0.2924935950385651,-0.3193619340373588,-0.42611683765968095,0.1575606194933047,-0.002016736635864643,-0.04878897923511785,-0.022924336185968272,-0.04977318308489117,rohrwild_nonlocal_exact_post_borel,-0.4296629331849654,-0.05416928924730696,38.621907409408195,0.9106319051044465,2.653406726016602,-0.02964378230132497
legacy_chi_condensate,theta_fixed,5.037280196404216,2.5166231134074066,35.3,-0.304167297473241,-0.2674225594374911,-0.36887983927720636,0.12466881333130474,-0.0011794130986098657,-0.022032120392979627,-0.04840837044021204,-0.08698325809958557,rohrwild_nonlocal_exact_post_borel,-0.39401899512542043,-0.0937102002379008,32.58313953411667,2.7237520962719053,3.3947474435407607,-0.03667221153691336
legacy_chi_condensate,theta_fixed,4.185306365833342,2.578635908912852,35.3,-0.45349118633042185,-0.42712924927643175,-0.4475279351596071,0.05433831782613724,-0.0015102151500511955,-0.03242941679291074,-0.04911864350470209,-0.10311139484552796,rohrwild_nonlocal_exact_post_borel,-0.6106495757689703,-0.12329131064271451,78.2847583138512,4.718308583569796,2.8569157639716263,-0.031112690300450562
legacy_chi_condensate,theta_fixed,4.178963766355785,2.5497331525742735,35.3,-0.4488295286138646,-0.3279871644356963,-0.41354261803955455,0.10876947342343787,-0.0010520830282617338,-0.022161936791317914,-0.05207558767557615,-0.08156654978237432,rohrwild_nonlocal_exact_post_borel,-0.5270422191177507,-0.17677676617064023,58.29130823270093,9.696032463405473,3.091134325966177,-0.02438305050102465
legacy_chi_condensate,theta_fixed,4.396052446667031,2.5551016118906946,35.3,-0.31958778288460676,-0.34163966640051996,-0.4303201781621003,0.12193618055391489,-0.0015550778305881154,-0.03170059096174645,-0.034562406593998715,-0.08374191535084284,rohrwild_nonlocal_exact_post_borel,-0.4635012110116006,-0.06340851692112673,45.12834376109597,1.2479502869495067,3.469232554591103,-0.03949168263045493
legacy_chi_condensate,theta_fixed,5.37257920659675,2.5441691065034324,35.3,-0.3184645741247282,-0.2750181792608273,-0.3719253464360799,0.11656682896229183,-0.0010235902090128541,-0.0186360715780264,-0.053800725202245166,-0.0955164210719258,rohrwild_nonlocal_exact_post_borel,-0.40847985630418526,-0.10098955832212159,35.099751650853754,3.1629228159134346,3.590455545186867,-0.03529119149982494
legacy_chi_condensate,theta_fixed,5.805281786823969,2.5808539012098115,35.3,-0.21648584394886947,-0.271746993405732,-0.426998620878166,0.1885378709785419,-0.00177092448494558,-0.03151531902116243,-0.040375286370847516,-0.09032272780714931,rohrwild_nonlocal_exact_post_borel,-0.34688093180663526,-0.0196511629241036,25.260826956724014,0.11981223742359948,3.320410531350554,-0.05345766009889601
legacy_chi_condensate,theta_fixed,5.166182136569192,2.534660237161221,35.3,-0.3197903504721481,-0.27579693043180176,-0.3812819448986611,0.13551574440526892,-0.0015334004784900125,-0.028497329459919552,-0.04362982842038321,-0.08967945566935961,rohrwild_nonlocal_exact_post_borel,-0.4098815343787204,-0.10162156693364494,35.495866022996786,3.205157655864104,3.0458258865126204,-0.04266099619103212
legacy_chi_condensate,theta_fixed,4.001262153032781,2.5007954226000515,35.3,-0.3414747539871042,-0.27302294970817276,-0.36060675543128434,0.11759233853723718,-0.001375467005253202,-0.02863306580887235,-0.03294102924071946,-0.06780101842615421,rohrwild_nonlocal_exact_post_borel,-0.42014808233733486,-0.12092198967170889,37.1684674139918,4.536921477904929,3.352642597550772,-0.03595010233215884
legacy_chi_condensate,theta_fixed,3.740023171201512,2.565228096488098,35.3,-0.2375507618208531,-0.2881588129592104,-0.39415533694736193,0.14533159202734652,-0.0016662359244764328,-0.037668832114718595,-0.0341187770995588,-0.06979441950529432,rohrwild_nonlocal_exact_post_borel,-0.3724477580651797,-0.027359339172397024,29.028848196825155,0.2323805572541478,3.2193685272414623,-0.04039371245615974
legacy_chi_condensate,theta_fixed,4.896007040409385,2.510336610815093,35.3,-0.2010725107004974,-0.17709747619467894,-0.342452376107232,0.19541388085439043,-0.0015381847350220835,-0.02852079620681527,-0.026123992525411997,-0.055481590652663004,rohrwild_nonlocal_exact_post_borel,-0.2607271907930202,-0.061765707436299624,14.341101455535116,1.1850004570048198,3.4218200392237414,-0.048386611897880266
legacy_chi_condensate,theta_fixed,4.111601939643766,2.5388029118946562,35.3,-0.30289531589802227,-0.32367911712121644,-0.41417446896829374,0.11957665871298627,-0.0013108827978531505,-0.027770424068055934,-0.04258258294577195,-0.07976618888750456,rohrwild_nonlocal_exact_post_borel,-0.4391970622883061,-0.06016380748136424,40.736362113027475,1.1240717513299732,3.3083529606270536,-0.03200847228758388
legacy_chi_condensate,theta_fixed,5.356827240312462,2.5083868991762635,35.3,-0.310651136148849,-0.35466211464766945,-0.38759931275475723,0.05864803394282278,-0.001372312075619329,-0.02433852376011572,-0.04746633641836321,-0.11122023303929963,rohrwild_nonlocal_exact_post_borel,-0.4689652110882932,-0.04858986258305273,46.26008293894062,0.732513499072914,2.962717232605376,-0.03552636486179753
legacy_chi_condensate,theta_fixed,3.9097825848462713,2.5662693939977133,35.3,-0.18498279831789305,-0.2577286906653803,-0.3757421517877911,0.1637083110448474,-0.0019828520300214396,-0.043711997892415096,-0.021778915236648436,-0.06809080391289482,rohrwild_nonlocal_exact_post_borel,-0.3172357928819493,-0.002040926302081636,21.05512403875916,0.0012925016936319652,3.2094345911332596,-0.051374913218284086
legacy_chi_condensate,theta_fixed,3.553283027471915,2.557459356879869,35.3,-0.393648643135125,-0.4274167915906415,-0.4930986994409496,0.118763241691374,-0.002225403294468623,-0.05085593054659733,-0.03141615728029491,-0.07420264336163551,rohrwild_nonlocal_exact_post_borel,-0.5763037800124339,-0.07428540313643808,70.3707442442634,1.713048519426745,2.7718658429114,-0.034674701181157695
legacy_chi_condensate,theta_fixed,3.278657659446693,2.5089881614828924,35.3,-0.24096508656337295,-0.29217190442588353,-0.40383380356254633,0.15731656130855248,-0.001886514057182423,-0.043768148114707243,-0.022916349711783496,-0.05477341578509901,rohrwild_nonlocal_exact_post_borel,-0.37769598644814795,-0.027826902438142814,30.10885196008213,0.24024421690317233,3.1361526322216253,-0.03668261284383711
legacy_chi_condensate,theta_fixed,5.126716402195736,2.562516359473571,35.3,-0.4303428717147351,-0.34206303460766013,-0.39899842444493544,0.07341269828140776,-0.0008194795827431503,-0.015657828861389285,-0.07291129238781464,-0.11201318887110172,rohrwild_nonlocal_exact_post_borel,-0.5278474102396546,-0.15355526166164424,58.88092178449048,7.314162691301091,3.060241936791483,-0.022771544556242668
legacy_chi_condensate,theta_fixed,5.892401754770572,2.5234114849436136,35.3,-0.2825469234284877,-0.2273929393236485,-0.36925925728894315,0.1653522769346387,-0.0013058212308679495,-0.022180137738476113,-0.04727345191639616,-0.08406841544864412,rohrwild_nonlocal_exact_post_borel,-0.3488558194501007,-0.09919642145234345,25.429030800657728,3.052778854173859,3.2893122868767617,-0.04268313830806247
legacy_chi_condensate,theta_fixed,3.4655207959691223,2.5134907720518957,35.3,-0.3765568861881171,-0.3375907374533,-0.4349149807732689,0.13700149117799118,-0.0016712749703776469,-0.03800597288764458,-0.032670391405943106,-0.06369080901369893,rohrwild_nonlocal_exact_post_borel,-0.49311675859643567,-0.11224284806301954,50.97096448960799,3.910583075644426,3.094187231891105,-0.03147793597373546
legacy_chi_condensate,theta_fixed,4.772002475417702,2.593977031532397,35.3,-0.3552745359770413,-0.2884671616031759,-0.40671821811394476,0.1478950316147222,-0.0014010053419337696,-0.028242969762019572,-0.05042028301919449,-0.087483162582986,rohrwild_nonlocal_exact_post_borel,-0.4407269934517254,-0.1232599548924857,40.74486940127439,4.715050750382389,3.124994487305338,-0.03816805679938117
legacy_chi_condensate,theta_fixed,3.9584874089891517,2.5726974056988787,35.3,-0.16793343659935964,-0.24847564963912117,-0.4090987963210719,0.19825011755795743,-0.0016636233634203187,-0.03596334751258642,-0.01987562013193532,-0.05661899119985951,rohrwild_nonlocal_exact_post_borel,-0.29983193461793856,0.006526758377529973,18.849008221346452,0.013210066870899897,4.136369852717147,-0.04963757603544712
legacy_chi_condensate,theta_fixed,3.2457952424081777,2.5851337131632426,35.3,-0.35551727952996987,-0.30468959174198207,-0.401594425131511,0.1354461606960532,-0.0015412803278353957,-0.03700004697868877,-0.02940626736308459,-0.058451911083827295,rohrwild_nonlocal_exact_post_borel,-0.45410699970328416,-0.11408381208904245,43.218639373672495,4.040993504961072,3.170317680231632,-0.03190650720047208
legacy_chi_condensate,theta_fixed,5.073938705265624,2.514412703779044,35.3,-0.5232047993768988,-0.3972124376342083,-0.4069187416028019,0.02677757947608339,-0.0008797174670155768,-0.016191558040474306,-0.0632746091111186,-0.11171151232898965,rohrwild_nonlocal_exact_post_borel,-0.6265178840346319,-0.19747486849495108,82.30113198632613,12.109039650138072,3.272518038647657,-0.023376695815468886
legacy_chi_condensate,theta_fixed,3.185585147720378,2.547177489874337,35.3,-0.24951391228042744,-0.4358681384846842,-0.5142397317689104,0.15599071515903976,-0.003104402686733481,-0.0745147191880801,-0.02380730624615275,-0.06398776426600959,rohrwild_nonlocal_exact_post_borel,-0.49991188873661785,0.04823204398919978,52.47967933526604,0.721980069577107,2.6244378423698436,-0.04052918706973465
legacy_chi_condensate,theta_fixed,5.3438773792258125,2.564266761361033,35.3,-0.30427637717562334,-0.2554749349537971,-0.37663968721593916,0.14605911912038796,-0.0012811327204439076,-0.02361323413780189,-0.049618589269889976,-0.08748985829073315,rohrwild_nonlocal_exact_post_borel,-0.3843311222098028,-0.1007032501845034,30.998310514941515,3.1454574168355443,3.2057754254391506,-0.03938750308396307
legacy_chi_condensate,theta_fixed,3.549389680013846,2.509514366307859,35.3,-0.4685825962071512,-0.3768957162590751,-0.3952289610385531,0.043389031255483365,-0.0010755600857397286,-0.023980226390265688,-0.04301802254765197,-0.07634782374962894,rohrwild_nonlocal_exact_post_borel,-0.5783727874509372,-0.16463580758422044,70.27465892563566,8.412216971753322,2.816135141601723,-0.02018509272325845
legacy_chi_condensate,theta_fixed,5.574413944093344,2.521937535143095,35.3,-0.2956685911448428,-0.2451836857230575,-0.3865758215582391,0.16560666768161866,-0.0013108743176659858,-0.02290365752877105,-0.05026745700748792,-0.08023767446417872,rohrwild_nonlocal_exact_post_borel,-0.3709579720767643,-0.09962498926983027,29.11976606123391,3.0825266215141705,3.1829965298438285,-0.0379456001092477
legacy_chi_condensate,theta_fixed,4.23034335284756,2.596643986700233,35.3,-0.26060160376007974,-0.3167436176368472,-0.46419511197520014,0.19225920946775227,-0.002014246160367938,-0.042793468969031453,-0.03256210111952734,-0.07128482833313136,rohrwild_nonlocal_exact_post_borel,-0.4090969964307395,-0.029654050437510404,35.32782577276894,0.273013360445435,3.0120934644738764,-0.04169700831370834
legacy_chi_condensate,theta_fixed,4.197800075961733,2.562663698371992,35.3,-0.3853512455317808,-0.3092391615519012,-0.4212464928807738,0.14533766967355002,-0.0015053604712313142,-0.03182497787344605,-0.04087919437563438,-0.07636539475438264,rohrwild_nonlocal_exact_post_borel,-0.4750598593635977,-0.1358034296019671,47.56844116403767,5.723247435657429,3.1895073613439817,-0.03580778537127235
legacy_chi_condensate,theta_fixed,5.37107979925946,2.5424797534683012,35.3,-0.3673685773278239,-0.3706151970802928,-0.40953251875334523,0.0638984614723782,-0.0013104245369625694,-0.023670715262363078,-0.05297523697025311,-0.11304484108248045,rohrwild_nonlocal_exact_post_borel,-0.5147597271599982,-0.08566048802626458,55.92645747864967,2.2771819352165736,3.038638322071897,-0.034112622104101084
legacy_chi_condensate,theta_fixed,5.9501346364463625,2.568330681485445,35.3,-0.30160976502734255,-0.33047172858453217,-0.4264230912566748,0.12040290501731321,-0.001327445574580777,-0.023124096770589762,-0.06003899445955255,-0.11296169866917032,rohrwild_nonlocal_exact_post_borel,-0.4439979024661723,-0.055189458768290456,41.462693902506054,0.9449639584575708,3.0968571417035236,-0.037548094540633965
legacy_chi_condensate,theta_fixed,3.5366954785627716,2.5737227678276193,35.3,-0.4328142880524771,-0.3516194776205029,-0.4016266306794053,0.08049328395333398,-0.0012558030328863083,-0.029230327861545197,-0.0399531589746476,-0.07891890876518508,rohrwild_nonlocal_exact_post_borel,-0.5370749093836846,-0.15005001397865608,60.423580320866755,6.984453503038047,3.508951598690197,-0.03143592885074926
legacy_chi_condensate,theta_fixed,5.042044294762374,2.5732376736717857,35.3,-0.39824852695177027,-0.35350233287754607,-0.4179243143314091,0.08826150650178308,-0.0011834112241975421,-0.022656113823722533,-0.06079797482706144,-0.10207406070904226,rohrwild_nonlocal_exact_post_borel,-0.5186374897409753,-0.12075157474874568,56.72180824910437,4.524342848880825,2.9963886270369287,-0.029744049119570532
legacy_chi_condensate,theta_fixed,4.097528186999565,2.5182359446920883,35.3,-0.17066532398894985,-0.22080320304076065,-0.3516503284595799,0.1698146890650685,-0.0017789182742598446,-0.037188645371989404,-0.019590408281593537,-0.060318508997415816,rohrwild_nonlocal_exact_post_borel,-0.2788260526965626,-0.011693571865188573,16.40914897576921,0.04245011652467488,3.6277813211365904,-0.05425413287554245
legacy_chi_condensate,theta_fixed,3.925859311300859,2.5674777894731275,35.3,-0.4627441261901405,-0.4098652276590855,-0.4562026625907185,0.07624145093033077,-0.0013038194343165611,-0.028600196564381206,-0.04989396037511869,-0.08725815094006964,rohrwild_nonlocal_exact_post_borel,-0.601906640616998,-0.14081912920008716,75.93471745092428,6.153485713901341,2.791081923173714,-0.024080662610040007
legacy_chi_condensate,theta_fixed,3.376086256757104,2.512000239394261,35.3,-0.40138573774159514,-0.3276457101264907,-0.42470296811784963,0.14371172341871846,-0.0019381655174943247,-0.044716299909865226,-0.03199542656884492,-0.06266631731080329,rohrwild_nonlocal_exact_post_borel,-0.4993477891355157,-0.13825341699983215,52.50364697291667,5.9285056672849725,2.553616133162801,-0.030446957573392965
legacy_chi_condensate,theta_fixed,4.774408553217903,2.5282866826069563,35.3,-0.308216694884053,-0.30137464769285716,-0.3813189847673381,0.10955616602474585,-0.00145260679580716,-0.028159222154457767,-0.04308568804047243,-0.09217070332017584,rohrwild_nonlocal_exact_post_borel,-0.42406854578034037,-0.07739559261993281,37.56305098822928,1.859546416767224,2.909309553219853,-0.036637008474262905
legacy_chi_condensate,theta_fixed,3.860514137782875,2.5085122826265343,35.3,-0.33085115472387827,-0.3236535105755602,-0.38308023666722785,0.09112430643144638,-0.0014247470434463675,-0.030272833296332315,-0.036762807430325915,-0.07346852415134533,rohrwild_nonlocal_exact_post_borel,-0.4553306584354012,-0.08299441534700933,43.48037657937813,2.1364435051949466,2.6862759446796804,-0.02750572587982543
legacy_chi_condensate,theta_fixed,4.93219777652401,2.5975085726091085,35.3,-0.3892437007815115,-0.33842927581274473,-0.41008067554456096,0.09769618915821617,-0.0012523044186128344,-0.024792485007787073,-0.05532351789420507,-0.10501310440588622,rohrwild_nonlocal_exact_post_borel,-0.5011322938142355,-0.12211247856672303,52.58893939472233,4.628513447589734,3.1639075396712153,-0.03493514422057086
legacy_chi_condensate,theta_fixed,4.838696659714839,2.5819564121630534,35.3,-0.34872957140297245,-0.3297015847441955,-0.4160394726891744,0.11471129705808224,-0.0013621158046609404,-0.02701129330844232,-0.050120436904962526,-0.09808828391889306,rohrwild_nonlocal_exact_post_borel,-0.47059789850193706,-0.09409073747875138,46.73872683606534,2.74784302489802,3.107967188962624,-0.035774113938968184
legacy_chi_condensate,theta_fixed,3.823103741337016,2.594434727771143,35.3,-0.42543995676752744,-0.38947874928870935,-0.4387165857138401,0.07578653016334055,-0.0011336696430646102,-0.025415024095145216,-0.047546496458435894,-0.08478079080406702,rohrwild_nonlocal_exact_post_borel,-0.5637119705674268,-0.12215427622822497,66.69300225789799,4.631197014879557,2.9563076995511497,-0.02293104979123099
legacy_chi_condensate,theta_fixed,3.0599359827045673,2.55423473299508,35.3,-0.20309371845245552,-0.34323528816916266,-0.4577812496151218,0.17659755254263917,-0.002444760729334849,-0.05960683036734513,-0.015185786181149612,-0.053181425222145855,rohrwild_nonlocal_exact_post_borel,-0.3974864745889982,0.03258871028781454,33.15323390001087,0.3296113463605757,3.6455440406743,-0.04799993751380731
legacy_chi_condensate,theta_fixed,4.4335908537132855,2.5078074812114837,35.3,-0.5320376500263946,-0.491289140098054,-0.3600705859506137,-0.10919904573788254,-0.0010504784060094477,-0.02096903000354832,-0.0563536601213006,-0.14382222848733137,rohrwild_nonlocal_exact_post_borel,-0.7084015473590153,-0.15032075014197682,106.06151262236321,7.011408691909738,2.313156633189439,-0.020897093920120242
legacy_chi_condensate,theta_fixed,3.7363915298134107,2.505714790872346,35.3,-0.30964463678940785,-0.35617668793119617,-0.41748009350810406,0.09772116804284924,-0.0016078756549414755,-0.03480988681099991,-0.035087971990402325,-0.07282504875416897,rohrwild_nonlocal_exact_post_borel,-0.4696196979491203,-0.046893212901847725,46.399298715012314,0.682768771743403,2.689322852762601,-0.02806313444549516
legacy_chi_condensate,theta_fixed,3.5340565420095085,2.55714230564118,35.3,-0.33180258779827654,-0.3792170379014117,-0.4369270101388132,0.10089564630829856,-0.0018038183796922603,-0.04138185569120485,-0.034156686739660644,-0.07429863377151669,rohrwild_nonlocal_exact_post_borel,-0.5012279345796065,-0.05166310774058677,52.868730542824174,0.8282047940156978,2.8280079729497083,-0.03235167540017674
legacy_chi_condensate,theta_fixed,4.972312059301046,2.5877885189691754,35.3,-0.33333301889463546,-0.3148609783165681,-0.3901500995406186,0.09965518922322038,-0.0011791400334597141,-0.023186927965710254,-0.05638463195571415,-0.10525638925548138,rohrwild_nonlocal_exact_post_borel,-0.4495889064806017,-0.0901007897937339,42.52544013967224,2.5185878330277576,2.9115990281516755,-0.031792108385795444
legacy_chi_condensate,theta_fixed,5.723295156447174,2.5200731432115595,35.3,-0.295769106725826,-0.3194435773807005,-0.39069570388573893,0.09306309819937025,-0.0011945657804732336,-0.020616405913858573,-0.0546762894280801,-0.109433707177757,rohrwild_nonlocal_exact_post_borel,-0.43162234478868733,-0.056795379233597315,39.04317599132092,1.00138282840896,3.096505302043137,-0.034049518031885655
legacy_chi_condensate,theta_fixed,4.873930287686007,2.566344120060976,35.3,-0.29163681140096814,-0.2731032405990422,-0.3833487694559227,0.13913787908585387,-0.0014207420096804862,-0.02747160821929288,-0.03824063417450535,-0.08212049834749162,rohrwild_nonlocal_exact_post_borel,-0.3914143756445283,-0.08020097461144898,32.25448108226021,1.9960226642024224,3.4596991738531733,-0.04331284128550301
legacy_chi_condensate,theta_fixed,3.921194117305907,2.594937855495208,35.3,-0.3461396210749454,-0.3726575826906547,-0.46236310285988774,0.12424585381686899,-0.0014881270401291384,-0.03305220660750685,-0.04100299040635879,-0.0806230186535151,rohrwild_nonlocal_exact_post_borel,-0.5041592806016236,-0.06715453073324443,53.375627323546965,1.3985483985982277,3.1731760475486,-0.03140711025815161
legacy_chi_condensate,theta_fixed,3.417255063026796,2.5928085213402445,35.3,-0.3254374386205775,-0.3457871530350013,-0.4467712900759374,0.14724010763633508,-0.0018665510740670083,-0.044389419521331956,-0.03351660549790468,-0.06619483647838215,rohrwild_nonlocal_exact_post_borel,-0.47026639892540534,-0.06578598408251676,46.553961398706925,1.3435838519741488,3.224177040031423,-0.037882561584449276
legacy_chi_condensate,theta_fixed,3.9658547245791516,2.5794167508999175,35.3,-0.15204213708237596,-0.23085203905379542,-0.4104558543639294,0.23085495105255513,-0.0022247994130115516,-0.04902633632940964,-0.016983517685711866,-0.056764108170932095,rohrwild_nonlocal_exact_post_borel,-0.2762657349590687,0.009312307522666707,16.077387929885237,0.02690352015207561,3.533115807086037,-0.059385745388133175
legacy_chi_condensate,theta_fixed,3.146419333182805,2.535466613305748,35.3,-0.21395594169838375,-0.30535802656556155,-0.42062439859085243,0.17062768514157753,-0.002209075954568341,-0.053152237161718276,-0.020137930690035243,-0.05428719720941509,rohrwild_nonlocal_exact_post_borel,-0.3728502361054148,0.0018359771765605049,29.121266727882247,0.0010457246841474354,3.4338198536022215,-0.045535142770578414
legacy_chi_condensate,theta_fixed,4.332208358452989,2.5888031226878003,35.3,-0.37894640350547937,-0.3586407316716526,-0.45181462719111526,0.12849218016298775,-0.0015970643694115264,-0.03372122027411366,-0.04188927889276446,-0.08886420917596857,rohrwild_nonlocal_exact_post_borel,-0.5116772509494375,-0.1020291233155626,55.077316771913075,3.229513130953782,3.1533217477967774,-0.03671932609862996
legacy_chi_condensate,theta_fixed,3.4734055747221317,2.5211735603932515,35.3,-0.3175570936304413,-0.39994430792052077,-0.40109194398814985,0.036835381158767104,-0.001502887953202392,-0.03418485713793572,-0.032397501312682375,-0.0813651643621783,rohrwild_nonlocal_exact_post_borel,-0.5099123713639485,-0.028059413447750897,54.90702616062632,0.2443495327517613,3.1928303537514364,-0.031742728809648756
legacy_chi_condensate,theta_fixed,3.9099314095681508,2.546874163026768,35.3,-0.29324717624653257,-0.31482267744867093,-0.3919194067400168,0.11150174631998684,-0.0015200790111819073,-0.032884938017459064,-0.03628383781884068,-0.07430738504009786,rohrwild_nonlocal_exact_post_borel,-0.4263937378985343,-0.05740735922711357,38.363852854903335,1.022597417712589,2.9999598220086736,-0.0338932106165373
legacy_chi_condensate,theta_fixed,5.167637042696158,2.5374172657418614,35.3,-0.3783754344982402,-0.3527460744408504,-0.38426876796979553,0.049517717427427346,-0.0009156538489090407,-0.017079370049573214,-0.06498555916568004,-0.11624682537807807,rohrwild_nonlocal_exact_post_borel,-0.5065364608086221,-0.1049694066699304,53.73258977512704,3.416337070737263,3.0011249929603334,-0.0251032599035187
legacy_chi_condensate,theta_fixed,3.0854760034590227,2.5438039044359693,35.3,-0.2524770318547434,-0.2703390884280784,-0.39570632558670826,0.17355402943516202,-0.0019235528432378036,-0.04626323943329441,-0.016726379892433037,-0.04744419267064457,rohrwild_nonlocal_exact_post_borel,-0.36652966997313985,-0.04983849291147038,28.207164061349133,0.7708423866765708,3.499767358412452,-0.041124746748439224
legacy_chi_condensate,theta_fixed,5.338425872637282,2.5100720473677223,35.3,-0.3398946072369897,-0.3561498253361406,-0.40337066214903516,0.07052566997107237,-0.0012335370713484346,-0.02207129608682929,-0.04743383207425923,-0.10801830351608573,rohrwild_nonlocal_exact_post_borel,-0.4870779504360393,-0.07159687363829687,49.95623157132441,1.5926138193732995,3.7743664946731985,-0.039556590295861026
legacy_chi_condensate,theta_fixed,4.761244533948734,2.5244405155349865,35.3,-0.14271491467508945,-0.23651208829977882,-0.4055301180066768,0.21018115074654323,-0.0020369431542896863,-0.03912617788535554,-0.0186358719411915,-0.06490989835485153,rohrwild_nonlocal_exact_post_borel,-0.2754953073280494,0.020195306951468817,15.965576814150667,0.126592546910929,3.4989640927371495,-0.056702474254517854
legacy_chi_condensate,theta_fixed,5.740321305170015,2.5959687916174894,35.3,-0.5186261875228232,-0.36348772923453915,-0.39640371289074466,0.046862878589721456,-0.000732743541941361,-0.01321415139157453,-0.07869261884862254,-0.13150757267398938,rohrwild_nonlocal_exact_post_borel,-0.5963480960261995,-0.21322617112931264,74.54511992192116,14.107557729590347,3.2247109894227455,-0.023239942212316223
legacy_chi_condensate,theta_fixed,5.597880120441496,2.549977222591243,35.3,-0.25731143626120523,-0.31687999725451693,-0.4307614306676568,0.1427868986410032,-0.0015465088773401656,-0.02735895635052316,-0.04508196417631178,-0.09577587725419104,rohrwild_nonlocal_exact_post_borel,-0.40730705258851707,-0.02689001306213798,34.61219769455012,0.22438280816992018,3.2941812723500985,-0.04273699090705524
legacy_chi_condensate,theta_fixed,5.373761396903646,2.5706922064490407,35.3,-0.45584309884620294,-0.35957049784751133,-0.41295134906095654,0.07493839823828138,-0.001119697363208769,-0.020437849661627518,-0.061825286410364895,-0.10937672921387578,rohrwild_nonlocal_exact_post_borel,-0.5568714097680736,-0.16425013446245515,64.95482270029146,8.367992604378234,2.7833030047859344,-0.026891890254971303
legacy_chi_condensate,theta_fixed,4.586520420477394,2.526155367201391,35.3,-0.33795732279868895,-0.34335523994153794,-0.4157669926633623,0.10392128685502287,-0.0015220837369365567,-0.029987450396261953,-0.0427996220219407,-0.08964357054686788,rohrwild_nonlocal_exact_post_borel,-0.4755163337627418,-0.07740923170661929,47.378059214675595,1.8584444729235337,3.014835468750535,-0.03514836875762384
legacy_chi_condensate,theta_fixed,4.642592250875041,2.5454438092035225,35.3,-0.3287297951002142,-0.33122514643683015,-0.3788218808202744,0.07657433520218243,-0.001395565344547716,-0.027582035474190428,-0.04496559081653381,-0.09830826690604573,rohrwild_nonlocal_exact_post_borel,-0.460284311247589,-0.07688776650456836,44.76047739863009,1.8352237876982416,2.73951115026566,-0.032912881856194155
legacy_chi_condensate,theta_fixed,3.186679368434078,2.562107130364977,35.3,-0.2780938772358799,-0.3460766537410685,-0.43383016752931386,0.14133902390837347,-0.002135928430523844,-0.051449581689604215,-0.024503537387962016,-0.06007056786284427,rohrwild_nonlocal_exact_post_borel,-0.44314483342236544,-0.0269798337979322,41.05987683206114,0.22597352561824469,3.1489279065501203,-0.039872393685913304
legacy_chi_condensate,theta_fixed,4.562804495844389,2.5417690700723505,35.3,-0.33492628198550617,-0.3373240571505892,-0.37942944580490306,0.07498385851409985,-0.0015672151805288788,-0.03131125467925713,-0.035970926469207284,-0.09959136316288925,rohrwild_nonlocal_exact_post_borel,-0.46884254873068876,-0.07842065032171391,46.002145678130546,1.9072425722906825,3.016229441624857,-0.040325163705444096
legacy_chi_condensate,theta_scan_25_45,4.744960860476733,2.511560600884854,39.48057062133492,-0.3373758797729428,-0.32569878706980526,-0.35770652821411786,0.056092352522105586,-0.0011899234894336887,-0.022894687888359248,-0.0470339961807754,-0.10300927603798768,rohrwild_nonlocal_exact_post_borel,-0.4658965871644443,-0.0533156095326017,45.666971790129494,0.8825995542065331,3.003338314781247,-0.03227694358553837
legacy_chi_condensate,theta_scan_25_45,3.389188074967097,2.5145352538390457,27.927396293469872,-0.20753551689153615,-0.3116002806044546,-0.4305951672763111,0.16856999540164175,-0.0020694919607696202,-0.04750561676901567,-0.02033077746342669,-0.05774831840471749,rohrwild_nonlocal_exact_post_borel,-0.37251161298393265,-0.03742758122455578,29.026614580148163,0.4344888220871313,3.460489952016133,-0.043158581424263556
legacy_chi_condensate,theta_scan_25_45,3.4749791432376975,2.546491759608984,34.59746290863111,-0.385535942702692,-0.3216076830153352,-0.41021222100890825,0.1295932840427049,-0.001704080554107809,-0.03928466549502408,-0.03279837421720527,-0.06466515129703121,rohrwild_nonlocal_exact_post_borel,-0.48364518763621683,-0.13474716088465208,49.14523583693035,5.6370769293991785,3.1565908154840274,-0.035631629970535095
legacy_chi_condensate,theta_scan_25_45,3.428927003803068,2.5002235694587855,34.94854552745659,-0.31753478924120093,-0.2876984129887709,-0.4076920370722917,0.15966608798024845,-0.001671777896081217,-0.03800068600064643,-0.03143361670074062,-0.05602616857773758,rohrwild_nonlocal_exact_post_borel,-0.41771364992061993,-0.09546740744728036,36.863986795562056,2.82890580379253,3.1647568612482484,-0.033720106053100316
legacy_chi_condensate,theta_scan_25_45,5.978234593275602,2.5646415661124617,44.09680165291636,-0.17065389199609937,-0.3767590425482549,-0.406743717104184,0.060301675991758924,-0.0016742686860804503,-0.02864273274974932,-0.03165709352470687,-0.12924437007276385,rohrwild_nonlocal_exact_post_borel,-0.3893285979580196,0.13961865852147692,31.84709946661216,6.044378559335919,3.514691417965692,-0.05472666739082924
legacy_chi_condensate,theta_scan_25_45,5.096666428514139,2.569272888242647,39.37268462465412,-0.37093523777418796,-0.3200259781243406,-0.4189690510670889,0.12848590265019305,-0.0014909242235839665,-0.02805190548386072,-0.045519929587479815,-0.09232314985484645,rohrwild_nonlocal_exact_post_borel,-0.4826988667675778,-0.08373399141525767,48.87313104914858,2.1741228749560975,2.8858826471258965,-0.03544030515466508
legacy_chi_condensate,theta_scan_25_45,4.919898316042197,2.56696415490162,33.2870310816998,-0.3949979811039066,-0.36330733900585754,-0.4336422319879893,0.09729383109866765,-0.0013203144319134295,-0.025638623684622504,-0.0575281852782825,-0.10219195014206583,rohrwild_nonlocal_exact_post_borel,-0.5204882606821806,-0.13079601730831733,56.90045399862882,5.308918026151024,2.714484909162941,-0.028717564734938444
legacy_chi_condensate,theta_scan_25_45,3.3298648704696028,2.5808514759413037,31.7569128926559,-0.3553328244895593,-0.3959789113623364,-0.5325320387880798,0.1880393984307985,-0.002074326966940252,-0.04941194403811498,-0.032052846781157156,-0.06010503050723519,rohrwild_nonlocal_exact_post_borel,-0.5237139401256212,-0.09372525444898153,57.70129215192451,2.725931600064298,3.2391002495555083,-0.03409943658785235
legacy_chi_condensate,theta_scan_25_45,5.297413158948256,2.5791073694497935,38.814747030731496,-0.37443314757059776,-0.29877583059651297,-0.36287603202835406,0.0835212292453778,-0.0009804860713540074,-0.018440541742182685,-0.060692785579620066,-0.10944899280784812,rohrwild_nonlocal_exact_post_borel,-0.4674954910068719,-0.10447557052490797,45.79888928835909,3.3867830160596424,3.369407861683806,-0.03369457278176173
legacy_chi_condensate,theta_scan_25_45,3.930497614468939,2.546514813669269,35.68117500991319,-0.24257755776470655,-0.3033282927274679,-0.4674498078137517,0.2196322673248143,-0.002446108390849707,-0.05306464384768083,-0.026963506131115488,-0.06208495750938432,rohrwild_nonlocal_exact_post_borel,-0.387875323292474,-0.020116119924299874,31.581326601964463,0.12558886642774106,2.9051152434914504,-0.04506407929876019
legacy_chi_condensate,theta_scan_25_45,3.7746405034775283,2.5457987534560385,34.78935747218516,-0.34428254406320613,-0.3192172027446372,-0.4409894322798915,0.15437613552954324,-0.00141553209383334,-0.031188373900455563,-0.03827567409853086,-0.06464487021827142,rohrwild_nonlocal_exact_post_borel,-0.458592992306314,-0.10061093420839162,44.16133205495828,3.142556682790374,3.375398416670178,-0.0308676134986065
legacy_chi_condensate,theta_scan_25_45,5.617534494892558,2.5273353402712337,25.99112609275318,-0.3436928825705417,-0.22880816681570593,-0.3521512171583393,0.1436631287146844,-0.001112669194046979,-0.019207409178004058,-0.05283446178537736,-0.08124997435340046,rohrwild_nonlocal_exact_post_borel,-0.35628414817945586,-0.20866140152709511,26.618465213558753,13.510079206555947,2.851203419375724,-0.03124062004321367
legacy_chi_condensate,theta_scan_25_45,4.855785825401897,2.579432514681948,26.516777540575596,-0.3778226384097514,-0.2940602367480547,-0.389230832718857,0.11640802245859766,-0.0010172393602043282,-0.020220187127591015,-0.06521660274837746,-0.09509871109172433,rohrwild_nonlocal_exact_post_borel,-0.431808816986062,-0.2067909923191176,39.06352439293752,13.27053433192366,2.8738965730289334,-0.026753475811485683
legacy_chi_condensate,theta_scan_25_45,3.121110245727632,2.5200406190416134,39.65441943303272,-0.2617710868184276,-0.3070605224263066,-0.4078644148095942,0.15071428152381766,-0.002019298808694679,-0.04789109033183539,-0.019016954064944865,-0.05154639543823285,rohrwild_nonlocal_exact_post_borel,-0.4034588580659775,-0.0055871437170099125,34.25151094945942,0.009676458666151798,3.442746797785897,-0.040935118187272176
legacy_chi_condensate,theta_scan_25_45,5.297858362551556,2.535396126730782,42.218722922643096,-0.40701072375155667,-0.33055594964758395,-0.3782862060780686,0.06648289310091317,-0.00099427694002402,-0.017758359730404488,-0.05331236376997873,-0.1029365092628203,rohrwild_nonlocal_exact_post_borel,-0.5183007926812813,-0.07930481323436489,56.39633298758723,1.9539326058797166,2.849595961163254,-0.024941842647456896
legacy_chi_condensate,theta_scan_25_45,3.6673955616860283,2.593565872750828,38.091554284480885,-0.4082656933265464,-0.39047970429692913,-0.4695436414222935,0.11034561854717694,-0.0012945043218518695,-0.02998717709996067,-0.04790218861352337,-0.07981583708982774,rohrwild_nonlocal_exact_post_borel,-0.5591848856198958,-0.08042101410382041,65.77195028710138,2.0073331523967886,3.543482209736357,-0.02940496380433719
legacy_chi_condensate,theta_scan_25_45,5.073213394401541,2.561887125461326,25.498233400149736,-0.4140904956740644,-0.3260441961772726,-0.3840466944916841,0.07628025642015138,-0.0009042409615633407,-0.017373517144176485,-0.06704754713350776,-0.10894187017237757,rohrwild_nonlocal_exact_post_borel,-0.4725460507658197,-0.23340091339603528,47.155620137921126,16.90993218318657,3.295702457923668,-0.027912201787503248
legacy_chi_condensate,theta_scan_25_45,4.874798455143041,2.565853407779508,36.53804568243624,-0.30747542137097644,-0.27917754083483187,-0.405637502423875,0.16066038605075517,-0.0016662491374428027,-0.032534175324269186,-0.041761969279831786,-0.08245210625911231,rohrwild_nonlocal_exact_post_borel,-0.4073659343078969,-0.08083458182793998,34.979072894150306,2.0266974580584245,3.055391691846342,-0.043389400534740004
legacy_chi_condensate,theta_scan_25_45,4.1583172290956965,2.5306915230037093,27.770354062771997,-0.2989094903381758,-0.3100516035061478,-0.39959141823012595,0.11755370540711588,-0.0012737527505009582,-0.02674013793263671,-0.04204400441705714,-0.07926040052164313,rohrwild_nonlocal_exact_post_borel,-0.41361109760596726,-0.12001974915883029,36.117603952949,4.468682448859722,3.5344351066861917,-0.03453114017739726
legacy_chi_condensate,theta_scan_25_45,3.9395056404042075,2.5758627927046827,34.87389005563529,-0.3800108222005518,-0.3213399982556462,-0.43451137843498244,0.15179510389634826,-0.0016854874319248492,-0.036938236285087155,-0.03850041346402591,-0.07229453552557318,rohrwild_nonlocal_exact_post_borel,-0.4809109311449341,-0.1280324012654241,48.542410868079045,5.089451734952338,2.7793927193462804,-0.032585721194241885
legacy_chi_condensate,theta_scan_25_45,3.368525741161,2.548052267351691,26.952774246697654,-0.47195540824549487,-0.42518092722969153,-0.42196681872839753,0.027936478889001838,-0.0012749159116061096,-0.02987567147868983,-0.040039177991326794,-0.08252177452708992,rohrwild_nonlocal_exact_post_borel,-0.592914545117177,-0.22797603040794245,73.66066081984518,16.127235923245753,3.0016734678115062,-0.024283260773011912
legacy_chi_condensate,theta_scan_25_45,3.370283324149063,2.592925518857577,35.21632277851934,-0.32619886588040775,-0.32099957800525086,-0.45082192835247425,0.17518023645598338,-0.001836768598120696,-0.0435211175106393,-0.030099552980031665,-0.057098647870573796,rohrwild_nonlocal_exact_post_borel,-0.4503579401813566,-0.0813889113873566,42.603685815544864,2.0556154245097042,3.188613472306805,-0.035276414541336905
legacy_chi_condensate,theta_scan_25_45,3.381952708666901,2.528239019041439,26.958608602674673,-0.24660887071263882,-0.2932922391553466,-0.41551017467523604,0.18290002452161563,-0.002528811269886233,-0.058153277731839925,-0.020388057474113694,-0.05433621328965998,rohrwild_nonlocal_exact_post_borel,-0.3732207401286866,-0.08684786583857657,29.235460285817272,2.33954679693307,2.7099581017525316,-0.04259972601975459
legacy_chi_condensate,theta_scan_25_45,3.7534138194267554,2.5355406642398313,28.289127516810115,-0.2056784724304637,-0.3329359873382439,-0.42205056875920915,0.14143554588983775,-0.002267199442614061,-0.05005376502625844,-0.024778476669819256,-0.07010822581952332,rohrwild_nonlocal_exact_post_borel,-0.39064791588640935,-0.023328341128875413,31.920314598261232,0.16888510646119267,3.0470404818494417,-0.046434833047030624
legacy_chi_condensate,theta_scan_25_45,4.099224248799648,2.5020620525948605,43.33226561370304,-0.18034157324591107,-0.2527455005780098,-0.3552427030579719,0.13534131859525794,-0.0015177411834814013,-0.0313263749318145,-0.02440533291361823,-0.06758539426644594,rohrwild_nonlocal_exact_post_borel,-0.30759909938145014,0.04226304725123123,19.83069023943804,0.5539915182136231,3.637086553398483,-0.044877649332875406
legacy_chi_condensate,theta_scan_25_45,3.504833225979377,2.528027893755151,39.02417494828534,-0.2877941799669634,-0.2973970429010181,-0.4143187184850465,0.1572787398625139,-0.0016986610974798681,-0.038658403181005684,-0.03210916207406315,-0.06010379223070081,rohrwild_nonlocal_exact_post_borel,-0.4122510205835532,-0.036326122514599685,35.78951543639238,0.40988019053587277,2.99342286022295,-0.03310785893167962
legacy_chi_condensate,theta_scan_25_45,5.29127840656003,2.5225501719194323,41.40069200243871,-0.44439673858793527,-0.3183821583324009,-0.3862607488894139,0.0893439895551427,-0.0011413488139287596,-0.020324050184200894,-0.051113681164349695,-0.09682862221442794,rohrwild_nonlocal_exact_post_borel,-0.5327083005465251,-0.12279058001664786,59.33230499874262,4.679633591061271,2.863500034729409,-0.028081881226161086
legacy_chi_condensate,theta_scan_25_45,3.015659609807452,2.5249460940800814,34.60881736319626,-0.35552241331881357,-0.3835001481503105,-0.43655231554869256,0.10651671929969829,-0.002121408288033857,-0.051343143613282474,-0.023859677635149058,-0.05930427410979534,rohrwild_nonlocal_exact_post_borel,-0.517565614487696,-0.07479561954631508,56.288938978360726,1.7358283588523247,2.9125753678168067,-0.03356491637419783
legacy_chi_condensate,theta_scan_25_45,3.991755592433339,2.525389668088663,34.45027785173314,-0.2895571760669474,-0.3241560083704928,-0.36320073746663456,0.07361016274914585,-0.0015556155029115642,-0.03300981815009255,-0.034959496145259034,-0.08392197300653537,rohrwild_nonlocal_exact_post_borel,-0.43110452997704224,-0.05540180690040414,39.065366704178224,0.951679408904055,2.846184552601221,-0.03550440591947133
legacy_chi_condensate,theta_scan_25_45,5.802187913640083,2.537388777733264,33.357838245643975,-0.37090568194163986,-0.32445401483905933,-0.3566109211532409,0.05036696925478452,-0.0009915785584944917,-0.017218484382108396,-0.06318725768898419,-0.1256288176472015,rohrwild_nonlocal_exact_post_borel,-0.4749496163834097,-0.1313936624766559,47.28724891930168,5.3582757224801645,3.160628186654863,-0.03273620327720397
legacy_chi_condensate,theta_scan_25_45,4.612424998003959,2.5065149772169573,39.914343194866085,-0.3927401327478501,-0.2747250461020444,-0.3710847945045057,0.11907525573255347,-0.0011093258254566358,-0.021606181504635513,-0.04806373123792974,-0.08022555500409378,rohrwild_nonlocal_exact_post_borel,-0.4627137912437262,-0.12495843396676656,44.86023082923985,4.841446359088819,3.263521388521694,-0.030773849308684972
legacy_chi_condensate,theta_scan_25_45,5.677827304623417,2.5809891180276043,41.857525146629854,-0.2570978003349165,-0.3379359085466088,-0.40645921804422686,0.09642663776455072,-0.0014712776128380256,-0.026432050654094718,-0.04440834466076571,-0.11647539732417618,rohrwild_nonlocal_exact_post_borel,-0.42325320840555686,0.03400998083911286,37.445278773720844,0.358806039224449,3.2851630741228504,-0.04519930756094643
legacy_chi_condensate,theta_scan_25_45,3.677565877594794,2.547126506131137,42.64365759711633,-0.2891223206820697,-0.35732307873827235,-0.44373286342318174,0.12858450954252904,-0.001805221612846845,-0.04036950324477275,-0.03388274725824785,-0.07006133140045799,rohrwild_nonlocal_exact_post_borel,-0.45870216685324616,0.0293908325795621,43.89465422006862,0.26805315001589664,3.0651460362397165,-0.03502778191954168
legacy_chi_condensate,theta_scan_25_45,3.7244445426136785,2.583769515190041,40.860623056049505,-0.45835267458788187,-0.400569496674925,-0.4850298885219036,0.12159187928787829,-0.0015683784438847604,-0.035563108997014856,-0.043685689954571824,-0.07612296803241717,rohrwild_nonlocal_exact_post_borel,-0.6028160523365416,-0.0845925706764809,76.46215838650186,2.2209076685358697,3.0260580792019733,-0.028832033650428412
legacy_chi_condensate,theta_scan_25_45,4.139472120191897,2.5142166342152152,36.890530696582225,-0.11551659040265673,-0.2175946973091994,-0.40314774750570576,0.23608440265450703,-0.002321460156335586,-0.048209892301665065,-0.01180837360546861,-0.05290463942883974,rohrwild_nonlocal_exact_post_borel,-0.24337196025730007,0.03823119035364231,12.486585607160164,0.4535204721720183,3.5653731697768127,-0.061085541072042296
legacy_chi_condensate,theta_scan_25_45,5.71449301233071,2.5019847512787203,39.081263310388955,-0.35689232856993053,-0.2826981060766519,-0.40242568684023333,0.14531014958995797,-0.0014309623456473229,-0.02415160648072925,-0.044065252675057176,-0.08768047953862121,rohrwild_nonlocal_exact_post_borel,-0.4444379151088629,-0.09881949698860235,41.42933146576219,3.0296229240761874,3.2338068766617716,-0.03951847360250886
legacy_chi_condensate,theta_scan_25_45,3.4652262669340317,2.523137522338659,25.57847876866154,-0.2927853496121963,-0.30698718602522074,-0.40892228350058274,0.1368946196127805,-0.0014906261768085395,-0.03346889596060995,-0.028732707523008924,-0.056546146271075105,rohrwild_nonlocal_exact_post_borel,-0.40331002267096333,-0.13155006250232862,34.01153616647113,5.369302171918001,3.212621056444961,-0.02983913521260806
legacy_chi_condensate,theta_scan_25_45,5.750059041720843,2.5934283725174803,39.73307885009275,-0.2313691065998953,-0.2872015880389257,-0.4379700482623621,0.1781847887913272,-0.0014568327942128684,-0.025959495773677954,-0.04246473849519303,-0.09051927092066361,rohrwild_nonlocal_exact_post_borel,-0.36876071124061693,0.005652743248091674,28.553832205783415,0.009913447682748525,3.7682785248425232,-0.04779597045463519
legacy_chi_condensate,theta_scan_25_45,5.9178686183607345,2.5976590233074397,31.910099552941873,-0.3799026979213911,-0.2847703246832134,-0.36690007192349516,0.10361218826351175,-0.001147617110766671,-0.02033482391246333,-0.058614429833053074,-0.11504893206429098,rohrwild_nonlocal_exact_post_borel,-0.44254741141533893,-0.1719650730750789,41.08478080074415,9.182566433971578,3.0428399024054236,-0.03771901781225634
legacy_chi_condensate,theta_scan_25_45,4.296384272236221,2.5019821782451293,34.90085686506875,-0.2802943976631584,-0.31147613704729327,-0.3759552876878211,0.0981840709003471,-0.0016133993723253552,-0.032091520887493806,-0.03350485162133597,-0.07747673467589597,rohrwild_nonlocal_exact_post_borel,-0.4158277938091602,-0.05166797080458621,36.29091277839588,0.8282113846890237,2.880817752129646,-0.035717772881636654
legacy_chi_condensate,theta_scan_25_45,3.5290838178950534,2.5517112689289347,36.964639119901626,-0.38069066885234193,-0.31050466369041224,-0.39838659330590237,0.12656056359002613,-0.0016164652549799914,-0.03706216871955599,-0.03230242516858156,-0.06672709150655279,rohrwild_nonlocal_exact_post_borel,-0.4770130122401097,-0.11746113262844185,47.74202156838175,4.2829165568804735,3.1130647527863897,-0.03491836179645626
legacy_chi_condensate,theta_scan_25_45,4.384477785670175,2.5818166188959255,32.63210404210323,-0.33249757989383877,-0.3028983582528859,-0.41373461881060464,0.1420155512849009,-0.0014186012514995434,-0.029760689475682642,-0.04363066348244645,-0.08339252642481589,rohrwild_nonlocal_exact_post_borel,-0.434382875003013,-0.1166772213059176,39.60373177789966,4.224857845702728,3.2938793908033035,-0.037593336664707704
legacy_chi_condensate,theta_scan_25_45,5.435001883310109,2.5012630254731087,36.66561355001678,-0.3735661264130037,-0.42726676230741834,-0.39819385749046454,-0.012102702653073097,-0.0009112140068462891,-0.016058988157034448,-0.06105576204922281,-0.13384025083220139,rohrwild_nonlocal_exact_post_borel,-0.5657979834748499,-0.04451043553677747,67.4925629965628,0.6151559917646087,3.565542448931136,-0.02807248838848433
legacy_chi_condensate,theta_scan_25_45,4.8964896615587685,2.568154038973849,40.67169703399143,-0.33556687420400516,-0.3524756148507798,-0.4119837688534706,0.08033315829115123,-0.0010185969519784623,-0.01980640733648199,-0.060358122569054304,-0.1025731978600962,rohrwild_nonlocal_exact_post_borel,-0.48603429987300817,-0.024796077803487915,49.7629023146185,0.19085470984622865,3.131556911006401,-0.026733599750861804
legacy_chi_condensate,theta_scan_25_45,5.883014670132691,2.5673528590940746,32.37851803461273,-0.36000589143508877,-0.3236767551215181,-0.3942077644857015,0.09151612009932587,-0.0011407368772277538,-0.01984437385791469,-0.06070580419587797,-0.11487092434026441,rohrwild_nonlocal_exact_post_borel,-0.46614115427255187,-0.1307031291416586,45.50995060435295,5.301485748324409,3.1663254632547164,-0.03486056468396657
legacy_chi_condensate,theta_scan_25_45,5.9948470171814074,2.557872719173306,43.420857933322594,-0.30974823449325317,-0.29891675565308595,-0.3771020248498875,0.09712338868965316,-0.0010499560265199914,-0.01788816346633165,-0.06691878450255433,-0.10819777685726083,rohrwild_nonlocal_exact_post_borel,-0.4300166201497707,-0.019516710194647013,38.858030330038936,0.11817811756856278,3.0270962292033876,-0.03174276448774389
legacy_chi_condensate,theta_scan_25_45,5.684887726295123,2.560533618513619,33.72322565405282,-0.3802544922043584,-0.3107424698689552,-0.4073785916527732,0.11603396073663565,-0.0010389595791872586,-0.01835887937363045,-0.06615837449436802,-0.10202963946043553,rohrwild_nonlocal_exact_post_borel,-0.46956387450623327,-0.1437502319321517,46.440062167225676,6.412750304931144,3.0727889824541244,-0.028983763803537076
legacy_chi_condensate,theta_scan_25_45,3.8740721243874945,2.545068364291753,36.1985050222808,-0.25799478998500613,-0.2968562753868478,-0.41602183502391266,0.1619149303162477,-0.0018659147680054465,-0.04088345591117731,-0.03353967802382711,-0.06780896147218186,rohrwild_nonlocal_exact_post_borel,-0.3919235601326264,-0.03287678373757108,32.348861573303445,0.33517031407125514,3.0244213835049445,-0.04007762191134403
legacy_chi_condensate,theta_scan_25_45,5.344473593355916,2.5855973789503213,32.88634822639705,-0.38622766161205613,-0.28841704949969976,-0.38521707499157654,0.11983406001025608,-0.0011610472988382973,-0.02187298721954104,-0.06170173831055483,-0.10188436303348315,rohrwild_nonlocal_exact_post_borel,-0.4519097294362796,-0.16773132527127355,42.99273263400513,8.72962225798992,3.081081391434063,-0.034998249199524725
legacy_chi_condensate,theta_scan_25_45,5.600323131872266,2.5116263935289744,38.114399344072,-0.2888424325721868,-0.3037652526758611,-0.39598202212487355,0.1141484414608004,-0.0011922662528937812,-0.020739405758894162,-0.04697848115228352,-0.09982076630231447,rohrwild_nonlocal_exact_post_borel,-0.4172796647724333,-0.039761299712832765,36.675248477063704,0.49082500094095977,3.677471722634117,-0.03900456421669589
legacy_chi_condensate,theta_scan_25_45,4.808886429091277,2.589915633056583,38.63649300282883,-0.36801682600514624,-0.3265779813256576,-0.39968204151484954,0.10227028060172859,-0.0013873329886662704,-0.027778887423870312,-0.05029278457642081,-0.10118431317796031,rohrwild_nonlocal_exact_post_borel,-0.48487888593922157,-0.08355853086300041,49.54683779475491,2.1663949813422168,3.085883452094343,-0.03798659809494087
legacy_chi_condensate,theta_scan_25_45,5.451315802459901,2.590790095073311,31.55936763502662,-0.3141257429792572,-0.302762256669046,-0.417913715957647,0.13615994444083931,-0.0010847336216511332,-0.01992375153058726,-0.05832831655030982,-0.09449932433030202,rohrwild_nonlocal_exact_post_borel,-0.4223908915904962,-0.1092057744214534,37.21147117357561,3.699979000669416,3.543415360452765,-0.033934667611753754
legacy_chi_condensate,theta_scan_25_45,5.526942781265184,2.528611728833287,35.37775586309982,-0.3702191951415743,-0.28765755784136526,-0.3824032240768833,0.11726858696785943,-0.0012146436155584725,-0.02130827711678289,-0.047995494563909724,-0.09437919110026224,rohrwild_nonlocal_exact_post_borel,-0.4488861802121371,-0.1353156319465354,42.618950639899644,5.68203993717217,3.32478611474511,-0.03680290236046248
legacy_chi_condensate,theta_scan_25_45,3.9661126680032033,2.5341738442316695,27.67087592331813,-0.39489664483064235,-0.4374874625774926,-0.4324123197094137,0.02061575079723262,-0.001142149819056636,-0.024548743846254856,-0.04768154546239146,-0.097372128042113,rohrwild_nonlocal_exact_post_borel,-0.5708387472832628,-0.14656658763533612,68.73750262102769,6.665112658854767,3.266728609222543,-0.025542554970650982
legacy_chi_condensate,theta_scan_25_45,4.195307311889563,2.594036897060956,32.57874677833011,-0.46784012458698354,-0.31866955754420623,-0.38492514077244255,0.09086546748002745,-0.001097878764222792,-0.02351200548756835,-0.05309835716591002,-0.08664089948950232,rohrwild_nonlocal_exact_post_borel,-0.5204399751935314,-0.22263625333611065,57.165352118813495,15.378884811381639,2.784392818728845,-0.025448106617380947
legacy_chi_condensate,theta_scan_25_45,4.979381586463223,2.5222853488904913,29.75631115860414,-0.34298192971328884,-0.32256630464819835,-0.40769263863832994,0.11520237063161297,-0.001531450785029661,-0.02854458585645173,-0.04430336110688819,-0.08874845765411812,rohrwild_nonlocal_exact_post_borel,-0.4502601437857843,-0.13766418532883046,42.62835429568407,5.884263966030895,3.0478042409409203,-0.037466985579904966
legacy_chi_condensate,theta_scan_25_45,4.049508680711049,2.586142269978238,39.88299743743873,-0.33624264905100776,-0.2727399965714579,-0.3840591338186749,0.14245510459657781,-0.0013571253468547984,-0.02977884200250605,-0.04066903683907643,-0.07509728258516779,rohrwild_nonlocal_exact_post_borel,-0.42489469382388256,-0.08313076404645353,38.209711453079656,2.144623562785732,3.413440407816685,-0.03844061342755633
legacy_chi_condensate,theta_scan_25_45,4.107042624059954,2.545198610799792,38.154270470987164,-0.3309823114817969,-0.30564562008778556,-0.3922145337120322,0.12077253491645629,-0.0015395659384135618,-0.03266405535379615,-0.04107082593195076,-0.07797913058719821,rohrwild_nonlocal_exact_post_borel,-0.4448190760092236,-0.07144596007459547,41.53623876318633,1.583466629521282,2.8729218822897837,-0.034445368031137374
legacy_chi_condensate,theta_scan_25_45,5.865759233936016,2.521228503833003,44.38073727766373,-0.36154578190214376,-0.3105201385333836,-0.3579948261167016,0.06163048558431204,-0.0007834214476624723,-0.013372376553331584,-0.06953196393930956,-0.11978818380227606,rohrwild_nonlocal_exact_post_borel,-0.47480465552346357,-0.04121465685007397,47.651062723915985,0.5274543724180413,3.2016438714483115,-0.025758698117179492
legacy_chi_condensate,theta_scan_25_45,3.992739752659684,2.562207568996133,31.815097767888002,-0.29356448526632417,-0.26605498264633154,-0.3876663706229406,0.16051109565969646,-0.0017189774313783287,-0.03718073025170897,-0.02917294630022126,-0.06620561171911572,rohrwild_nonlocal_exact_post_borel,-0.3808424802669326,-0.10919874552737621,30.43906399038799,3.699356508894074,3.3646103973066874,-0.044969267326180645
legacy_chi_condensate,theta_scan_25_45,3.684689289856281,2.589966575711611,29.57148164849365,-0.23005975435107262,-0.2684354780342089,-0.4219162625887407,0.1987051288889029,-0.0018908340317678374,-0.04333351030260326,-0.028845474318259054,-0.05926585962541335,rohrwild_nonlocal_exact_post_borel,-0.34700581890125703,-0.06761699555731646,25.571923922489738,1.418315561299637,3.38307414737868,-0.04489915123566892
legacy_chi_condensate,theta_scan_25_45,5.988689283683132,2.5154652480422235,27.120707681876112,-0.29485310970302636,-0.26040007267037196,-0.34027248529304405,0.09815671133351003,-0.0010351540424500252,-0.0172491446683879,-0.05389318118585074,-0.1027365752853812,rohrwild_nonlocal_exact_post_borel,-0.36618228039759193,-0.1437257515934402,28.125438737268098,6.408464177099183,3.4533437684838635,-0.0382011503408244
legacy_chi_condensate,theta_scan_25_45,4.381213614663016,2.586379509962139,39.73119438849557,-0.35326140333777134,-0.2922380662802028,-0.4163049272247085,0.15437002631853103,-0.001388748868593852,-0.028914416505431566,-0.043357170457794345,-0.07587134063270047,rohrwild_nonlocal_exact_post_borel,-0.4505461339095327,-0.08488160984887871,42.59259182238222,2.2375959095255484,3.296430410165983,-0.035855906145687066
legacy_chi_condensate,theta_scan_25_45,3.043783117480356,2.53304639052562,31.436539726790645,-0.3538305648213664,-0.502673205070009,-0.5026538432265729,0.050420788318311115,-0.0020040230382023317,-0.048436127123544975,-0.027728319735641865,-0.06693134649173967,rohrwild_nonlocal_exact_post_borel,-0.6134317052676064,-0.03972357825824735,79.19198220239889,0.4894204340836134,3.3095901176496914,-0.0315017590619028
legacy_chi_condensate,theta_scan_25_45,3.1828989458997414,2.5873136370678664,32.99435330565568,-0.38739901189445763,-0.35145774323645734,-0.4332436791654777,0.12759333074115903,-0.0017981272308781034,-0.044009267581260614,-0.030450922920213834,-0.06365795604528582,rohrwild_nonlocal_exact_post_borel,-0.5057367315172504,-0.13353238592908565,53.72280670157812,5.539295822674994,3.42965647794259,-0.03775982119046383
legacy_chi_condensate,theta_scan_25_45,3.503101549215133,2.551033561186213,43.18751666360266,-0.18474905735404043,-0.33450827850542963,-0.44661325815990827,0.1633460396061875,-0.0021400014891217343,-0.049101058462587124,-0.021126391720777918,-0.06325479570195547,rohrwild_nonlocal_exact_post_borel,-0.3703360122987429,0.09422972236262797,28.821363458943036,2.7550044258322717,3.4148834339642757,-0.0446512245773339
legacy_chi_condensate,theta_scan_25_45,4.812803310938422,2.5545094879038484,44.80838260554138,-0.3053823898873444,-0.30312778412158115,-0.41573722110379036,0.1450388978051532,-0.001570589498377359,-0.030858871324566585,-0.04510228215788998,-0.0866917774427374,rohrwild_nonlocal_exact_post_borel,-0.43027393246066337,-0.003033249841740332,38.70752753283434,0.0028562508397652255,3.244508347899992,-0.04206029666867582
legacy_chi_condensate,theta_scan_25_45,4.107690205750976,2.5789677683555166,38.90058738879444,-0.31608102172828223,-0.3008204764864604,-0.4089481803219797,0.14116886475391008,-0.0014673258924887509,-0.03157383502590201,-0.04352124227565788,-0.07385190065297423,rohrwild_nonlocal_exact_post_borel,-0.43259926482363376,-0.05707930837341568,39.20935413599331,1.011038446694532,3.080883428383705,-0.03449625518345835
legacy_chi_condensate,theta_scan_25_45,3.4765652647814353,2.5130220047543577,34.25011721068109,-0.2427378299461673,-0.251328302015794,-0.37978629291077975,0.16739023857667407,-0.0016498669454722043,-0.03728238073621607,-0.02771999993771463,-0.05163485854901148,rohrwild_nonlocal_exact_post_borel,-0.3443595660403538,-0.059195090654680094,24.928474431635983,1.0862053380721812,3.4091484922942885,-0.0385901889278622
legacy_chi_condensate,theta_scan_25_45,3.9654301939400325,2.5239214100044576,39.530045584821764,-0.4494936056499761,-0.2789991874099739,-0.3724101326995705,0.12167882977418727,-0.0012557074801517042,-0.027012177004438916,-0.045914733316389754,-0.07250633797454295,rohrwild_nonlocal_exact_post_borel,-0.5012844748462549,-0.16911216211070204,52.73100950158185,8.87658166426645,3.030424761899161,-0.030342581286093077
legacy_chi_condensate,theta_scan_25_45,3.6251632396678044,2.5875108312514064,28.503148202327576,-0.32909939724759335,-0.3351126278045152,-0.4493100474094115,0.1557903963669664,-0.0017383437860514909,-0.03985463297601863,-0.03086050766219069,-0.06689556800972138,rohrwild_nonlocal_exact_post_borel,-0.45154247717011375,-0.12929144555558994,42.85619615754994,5.1886271903056125,3.320228273429686,-0.03692602452408148
legacy_chi_condensate,theta_scan_25_45,3.545015985310434,2.534785248301733,35.40440006306474,-0.3123058021775943,-0.31766281208120045,-0.42206032165086266,0.13869818447444435,-0.0014478335460144797,-0.03285284135876755,-0.033695065784613135,-0.06423639136180181,rohrwild_nonlocal_exact_post_borel,-0.4398540758777636,-0.07051927528587726,40.58831273042583,1.5430645888256638,3.3782545954935785,-0.031633084442049764
legacy_chi_condensate,theta_scan_25_45,3.380442351700796,2.5505931997818307,41.61467162838934,-0.359203270052653,-0.32210441305736986,-0.43237753446973287,0.15648811636858256,-0.0018867046505719617,-0.044328290305647534,-0.03150965626357014,-0.061823226231951064,rohrwild_nonlocal_exact_post_borel,-0.4793675377403658,-0.0546352074059471,48.10883069158586,0.9266238759978136,3.1211581297476054,-0.03690021714784663
legacy_chi_condensate,theta_scan_25_45,5.6981903852868445,2.5066757689808346,40.90657612098513,-0.34992611427894244,-0.3063517961569365,-0.400286087648279,0.1149233104351441,-0.0011696889551201018,-0.019819329988681536,-0.05366005232239363,-0.0953496016034974,rohrwild_nonlocal_exact_post_borel,-0.4606753091600699,-0.06385896955960588,44.61150074601824,1.2657737739538146,3.19328409798531,-0.03212114119478238
legacy_chi_condensate,theta_scan_25_45,5.1006665607501365,2.517918552333444,31.2306655602866,-0.21338566680620133,-0.3266528781792121,-0.400036036791944,0.10206862953865074,-0.0014851833173759612,-0.02720028760854295,-0.03696255179190141,-0.09551438189114668,rohrwild_nonlocal_exact_post_borel,-0.38995380279213593,-0.013098752194096508,31.990995392229276,0.05323834726818551,3.326579500416266,-0.04079764571054639
legacy_chi_condensate,theta_scan_25_45,3.305402917483184,2.5692831139087273,27.41011647374199,-0.2867043900944182,-0.29546599791657185,-0.3936752402290112,0.1395745665713458,-0.0016556807740818684,-0.03970964348482457,-0.0264741083869401,-0.06387946541565043,rohrwild_nonlocal_exact_post_borel,-0.39428148611337016,-0.11849756509093451,32.68983366079344,4.35821696627168,3.5627458426578658,-0.04078851314333965
legacy_chi_condensate,theta_scan_25_45,3.3700508106040585,2.579946129374001,34.875056895445496,-0.31423528602941453,-0.3313260157358181,-0.4073521576018981,0.11420805103464436,-0.0015523082469416566,-0.03662960092162272,-0.032798116401182256,-0.0651195015706776,rohrwild_nonlocal_exact_post_borel,-0.4514963626905769,-0.06835040721560148,42.92151704813681,1.449983695277049,3.126373229519105,-0.032134763887624374
legacy_chi_condensate,theta_scan_25_45,4.177906607903314,2.5547605617191715,26.157590970105705,-0.24504421146511607,-0.27651407570693964,-0.43861205800826597,0.2028495631390856,-0.0018421141184443827,-0.038909466719314945,-0.030415750223293504,-0.06548169651472238,rohrwild_nonlocal_exact_post_borel,-0.3562205462079857,-0.09804908003601037,26.559157533518988,2.981214156810471,3.375725706812257,-0.044137030555559904
legacy_chi_condensate,theta_scan_25_45,3.768199158480859,2.5255503172345346,37.79970811789972,-0.2229584534418866,-0.2824502670121364,-0.40803755699279437,0.17464018543759322,-0.002147809629503971,-0.046905085827431234,-0.028248987564045584,-0.06116602014408676,rohrwild_nonlocal_exact_post_borel,-0.35983228743983064,-0.003057811675718558,27.241020502566318,0.002901804003129361,2.61243559798433,-0.03846862231103496
legacy_chi_condensate,theta_scan_25_45,3.1197655769612993,2.5619131906796606,41.31077307288375,-0.2104477833290828,-0.3016271399996041,-0.4634048919605997,0.22176092119559257,-0.002380946540164285,-0.05760222269443274,-0.020079826306851154,-0.0472335656610532,rohrwild_nonlocal_exact_post_borel,-0.36548982964119525,0.041041266078368166,27.937908414720734,0.5225301784990908,3.0805178257909906,-0.039534083274456705
legacy_chi_condensate,theta_scan_25_45,5.7146928551733644,2.564475059483726,36.66547460291381,-0.4508993984789593,-0.48458557391283963,-0.5124799623999434,0.046526459927536366,-0.0009940929776328432,-0.017637978462799606,-0.07271980363431958,-0.13103086284716012,rohrwild_nonlocal_exact_post_borel,-0.657954273079326,-0.07231611528407256,90.82610919320236,1.6226453989573697,3.4152297928852904,-0.024940557931716605
legacy_chi_condensate,theta_scan_25_45,5.9738194235420226,2.553497558081931,44.331222153611215,-0.3048816277297893,-0.359014032420444,-0.408761476304958,0.07515446768489259,-0.0014099770251522138,-0.02399704677522638,-0.05401252039736314,-0.12124205124510624,rohrwild_nonlocal_exact_post_borel,-0.4698599219580666,0.03279536765326785,46.79773089836055,0.3336656687216638,2.937310071210223,-0.03797485881366278
legacy_chi_condensate,theta_scan_25_45,3.1686649934733833,2.5350336800164737,32.91952479291557,-0.22544143217673263,-0.30584853447182936,-0.4162303521092449,0.15817138994890334,-0.0019212681966343159,-0.04586830411485341,-0.020159659306251552,-0.05437761803793053,rohrwild_nonlocal_exact_post_borel,-0.3792583998925081,-0.023026755990294218,30.052941345842928,0.16445814132473055,3.720702830630192,-0.04309334643647511
legacy_chi_condensate,theta_scan_25_45,3.6657332436557026,2.547477423206759,34.29871561939022,-0.22476926096343278,-0.28742220996559903,-0.44971001253183274,0.21218082124708906,-0.0021301964404923115,-0.04776282224036303,-0.02063874491767072,-0.05567637253336034,rohrwild_nonlocal_exact_post_borel,-0.3641017993795025,-0.02371976273416629,27.867835200553404,0.1744740234632018,3.755212014969732,-0.049985795105962835
legacy_chi_condensate,theta_scan_25_45,3.0971038681334084,2.552240632633528,29.97655526266762,-0.17504675060285793,-0.23209675218253537,-0.459590286374764,0.28975565500230355,-0.002463292008116641,-0.059798828801958304,-0.01324634927231107,-0.03622503568101033,rohrwild_nonlocal_exact_post_borel,-0.2885104894537645,-0.0356646147525754,17.63191081985252,0.394706229988204,3.9795850144464264,-0.05313232756276147
legacy_chi_condensate,theta_scan_25_45,5.204661413310398,2.534496163541969,34.86804728800297,-0.2917999504496733,-0.21676971401526174,-0.3540675694652805,0.16503268035484306,-0.001433480058744509,-0.02630134484607979,-0.039101300070232034,-0.07423962759888496,rohrwild_nonlocal_exact_post_borel,-0.3446718730110375,-0.11548861394853334,24.951539047497917,4.1400957356944375,3.1593055469432274,-0.043894974135701065
legacy_chi_condensate,theta_scan_25_45,3.5453149534449673,2.5186696777349162,28.824643128847125,-0.3269082216455233,-0.3064700183116998,-0.371381151214095,0.09555007556038918,-0.0013057994947751228,-0.02933314316321886,-0.032008042435682116,-0.06905636034312593,rohrwild_nonlocal_exact_post_borel,-0.4261106325282926,-0.1386455421200069,38.00165151665437,5.965669732691814,3.230584568906646,-0.03033345939795389
legacy_chi_condensate,theta_scan_25_45,3.8786437044211675,2.5693709182556557,25.090724807737004,-0.43587912300703097,-0.44955346970664234,-0.4839578220232486,0.07210107887527228,-0.0016330033347589715,-0.03606372322390705,-0.045641544159788404,-0.08943617099546192,rohrwild_nonlocal_exact_post_borel,-0.591968233255574,-0.20411404364946,73.89296452454197,12.931637007563978,2.660304835086827,-0.02691352975766512
legacy_chi_condensate,theta_scan_25_45,4.8943623464103165,2.5054262569922416,43.573380743955006,-0.3162267023917983,-0.28924221206538125,-0.38664058014995667,0.12189821885550277,-0.0012587186982771028,-0.023241132072650213,-0.045665125266384235,-0.079583237184296,rohrwild_nonlocal_exact_post_borel,-0.42752341723882625,-0.029734025265719,38.27681719454203,0.27445881395128763,2.929692987004447,-0.029768994395988447
legacy_chi_condensate,theta_scan_25_45,3.2983333177734377,2.5361864622156194,40.6996952597447,-0.2230111622265837,-0.27372045108073256,-0.37086801430900435,0.141834356080743,-0.0018353536271292846,-0.042851439225341965,-0.018055662793207077,-0.056330688719626584,rohrwild_nonlocal_exact_post_borel,-0.3529421455068156,0.009418372605558945,26.144868302789835,0.02750677074280191,3.4320173018963818,-0.04333912070361925
legacy_chi_condensate,theta_scan_25_45,3.2595495467465767,2.5004923763628226,28.946641389931056,-0.3153685818841273,-0.31472694746809937,-0.4361825637210452,0.1741131135695246,-0.002168242550720482,-0.05048925476585835,-0.025392538576261156,-0.05453884402145387,rohrwild_nonlocal_exact_post_borel,-0.42804515143531885,-0.1236436097617189,38.50862408095555,4.7438597654312735,2.991240308105206,-0.03732612000106434
legacy_chi_condensate,theta_scan_25_45,5.844791841109451,2.5427857354672327,33.087956171045434,-0.3825621372687631,-0.31306535373587513,-0.36551989509083194,0.0648406010633489,-0.0006831369965357683,-0.01170292271185625,-0.07200025521573503,-0.11609863736602978,rohrwild_nonlocal_exact_post_borel,-0.47114720083131256,-0.1496128996117359,46.374509542103475,6.946963702273421,3.0106396954845738,-0.02055769037465055
legacy_chi_condensate,theta_scan_25_45,4.4450833842972655,2.5761473193801474,30.820302444715054,-0.3399976664615356,-0.28471834863428863,-0.400154711025143,0.14944540949114782,-0.0015749447127763516,-0.03243410238751707,-0.033833904128963366,-0.07859318213688146,rohrwild_nonlocal_exact_post_borel,-0.4187068214354782,-0.14610800433831295,36.88735512997526,6.622492344901531,3.4403785740658535,-0.044371043806502204
legacy_chi_condensate,theta_scan_25_45,3.738020588633379,2.577055460339826,44.210726328436174,-0.39828039148941397,-0.33623347241515134,-0.4192638859898053,0.11129002209708382,-0.0012043220827770255,-0.02705528643965282,-0.04305787741601104,-0.07230697188450683,rohrwild_nonlocal_exact_post_borel,-0.518726094415197,-0.05102408441184719,56.38513887080564,0.8071846891609732,3.267658423642247,-0.02726494804081498
legacy_chi_condensate,theta_scan_25_45,4.004157569360158,2.533747268932283,29.274180397517622,-0.38910712938724096,-0.3215190219926263,-0.399697390298045,0.1066333956544039,-0.001262090296980984,-0.027192937052004203,-0.04489133387956346,-0.08073689964902898,rohrwild_nonlocal_exact_post_borel,-0.47072700464464556,-0.18219474948898443,46.49374593127467,10.298497954068452,3.3661946636269646,-0.03223442123203538
legacy_chi_condensate,theta_scan_25_45,4.166471032734146,2.5038972086656304,28.018664228891325,-0.33235485516408536,-0.28671833177058825,-0.39736820017423263,0.14323666821494388,-0.0015205079467702194,-0.031066291864529264,-0.03706159040217446,-0.06768795372244496,rohrwild_nonlocal_exact_post_borel,-0.40924013678882154,-0.15871251357569743,35.310097804959625,7.814965776350526,3.1205339094784486,-0.03463587128728638
legacy_chi_condensate,theta_scan_25_45,4.873481697112294,2.504254276739549,41.63830579437517,-0.29210702239518743,-0.2817744775084288,-0.40026501757087973,0.14787133766641172,-0.0014824253873943693,-0.02789837221656633,-0.03775362604345549,-0.08082038054847511,rohrwild_nonlocal_exact_post_borel,-0.4046688007167789,-0.031089072584663452,34.43817533421512,0.2998855568472479,3.258993811697176,-0.03902299582359576
legacy_chi_condensate,theta_scan_25_45,5.130638725514042,2.5106550195371993,33.777452277019506,-0.21288306142498978,-0.3167092340871637,-0.4268467079720785,0.14493499006148988,-0.0018122017403437746,-0.032985314436231254,-0.03484320735304672,-0.08735639796439423,rohrwild_nonlocal_exact_post_borel,-0.3816060561618494,-0.0008687337643230042,30.456799949248456,0.00023434886859169602,3.0021644212302907,-0.04206384807154365
legacy_chi_condensate,theta_scan_25_45,5.10561281592753,2.584213445523642,36.00630418698144,-0.3722733158362183,-0.33042563948017345,-0.42867301810190955,0.12715252664387722,-0.0014258130639237115,-0.027479334958217347,-0.05030097241807746,-0.10078068925490016,rohrwild_nonlocal_exact_post_borel,-0.4861484879002771,-0.10690263150104584,49.78544700273933,3.544556632146073,3.1663571703252464,-0.0383413694766814
legacy_chi_condensate,theta_scan_25_45,4.503500778659767,2.5219042916089136,39.067393966508,-0.27126415504647566,-0.2620065859124465,-0.37512646863795723,0.13702843649595847,-0.001162589795196949,-0.022745963975250826,-0.04202795033340445,-0.07040636863036953,rohrwild_nonlocal_exact_post_borel,-0.3743831852975982,-0.045485420092584106,29.455662831376404,0.6418687156248223,3.0457676686243094,-0.028553206367711546
legacy_chi_condensate,theta_scan_25_45,5.277061234787011,2.509481038475051,38.645391819657696,-0.39651697426044624,-0.3054690945677725,-0.4320343043409629,0.15187178414666166,-0.001353916335143762,-0.023952658038327555,-0.04475855030217399,-0.07903507412830765,rohrwild_nonlocal_exact_post_borel,-0.4862035704434967,-0.1189250465659353,49.7948843539949,4.386080772044709,3.638992587001359,-0.037086950622822294
legacy_chi_condensate,theta_scan_25_45,4.435624823549014,2.5450775799750063,30.072367750897506,-0.3256127962589472,-0.25789477230409497,-0.37831718830954014,0.1476878878091349,-0.0012856254071997228,-0.02597984639648994,-0.04360622518875331,-0.07162676242448403,rohrwild_nonlocal_exact_post_borel,-0.3863428143795534,-0.15255371659398392,31.198102733516784,7.2209883581735514,3.0834313957911546,-0.03301249156538874
legacy_chi_condensate,theta_scan_25_45,5.986911769397679,2.5261011842473677,37.61992291507804,-0.3750620601798403,-0.28035661418036645,-0.3538495029475452,0.08742921698650839,-0.000774236317263268,-0.01316209190206638,-0.07102792302897805,-0.11417767206092595,rohrwild_nonlocal_exact_post_borel,-0.45100976417425775,-0.1259427358782767,42.71878566628088,4.924441232495642,3.294874113608303,-0.02721965396452323
legacy_chi_condensate,theta_scan_25_45,3.85073940048495,2.528419409045178,38.26349657277658,-0.2764078542598528,-0.3482522261906578,-0.44994471451423823,0.15278978965375362,-0.002280473007755852,-0.048816828322417294,-0.025019418493620646,-0.06715303567746776,rohrwild_nonlocal_exact_post_borel,-0.4446111327706021,-0.0013621893140015884,41.36944294410124,0.0005754090469158407,2.7497830614283716,-0.03859448621530559
legacy_chi_condensate,theta_scan_25_45,5.379162415474447,2.559865915898407,38.67153939586946,-0.44793069400581287,-0.3224798168338679,-0.41798344536749865,0.1175652893785242,-0.0011377555034197291,-0.020923905341473745,-0.06048375549124438,-0.10151299407778935,rohrwild_nonlocal_exact_post_borel,-0.5316648745017634,-0.14821470952222807,59.72405530695938,6.817172269031149,3.2252424866783,-0.031990320574453855
legacy_chi_condensate,theta_scan_25_45,5.944153135460465,2.5086483340320296,35.41746015373432,-0.3697263456037769,-0.2944398624941073,-0.3627259187934667,0.08713961034116614,-0.0010623996269892542,-0.017791154414817514,-0.05620604225205458,-0.11180628042223187,rohrwild_nonlocal_exact_post_borel,-0.45422146882598535,-0.1306723402891243,43.37777391898472,5.295722661127334,3.000989846812935,-0.031758751722111615
legacy_chi_condensate,theta_scan_25_45,4.488451733567592,2.537961236558026,29.008868751544686,-0.31327654721685494,-0.3403159125926951,-0.43572308911782504,0.1275158115902951,-0.0015213043347548079,-0.030587330730410412,-0.04094507401543508,-0.08495009164029914,rohrwild_nonlocal_exact_post_borel,-0.4495433557585402,-0.10893983060967075,42.38746679837807,3.679671107435216,3.277660441891526,-0.036536415153057424
legacy_chi_condensate,theta_scan_25_45,3.4829133819707105,2.583969121981208,44.52839728105176,-0.2991839214862556,-0.3461253531438646,-0.42539926721068333,0.12517388926751452,-0.001898751189611934,-0.044001224011083806,-0.032701313727813534,-0.06695268686776973,rohrwild_nonlocal_exact_post_borel,-0.4565603128759203,0.02943568703972632,44.2875722012476,0.26896539695173305,2.4036191500659383,-0.02937193892616455
legacy_chi_condensate,theta_scan_25_45,5.97089764176121,2.5723123981791476,31.488341312183575,-0.3278880909602818,-0.32152671914190484,-0.41335110635423533,0.11289658428016833,-0.001163979309343498,-0.019908217758494325,-0.05877739460106745,-0.1067109163194432,rohrwild_nonlocal_exact_post_borel,-0.4454449391313246,-0.11166394905261923,41.698401748107386,3.8688511456862122,3.2044391914552737,-0.03395877404967406
legacy_chi_condensate,theta_scan_25_45,5.503817866527242,2.5576038873218763,42.2131240545055,-0.4296285403497372,-0.29154143204204175,-0.40587571857346083,0.13910705803144036,-0.0012919595123273382,-0.023480811987693886,-0.05985429471552907,-0.09655676797520095,rohrwild_nonlocal_exact_post_borel,-0.5045936009772618,-0.1223208368716063,53.44860410488137,4.642556499890932,2.9999830466116553,-0.035391491699461056
legacy_chi_condensate,theta_scan_25_45,5.615104913708888,2.5998237475845603,37.51040618418823,-0.4673587985484481,-0.35282056183203003,-0.38431692567644204,0.047566903397906715,-0.0008387029902776786,-0.015231836563217045,-0.06737541092557645,-0.1259841072441027,rohrwild_nonlocal_exact_post_borel,-0.5644497045431863,-0.15589460052621407,67.08460934027444,7.53920520186677,3.3245897402625344,-0.027537368129943396
legacy_chi_condensate,theta_scan_25_45,4.771461234088388,2.5869854776729135,44.72029329501172,-0.2609126345700302,-0.2780279638298305,-0.41637480159257256,0.17135393073058405,-0.0015756164531366373,-0.03143147651470536,-0.0381146850034303,-0.08003543002210835,rohrwild_nonlocal_exact_post_borel,-0.3811430918713744,0.01024182934659415,30.538811458463552,0.03254349187941371,3.4269099025975116,-0.04497255621285717
legacy_chi_condensate,theta_scan_25_45,5.010189468698506,2.5930484836080088,26.069806957649696,-0.356689390875657,-0.3366980486572948,-0.41181711763696316,0.10203231365669804,-0.0013135514831712134,-0.025599693193858485,-0.05440199287485243,-0.10468550472191263,rohrwild_nonlocal_exact_post_borel,-0.4591949643995923,-0.1724322539519057,44.40660478783371,9.226138291530788,2.745312891966866,-0.03141466769630022
legacy_chi_condensate,theta_scan_25_45,4.040170518790909,2.593034067465051,41.05147126093606,-0.4088958734274144,-0.32718884931127973,-0.4205355653472552,0.12330058192974669,-0.0013030130024702005,-0.028650852891300968,-0.04525089984029625,-0.08248620081688257,rohrwild_nonlocal_exact_post_borel,-0.5152765734253475,-0.09347957690661574,55.811262731067025,2.710663955833298,3.1688225971820447,-0.031197034317711855
legacy_chi_condensate,theta_scan_25_45,4.463715950529485,2.5303606345252563,32.015627747260716,-0.3143353338089799,-0.28420726008107966,-0.3932038916498294,0.1406790862573803,-0.0015058259084107211,-0.0301766287802198,-0.038271997282776464,-0.07638325244096539,rohrwild_nonlocal_exact_post_borel,-0.4076253894716895,-0.11585340142460523,34.668198479585115,4.165694418559478,3.204482851662713,-0.0385557862940153
legacy_chi_condensate,theta_scan_25_45,4.548738422814468,2.525367305030665,44.95387682155761,-0.4343760859125013,-0.39980517244689745,-0.43149265304349443,0.056509985349202985,-0.0011962102878410688,-0.02362629446476494,-0.049111573391376485,-0.09961354160145976,rohrwild_nonlocal_exact_post_borel,-0.5898353548847899,-0.02492015360892047,73.1273108579486,0.19272982384969664,3.170653620895154,-0.02771671226580423
legacy_chi_condensate,theta_scan_25_45,4.60493950472494,2.502823410687579,27.443917657352145,-0.44558842839652296,-0.29498566826247385,-0.3606154794269187,0.08437824128403984,-0.0009180119883191639,-0.017830418131275828,-0.05033223749032277,-0.08792774020584394,rohrwild_nonlocal_exact_post_borel,-0.46715155177137513,-0.2594899221140154,45.825496932353005,20.889462855596776,3.4620228645867916,-0.027569112809143273
legacy_chi_condensate,theta_scan_25_45,4.238809538193113,2.5591981657307907,42.34674463439996,-0.35334289671391655,-0.32420079893247317,-0.43562284268158497,0.1393629483539435,-0.0012738349030182805,-0.026667069701813515,-0.045845192675487076,-0.07658565554607653,rohrwild_nonlocal_exact_post_borel,-0.4776282296325898,-0.04276254137295318,48.10630212878365,0.5673591104814295,3.409614289896602,-0.03118608893000173
legacy_chi_condensate,theta_scan_25_45,3.3907517605695374,2.5367042594002163,26.899464465603046,-0.25602480694556307,-0.3110190424556713,-0.41661375957807467,0.16000126271091558,-0.002268304486370342,-0.05213824110214188,-0.024817242646955267,-0.056339759107747994,rohrwild_nonlocal_exact_post_borel,-0.3931997039683709,-0.08761015546579642,32.372214675741425,2.381849397615078,2.7101682935628686,-0.03804081493253837
legacy_chi_condensate,theta_scan_25_45,4.501164570005672,2.596281282954901,31.13122681460538,-0.38112699450258386,-0.3317146443611324,-0.48169992131631545,0.1870928251952606,-0.001693951252330045,-0.03541359698774754,-0.04939512991220245,-0.08190579989337221,rohrwild_nonlocal_exact_post_borel,-0.48098553450691794,-0.15474271167747952,48.70438603661239,7.42888301001587,3.059608078894763,-0.03717228341631176
legacy_chi_condensate,theta_scan_25_45,3.37798239170403,2.5295273925417354,40.52630783672609,-0.3249106107541602,-0.29456240592683786,-0.38350903430549244,0.13123555954991453,-0.001766095989121537,-0.04052283518213843,-0.02518623284768649,-0.05884499927781208,rohrwild_nonlocal_exact_post_borel,-0.43502513001265186,-0.05556124749790972,40.01204721342272,0.9582433106105305,2.876551029813941,-0.03389682678184732
legacy_chi_condensate,theta_scan_25_45,4.450603972106318,2.569396256691649,41.32735948846707,-0.17115774411252427,-0.30099809456067983,-0.4463895140531359,0.18797915850767846,-0.001996340148817525,-0.04059139886640484,-0.022279100478501235,-0.07099219221876928,rohrwild_nonlocal_exact_post_borel,-0.3390599691073597,0.0702364837371903,24.194226414856963,1.5313606607503036,3.718599810374215,-0.05307506135387763
legacy_chi_condensate,theta_scan_25_45,5.9525315807437345,2.506825716453459,30.293670490523596,-0.3823840917896265,-0.24393073580683136,-0.38004091094576786,0.158156312252302,-0.0012568967048249746,-0.020789240408540657,-0.048387438216947166,-0.08430059168707794,rohrwild_nonlocal_exact_post_borel,-0.40350917053398755,-0.2071235061986278,34.098724475283795,13.321209375289097,3.248931042953314,-0.038112340071366345
legacy_chi_condensate,theta_scan_25_45,4.741330269388049,2.5826632183865326,27.622485627312667,-0.4412462386250972,-0.3430534149815234,-0.3963903639680999,0.07629480024034982,-0.0010885047886537269,-0.021869346465119576,-0.06316035416073103,-0.10450052988134942,rohrwild_nonlocal_exact_post_borel,-0.5085338446620338,-0.2318991536520391,54.340578098734156,16.694859355280222,2.737612839234195,-0.02621531902772392
legacy_chi_condensate,theta_scan_25_45,4.219116054221194,2.5625274472081316,34.22018189712435,-0.35467038734551154,-0.34205234421804565,-0.40905163912887404,0.09573243308752785,-0.0013023129252893002,-0.02743082525141015,-0.048382165632583185,-0.08617130390117007,rohrwild_nonlocal_exact_post_borel,-0.4822947528533985,-0.10090917309618003,49.077809276025725,3.1603335932231276,2.9859974585828346,-0.029858086747330405
legacy_chi_condensate,theta_scan_25_45,5.056277692002203,2.586674029882634,33.33809878082546,-0.4719292524686831,-0.3381922130810124,-0.42517336425230695,0.10692996434162681,-0.0009879560261651077,-0.018960857144167172,-0.06049886333367545,-0.09791871816025925,rohrwild_nonlocal_exact_post_borel,-0.5419021687981306,-0.2084064101129458,61.73477715458158,13.481861149623361,3.402212355750943,-0.027991068641896186
legacy_chi_condensate,theta_scan_25_45,5.322930270867355,2.5698980619911675,35.16888294053649,-0.3337014159787573,-0.30420390598749125,-0.43182154816634194,0.15422009221815536,-0.001363433177863172,-0.025239016861441615,-0.05220489182361306,-0.09100322497924018,rohrwild_nonlocal_exact_post_borel,-0.4408820257782359,-0.09756890278133165,40.850732692039855,2.955075247772361,3.195099996032139,-0.03646292273032616
legacy_chi_condensate,theta_scan_25_45,4.403266031500539,2.579583012182779,37.73610020787645,-0.383979125975365,-0.2864920337177739,-0.39485829053821175,0.13528240558526194,-0.001235604953542457,-0.025680543811281632,-0.04600163662462129,-0.08049501966593102,rohrwild_nonlocal_exact_post_borel,-0.46157380244585655,-0.12832489806824213,45.01789422423196,5.111110435700543,3.292614398892874,-0.033854547914873176
legacy_chi_condensate,theta_scan_25_45,5.333289071696647,2.5959670643499075,37.156801909416316,-0.3910674572500872,-0.4114114770568655,-0.43805386544841346,0.05065929628320013,-0.0012111438270292771,-0.022805764064622813,-0.0634521089324735,-0.12579278600687277,rohrwild_nonlocal_exact_post_borel,-0.5640931120024155,-0.06318323009779461,66.68368361302718,1.2386090982374511,2.984165780165695,-0.030859999337895457
legacy_chi_condensate,theta_scan_25_45,3.4775680057739047,2.528932508256378,32.031356966108675,-0.3627849168280042,-0.3332614785901632,-0.4217270699828503,0.12491624283849452,-0.0015320948141200506,-0.03491855663168724,-0.03731120199481999,-0.06385635077254709,rohrwild_nonlocal_exact_post_borel,-0.47494013290657366,-0.1307974737702907,47.38130685931286,5.308179579223988,2.8287003366719947,-0.027358470165861543
legacy_chi_condensate,theta_scan_25_45,5.415665499846049,2.524494080797521,27.102929155667375,-0.45276447334874564,-0.30575576281677486,-0.3760442936698225,0.09189892767689346,-0.0011442180051022433,-0.020466178818743602,-0.05430850655034755,-0.1027133519457347,rohrwild_nonlocal_exact_post_borel,-0.4784557294141839,-0.2637467910955052,48.09206198315888,21.595392794093268,3.213674475180645,-0.03428499083164299
legacy_chi_condensate,theta_scan_25_45,3.2082211241865375,2.5891737972464433,31.483152595587367,-0.3258587812586529,-0.3649343097309959,-0.41370913013639043,0.08946325263971562,-0.001615375866719323,-0.0390730563676017,-0.029211895688540795,-0.06777001072033238,rohrwild_nonlocal_exact_post_borel,-0.48139274498999357,-0.0873041855423444,48.91172576593745,2.3649109543214646,3.089546213048418,-0.031514300593694713
legacy_chi_condensate,theta_scan_25_45,5.62324948867604,2.5140571488183476,33.27124420403937,-0.2597972724611939,-0.2863384587019615,-0.3856402041383863,0.12477413838866518,-0.0013974549249075752,-0.024074938027332793,-0.04313616793504027,-0.09406137231626618,rohrwild_nonlocal_exact_post_borel,-0.38192829421923197,-0.06012581629282476,30.716466947550465,1.1204861530828862,3.1798266465412595,-0.04003010379891477
legacy_chi_condensate,theta_scan_25_45,5.239860501641691,2.5130171074351897,29.188556209231376,-0.2997485282511941,-0.28944040946846583,-0.39546977630406877,0.1298188487574367,-0.0012517109790574008,-0.02253777094277638,-0.04561551743255505,-0.08626407946478525,rohrwild_nonlocal_exact_post_borel,-0.39887007248252776,-0.12053047788759957,33.54721878950047,4.5091511533149875,3.600013445123021,-0.03818095263633759
legacy_chi_condensate,theta_scan_25_45,3.383415203003792,2.543808274098946,32.22976567409357,-0.22604266419691088,-0.27075639207403773,-0.4163801192523759,0.19999323681488496,-0.002242851479635889,-0.052126658156910866,-0.02138322476730384,-0.05134101316984216,rohrwild_nonlocal_exact_post_borel,-0.34958934951327814,-0.04681449127215356,25.552016035978895,0.6796727502805043,3.174675225783375,-0.04516168470660992
legacy_chi_condensate,theta_scan_25_45,4.736765243697549,2.513708859911838,32.76205457431592,-0.27810485733121953,-0.3006675044713079,-0.38993578482727137,0.11579133376201912,-0.001319385068721733,-0.02520366833733388,-0.038816836390668776,-0.0830040515774613,rohrwild_nonlocal_exact_post_borel,-0.4033357095263901,-0.07115873338575837,34.201613707407816,1.5723368272192977,3.6386574191585774,-0.0389379014070579
legacy_chi_condensate,theta_scan_25_45,3.3125201954135948,2.5456601434533868,39.4616046571617,-0.2787692888011991,-0.28381162283512346,-0.3687087575736593,0.12504861974736253,-0.0016446535051982526,-0.038506831503628505,-0.02541581434780327,-0.05932780173806187,rohrwild_nonlocal_exact_post_borel,-0.3962918371818098,-0.03484441731610155,33.016573882491365,0.3768616165274874,3.1406524289634645,-0.036234266437333615
legacy_chi_condensate,theta_scan_25_45,4.76055550612481,2.5913654446912844,36.34927341515707,-0.3494088321466327,-0.31850930895671115,-0.4414238698089895,0.15412209739339836,-0.0014742094857353985,-0.029733327055384683,-0.04802715745256334,-0.08902357213107705,rohrwild_nonlocal_exact_post_borel,-0.46363013229832295,-0.09263807154294071,45.1293789110123,2.660785269147019,3.3769901770688344,-0.039887551207663526
legacy_chi_condensate,theta_scan_25_45,5.828513372431517,2.539054431966853,37.82504543047561,-0.3324040433485079,-0.27914120868675507,-0.3748886739388501,0.11870889380850679,-0.0012742321034035905,-0.02168719645300807,-0.05171145475778306,-0.09787601994778643,rohrwild_nonlocal_exact_post_borel,-0.4243375920400898,-0.09137762528736229,37.78687364295094,2.5896340881634106,2.8219992035616506,-0.03444299447973649
legacy_chi_condensate,theta_scan_25_45,3.0821083738579724,2.5378843048259685,39.72519760730281,-0.4986591660519152,-0.37836195140596407,-0.4584752211264574,0.11402083783307702,-0.0013444738574414545,-0.03256309425514235,-0.03704526363821404,-0.05842842514050567,rohrwild_nonlocal_exact_post_borel,-0.6097013266100424,-0.14171458107504378,77.80726216519759,6.23131532748622,3.220638149035378,-0.023235058443437068
legacy_chi_condensate,theta_scan_25_45,5.095093821417595,2.5140521448768864,44.24507200621725,-0.3976662569552886,-0.3274888080427911,-0.4070978118101109,0.10371298410768989,-0.00124243816698471,-0.022861542173385405,-0.052454874896734026,-0.09522088437777407,rohrwild_nonlocal_exact_post_borel,-0.5120637430867891,-0.05637458940040685,55.01404937339165,0.9861294510359945,3.0026779733440834,-0.030600976152884287
legacy_chi_condensate,theta_scan_25_45,5.028686842217228,2.558142919081842,26.219620537513922,-0.2959488896609113,-0.3998831113429893,-0.40826004454034576,0.035590015507029504,-0.0013622176946564233,-0.025850864615016657,-0.05301494389872016,-0.11824022223933785,rohrwild_nonlocal_exact_post_borel,-0.48949208140298883,-0.08882426623758646,50.476930993669534,2.450121887111452,2.7187821210088408,-0.03125605185231462
legacy_chi_condensate,theta_scan_25_45,5.774044700057554,2.5361249176194236,44.51570305287405,-0.31434040997511814,-0.2967337305971092,-0.41774155813104097,0.1437374071802897,-0.0012363596193281869,-0.02149322002702981,-0.0586631670350097,-0.09612499881414707,rohrwild_nonlocal_exact_post_borel,-0.43197400131922126,-0.016101627298648863,38.89529086014994,0.08044685956315349,3.388582640290638,-0.037090971424521356
legacy_chi_condensate,theta_scan_25_45,3.1962559573314566,2.5128258820269327,32.65367655893837,-0.4728873160503812,-0.3636671048219476,-0.4465965092711214,0.11717071150312387,-0.0013928756815485474,-0.032848431372401544,-0.038555211021568066,-0.059253596616965866,rohrwild_nonlocal_exact_post_borel,-0.5613395118842595,-0.20192604886059592,66.23902274689875,12.648500600788887,2.8293748443152973,-0.021888656543234755
legacy_chi_condensate,theta_scan_25_45,5.250796004037731,2.504032518525671,42.14810023257407,-0.24703723564199706,-0.2656910459033126,-0.3816983941630113,0.14543311165309777,-0.001547961567590242,-0.027877801825808842,-0.03416975175418817,-0.08477283228408,rohrwild_nonlocal_exact_post_borel,-0.3627608877162386,-0.004864772364897768,27.62263057109893,0.007343736426838476,3.420687630860342,-0.04687655812081104
legacy_chi_condensate,theta_scan_25_45,3.7264587768365747,2.5470907784362606,35.136359053971916,-0.30216045202797986,-0.35156050815038886,-0.43691170322946316,0.12312266358118176,-0.0016345834411356705,-0.03613688506097186,-0.0355042922278252,-0.07029466627346508,rohrwild_nonlocal_exact_post_borel,-0.4614014809129935,-0.044770560327175635,44.75307682237001,0.6218281145988841,2.858265387561322,-0.029959648290663506
legacy_chi_condensate,theta_scan_25_45,3.5953473328693697,2.528700168204972,35.84823172653926,-0.4287492991011183,-0.40800346431340223,-0.4015696127822692,0.02602258544366334,-0.0013863269042561173,-0.031070110070540127,-0.03757135824030552,-0.08601757340490229,rohrwild_nonlocal_exact_post_borel,-0.5818086573256736,-0.10858855663620795,70.77783945007812,3.659880889101188,2.8889113923007588,-0.0271675754539406
legacy_chi_condensate,theta_scan_25_45,3.7650518497131036,2.5618474768535684,44.00241718247932,-0.4086002427292234,-0.35822464810097215,-0.39869397957851943,0.06784222377428231,-0.0011694241386782866,-0.026203468158056763,-0.04585011535043907,-0.08422848116677263,rohrwild_nonlocal_exact_post_borel,-0.5415247269123205,-0.045055821022175646,61.57991519565817,0.6297753819691958,3.1552968831097754,-0.02723277882204538
legacy_chi_condensate,theta_scan_25_45,3.663664143930176,2.576170788151985,28.042017588502326,-0.2986652339901062,-0.30198176360359336,-0.3952339756099706,0.1311058060178551,-0.0015916496852077173,-0.03626194432627021,-0.035614779024240914,-0.06928848585450317,rohrwild_nonlocal_exact_post_borel,-0.4069382156507093,-0.12163550545181392,34.95246160382765,4.594045057055831,3.016062184271462,-0.035210203004426774
legacy_chi_condensate,theta_scan_25_45,5.171067117905296,2.533658888736994,26.32054087875168,-0.35184816777829153,-0.356537530922412,-0.419751509680115,0.08805367198721982,-0.0012790058838040655,-0.023560687345712813,-0.05789073993013388,-0.10276444768099144,rohrwild_nonlocal_exact_post_borel,-0.4755812632929469,-0.1572851109605591,47.811774561726665,7.68175162488115,2.6756734647728497,-0.02789748026030403
legacy_chi_condensate,theta_scan_25_45,4.368577400046811,2.5162712398184572,32.68562586462164,-0.35289230125248877,-0.29146074372475095,-0.39971057469407284,0.13756614206256162,-0.0013854336392814534,-0.02793087745395835,-0.040864847051697746,-0.07585198478976969,rohrwild_nonlocal_exact_post_borel,-0.4358789964017592,-0.13961318673985446,40.248598643215885,6.048556224723335,3.133073831211431,-0.03335691299352849
legacy_chi_condensate,theta_scan_25_45,4.718083630610455,2.5001391802980084,44.86155439628168,-0.3344931127956914,-0.32056311126136233,-0.40019829213287433,0.10544685103645965,-0.001288436390565116,-0.024523233774382567,-0.046450265399640984,-0.08576178776796824,rohrwild_nonlocal_exact_post_borel,-0.46316954503224234,-0.010969200697467762,44.678014338896084,0.0373412426074713,3.0744816346044677,-0.03096042429216534
legacy_chi_condensate,theta_scan_25_45,3.229813841088812,2.526186178192511,29.891689454495204,-0.41319103800842083,-0.4136257653113736,-0.47261210023273154,0.10942730825836099,-0.0020586206536453598,-0.048382352683357756,-0.029847488201683786,-0.0639427774731301,rohrwild_nonlocal_exact_post_borel,-0.5645194439027718,-0.15208847778711304,66.59073534883731,7.179624715186186,2.8083673808775065,-0.030592313026605984
legacy_chi_condensate,theta_scan_25_45,3.791395037411893,2.513280155525178,30.208556548000868,-0.35611472113498666,-0.3965678797367903,-0.41596727439249565,0.040552487459498104,-0.0009310797390109001,-0.020222013064781857,-0.047724833751029115,-0.08480533737415533,rohrwild_nonlocal_exact_post_borel,-0.5218926013499844,-0.10822148818108623,57.290585534947034,3.6338758869200647,3.388884291138625,-0.02126053795055591
legacy_chi_condensate,theta_scan_25_45,4.923726097765629,2.519982154082068,25.10751879616349,-0.35528396378772253,-0.3093354114094055,-0.36244968491742163,0.07763509675192376,-0.001239896729489092,-0.023280926514418508,-0.04249384497298024,-0.09779903297413654,rohrwild_nonlocal_exact_post_borel,-0.4308607463869327,-0.19045763019484718,38.988629433687755,11.260210613861807,3.200596613462372,-0.03577627045667014
legacy_chi_condensate,theta_scan_25_45,5.789599624691136,2.536900817827794,26.46852310798129,-0.33795808369655567,-0.2945522323655288,-0.3845799424595906,0.109319442356336,-0.0010463035404738791,-0.018245428721800353,-0.06259707751883656,-0.10749440053850122,rohrwild_nonlocal_exact_post_borel,-0.41430705423004066,-0.17124937588963873,36.10913515774436,9.097585989597375,3.2071556897764304,-0.03264213632721313
legacy_chi_condensate,theta_scan_25_45,4.230597458579749,2.593232767683051,38.210538748830025,-0.36144974675228664,-0.306685837799086,-0.42866593599772806,0.15152346206340797,-0.0013144393753933043,-0.028228924489372628,-0.04774701665982283,-0.0788266704345591,rohrwild_nonlocal_exact_post_borel,-0.46455209153804666,-0.09430523199401891,45.48350245393274,2.759667720368274,3.2734284472557267,-0.03291892225667627
legacy_chi_condensate,theta_scan_25_45,4.102020936264489,2.506332656780267,39.864098799621296,-0.2734580988587036,-0.3136222626108444,-0.38929982497288534,0.11291075088991426,-0.0017037781009594706,-0.03552941042691381,-0.028743142622931997,-0.07931903714330521,rohrwild_nonlocal_exact_post_borel,-0.41600418792197796,-0.008875306639074515,36.39781286511438,0.024455158567015512,3.4142413825992737,-0.04426132313195044
legacy_chi_condensate,theta_scan_25_45,5.488287813056464,2.5399847489145913,31.01796134665023,-0.4311913799188095,-0.29927364592008626,-0.34938372827212544,0.06429294005293017,-0.0007489780051299128,-0.01343387969576105,-0.06990284128139655,-0.11214879474598025,rohrwild_nonlocal_exact_post_borel,-0.47867508318481833,-0.2153157820425515,48.44092753147298,14.395482428818292,3.0763867338002937,-0.02374763659150051
legacy_chi_condensate,theta_scan_25_45,3.1422244586858747,2.5222729858320903,28.576759244039525,-0.3346831142891145,-0.37200655948280215,-0.4362246487165171,0.11349473619315333,-0.00199897453772116,-0.047277672421717175,-0.029167802306084015,-0.05824240681775277,rohrwild_nonlocal_exact_post_borel,-0.4867785083815494,-0.1159670257716644,49.64089589901784,4.171721864881089,2.5383002323101067,-0.028021267629964444
legacy_chi_condensate,theta_scan_25_45,4.189449465273243,2.5186438350509825,28.33037040883749,-0.3823477509078677,-0.3655801319621689,-0.44543327811042893,0.10703860143224762,-0.0012610950818836516,-0.025924360202103917,-0.04601501620633314,-0.07959468168291248,rohrwild_nonlocal_exact_post_borel,-0.5032380928427757,-0.1630645805248571,53.244845891063946,8.252041032897813,3.155367155650921,-0.026495545490688555
legacy_chi_condensate,theta_scan_25_45,5.3374981485198765,2.500429768096254,30.605670171084572,-0.38824867040421623,-0.30407840830665417,-0.3360844821788048,0.055001313981602684,-0.0012203853106276792,-0.021774854798824343,-0.05079343977397288,-0.11116564871584843,rohrwild_nonlocal_exact_post_borel,-0.45938546947141545,-0.1793479827248615,44.519352824023166,9.979602593323946,2.9053130717940054,-0.036044577124206854
legacy_chi_condensate,theta_scan_25_45,3.706358354504875,2.5701699224049763,39.31622773481815,-0.19276302212801885,-0.23928188107732953,-0.43664923795427485,0.25202538485597864,-0.002318256841918556,-0.05233977113711476,-0.01823698069224926,-0.048691847721507905,rohrwild_nonlocal_exact_post_borel,-0.30725766330807025,0.0024758130577416937,19.813992958577213,0.0019008464713115298,3.666164562469777,-0.05617528366351047
legacy_chi_condensate,theta_scan_25_45,3.539245719736299,2.5843323639282696,27.43346033538088,-0.26603434731030245,-0.2727958111834858,-0.4412358573893836,0.21810834083523045,-0.0020399772982277807,-0.04762831733110483,-0.02499294671573199,-0.05608385722012605,rohrwild_nonlocal_exact_post_borel,-0.3646858235010078,-0.11043585778843029,27.82145660333084,3.7836753724597445,3.4983809939627877,-0.04661841557291152
legacy_chi_condensate,theta_scan_25_45,5.947732552381056,2.5002635063657603,36.108349075072,-0.40176495474566665,-0.3407465073801296,-0.3843188411797998,0.05802832849178758,-0.0008258004461899524,-0.013630194245927513,-0.06740351653762867,-0.11343588015051026,rohrwild_nonlocal_exact_post_borel,-0.5120562214177848,-0.12378080328098079,55.25693651762856,4.754597131938309,3.5582343041559605,-0.02693319414709905
legacy_chi_condensate,theta_scan_25_45,5.202464356091416,2.5283500098843943,28.368108133716262,-0.22481955732872402,-0.27175475927532977,-0.3850759787860233,0.1424463657633739,-0.0015074787662426403,-0.02761766748643766,-0.036819825234175145,-0.086587710593584,rohrwild_nonlocal_exact_post_borel,-0.3459401233290765,-0.06870162747227468,25.217068139251992,1.4653369611295892,3.302647776737045,-0.044252572938931964
legacy_chi_condensate,theta_scan_25_45,3.135453407481653,2.591594379490088,27.24716283598747,-0.2943756598227537,-0.33428440707832335,-0.4687330169945781,0.19696184514992754,-0.002448537060497959,-0.06006469817317487,-0.02293426430108118,-0.05323092183867288,rohrwild_nonlocal_exact_post_borel,-0.4319661235105027,-0.10866628755551075,39.32839604876321,3.6643035524930743,3.1651770681260807,-0.04281853847077072
legacy_chi_condensate,theta_scan_25_45,5.398446555850123,2.54625358679633,36.52208369534177,-0.40468437150766684,-0.3465028218805386,-0.4173253996132945,0.09330253273097713,-0.001176316127034296,-0.02130363887118689,-0.06209706929082819,-0.10505988373578166,rohrwild_nonlocal_exact_post_borel,-0.5193000614785364,-0.11900038765533458,56.54308824892558,4.3938871579846674,2.9372560009184747,-0.029443236535406276
legacy_chi_condensate,theta_scan_25_45,4.4231287690670085,2.555586515865875,26.5940160210338,-0.1196327054754061,-0.23640529837084026,-0.43485679123635096,0.25411811087978403,-0.0025897244447901173,-0.053076893569483266,-0.015481307684617703,-0.05896182745182651,rohrwild_nonlocal_exact_post_borel,-0.26494931207522665,-0.0011451410548149604,14.76263100501051,0.00040674982313956446,3.2084177471439297,-0.0616939209352965
legacy_chi_condensate,theta_scan_25_45,5.561057734269864,2.592413041492061,37.081567809097265,-0.35045987493202435,-0.3155312708795776,-0.4264359984446985,0.13354121417205497,-0.001167558008979659,-0.021468928597954434,-0.06422952208488696,-0.10407910488402282,rohrwild_nonlocal_exact_post_borel,-0.46303414998027925,-0.08933914479270463,45.141020251319155,2.4776432572630256,3.075024832968705,-0.03231556514667485
legacy_chi_condensate,theta_scan_25_45,5.8556787683062765,2.544866079139475,28.677426556803297,-0.4674718692705592,-0.3899246410024273,-0.4530801841007669,0.08295014974875889,-0.0010968266492712828,-0.018697780001148093,-0.06610589607693096,-0.11326611795894788,rohrwild_nonlocal_exact_post_borel,-0.5664240599639722,-0.2230133594969439,67.37680197091429,15.432834114220542,3.0165053136298994,-0.026509300287049627
legacy_chi_condensate,theta_scan_25_45,5.397392024874497,2.5032258511604017,43.111164977860035,-0.2947987246827453,-0.2690240644866973,-0.35971912880571333,0.11727314751246982,-0.0014334239409295358,-0.025144659252524203,-0.044147068317651174,-0.089965241868995,rohrwild_nonlocal_exact_post_borel,-0.3978655782987284,-0.03135629047789615,33.170905749694946,0.3050363880967828,2.7744543233963292,-0.037119974605780606
legacy_chi_condensate,theta_scan_25_45,3.7402584704671336,2.5034737676462684,30.544418460315207,-0.2212902550013927,-0.2958791504802124,-0.42968057206216587,0.18637172640391608,-0.002312288528146521,-0.050258016293816085,-0.021552608183901836,-0.060041283861484634,rohrwild_nonlocal_exact_post_borel,-0.36728268506906214,-0.04021539376822872,28.241570706377445,0.5017409217765119,3.076125345950922,-0.045457142712127384
legacy_chi_condensate,theta_scan_25_45,3.1864641740172757,2.5149314329910846,43.906118581812514,-0.27801021619025673,-0.33017476808820734,-0.47176118140711626,0.19741905085704511,-0.0022791742410590856,-0.05355346329707716,-0.02179403151748801,-0.04992113577160511,rohrwild_nonlocal_exact_post_borel,-0.43067752926852976,0.028669209466071793,39.00160373901517,0.25506352262186244,3.221321001165022,-0.03807222132981064
legacy_chi_condensate,theta_scan_25_45,3.050410456702438,2.5542791743544524,27.548715554075038,-0.1559158746233307,-0.3035289966588467,-0.4420733804608567,0.21615785183751965,-0.003047521655453295,-0.0745659463800563,-0.014355977978087322,-0.04864649390937371,rohrwild_nonlocal_exact_post_borel,-0.3412257465411854,0.00214515027329909,24.36113748871547,0.0014261893714085,2.942111362721709,-0.05009910325800297
legacy_chi_condensate,theta_scan_25_45,5.002013381322557,2.5513515571436503,34.403001171903284,-0.3043665517049898,-0.3295280237818439,-0.39751885159788863,0.09529427080713225,-0.0013568438034656008,-0.025946599187621964,-0.04742051081763818,-0.1027029217820057,rohrwild_nonlocal_exact_post_borel,-0.443858481395519,-0.06494124073050525,41.478214195036834,1.3083615871768228,3.1571338360847596,-0.03746549933938411
legacy_chi_condensate,theta_scan_25_45,4.625200617330198,2.5505537072564293,38.38779346070218,-0.4057639525156677,-0.3733282209447864,-0.4247820883401537,0.08017906829436164,-0.001367738491683919,-0.02735746240731049,-0.05099526844357286,-0.10104521017571862,rohrwild_nonlocal_exact_post_borel,-0.5445959065927735,-0.08621858406011726,62.38177590936579,2.306893231042616,2.9773329755256426,-0.031892182843616314
legacy_chi_condensate,theta_scan_25_45,3.550178511547799,2.5624528666633677,35.36053141347733,-0.3946645218642962,-0.2962948113626764,-0.3900478421442763,0.12417193568394495,-0.0012662924085272461,-0.029152612493817814,-0.03531450766666979,-0.06712472464597113,rohrwild_nonlocal_exact_post_borel,-0.47003637922561475,-0.15038783947943243,46.3579588597326,7.019804430121774,3.6047643298865926,-0.032952436375420044
legacy_chi_condensate,theta_scan_25_45,4.063719221011545,2.5650833850427435,25.810690445436045,-0.42359505719479146,-0.27974891184158424,-0.40304842141679453,0.1491314009191441,-0.0011400815252975256,-0.024691809818636206,-0.04782355111509902,-0.07202791481094471,rohrwild_nonlocal_exact_post_borel,-0.43627337134521443,-0.25953375813463986,39.94028210900737,20.909309712284724,3.423295335685555,-0.030294199946923613
legacy_chi_condensate,theta_scan_25_45,4.92862792224343,2.506806568061868,34.85835436055679,-0.25927840368743016,-0.26079748435033234,-0.3606743623746004,0.12643427305794283,-0.001351508988961991,-0.025205886044712824,-0.03604019481519198,-0.08171612116883975,rohrwild_nonlocal_exact_post_borel,-0.3621924122346586,-0.06369674231703676,27.556427207110204,1.258878263542462,3.518304235455011,-0.04270309240090987
legacy_chi_condensate,theta_scan_25_45,4.698932356083114,2.5096150244203232,35.56477143257741,-0.3156212072781276,-0.3656971455925055,-0.41162070359922326,0.06865744954198826,-0.0011308144011286502,-0.021603077134141918,-0.04655373490806127,-0.09426889514189962,rohrwild_nonlocal_exact_post_borel,-0.4810519905039958,-0.04404692055470491,48.83381962004486,0.6019002132331901,3.4896145825899256,-0.029913710276828875
legacy_chi_condensate,theta_scan_25_45,4.972909510624498,2.5727534922554165,37.86542986715755,-0.2427148475833345,-0.19731994687635132,-0.39716934145119703,0.2333007505251925,-0.0016575524507309932,-0.03179380349961581,-0.03793116639605418,-0.058972061104601695,rohrwild_nonlocal_exact_post_borel,-0.3047556894842933,-0.07049559134896594,19.474018429601415,1.5416566909013172,3.0413746414002967,-0.0436697698573856
legacy_chi_condensate,theta_scan_25_45,4.020523658748647,2.5183919155952568,43.7228078781329,-0.4325560995598264,-0.32032495639740044,-0.4415071895681516,0.1451782105835337,-0.0010872138077414352,-0.022908763605041058,-0.04616787149398433,-0.06839805038609921,rohrwild_nonlocal_exact_post_borel,-0.5304661690410415,-0.09120581374193287,59.000658931282004,2.582349459730712,3.5142018358250477,-0.025178342838560137
legacy_chi_condensate,theta_scan_25_45,4.8853469208261915,2.5322019534782294,27.22568807175864,-0.29878852474994616,-0.29308823171715354,-0.4305258631106428,0.17027796374532506,-0.0016193364274641132,-0.031220995924371754,-0.04453724492968241,-0.08208113480647262,rohrwild_nonlocal_exact_post_borel,-0.3973121287328287,-0.13159926464507787,33.42911429528959,5.374205539038007,3.192357505153992,-0.04093198718372943
legacy_chi_condensate,theta_scan_25_45,5.912458904049131,2.544895003737463,36.696575964435375,-0.41999987056163046,-0.3530284183934705,-0.41858554910306145,0.08974685227601524,-0.0013322083615740056,-0.022857513204850344,-0.05831817487047948,-0.1176867063638191,rohrwild_nonlocal_exact_post_borel,-0.5340445550906142,-0.12579892147093105,59.86690034620032,4.909979019111683,2.948735946368933,-0.035194540377756205
legacy_chi_condensate,theta_scan_25_45,3.8351897373901256,2.525254199673749,25.60208231050407,-0.3298070670509313,-0.2925687854043983,-0.422740606053984,0.16384619905221193,-0.0014777499174780148,-0.0321966284851483,-0.03443358530328793,-0.06397194475799371,rohrwild_nonlocal_exact_post_borel,-0.40635919540909193,-0.17100116951710556,34.71565030297275,9.076493277281994,3.720523023478274,-0.03742603915523033
legacy_chi_condensate,theta_scan_25_45,3.7432349772465727,2.504991676001256,25.90691722152174,-0.3754002680892466,-0.3101497221190911,-0.3889249006264979,0.10892765353960579,-0.0013229467742845765,-0.02882952825791435,-0.04112582334799876,-0.06973023488359147,rohrwild_nonlocal_exact_post_borel,-0.44299751410832544,-0.2021667972389919,41.448847048356235,12.682109684559776,2.8825013343936976,-0.027105920000433943
legacy_chi_condensate,theta_scan_25_45,5.193768869966105,2.5811285557179895,44.46186019409002,-0.5097029257149998,-0.3958164889038192,-0.4068236585562587,0.02704360187416789,-0.0008073950041333001,-0.015229037217595161,-0.0684280014086163,-0.12286916883984818,rohrwild_nonlocal_exact_post_borel,-0.639514326115377,-0.08654011823295071,86.04220292698716,2.32381358614085,3.2263738163231506,-0.022970316848585914
legacy_chi_condensate,theta_scan_25_45,5.305898534292699,2.5854293326323705,44.21484613794276,-0.3785992649705887,-0.368549485625822,-0.4512138134176692,0.11818319495879603,-0.0018060215954357566,-0.033712845571513154,-0.05139977902561196,-0.1059463826999437,rohrwild_nonlocal_exact_post_borel,-0.528166965948609,-0.014345134086827194,58.94960320439171,0.06388064519974045,2.4746436693498715,-0.0360883744348633
legacy_chi_condensate,theta_scan_25_45,4.99183561798953,2.5817676285451796,32.18565628453819,-0.37268079902881357,-0.3487610929566522,-0.38513565160293595,0.058890793259314865,-0.0011006665096573696,-0.02141556810337372,-0.0564433114693307,-0.11492605465091307,rohrwild_nonlocal_exact_post_borel,-0.4936795713015129,-0.12963702713587658,51.32833066419369,5.213072107414319,3.0725842000270913,-0.03133370425614634
legacy_chi_condensate,theta_scan_25_45,4.219011748524809,2.5286897155281425,36.79124314437415,-0.29640969569709896,-0.33047322183176076,-0.42279910971626194,0.12190107419956507,-0.0013747461636092874,-0.028200440151454533,-0.03921149261562707,-0.07645793142126935,rohrwild_nonlocal_exact_post_borel,-0.4421706541841919,-0.039450863481485104,41.319666838130544,0.48335551141774447,3.239986420935051,-0.031402508602025515
legacy_chi_condensate,theta_scan_25_45,4.639308791605048,2.537430331706225,26.608958740396584,-0.34858929141588024,-0.30018894141193087,-0.41546450484949654,0.1510212922824833,-0.001722346731827797,-0.034023382113089876,-0.03728440688832283,-0.08115670450054895,rohrwild_nonlocal_exact_post_borel,-0.42452695123788964,-0.1772138885880663,37.77445977610447,9.750846432302435,3.0963400022314067,-0.041894320274276586
legacy_chi_condensate,theta_scan_25_45,5.30805410524173,2.5163247576018946,26.177606284903725,-0.4411621303441389,-0.48634249488879394,-0.4156526787822184,-0.050168833091039075,-0.001088557550019126,-0.01943242546551727,-0.059779497293617236,-0.13946051163669074,rohrwild_nonlocal_exact_post_borel,-0.6310797013597266,-0.18136002347858776,84.09845292332406,10.209952538493837,2.8642664534582933,-0.025261579211486068
legacy_chi_condensate,theta_scan_25_45,5.597573937401604,2.5327672528409066,39.02449496001848,-0.41878858760503795,-0.30998491648187787,-0.3929139635203086,0.10078921645855449,-0.0009634557429154152,-0.01689671367720837,-0.06295464088586156,-0.10241137073946575,rohrwild_nonlocal_exact_post_borel,-0.5045114173447194,-0.13016435504131588,53.42086705056089,5.25642490400602,3.097875761798247,-0.027065163472129387
legacy_chi_condensate,theta_scan_25_45,4.329394537077887,2.500725329447099,26.3268464146988,-0.28347701242579965,-0.3103529506516224,-0.3963793934612529,0.11376407625099916,-0.0013141474332001935,-0.02642348600816836,-0.03833088474506829,-0.07880432168822991,rohrwild_nonlocal_exact_post_borel,-0.4038823075656536,-0.116435613913734,34.21030071984042,4.2065423512965125,3.7229082033879197,-0.037205042073838956
legacy_chi_condensate,theta_scan_25_45,3.811088786542817,2.5810604818726715,26.489154454312356,-0.35021229332894505,-0.41035270785127975,-0.43541727430041305,0.057873769728863975,-0.0014111364223092144,-0.0313980668574216,-0.040961316122616595,-0.08622156259927981,rohrwild_nonlocal_exact_post_borel,-0.5234780206033601,-0.13041762605102447,57.55009427489199,5.2790893148877895,3.1213053057362705,-0.029729951210654228
legacy_chi_condensate,theta_scan_25_45,5.219564879666985,2.5695133850609877,30.560816977371356,-0.367297334147679,-0.26348763549164655,-0.3558599206787539,0.11328774773729437,-0.001047631096513,-0.019867831453674063,-0.05872704643036692,-0.09852751280325907,rohrwild_nonlocal_exact_post_borel,-0.4136398597164188,-0.18230505254312593,36.02036879319296,10.313104950286762,3.224259066529063,-0.034900964948041104
legacy_chi_condensate,theta_scan_25_45,4.760040055556375,2.588463921715016,43.517728436652895,-0.31291017663932885,-0.4101694570170581,-0.4699260103456277,0.09704511053488367,-0.0017886560739399965,-0.035499901132374126,-0.03627597447329551,-0.10207226232479105,rohrwild_nonlocal_exact_post_borel,-0.5129024081940718,0.05552370469309442,55.40175208836586,0.9564136900419956,3.310984857674789,-0.042942420267439906
legacy_chi_condensate,theta_scan_25_45,3.341742095531541,2.5206755290030687,43.77215726999589,-0.32958138342210036,-0.33824921908726335,-0.4607059460538998,0.16416811994562666,-0.0017250049972526034,-0.03998638798173763,-0.03300076607051473,-0.05681916862702736,rohrwild_nonlocal_exact_post_borel,-0.47225045447384456,-0.003991335718317501,47.114613590088155,0.004941576368918365,3.2064799567916964,-0.03099126998688898
legacy_chi_condensate,theta_scan_25_45,3.099241469251214,2.55035719823822,37.1281562872325,-0.4958080210572287,-0.3462062762112806,-0.40465120001016514,0.09167724981194869,-0.0013121060115234271,-0.031920220001540704,-0.036640588520464916,-0.06331030160035242,rohrwild_nonlocal_exact_post_borel,-0.5752955570912646,-0.18633142897487384,69.6353507161015,10.769053842164213,2.902448247067691,-0.02368037692945489
legacy_chi_condensate,theta_scan_25_45,3.0967547677676754,2.5836115922695875,40.295428361763506,-0.239847606252845,-0.3484180461604358,-0.4230632113736277,0.12604905671598407,-0.002017678328044113,-0.04938621317474813,-0.023681240573302117,-0.05961198068878451,rohrwild_nonlocal_exact_post_borel,-0.42086177374616485,0.04239547752658643,37.14810156197967,0.5573069470498513,3.0558820573100673,-0.036803317740738035
legacy_chi_condensate,theta_scan_25_45,5.610383079429493,2.544376700546882,26.52861766236561,-0.3392210913259328,-0.31806269584846286,-0.4288575092461534,0.1379938005456554,-0.0014499678786514788,-0.02574901926931338,-0.05169125046966922,-0.09796557869655123,rohrwild_nonlocal_exact_post_borel,-0.4360856359581625,-0.16144393888193395,39.918559427303094,8.089859470734188,3.3573089452651685,-0.04154846148156758
legacy_chi_condensate,theta_scan_25_45,4.4570615864905765,2.5812886150220247,33.5020410336793,-0.36472402224947187,-0.3170113927614265,-0.388342065245372,0.09448693840896205,-0.001073308912798343,-0.02208295701221821,-0.05036039557969821,-0.09057392090406856,rohrwild_nonlocal_exact_post_borel,-0.4656605841893907,-0.12915129065854533,45.39450766669064,5.176419699197821,3.0532575637353045,-0.027656744254745767
legacy_chi_condensate,theta_scan_25_45,3.4353004425834426,2.540285991444503,35.715200519032166,-0.22144024644899046,-0.3052745173133933,-0.4011005892219135,0.1406799620732864,-0.001859201363492831,-0.04299468880127339,-0.021190366287641083,-0.06364759862352307,rohrwild_nonlocal_exact_post_borel,-0.37712835082327745,-0.0015876629459316838,29.960560230276613,0.0007824681485540919,3.578210963363298,-0.044640061340626175
legacy_chi_condensate,theta_scan_25_45,4.311779589208415,2.5054249670789606,35.02905019715813,-0.4022855762362438,-0.5223147156233213,-0.48109883263573744,-0.015435528001227482,-0.0012239936138523813,-0.024556361372503985,-0.05282931860037046,-0.10763322763302867,rohrwild_nonlocal_exact_post_borel,-0.6586117927098327,-0.02961171234390364,91.33010042119261,0.27201195591290434,2.4114273141032374,-0.01822502405500341
legacy_chi_condensate,theta_scan_25_45,5.614256860425825,2.540053444204703,32.85950788690377,-0.3508007445615132,-0.37742930712542416,-0.40600128282969195,0.04858836983366705,-0.0010739351743397085,-0.018942458955059572,-0.06112796142507799,-0.12325915250262637,rohrwild_nonlocal_exact_post_borel,-0.5073797462510988,-0.08988791551849643,54.02316272737909,2.506789933143709,3.1295694611438707,-0.02997041619960248
legacy_chi_condensate,theta_scan_25_45,5.351231906990119,2.5052464791541103,40.4308053441101,-0.17071727882173487,-0.2685555419252633,-0.35006223832880784,0.10842832573359587,-0.001421430261499289,-0.025500199068552075,-0.03619205065446733,-0.09730234902502341,rohrwild_nonlocal_exact_post_borel,-0.31513687033411086,0.04421788487808545,20.834062181170097,0.6067758471813537,3.414644586546602,-0.04812500152513567
legacy_chi_condensate,theta_scan_25_45,3.798795057825095,2.508243372143197,33.71520655619894,-0.348578643706111,-0.31559148993771563,-0.40912022202141873,0.13409249485941555,-0.0017879690927777706,-0.03877579368293464,-0.032124342161074425,-0.06974139291914415,rohrwild_nonlocal_exact_post_borel,-0.4559950371381745,-0.11477624089703412,43.60653007583665,4.085397859379192,2.9701634527773004,-0.036475969691417774
legacy_chi_condensate,theta_scan_25_45,4.363528220187123,2.528662483330118,41.98290876234219,-0.37797359440073175,-0.28524186803617935,-0.4105226013849389,0.1535367264212651,-0.0013324206973531346,-0.026923572375152405,-0.04153221222159103,-0.07097136970869337,rohrwild_nonlocal_exact_post_borel,-0.46486284363888586,-0.09016372856613022,45.45787950603661,2.5230557682825268,3.29645778879744,-0.03283804000940102
legacy_chi_condensate,theta_scan_25_45,3.0389800523975015,2.5963342319806215,33.19663850779233,-0.3039118351923627,-0.35983408244454296,-0.4119337345492084,0.09832391052752767,-0.001783039249917571,-0.04444121917294475,-0.02671351521572899,-0.0640943495629337,rohrwild_nonlocal_exact_post_borel,-0.46750390226777827,-0.057298096155941974,46.156769908411974,1.0181998327495507,3.3454852742481047,-0.03690758639807884
legacy_chi_condensate,theta_scan_25_45,3.523395051028974,2.561427487735977,33.43007027138299,-0.27457464158268974,-0.3262063691977329,-0.46988824431432935,0.1932568436740858,-0.002069300525127334,-0.047505668032362044,-0.025647978198647024,-0.05871423295025848,rohrwild_nonlocal_exact_post_borel,-0.42350674552118905,-0.04943546908324964,38.01340873314229,0.7586034850830108,3.35658341468329,-0.04072864507310105
legacy_chi_condensate,theta_scan_25_45,5.427396128366318,2.561482843992402,36.41286181944653,-0.46313762354487054,-0.30594400945379857,-0.4010998304826575,0.1137541725309419,-0.0009636759822612695,-0.017634675519821636,-0.0639257077266985,-0.10103933313375382,rohrwild_nonlocal_exact_post_borel,-0.521129961420326,-0.191106668050871,57.31381968245511,11.333888906305177,3.3939610638483106,-0.02986931288620352
legacy_chi_condensate,theta_scan_25_45,3.3618269893831214,2.526968652892591,43.58219824445597,-0.3602985614248097,-0.34499864553345266,-0.4170367935652475,0.11303083616277616,-0.0017050936369504652,-0.03928759449403092,-0.02940707622327108,-0.0630821756863826,rohrwild_nonlocal_exact_post_borel,-0.49830007064907983,-0.02315509394984891,52.21654572466268,0.16644648980867466,3.077476035722951,-0.032301153213132774
legacy_chi_condensate,theta_scan_25_45,4.657387704450898,2.5902791676276964,37.78540137326574,-0.2706161666797111,-0.2899090925848588,-0.38024043175759387,0.11745891846949351,-0.001283797852566582,-0.025843781444191888,-0.04301403580784344,-0.0859027189366539,rohrwild_nonlocal_exact_post_borel,-0.3949264585964757,-0.036242018876486176,32.89024472009417,0.40759614204999184,3.510272374541235,-0.03997475533272048
legacy_chi_condensate,theta_scan_25_45,4.825383790313598,2.532589452577577,44.926177182969795,-0.39373935787968156,-0.34839122673266204,-0.39579749223072824,0.07069768468267279,-0.0011469052813089665,-0.022144513903297653,-0.052346865322937974,-0.10227147549956274,rohrwild_nonlocal_exact_post_borel,-0.524723817893912,-0.032742079082271974,57.5997060497734,0.33301921063920686,3.3592580390454487,-0.03251277426273447
legacy_chi_condensate,theta_scan_25_45,4.535427305046576,2.5326194667832627,38.86499910917319,-0.3210684612116719,-0.41146961988967495,-0.4556999941814297,0.07826731094939936,-0.0016233176805467032,-0.0324136189770979,-0.046372129307010526,-0.09926638465085671,rohrwild_nonlocal_exact_post_borel,-0.5218476514743696,0.008199605336191684,57.03054215079074,0.02085790123298698,2.8374531106037537,-0.032448088414733046
legacy_chi_condensate,theta_scan_25_45,3.201316298106175,2.5321943854452393,39.81309441940262,-0.41998523630417256,-0.38335863327531744,-0.46377196591551934,0.12444542155046753,-0.0017764207797941322,-0.042255668130471546,-0.03428299610774036,-0.06287622034506131,rohrwild_nonlocal_exact_post_borel,-0.5633823910085273,-0.07714740385590349,66.62681713190194,1.8466505782836824,2.6529773672338206,-0.025788372346704433
legacy_chi_condensate,theta_scan_25_45,5.203671432829934,2.5367307348134576,31.970757449978883,-0.3406170219490914,-0.3096329722879109,-0.3828042066048938,0.09193900636040267,-0.0009715218789012259,-0.017796250164518572,-0.05619059075588971,-0.0976184346755529,rohrwild_nonlocal_exact_post_borel,-0.44301943198150984,-0.12500526411353413,41.352290988082984,4.852061628757074,3.3068154651232016,-0.02866565607756606
legacy_chi_condensate,theta_scan_25_45,3.3449518388966717,2.5280064745033886,36.427231100747136,-0.35245732871137697,-0.35906347359080165,-0.45064747370589003,0.12927098722056587,-0.0015592219700111551,-0.03612776513546636,-0.0325185767131656,-0.06143596190710468,rohrwild_nonlocal_exact_post_borel,-0.4981963037419036,-0.07037890001525218,51.960592263802205,1.5365463386495173,3.337884516784066,-0.029792295200908078
legacy_chi_condensate,theta_scan_25_45,5.688402095890957,2.5577803632917044,37.74051045351965,-0.304116707190179,-0.29746863747336877,-0.3527613577766082,0.07432083494520614,-0.0010251501843020088,-0.0180029644576647,-0.047215802763079816,-0.11240548606199628,rohrwild_nonlocal_exact_post_borel,-0.4213811841096169,-0.05841626101383726,37.312540780316965,1.059078571131467,3.7894469080675433,-0.0402441566935155
legacy_chi_condensate,theta_scan_25_45,4.654441617477805,2.543671393325226,26.257120128124544,-0.36329209951432717,-0.3403400432415447,-0.42064938693700654,0.10363259697486825,-0.0011254291590022196,-0.022197824120404313,-0.04789544667262825,-0.09034753063450783,rohrwild_nonlocal_exact_post_borel,-0.4659434751535163,-0.17524032802140269,45.77546365914795,9.53010477719477,3.7659423095637723,-0.03290272668594653
legacy_chi_condensate,theta_scan_25_45,4.1868405629545915,2.57988008415418,25.219569589057475,-0.3785755286644381,-0.29485758800619416,-0.4098992053986463,0.1447320951114184,-0.0013301220586768977,-0.02836035566028927,-0.04376336854618421,-0.07553985256152572,rohrwild_nonlocal_exact_post_borel,-0.42805883523653415,-0.2168549323495573,38.60945524681434,14.595782775964604,3.165835993947157,-0.03259531999197247
legacy_chi_condensate,theta_scan_25_45,3.3215985103576267,2.5309450813875882,29.097364293607612,-0.23451206444336636,-0.31409522151167146,-0.41656942209459313,0.1581929885169967,-0.002295386247878552,-0.05342340168619643,-0.024712275386838182,-0.05811890054094967,rohrwild_nonlocal_exact_post_borel,-0.3884967944100501,-0.05217238042365738,31.54176551489319,0.8449890713062038,2.603995810648793,-0.036923455774654286
legacy_chi_condensate,theta_scan_25_45,4.044784247096393,2.5897803238984376,31.017435758506604,-0.32396785307390846,-0.32234461750730065,-0.4093625320407794,0.12317769881367013,-0.0015755917688196452,-0.03458419251137174,-0.0434453261550892,-0.08285726684190904,rohrwild_nonlocal_exact_post_borel,-0.443193008488625,-0.11154003535971771,41.27241811491247,3.866325236840876,2.792708437768723,-0.03416915156516861
legacy_chi_condensate,theta_scan_25_45,3.9895964370581916,2.580699064749798,25.008110908879857,-0.4014119217749065,-0.35394553191217215,-0.43827505818826923,0.11578995126551297,-0.0013779417609704294,-0.030082483228445346,-0.0417833749044889,-0.07980725592384438,rohrwild_nonlocal_exact_post_borel,-0.4904579207378178,-0.21414947697613118,50.769593109975474,14.231796282069409,3.3385516550937107,-0.032165869776723255
legacy_chi_condensate,theta_scan_25_45,4.754471061628097,2.5047173078540568,41.96034661900447,-0.3201779623972504,-0.26453915722604116,-0.37607943798056687,0.13616781072176812,-0.0012258267343244129,-0.023401703232917896,-0.04004616752740527,-0.07664483383395652,rohrwild_nonlocal_exact_post_borel,-0.41078951483877235,-0.06121166399670261,35.55169855845934,1.1616699322412842,3.9283627801313976,-0.04079210863671165
legacy_chi_condensate,theta_scan_25_45,3.882049363592911,2.52494422261423,27.193724039051855,-0.2870898770144537,-0.3031372325969493,-0.3997227582675498,0.1334783852260527,-0.0016422775232039142,-0.03525058203224829,-0.03292541750370004,-0.0668827529850804,rohrwild_nonlocal_exact_post_borel,-0.400830611754275,-0.11682294274415783,33.56196849710707,4.2328734868815046,3.251372764007483,-0.037751418622820415
legacy_chi_condensate,theta_scan_25_45,4.382845554543757,2.5904436283978582,44.7602954689151,-0.4523632531851584,-0.36386322802907667,-0.4301870151780031,0.09122339704845198,-0.0011350783996281824,-0.023764531499897327,-0.05491382511977955,-0.09440847853529363,rohrwild_nonlocal_exact_post_borel,-0.5768924222195306,-0.06499303600911699,70.0358567902417,1.3104726121721593,2.852605970221919,-0.024842825741140478
legacy_chi_condensate,theta_scan_25_45,5.157968751486993,2.5517161664577066,32.163039866974884,-0.3866332203077609,-0.28927868516122035,-0.40049683717496376,0.13344903195160399,-0.001127917693255296,-0.021102962244605315,-0.049626517031904356,-0.0906427308877413,rohrwild_nonlocal_exact_post_borel,-0.45070161445888984,-0.17330741316603931,42.74166400678186,9.318696634498933,3.6417165083470513,-0.03595440160644538
legacy_chi_condensate,theta_scan_25_45,5.696729450274619,2.522412769260328,26.42367222881143,-0.3863357900885468,-0.3331433647632015,-0.3841532224758504,0.06968219452575772,-0.0010233806678782258,-0.017648956145230623,-0.058853991128251654,-0.11449417223015824,rohrwild_nonlocal_exact_post_borel,-0.4702606443584665,-0.19772397567480057,46.5815472833139,12.135919209820496,2.939540052336409,-0.027784789745847766
legacy_chi_condensate,theta_scan_25_45,3.903986778087587,2.559353308293959,42.55401441851352,-0.38332386895408715,-0.32764945185040595,-0.4269039734138846,0.13039756323116802,-0.001343820807266398,-0.02979922086042292,-0.05064601431668951,-0.0771838808228061,rohrwild_nonlocal_exact_post_borel,-0.5005958959352803,-0.06078734062743413,52.45935932087415,1.1462412166567046,3.0246019429493334,-0.02923292611309842
legacy_chi_condensate,theta_scan_25_45,3.593208588137704,2.5639509976085746,38.17900297571948,-0.2681198856247739,-0.32479122134682153,-0.46176966856688145,0.1887425571143074,-0.00215735682923769,-0.049606753065009807,-0.02989362917278992,-0.06429970359801969,rohrwild_nonlocal_exact_post_borel,-0.4210433703072946,-0.010004541552528196,37.17673359783347,0.031072958381231197,3.0255169498951373,-0.04059118544714321
legacy_chi_condensate,theta_scan_25_45,5.2200383532916925,2.5381326144682537,33.79235586290687,-0.3421329753421987,-0.3204576743189069,-0.4123280053621276,0.11742653373398514,-0.0013094634676025815,-0.024246739223161833,-0.051176966438152546,-0.09851129743890023,rohrwild_nonlocal_exact_post_borel,-0.45660827335924503,-0.10609890926054394,43.812439977311584,3.4920341889909046,3.264917669848562,-0.03649081025856758
legacy_chi_condensate,theta_scan_25_45,4.83672288703707,2.528273153455202,28.836729675018862,-0.2677097092523522,-0.3006840553476902,-0.41110122443703445,0.1396528435707189,-0.0014653948808649596,-0.027770279600509602,-0.03536285455734599,-0.0808153348869545,rohrwild_nonlocal_exact_post_borel,-0.3925190299299069,-0.08948855072687595,32.21666040618525,2.484923168582161,3.5727969261055295,-0.04097804177687637
legacy_chi_condensate,theta_scan_25_45,5.925633503107241,2.595576569682103,35.72217247363675,-0.40855374376468023,-0.3105340711506425,-0.39229179367352024,0.09724616617194404,-0.0008253396571656644,-0.014663103991900649,-0.07640716701838808,-0.11898540397061225,rohrwild_nonlocal_exact_post_borel,-0.4906457816358558,-0.15038047696582288,50.92797514886432,7.020318541432221,3.211598331759127,-0.027014759474728804
legacy_chi_condensate,theta_scan_25_45,4.3848592265073725,2.523061512713176,30.203884939764873,-0.310434158317738,-0.2643805279896542,-0.3786436391609375,0.14030570884695995,-0.0012175837296000667,-0.024825013946076543,-0.044071193392365815,-0.07621542249013995,rohrwild_nonlocal_exact_post_borel,-0.384661176144942,-0.1352856599840526,31.045376629953527,5.679133067708686,3.4289944364214087,-0.03496143013589573
legacy_chi_condensate,theta_scan_25_45,3.11158004778705,2.558496015314056,34.694818262741286,-0.24775669597621844,-0.2681113615824119,-0.38822461067785535,0.1695247612612885,-0.0019656650763777346,-0.04744584708946723,-0.019328004750864304,-0.048158476270050043,rohrwild_nonlocal_exact_post_borel,-0.3614643526829518,-0.05109407353227746,27.492938579561923,0.8100260192718102,3.405214850358618,-0.04256051512390832
legacy_chi_condensate,theta_scan_25_45,3.551212508922137,2.5291481742575526,30.70931787932871,-0.1882755209269646,-0.26670449019111986,-0.41094596220771057,0.195225334771087,-0.00216091779802858,-0.048822944956467704,-0.018708628080183823,-0.05493773499883126,rohrwild_nonlocal_exact_post_borel,-0.3254533748619182,-0.02567211832733629,22.154778260485397,0.2044983493838753,3.3398325932425417,-0.04767137662483531
legacy_chi_condensate,theta_scan_25_45,5.625884104331445,2.54513507509526,42.33566083975315,-0.3432991434481833,-0.32955002726195054,-0.3483567527609297,0.038688206625284674,-0.00105658062189024,-0.01882490050441524,-0.06159253351528001,-0.13016585463741565,rohrwild_nonlocal_exact_post_borel,-0.47480996856066837,-0.03182791410108124,47.48167377899693,0.3142779553093208,2.8587396477041795,-0.03215392685198605
legacy_chi_condensate,theta_scan_25_45,3.728071695370388,2.5158617364653857,42.36799396900268,-0.28228106247972534,-0.2705032030917138,-0.4232134537754063,0.19849658079088853,-0.0019918581934763127,-0.04379447191371967,-0.026988858217222782,-0.05682335904673455,rohrwild_nonlocal_exact_post_borel,-0.3900827161492021,-0.026268910887598695,32.08624612153813,0.21421573342198316,3.226178503257768,-0.04245893360296732
legacy_chi_condensate,theta_scan_25_45,4.111742123038879,2.5721504730791933,38.78552234565541,-0.41559958928802565,-0.3687329119779502,-0.47730827743342835,0.13632531388906194,-0.0012388267887091123,-0.02651112164487472,-0.04730338348172576,-0.07781599381050223,rohrwild_nonlocal_exact_post_borel,-0.5477603665401205,-0.09298150267632396,63.10600714751679,2.6858372693222146,3.553724559843678,-0.028589648051734032
legacy_chi_condensate,theta_scan_25_45,4.396699939843373,2.5581893293808116,33.862553747475275,-0.41383720950150504,-0.29381300518575826,-0.38968855362621707,0.12194762502724292,-0.0012017584667269382,-0.024870318120057116,-0.04613369252036982,-0.08316687934942843,rohrwild_nonlocal_exact_post_borel,-0.47456659127825607,-0.17992739765476423,47.25096450463995,10.048805657481177,3.6384079183123013,-0.03661472775294069
legacy_chi_condensate,theta_scan_25_45,3.7027714815378143,2.52905325527949,34.49185216222436,-0.33461153917608427,-0.3321546330201839,-0.4292171292320225,0.12969879674579207,-0.0014180150647037733,-0.031218285469249662,-0.034724098602218485,-0.06482182736167136,rohrwild_nonlocal_exact_post_borel,-0.46325092856261496,-0.08769355490819286,45.324116201331044,2.3887394015952887,3.735388442418205,-0.03384617848591566
legacy_chi_condensate,theta_scan_25_45,4.133970991323402,2.5576872710458005,35.770100251306225,-0.27880592587435965,-0.3819716208797562,-0.44780892832116026,0.10429409250912541,-0.0017348033385817705,-0.03672198172913953,-0.03541586692251614,-0.08546805990857193,rohrwild_nonlocal_exact_post_borel,-0.4728915584526263,-0.002938946139935561,46.88999332415484,0.0026803835783109314,3.2132670219593225,-0.0381478105893703
legacy_chi_condensate,theta_scan_25_45,4.393244820779412,2.5070279966444717,37.90333609072165,-0.2575832472281704,-0.320996329940906,-0.38735287204020163,0.09634902587750395,-0.0014355394133197836,-0.028556944364888558,-0.034023609762830656,-0.08413627254410579,rohrwild_nonlocal_exact_post_borel,-0.4115230246352582,-0.0060475849054322794,35.55929104601985,0.011348037490993107,3.3989572541160467,-0.0380042318748019
legacy_chi_condensate,theta_scan_25_45,3.371241650760939,2.568266371780193,31.37947122196183,-0.32109422734348736,-0.3082383327065939,-0.4185810879995763,0.15206755740949757,-0.0017006785381896885,-0.0400241235783255,-0.030243720051676908,-0.059811812770774145,rohrwild_nonlocal_exact_post_borel,-0.4303495746497386,-0.11362929279829664,38.822545940769324,4.004598363975341,3.167001880912522,-0.03465489746651579
legacy_chi_condensate,theta_scan_25_45,5.059157667555477,2.5752746795232113,36.19036503420303,-0.32282274261890986,-0.2878461702315998,-0.3794044412328696,0.11792214960819417,-0.0013084756067866885,-0.02505540300013763,-0.050261545007263306,-0.09473540694584115,rohrwild_nonlocal_exact_post_borel,-0.42292615191441774,-0.09057268294500781,37.59494758808355,2.544060388831674,2.9208493272335816,-0.035644484066210076
legacy_chi_condensate,theta_scan_25_45,3.0577379101497284,2.548461567403649,43.84982607671592,-0.3086234080438826,-0.31287385262949086,-0.41794652732769927,0.15862203953309567,-0.0021208638601834173,-0.05142850097470391,-0.024958311163643283,-0.05123569505997057,rohrwild_nonlocal_exact_post_borel,-0.43943671273521867,-0.005816455304229723,40.53242773104546,0.010498334668997198,2.7405922065912796,-0.03373664037682743
legacy_chi_condensate,theta_scan_25_45,3.802580564719994,2.5687501231898797,35.38960960081752,-0.33446677728162255,-0.33226556382420175,-0.42633404243313877,0.12833553071437742,-0.0014657517610464873,-0.03280130034439395,-0.038430199851032805,-0.07497232688069305,rohrwild_nonlocal_exact_post_borel,-0.46457465946706,-0.08024223195820532,45.39472618089826,1.9982829372985536,3.3952379590836843,-0.034834497125327775
legacy_chi_condensate,theta_scan_25_45,4.654758295672245,2.5865580658986986,27.776893716659053,-0.2995368345950553,-0.2694142659970197,-0.3696870090329844,0.1303335079832216,-0.001406123170150393,-0.02865464177710649,-0.04006367333440908,-0.08832737278720316,rohrwild_nonlocal_exact_post_borel,-0.3779624989624347,-0.1394658072073937,30.07737629545291,6.034662963795662,3.36278260948695,-0.044469010540541656
legacy_chi_condensate,theta_scan_25_45,5.003733205144576,2.516715825671549,26.69022736660159,-0.3935251599544556,-0.32983369768690834,-0.3948927087963936,0.08596211129255002,-0.0010624764399954668,-0.019840623743069257,-0.0614256427584788,-0.09888440483940351,rohrwild_nonlocal_exact_post_borel,-0.4714476257304263,-0.20344398698448313,46.73654258436243,12.842470175548373,2.4683627829996064,-0.02212994232735271
legacy_chi_condensate,theta_scan_25_45,5.459860380920488,2.5717273803579626,40.92127778873513,-0.27544106730718,-0.33144239654921703,-0.4211769605889449,0.11410249523339355,-0.0012725269439779175,-0.023095404249687788,-0.049088482092054346,-0.101517266219557,rohrwild_nonlocal_exact_post_borel,-0.4308610901966076,0.008975786550361214,38.97127594504716,0.025003719153172437,3.593779156818323,-0.03936164968209194
legacy_chi_condensate,theta_scan_25_45,4.410132540184472,2.5924879919138304,32.84382350571051,-0.26046752923218985,-0.25961856589617227,-0.37827948056330873,0.14600265455629338,-0.0012467171940455672,-0.02609502269511135,-0.03757686914235347,-0.07829925506710238,rohrwild_nonlocal_exact_post_borel,-0.35938388115300923,-0.07802794057071186,27.023984879262613,1.8883123805084516,3.7109100137438134,-0.04071178382109006
legacy_chi_condensate,theta_scan_25_45,4.562264944217243,2.53921471370025,39.993826095010796,-0.37705360157230705,-0.314298936383785,-0.3819878042922731,0.09164059956162292,-0.0011441928904855425,-0.022807538762649307,-0.051002275483249496,-0.09073413427786459,rohrwild_nonlocal_exact_post_borel,-0.4831229797059268,-0.0868644136035765,49.10154278724031,2.3418586597723197,2.9474514587480836,-0.0284868482962552
legacy_chi_condensate,theta_scan_25_45,4.072333199646696,2.526037359103893,30.712830170349548,-0.3023537642026595,-0.3140210412981271,-0.4284316629337111,0.14636455957788735,-0.0014498554148766967,-0.030504082527426642,-0.03718725807898137,-0.07098216921463715,rohrwild_nonlocal_exact_post_borel,-0.4243985844337108,-0.09956331973241916,37.72254667129202,3.0758796428444968,3.5322706304909373,-0.03543388743697809
legacy_chi_condensate,theta_scan_25_45,4.644888551482682,2.5101007732175185,27.40614508048815,-0.20596443014587992,-0.2558988102862924,-0.3939252978503855,0.1745997793402269,-0.0018042568656188704,-0.034769034910514925,-0.026652516038693376,-0.06839497098911335,rohrwild_nonlocal_exact_post_borel,-0.32198266681892135,-0.06505927957972185,21.645374975816463,1.3137882344322118,3.386720632358071,-0.04828175218882214
legacy_chi_condensate,theta_scan_25_45,4.760954156714845,2.5871076838849776,28.076791355919866,-0.45713991747173777,-0.34866754248995735,-0.4530972051735882,0.12881174998938266,-0.0011633590405176672,-0.02321872826523412,-0.06000754828461889,-0.09064969898037167,rohrwild_nonlocal_exact_post_borel,-0.5227904733937416,-0.23924063254556263,57.11642837221153,17.754282083766483,3.1174509076381383,-0.027647386912882245
legacy_chi_condensate,theta_scan_25_45,3.654768183181498,2.5153551215342667,35.65982705183314,-0.27916693371320456,-0.2961452857250654,-0.40736294940879725,0.1559297146478174,-0.0019378041876385445,-0.04277424677644701,-0.029240724496052424,-0.06208992718492469,rohrwild_nonlocal_exact_post_borel,-0.40336223190642884,-0.054176720161685954,34.1366366305185,0.9108210369206589,2.703062142272161,-0.034935897897155545
legacy_chi_condensate,theta_scan_25_45,4.100726995236715,2.5218182366644606,26.63734289225767,-0.39145875882452896,-0.3184833429649693,-0.38264613843355366,0.09316615614792936,-0.0013176279906841853,-0.02768573268866082,-0.04644384062811667,-0.0831836727843315,rohrwild_nonlocal_exact_post_borel,-0.460187537302171,-0.2071208104424709,44.416286873615505,13.299227343808736,2.5505940816674086,-0.026336046088497628
legacy_chi_condensate,theta_scan_25_45,5.729312955648999,2.5719612846802313,40.51630746262541,-0.30077506927757336,-0.39142704212273643,-0.43816926736817885,0.07326159012739705,-0.00141828866552843,-0.025101076216426235,-0.04760363348601829,-0.12319394538736693,rohrwild_nonlocal_exact_post_borel,-0.49297396180029807,0.02564068233885064,51.15246659167617,0.2042615993523187,3.423637461603204,-0.04156559723325597
legacy_chi_condensate,theta_scan_25_45,5.298593318913329,2.5291903278418886,39.704583533352896,-0.4742783359933389,-0.3099554243435081,-0.36831578875752036,0.07675974628258864,-0.0009627002650439852,-0.017436681603532418,-0.06179706963701406,-0.10378473935444696,rohrwild_nonlocal_exact_post_borel,-0.5414466546425777,-0.16687667676741372,61.49247524919392,8.640539240485689,2.8638650247580735,-0.025861012908051585
legacy_chi_condensate,theta_scan_25_45,3.8736606788239216,2.5733516500771443,27.841683484181896,-0.42951092672943014,-0.3937363648830386,-0.43493342194113155,0.07299954381607264,-0.0013716690277019838,-0.030430817730277674,-0.04718960443868875,-0.08700426419261331,rohrwild_nonlocal_exact_post_borel,-0.5487525243180399,-0.1959046407461097,63.029870084067966,11.91540428609314,2.978506865833536,-0.028330266392137697
legacy_chi_condensate,theta_scan_25_45,3.6487846962108867,2.542742878575866,42.666244360714884,-0.29578419500690234,-0.3278812943880824,-0.4272738363887877,0.14298543012942153,-0.0018613225975696623,-0.04173156553114661,-0.033392902847094036,-0.06711971572307457,rohrwild_nonlocal_exact_post_borel,-0.44155651793408435,0.004719607548540589,41.04106966046716,0.0069111232219598055,2.730280312784059,-0.03321416087269651
legacy_chi_condensate,theta_scan_25_45,4.045143622684703,2.5244450013522077,41.3626414169454,-0.20041208729713672,-0.220407479555553,-0.40718638544664787,0.2319898641484718,-0.002061142904579597,-0.04314981535279734,-0.024064204798331757,-0.04954524106940078,rohrwild_nonlocal_exact_post_borel,-0.29786193631699764,-0.004767459734023233,18.68489611236194,0.0070523701505489774,3.1880680528374166,-0.04655429892795206
legacy_chi_condensate,theta_scan_25_45,4.857740153493284,2.5795782205502844,36.98770613267113,-0.3362973914944204,-0.3918596548960488,-0.420801045334482,0.055663410066179884,-0.0012991833022941441,-0.025422836325452548,-0.04761685063654344,-0.1108559813250473,rohrwild_nonlocal_exact_post_borel,-0.5153348183912735,-0.03286258685549742,55.981487122137246,0.335435854893985,3.2865046496384642,-0.03488649020363298
legacy_chi_condensate,theta_scan_25_45,3.6860429554222955,2.5158535012431504,42.32283087524238,-0.2873477680012853,-0.28357536819630386,-0.40534369441467005,0.1608881778995053,-0.0016984516255113588,-0.03742140005562774,-0.029010364953589742,-0.060486159550435355,rohrwild_nonlocal_exact_post_borel,-0.40313841121885474,-0.021520934527277158,34.10542239498206,0.14347079279631447,3.3295248681075207,-0.038364935080601695
legacy_chi_condensate,theta_scan_25_45,3.1115300240916057,2.5994986513583913,33.886593980957166,-0.22430484432539047,-0.38893446643200985,-0.47491879721300195,0.15133737058625485,-0.00256006167658368,-0.06279297812867901,-0.017847971469078842,-0.05917688728819723,rohrwild_nonlocal_exact_post_borel,-0.4479324977985329,0.030645713934532026,42.22222893343322,0.291289686744056,3.257698238056295,-0.044755884618096035
legacy_chi_condensate,theta_scan_25_45,5.0529402091215365,2.541731011328341,28.60510242004284,-0.4480668415596862,-0.3229312994100714,-0.4121525410764876,0.1170413715507772,-0.0014034838109552056,-0.02641664607340579,-0.05498693914201199,-0.09287067047035907,rohrwild_nonlocal_exact_post_borel,-0.49803539704296096,-0.23876612392927585,51.81632869490341,17.694032079971358,2.833722432874164,-0.03299838632110069
legacy_chi_condensate,theta_scan_25_45,3.132055857063745,2.528893841032897,25.699966178419274,-0.2678214841356946,-0.3455193086467291,-0.42301509663201786,0.1264700560300214,-0.0019716393758165422,-0.047002628668916094,-0.025197892637657083,-0.05826200580459325,rohrwild_nonlocal_exact_post_borel,-0.4274826750812758,-0.09149045041815104,38.48841452535165,2.5967652202688796,2.8631945256342775,-0.03266281329262118
legacy_chi_condensate,theta_scan_25_45,4.684506176133459,2.5377835629154677,39.12403285958344,-0.2503347486694538,-0.3095174932044303,-0.40195016111244486,0.12237604665328858,-0.0014496498185771443,-0.028493728926696858,-0.03909380262551014,-0.08831583433384702,rohrwild_nonlocal_exact_post_borel,-0.39807958156150114,0.0011007882509061206,33.340673282800964,0.00037626885114619885,3.3035283406890246,-0.039088755003048266
legacy_chi_condensate,theta_scan_25_45,4.902410187208169,2.5631142377657143,38.41400743470936,-0.4233470313726905,-0.3266934390438432,-0.3743522825306388,0.06501720274559994,-0.000846093222973104,-0.01651226603583123,-0.06505135432818412,-0.10806271115771923,rohrwild_nonlocal_exact_post_borel,-0.5190200646104759,-0.12872251014527558,56.3324821541665,5.140408868512007,3.033424094734669,-0.023956434321800398
legacy_chi_condensate,theta_scan_25_45,4.092798252496831,2.5102819617827676,31.234003419029094,-0.31451589535902763,-0.39639040562874567,-0.4071442921052186,0.039147253820589346,-0.001301276310662464,-0.027092091033454016,-0.04281721198156899,-0.09334217439768695,rohrwild_nonlocal_exact_post_borel,-0.5020236213881671,-0.06338679417924978,53.1209277288069,1.2466714020720937,3.1630610718242624,-0.02964379182153901
legacy_chi_condensate,theta_scan_25_45,5.530275065381143,2.530517396110614,43.19192582388633,-0.3945940612211896,-0.31489482116454526,-0.37820638717524613,0.07950902032689698,-0.0008758721072694388,-0.015321582208926685,-0.06261221105093556,-0.10378405792164244,rohrwild_nonlocal_exact_post_borel,-0.49965650475285717,-0.07215676548627248,52.472790244431785,1.6157787484459893,2.913107236227101,-0.0233635885744076
legacy_chi_condensate,theta_scan_25_45,3.154364056164078,2.547148015245412,38.17921867778295,-0.39752062564949786,-0.4349356482838591,-0.504911165036044,0.12225959213357389,-0.002099832909531626,-0.050184242471857335,-0.032015399957855364,-0.06175479008964375,rohrwild_nonlocal_exact_post_borel,-0.5876114799811308,-0.04363959852306232,73.00963980688023,0.590947124285937,2.383135028461871,-0.024603055841248323
legacy_chi_condensate,theta_scan_25_45,5.976756971120173,2.5069632103374775,37.782246882609755,-0.24643771203107454,-0.3052015953895728,-0.38024765453157605,0.09657407839216961,-0.0012471594737072556,-0.02028085977645915,-0.046046018493776035,-0.10002023115399923,rohrwild_nonlocal_exact_post_borel,-0.3921975889193041,-0.007785305731687481,32.3535346381001,0.01881706168901352,3.3149910425857096,-0.03740610981625881
legacy_chi_condensate,theta_scan_25_45,4.437329034736337,2.593238427956306,43.95098764893549,-0.32961179227148013,-0.38915966071175556,-0.46955157585107293,0.1139424712248165,-0.0015390994603522586,-0.0320114566251469,-0.04614484626882082,-0.0913017863324637,rohrwild_nonlocal_exact_post_borel,-0.5089338628903142,0.03279479125179821,54.10469039559852,0.3337014979289724,3.344563904671065,-0.03641233970417583
legacy_chi_condensate,theta_scan_25_45,5.441530524371041,2.5214392704633477,33.641034757989125,-0.3543815344191302,-0.24309083852416727,-0.36314424093363884,0.14020096048383482,-0.00106096174737578,-0.01908659632698752,-0.057256444301460596,-0.08836872306877014,rohrwild_nonlocal_exact_post_borel,-0.39870222134024835,-0.1603619855514128,33.34792265677021,7.977619051316822,3.291620216349289,-0.034483144700146066
legacy_chi_condensate,theta_scan_25_45,4.51647663354203,2.5539867075117444,25.01048167073787,-0.3609065381794051,-0.41420970856499323,-0.49022891106267175,0.10183751752604354,-0.0012175907471576634,-0.024600724281207312,-0.053449244794799025,-0.09274690852728973,rohrwild_nonlocal_exact_post_borel,-0.5279549834342773,-0.1519432375495896,58.456611206061176,7.1684809749571805,3.4812788971309403,-0.028107096374905938
legacy_chi_condensate,theta_scan_25_45,5.607485155148476,2.5434180135480706,35.64186908604315,-0.4741156759530978,-0.42958003271843215,-0.4391830277043399,0.029610649864630186,-0.0010828583667163152,-0.018924796512006067,-0.06374290757284362,-0.12466745763629117,rohrwild_nonlocal_exact_post_borel,-0.6253842799466409,-0.13497844676263526,82.56049422878029,5.655568015845931,2.758382801941871,-0.024038387317488863
legacy_chi_condensate,theta_scan_25_45,4.002294336584733,2.5215858721079702,38.747633369599534,-0.2096305347135409,-0.22097531993081104,-0.37523798282583043,0.19711209558565698,-0.0019470392534079825,-0.040902393437229595,-0.02155775053245137,-0.05337410600025173,rohrwild_nonlocal_exact_post_borel,-0.30354685524238745,-0.02518649986136301,19.39162637902793,0.19679113245618712,3.214473628956134,-0.04764157566592162
legacy_chi_condensate,theta_scan_25_45,5.387369133908649,2.5147353294427766,37.06012871856986,-0.3810768204331513,-0.3158595074045797,-0.3917888009123368,0.09701452976852017,-0.0011168280954593917,-0.01996840816530364,-0.060863061473558515,-0.10122455622123175,rohrwild_nonlocal_exact_post_borel,-0.48171401068811487,-0.11374701488863212,48.863023746730576,4.013245107412219,2.9066061967092836,-0.02882516132948292
legacy_chi_condensate,theta_scan_25_45,5.528824226595614,2.562590776072911,38.077668572030284,-0.4197808746317078,-0.3020550341171437,-0.4158148681795882,0.13695634378222993,-0.00121341256240534,-0.021983097157380133,-0.05481929139689101,-0.098711551067443,rohrwild_nonlocal_exact_post_borel,-0.4966613965389506,-0.14415506765303024,51.892347083968886,6.448593565151094,3.3859440644690317,-0.03661214638003368
legacy_chi_condensate,theta_scan_25_45,5.0557721369307735,2.562876840066707,40.62431600986492,-0.3514165195329574,-0.32093282452137695,-0.3990562112352996,0.09961931719893538,-0.0010750372784918765,-0.02042089320652093,-0.058414080522927625,-0.09957649461710069,rohrwild_nonlocal_exact_post_borel,-0.4723924534431261,-0.057765197012650565,46.67455979604357,1.0359037082149625,2.74955021373121,-0.025743873939662487
legacy_chi_condensate,theta_scan_25_45,5.807687728998412,2.588287507427781,37.946503808942765,-0.3293587079307733,-0.2874478554288947,-0.4064961882069609,0.1434257105345731,-0.0012947299196097522,-0.02308264783689724,-0.05424064494048522,-0.10066531482349174,rohrwild_nonlocal_exact_post_borel,-0.42920818997475013,-0.08296841410499531,38.87183022092467,2.135610407519295,3.453618341871632,-0.04283313735748555
legacy_chi_condensate,theta_scan_25_45,3.6710737025036613,2.571956228909473,38.45890169394507,-0.3376851415846481,-0.3269122533807744,-0.38536558128640697,0.09206419682916638,-0.0014150520427712002,-0.032195816880762514,-0.03609971784557399,-0.07895801212271275,rohrwild_nonlocal_exact_post_borel,-0.46601443082578003,-0.06110177182098492,45.444987353776185,1.1590847115720593,2.9853899137809625,-0.03175415791924356
legacy_chi_condensate,theta_scan_25_45,4.67894277830108,2.5523959640429394,30.568900599410618,-0.3558331228452762,-0.3438994988690594,-0.4169968118310077,0.0990185370314861,-0.0012348659376084752,-0.024686358131929365,-0.051052381440879556,-0.09838627043003807,rohrwild_nonlocal_exact_post_borel,-0.47707125280146523,-0.13148040305175546,47.886863591842264,5.364175014840676,3.3657629688206345,-0.033812427663118635
legacy_chi_condensate,theta_scan_25_45,5.3026736287288605,2.5604406056512894,26.148913563584053,-0.27375786586874684,-0.30284621307468795,-0.4299596903519009,0.1621450341081008,-0.0018169290851853509,-0.033214627745702566,-0.04127712783057063,-0.08602409521095591,rohrwild_nonlocal_exact_post_borel,-0.3924970497323632,-0.11227316620671624,32.35583995492481,3.913311221432961,2.8728125185610205,-0.042428533041158366
legacy_chi_condensate,theta_scan_25_45,4.121704739743957,2.521112204111666,31.128704910942435,-0.2716200745629761,-0.29811393024672156,-0.36257304869190776,0.09326811211347795,-0.001319866286323237,-0.027489127381968518,-0.03677876852738072,-0.08097223496011081,rohrwild_nonlocal_exact_post_borel,-0.395605292578883,-0.0783953620842473,32.87876171603662,1.9064869859219884,3.0401365499667246,-0.03275010404527678
legacy_chi_condensate,theta_scan_25_45,4.518148350621288,2.593094160303821,31.418012618428325,-0.388364102276109,-0.30436485437912164,-0.39302368864413684,0.11324693550040889,-0.0011363466188895038,-0.023451754616504148,-0.050629109739096685,-0.08899840250951821,rohrwild_nonlocal_exact_post_borel,-0.46218663904738283,-0.1727661749418451,44.74486805077386,9.263835138580873,3.272485673808538,-0.03197514591107714
legacy_chi_condensate,theta_scan_25_45,3.3214530129187927,2.5291119709002294,39.682273273780154,-0.25164265643417016,-0.26177157073781065,-0.42680582648429555,0.22389915741791333,-0.002415720301484191,-0.05644918136994424,-0.0228399455710821,-0.04692766465031129,rohrwild_nonlocal_exact_post_borel,-0.362139974500852,-0.026514536622552237,27.609534771340712,0.218310398381481,3.053561453766035,-0.04466162448765914
legacy_chi_condensate,theta_scan_25_45,5.982043360551983,2.5434870248056307,33.04794000882034,-0.32396803567089677,-0.3147170637695379,-0.36376024060570256,0.06765097460668625,-0.0010387776131326337,-0.017569020157389016,-0.06057535551918668,-0.11762883416407374,rohrwild_nonlocal_exact_post_borel,-0.4404733409181276,-0.09992674469130752,40.767312998240534,3.0972685872276493,3.2345005117844376,-0.03431675944085862
legacy_chi_condensate,theta_scan_25_45,5.6348291102676225,2.5396975918103184,28.867587084041652,-0.27098140982658536,-0.33192540730610814,-0.3950163366220924,0.08464267858463251,-0.001163586007250441,-0.020388163261397797,-0.049756346454088676,-0.11039819767159705,rohrwild_nonlocal_exact_post_borel,-0.4215059352948382,-0.0770593732011447,37.38384119154754,1.8424579343159138,3.524670057684428,-0.03728675350817703
legacy_chi_condensate,theta_scan_25_45,5.05697919388925,2.58089764903223,41.208086170754406,-0.45283692376486456,-0.367050267188267,-0.42567714978624205,0.08376888630060779,-0.0012376932380189418,-0.02390431046461381,-0.06158131127519311,-0.10924053595829399,rohrwild_nonlocal_exact_post_borel,-0.5744669611801256,-0.09886803669678107,69.34097102537417,3.033795838232023,2.900619412254067,-0.030349520221056286
legacy_chi_condensate,theta_scan_25_45,3.394455429156437,2.537534956360965,34.340010305424286,-0.2871947008062424,-0.288741493180307,-0.41009884590164436,0.1684275383291606,-0.0019427696854212007,-0.04512741592240209,-0.022848195973490394,-0.05724544439877646,rohrwild_nonlocal_exact_post_borel,-0.4004225030028683,-0.07425809817183779,33.73372396940932,1.7105907332848747,3.5022866694544517,-0.044204537758515884
legacy_chi_condensate,theta_scan_25_45,3.3719231716592555,2.589148121035174,38.16205876794734,-0.3290796576776768,-0.38900623664967054,-0.497951111701326,0.16063983126429432,-0.0020845093399191163,-0.049610446872719656,-0.032847444403846425,-0.06517696441479837,rohrwild_nonlocal_exact_post_borel,-0.5091967947107321,-0.018381988627810625,54.51488549476071,0.10482177255478664,2.957121764865734,-0.034120190982361506
legacy_chi_condensate,theta_scan_25_45,3.5250009420922854,2.5025916752833846,35.69536390976483,-0.18461022378562184,-0.3314558127088268,-0.43391009284074444,0.15689783587986403,-0.0023406005840014292,-0.05210295516394497,-0.019792919797708565,-0.060976188608555325,rohrwild_nonlocal_exact_post_borel,-0.37690099751599215,0.04346870801043326,29.863397228628276,0.5865602470125441,3.033309202824394,-0.04251420888190916
legacy_chi_condensate,theta_scan_25_45,5.464835066028162,2.56295572067664,26.665865853852814,-0.38692222334832493,-0.3286426910129686,-0.42303211605093416,0.12264132099493096,-0.0014675173047464952,-0.026784378652218898,-0.05110564576443088,-0.10398143711723223,rohrwild_nonlocal_exact_post_borel,-0.4673334410786042,-0.19827828959996455,45.80085583582591,12.194835214918589,3.1220089264913002,-0.039935455852947305
legacy_chi_condensate,theta_scan_25_45,4.538425781108625,2.5633092645188587,32.327414395543094,-0.4245351398219502,-0.35051058389254675,-0.3818368438834176,0.05725066079382274,-0.0012105565733010848,-0.024713844229650863,-0.05520871591300449,-0.10580439413656086,rohrwild_nonlocal_exact_post_borel,-0.5232065886215979,-0.17129687675870497,57.58233341373172,9.108653974685524,2.7971831665878444,-0.029730689630435986
legacy_chi_condensate,theta_scan_25_45,3.959858723864015,2.596543073361535,34.13710747223013,-0.35679064452316483,-0.34637218809223796,-0.44070773313960565,0.13103528055051264,-0.0015930616798932404,-0.03510667382325174,-0.03650353633347457,-0.07635190745420105,rohrwild_nonlocal_exact_post_borel,-0.486913293264714,-0.10093909819871905,50.090624562206386,3.1634565622041224,3.482126982811328,-0.03866555607173555
legacy_chi_condensate,theta_scan_25_45,3.271299935083166,2.5722133591777046,36.48666203097045,-0.4328824259850139,-0.3140891282843338,-0.473131641920391,0.21065026482330296,-0.0020692157229430072,-0.04953853546430275,-0.030377992809179005,-0.05262127039952904,rohrwild_nonlocal_exact_post_borel,-0.5099335038463142,-0.16126684993545584,54.77079302085787,8.066481941759925,2.966064724021907,-0.03444444063312508
legacy_chi_condensate,theta_scan_25_45,5.8053547414869,2.5766908172803977,36.95864372984922,-0.390824533671338,-0.43319226327916127,-0.3816511826512021,-0.031187116628975994,-0.0010962258979818492,-0.019257738101001304,-0.06275385224977334,-0.1578400628938024,rohrwild_nonlocal_exact_post_borel,-0.5811295299867659,-0.05184421338685308,70.61737264055715,0.8337424039656672,2.759251858947411,-0.029933480095798597
legacy_chi_condensate,theta_scan_25_45,4.563984735369518,2.503405905924086,43.257949726636745,-0.37677154611737873,-0.26843446059280474,-0.39507016195252675,0.14968828583487362,-0.0011283351263540833,-0.021924249348797553,-0.04652240944854985,-0.07161844852683347,rohrwild_nonlocal_exact_post_borel,-0.45368987583810566,-0.09043978195149707,43.274524114942146,2.537975636616756,3.08748354087266,-0.02710113520317391
legacy_chi_condensate,theta_scan_25_45,3.1097914541443505,2.5504989043768087,36.035866613758394,-0.406329498920443,-0.40419754177039674,-0.4708503478637114,0.11230572175215887,-0.001811977738496957,-0.04384093792034726,-0.03192393359564515,-0.0615253446958906,rohrwild_nonlocal_exact_post_borel,-0.5658941131470931,-0.0907918893494063,67.11614710793972,2.5588879944861564,2.991356435888608,-0.028663547788828347
legacy_chi_condensate,theta_scan_25_45,4.839512914158037,2.596857675012901,34.61461804925503,-0.3321469015411643,-0.36929997983913365,-0.4561849490945973,0.12259143174389946,-0.0017062948252014381,-0.03400016766323447,-0.04552853111202352,-0.09911409829883043,rohrwild_nonlocal_exact_post_borel,-0.4926080200939832,-0.06357183221888615,51.259557994802,1.2550745319904528,3.114765786321931,-0.04126030424965328
legacy_chi_condensate,theta_scan_25_45,3.2025144345586027,2.597269217732337,32.93522126513613,-0.44087782690463495,-0.37147801180347506,-0.4726473002660866,0.1393045196688915,-0.0015049117358355148,-0.036630319470444525,-0.03549612951927258,-0.06121077512699386,rohrwild_nonlocal_exact_post_borel,-0.5514773002590063,-0.1680534403356675,63.60826586025257,8.76993481719575,3.1285715588507585,-0.026329278412803674
legacy_chi_condensate,theta_scan_25_45,5.373728338795127,2.598368964066444,38.60374386264111,-0.2652881860333424,-0.3276670172140713,-0.4315533548426136,0.14219215687230594,-0.001931629059211764,-0.036374190184551854,-0.04009968932873034,-0.10413920806680221,rohrwild_nonlocal_exact_post_borel,-0.42158655741833506,-0.0028758343110647233,37.31080220696419,0.0025678844788033233,2.909802434563498,-0.04936566056423105
legacy_chi_condensate,theta_scan_25_45,3.448194930201297,2.5376816149981702,28.194220862713006,-0.35791610276041175,-0.3810930088833133,-0.4528222856267708,0.10555817947692464,-0.001413367919796836,-0.03241553481367032,-0.0363719591481778,-0.06825667069082067,rohrwild_nonlocal_exact_post_borel,-0.504978458074371,-0.13539783940583908,53.587453495762304,5.68657935553268,3.105723335035262,-0.02575066392591349
legacy_chi_condensate,theta_scan_25_45,3.6793962563660383,2.52083948746045,27.597495493213252,-0.18462209901019472,-0.2726565029723597,-0.43923516763934695,0.2167451273851423,-0.0021681145799850384,-0.04799834813817005,-0.022255784347506403,-0.054343117204218694,rohrwild_nonlocal_exact_post_borel,-0.32716222488150115,-0.03730638908595449,22.571308427882563,0.43192504930065334,3.349579586156389,-0.04578832705084376
legacy_chi_condensate,theta_scan_25_45,4.03235477848084,2.5529966853548784,44.52845892658513,-0.29690737790543514,-0.2966013108017613,-0.39760518323982025,0.13933170387160537,-0.001705832442468238,-0.036621998991078146,-0.03958415578890099,-0.0731681554878432,rohrwild_nonlocal_exact_post_borel,-0.41965802475954994,-0.003670269597298742,37.01894500032682,0.00418018313113269,2.6556242023279495,-0.03448903262358692
legacy_chi_condensate,theta_scan_25_45,5.799103445567618,2.536762536377595,37.34639509398944,-0.47481713274508647,-0.30107469236791,-0.35944557899140833,0.07161661012945644,-0.0007339399420971747,-0.012511783563860865,-0.06895137895807085,-0.10934134818330252,rohrwild_nonlocal_exact_post_borel,-0.5273885438871995,-0.1948296787176846,58.47402192424193,11.783257213285642,2.8906358570329975,-0.021082202667251217
legacy_chi_condensate,theta_scan_25_45,5.571924448719469,2.5544319112814384,33.77156077804591,-0.569093496219626,-0.320582889736146,-0.3818432688331325,0.07599592767242862,-0.0007804724873616625,-0.01395507608808053,-0.073420933801331,-0.11198675176075955,rohrwild_nonlocal_exact_post_borel,-0.5828373357355268,-0.29485833327848854,71.47002876827707,26.98081726855684,2.90491969889355,-0.021750647501431273
legacy_chi_condensate,theta_scan_25_45,3.6294034718711106,2.532126779664195,31.048110109276188,-0.2366038482394731,-0.29827071120384746,-0.41438736774515356,0.16192591292722408,-0.001983480356551273,-0.043825776029366666,-0.02622844140970762,-0.05773997505217161,rohrwild_nonlocal_exact_post_borel,-0.37756906024950376,-0.048871289179672595,29.949026043843425,0.7409682217479665,2.904885955528062,-0.03708674395148445
legacy_chi_condensate,theta_scan_25_45,4.428303264126761,2.530732851412432,40.435121565405204,-0.3899691757119756,-0.330904726760746,-0.3820359211386407,0.07266731181557846,-0.001015454349361549,-0.02052066308832224,-0.05627110644365686,-0.09282699022514711,rohrwild_nonlocal_exact_post_borel,-0.5047938921976726,-0.08220111068596475,53.51734839736658,2.0965112919744957,2.634293355201104,-0.022102593116833966
legacy_chi_condensate,theta_scan_25_45,5.067113505850146,2.5522459387851564,32.14803055757622,-0.3364021018777127,-0.3312544375403264,-0.37166042068409433,0.059386378933056205,-0.0009569166065814802,-0.018023479182706754,-0.05581388032471214,-0.1078421273318204,rohrwild_nonlocal_exact_post_borel,-0.45946766129698924,-0.1085603277453423,44.423343167283136,3.65619833672502,3.342432961697982,-0.02962634609106385
legacy_chi_condensate,theta_scan_25_45,5.57048420960453,2.592113309973151,25.72143373993195,-0.4235962897090535,-0.38887283667503375,-0.4500621102843385,0.07776039204532362,-0.0008643300729779323,-0.015706788363040902,-0.0753676567018237,-0.11689165596265787,rohrwild_nonlocal_exact_post_borel,-0.5341804206703308,-0.21285482830190228,59.65151991241693,14.060214990664681,2.865027082760747,-0.020649369943252137
legacy_chi_condensate,theta_scan_25_45,4.185342422104045,2.527948297198222,35.8707486914624,-0.2998196354442064,-0.30681281633032415,-0.3748555428950768,0.09679093510136615,-0.001322572957911234,-0.027425635578702274,-0.03737037896896272,-0.08189361323627385,rohrwild_nonlocal_exact_post_borel,-0.4243049049941643,-0.06317646444947106,38.04750789451151,1.2383218113463708,3.290252418935549,-0.03499268958428324
legacy_chi_condensate,theta_scan_25_45,4.215273638199641,2.547050263211811,43.013055640481795,-0.5705797039358327,-0.35886198710565304,-0.41963900703174595,0.08720427268333743,-0.0012005199439720816,-0.02522673281327242,-0.05609665494529904,-0.08936065455046469,rohrwild_nonlocal_exact_post_borel,-0.6516287665333798,-0.17240381364432264,89.57800098609927,9.22305718440872,2.550056456353878,-0.022873726674384396
legacy_chi_condensate,theta_scan_25_45,5.273533689478992,2.5861550941290194,28.380636010582762,-0.38135896372703926,-0.33104840194400814,-0.43659546759968554,0.12967921738766156,-0.0012187837509991023,-0.022913367980984985,-0.057838965417096704,-0.1000159400814985,rohrwild_nonlocal_exact_post_borel,-0.4725296225448089,-0.17816694267541103,47.11514491367779,9.850102891924463,2.966334322909643,-0.030222016888026518
legacy_chi_condensate,theta_scan_25_45,5.051215775990565,2.5962144861611036,37.067407164171726,-0.4217961949155147,-0.3047718736540666,-0.41502570728323346,0.13365470644248062,-0.0011474331701459193,-0.022253439643167883,-0.05209129240266925,-0.09413600031619329,rohrwild_nonlocal_exact_post_borel,-0.4974251080685743,-0.1528600238086607,51.819139028316954,7.252151914874647,3.4253622009659273,-0.0341121366774876
legacy_chi_condensate,theta_scan_25_45,3.0129954240400445,2.552484203608124,27.8117578445462,-0.37700570913891196,-0.30274062503070315,-0.4409137958931199,0.1901153971432693,-0.002051288861200142,-0.0498909374196524,-0.021946293378707675,-0.04498621707455126,rohrwild_nonlocal_exact_post_borel,-0.44366847610689397,-0.1922068523135977,41.52191720250851,11.464503162726135,3.168069889044815,-0.03497700430828889
legacy_chi_condensate,theta_scan_25_45,4.404816377911992,2.5223796992392713,39.21104652308935,-0.2681739778543739,-0.2637332502957135,-0.44535976402161326,0.22355904925727715,-0.001984419279401177,-0.0399481162519762,-0.03507603815091775,-0.06178145256782865,rohrwild_nonlocal_exact_post_borel,-0.37388036440267924,-0.041060721180946974,29.518473597924153,0.5234115347960151,2.9301450274278227,-0.0405277425870013
legacy_chi_condensate,theta_scan_25_45,5.82346092922454,2.5318585613448894,30.942545482131084,-0.29555218061660643,-0.30668400183055833,-0.3970067351480621,0.11402845221525473,-0.0013061084326778532,-0.02239961046507312,-0.05029414120847042,-0.10448019669721641,rohrwild_nonlocal_exact_post_borel,-0.4150042674839748,-0.09579992910293098,36.09270010135442,2.8467574248696126,3.2685181857976797,-0.039309324848235565
legacy_chi_condensate,theta_scan_25_45,4.3913869567772394,2.5363589586699815,42.42513000307971,-0.4139896043852152,-0.33738913597803294,-0.3918585178957293,0.07840491083272834,-0.0011256171686596398,-0.022809911746372473,-0.051734073051599605,-0.09024682164686354,rohrwild_nonlocal_exact_post_borel,-0.528335240429551,-0.07797881337439738,58.68190840905408,1.8872208941715494,2.677967786251168,-0.02400434572109015
legacy_chi_condensate,theta_scan_25_45,5.617880531099921,2.5359997230109776,33.94432948365151,-0.25591077647298777,-0.249034125318327,-0.36922190762229123,0.1443687637496121,-0.0013035426418829764,-0.02287743880376487,-0.0453564924948535,-0.08779996688431557,rohrwild_nonlocal_exact_post_borel,-0.3494911382735362,-0.07324114524186345,25.636678426385267,1.6658441635776382,3.3535643630290273,-0.04250396185612111
legacy_chi_condensate,theta_scan_25_45,4.117202739777977,2.5304469805252943,28.930684076255258,-0.3346121068703878,-0.34214625332862,-0.45013682281684353,0.14896081110658924,-0.0018568536019137687,-0.03911338801645193,-0.04072002370147469,-0.0763067082332526,rohrwild_nonlocal_exact_post_borel,-0.46131730628391676,-0.12734073839114837,44.69322279014317,5.0305510167501675,2.7000527312662252,-0.03377151008965883
legacy_chi_condensate,theta_scan_25_45,3.3262321278300377,2.5447134484155054,39.55732804954872,-0.19172857942402186,-0.2993742227555893,-0.510753338624071,0.2797210946171124,-0.002795214436075731,-0.06554676431255498,-0.017741797018055602,-0.045031673539935035,rohrwild_nonlocal_exact_post_borel,-0.35291619995127954,0.042836073937921854,26.077777305395976,0.5693093458769471,3.5363659950906943,-0.050443491420408645
legacy_chi_condensate,theta_scan_25_45,5.323954923870767,2.5895886075838885,39.63364240369043,-0.4093364385048318,-0.3743980501650613,-0.4474369343150754,0.09826738041461029,-0.0012693556896876095,-0.023959140574908628,-0.06504715127751241,-0.11136820579782211,rohrwild_nonlocal_exact_post_borel,-0.5494444914678303,-0.07642624320792649,63.07487995233815,1.8118868639745704,3.1255058889921457,-0.033226130337195646
legacy_chi_condensate,theta_scan_25_45,5.2428705568204155,2.5862974857558267,35.64486042602082,-0.4313567858504633,-0.4483550975495914,-0.4648318517547728,0.04124333325454544,-0.0012551782431450375,-0.02351140080621901,-0.06278922413575147,-0.11954116095079212,rohrwild_nonlocal_exact_post_borel,-0.6157306377251104,-0.08925666341833982,79.59984763153214,2.4707999736896853,2.9392584156005603,-0.02841901376316914
legacy_chi_condensate,theta_scan_25_45,3.9363204817540636,2.582604164271066,37.51597500288994,-0.3353949762224329,-0.3231638646564607,-0.4617067473383021,0.18129668916187838,-0.0018519899952653732,-0.04090181648477158,-0.03168724612189405,-0.06996631891358054,rohrwild_nonlocal_exact_post_borel,-0.46057797646923776,-0.06922861465064756,44.712199242884964,1.4876469390949665,3.426232213280643,-0.04220250335598125
legacy_chi_condensate,theta_scan_25_45,5.962123751214804,2.529533500135577,39.854966118056595,-0.39895681108025394,-0.32576623452334447,-0.40147163422507726,0.09691498507034364,-0.001186831622111997,-0.020022753746498905,-0.06572803611630335,-0.11221589223188201,rohrwild_nonlocal_exact_post_borel,-0.5057507239636962,-0.0975006762696608,53.78577570861704,2.9485518010148057,2.4547371706256027,-0.026735467383108818
legacy_chi_condensate,theta_scan_25_45,5.382174668412256,2.5197348351290563,39.204359775021764,-0.40748485979874544,-0.2923506795936592,-0.3902249255056476,0.12020390472796459,-0.0011921250450573056,-0.021137533770918877,-0.05605979681233258,-0.08995548147318828,rohrwild_nonlocal_exact_post_borel,-0.4841078867123742,-0.130967113608557,49.104398444875635,5.325207829824649,2.8703156352851846,-0.029805831004096946
legacy_chi_condensate,theta_scan_25_45,4.99381320142211,2.5420007992957885,39.21276116795516,-0.2030840397039992,-0.2778935418897515,-0.42135273002731294,0.18317868009173363,-0.0020068554563913966,-0.03771263649778074,-0.029382305518533103,-0.0771071468765776,rohrwild_nonlocal_exact_post_borel,-0.3437030577024891,0.018334555693719307,24.780951231613358,0.10438961411534851,2.960394168604526,-0.04707280691974948
legacy_chi_condensate,theta_scan_25_45,4.566477421379436,2.5658904724118416,37.607966687984316,-0.2794100708532671,-0.31510755959262443,-0.4232690227682823,0.13874069235062422,-0.0014590440011346937,-0.029120185173831647,-0.042157522184188716,-0.07978490306209313,rohrwild_nonlocal_exact_post_borel,-0.42014120334830973,-0.02905393356640973,37.11290061947816,0.26191325938648696,3.030539575902721,-0.03355672504748534
legacy_chi_condensate,theta_scan_25_45,3.8323788732917228,2.5350609834881945,30.002076865085673,-0.3170136926664343,-0.3039422076144618,-0.406972404757142,0.1347305703827168,-0.001392613367984921,-0.030307759872051608,-0.03539371512470286,-0.06836508995765324,rohrwild_nonlocal_exact_post_borel,-0.421732962095638,-0.12255552043706652,37.436313776922695,4.659108655914058,3.2776583283982563,-0.03201309040114244
legacy_chi_condensate,theta_scan_25_45,5.163128847807845,2.585291862961192,41.54776999966182,-0.407770645011598,-0.33071845142677664,-0.46162992761527954,0.15979793391024588,-0.0014398722802044964,-0.0274465854415385,-0.05858975988993777,-0.0934085179627448,rohrwild_nonlocal_exact_post_borel,-0.5179622205896711,-0.08582966322383409,56.357254006575104,2.284618396757212,2.5414190226668056,-0.02868046109933076
legacy_chi_condensate,theta_scan_25_45,3.5684022023519617,2.5014450290822094,38.82011951114344,-0.22246251106715467,-0.28204307920954147,-0.40376908242568993,0.1609120044060655,-0.0016988201894924035,-0.03748718100042465,-0.025460745482561165,-0.05595839943513227,rohrwild_nonlocal_exact_post_borel,-0.3592015361577632,0.003481922199984472,27.141390850260915,0.0037638621215325806,3.278098415455287,-0.035891050861175854
legacy_chi_condensate,theta_scan_25_45,5.93564292206564,2.5719010026058435,40.91767298822697,-0.24840038033554082,-0.27367398541306415,-0.425545828199579,0.18372423312426367,-0.001724213284753678,-0.03012817705299517,-0.04074168283524854,-0.09301684075584143,rohrwild_nonlocal_exact_post_borel,-0.3694979239167226,-0.008454789408569363,28.893283154004404,0.02217323036003551,3.3344807571394086,-0.052693531494229055
legacy_chi_condensate,theta_scan_25_45,4.580401089551803,2.525796761834381,30.26238735647443,-0.3057896418807351,-0.3023697578143073,-0.37944544996833196,0.10764548635846967,-0.0014660560072138813,-0.029103738197231218,-0.04234440386268144,-0.08898415175348276,rohrwild_nonlocal_exact_post_borel,-0.4152707636090779,-0.11173615535610851,36.00100193918458,3.873791132412906,3.010792307615328,-0.03762181498595362
legacy_chi_condensate,theta_scan_25_45,5.6833031483724135,2.5772388822342993,36.91347523265022,-0.379755038878948,-0.3372565337897408,-0.4345462876723901,0.12215303554714871,-0.0013217743739264327,-0.023541507290572892,-0.05869705915661135,-0.10498734533563794,rohrwild_nonlocal_exact_post_borel,-0.4977352665626773,-0.10107157640802114,52.568753876227646,3.1713488443011366,3.024756663496285,-0.03444579164532574
legacy_chi_condensate,theta_scan_25_45,3.34893402758661,2.584071889757396,31.752673510125284,-0.33037720440171686,-0.29593985748483626,-0.41063580039514946,0.15824295741029737,-0.0017568629238859524,-0.0417901515760982,-0.030079180139509023,-0.05824802089222592,rohrwild_nonlocal_exact_post_borel,-0.42550804328859176,-0.12518946254838287,38.01718324664711,4.865500191890601,3.2250372265387144,-0.037469700457253875
legacy_chi_condensate,theta_scan_25_45,5.098290623546879,2.55843569464824,27.811308967285967,-0.3272443975770493,-0.2873805729388545,-0.449056965933327,0.18882846397688408,-0.001367818328195301,-0.025784252654216223,-0.049849921107942195,-0.07900984766644462,rohrwild_nonlocal_exact_post_borel,-0.40686447597843695,-0.15536340507024837,34.854584753602865,7.495216237081577,3.2423789896342763,-0.03437892049951613
legacy_chi_condensate,theta_scan_25_45,5.523408415857456,2.5249222442425188,28.54364308070342,-0.29625465944254825,-0.3183646379931798,-0.41782326240360435,0.12884325777469813,-0.0015737602563940794,-0.02781087310787956,-0.0438191744339774,-0.09747935142227611,rohrwild_nonlocal_exact_post_borel,-0.4212272786238134,-0.10812236451874796,37.349266625969506,3.626542403148403,3.275251676863413,-0.04368662195032326
legacy_chi_condensate,theta_scan_25_45,3.156615586914458,2.553045967551259,26.951484711612604,-0.436299938751333,-0.3149867301359575,-0.4129517615204345,0.14137622437362019,-0.001727322428796895,-0.04168387056034634,-0.030930204725680966,-0.05720057837071398,rohrwild_nonlocal_exact_post_borel,-0.47852300217203303,-0.24615038717910617,48.20511167128983,18.804171858852843,2.937906576029514,-0.031305490863773475
legacy_chi_condensate,theta_scan_25_45,4.4400141559938495,2.5924429953981516,28.490516584781712,-0.22416442233872688,-0.2564300011713097,-0.371771560263445,0.14900821264012748,-0.0015494338076922625,-0.03211721974029994,-0.03250246514979916,-0.07596564878037812,rohrwild_nonlocal_exact_post_borel,-0.33230473207644357,-0.07469671199441152,23.20440471029784,1.7313765821955311,3.352181862710569,-0.04615529840338333
legacy_chi_condensate,theta_scan_25_45,4.971651479297322,2.5013882366176006,29.334835737780118,-0.28207747200741806,-0.3011920548298373,-0.37417446338703664,0.09821399239605255,-0.0012927907025948313,-0.023938793136258338,-0.04215240392620638,-0.09186755008948953,rohrwild_nonlocal_exact_post_borel,-0.40076397125784213,-0.09834934391422714,33.745106491967825,3.0008880282184442,3.3285732962815358,-0.03732894666785581
legacy_chi_condensate,theta_scan_25_45,5.829603118038676,2.502526643921755,29.626795664489435,-0.3674911571400021,-0.23931913729579943,-0.33296373509044636,0.11439969320079636,-0.0011579207424645057,-0.019597174663684883,-0.046577323164267465,-0.09622655372814441,rohrwild_nonlocal_exact_post_borel,-0.3897001546697665,-0.20113972631597035,32.13132075985478,12.561821420169933,3.3800008296674626,-0.042205166736576635
legacy_chi_condensate,theta_scan_25_45,3.107765844576277,2.5837961309395885,39.59701901283057,-0.40883451560514844,-0.38213176877037064,-0.4391525010475088,0.09667787934463933,-0.0015653620238429001,-0.03809178504365822,-0.032280907284022456,-0.06110178718213366,rohrwild_nonlocal_exact_post_borel,-0.5550347991651616,-0.07146132918828957,64.63002008628902,1.5852171086800773,2.7678803050837675,-0.024658764881434245
legacy_chi_condensate,theta_scan_25_45,4.169378074563702,2.518052337903425,29.8419465253373,-0.2692262982007473,-0.33510807799680087,-0.4285212414347543,0.12816992856938925,-0.0016141930034958415,-0.03314257212793998,-0.03719438341601155,-0.07446114161245637,rohrwild_nonlocal_exact_post_borel,-0.42464267274536416,-0.06677442673105671,37.92733697300429,1.3844530088713785,2.9934009048343575,-0.03304152057857837
legacy_chi_condensate,theta_scan_25_45,4.943899670689344,2.585678534787012,28.331640589388883,-0.47899319370217514,-0.3471998849698262,-0.40688230511830853,0.08948431703172982,-0.0014509032765664463,-0.028350993606681047,-0.05005679219504287,-0.10642031605452683,rohrwild_nonlocal_exact_post_borel,-0.5329285806202886,-0.25684502660965536,59.694602838460504,20.471277593020453,2.739384140255155,-0.034516873064563025
legacy_chi_condensate,theta_scan_25_45,5.4846261179248375,2.5710036880743203,26.586032325012873,-0.44219084520640123,-0.2987874493935836,-0.4145714838463647,0.13539659982959676,-0.0010228370733248574,-0.018589728303490826,-0.060357690024118074,-0.09526144668740981,rohrwild_nonlocal_exact_post_borel,-0.4650932456260559,-0.26171541103361873,45.34797376733832,21.25814349708913,3.4747644687895143,-0.031455362462940104
legacy_chi_condensate,theta_scan_25_45,5.503032046623232,2.507985383834326,26.984127284768938,-0.31124136666065755,-0.2780133340444042,-0.36271076008784064,0.10443399706170023,-0.0010685128389240502,-0.018668058179339798,-0.0537382017017789,-0.09659769684893357,rohrwild_nonlocal_exact_post_borel,-0.38897044296088434,-0.15121043856193514,31.702141420383274,7.0991468467501155,3.045965129585524,-0.030905749225476908
legacy_chi_condensate,theta_scan_25_45,5.4038163175949245,2.599593791114748,30.006707480028542,-0.5358287302014426,-0.381315765853482,-0.4666060013922703,0.1070269863070699,-0.0010952650872088636,-0.02064148568107265,-0.07215784863927245,-0.11283075973855085,rohrwild_nonlocal_exact_post_borel,-0.5981755054371967,-0.27331338440089636,75.41559258040304,23.179808158473524,3.2222814501554438,-0.028998686543324027
legacy_chi_condensate,theta_scan_25_45,5.376227696610758,2.5970316524393096,42.66358900895453,-0.4009202999783742,-0.3438087032001772,-0.3942474966381072,0.07696562332028686,-0.0013435735109149363,-0.025183256371441934,-0.05342073589631955,-0.11913743269450623,rohrwild_nonlocal_exact_post_borel,-0.5245188330842967,-0.06181832309942409,57.85355270853016,1.186338661803091,2.792990689318075,-0.035652235658504255
legacy_chi_condensate,theta_scan_25_45,3.2557776373112572,2.5333609084964235,32.48999774597097,-0.28913207220648096,-0.30330119841251113,-0.37898107486720684,0.11814462497757877,-0.001730090865706798,-0.04073465765717624,-0.026483499680171375,-0.06084268755091261,rohrwild_nonlocal_exact_post_borel,-0.41113805835382494,-0.08095967582646313,35.654334763334155,2.032650865614048,3.020851430706391,-0.035167318700093875
legacy_chi_condensate,theta_scan_25_45,5.429763491071769,2.5586686887344823,44.432578138669236,-0.41711789323734083,-0.32002296072457637,-0.36972581569365787,0.06567189038705289,-0.0008303270121658337,-0.015138708405805565,-0.06480718332612545,-0.11507068331005049,rohrwild_nonlocal_exact_post_borel,-0.5205318159285848,-0.073815044914782,56.73605489872825,1.690197641300087,3.168027396000194,-0.025839166431777524
legacy_chi_condensate,theta_scan_25_45,4.4190569737623955,2.569284283454553,34.14331601913169,-0.3180840675982063,-0.3213865140245623,-0.4218441272169775,0.13251733233668922,-0.0014777941090303446,-0.030581925035243776,-0.04298665968207311,-0.08535293914273884,rohrwild_nonlocal_exact_post_borel,-0.444520537272618,-0.082874950374305,41.328984937985396,2.1312133363108443,3.189346639076385,-0.03669450342927876
legacy_chi_condensate,theta_scan_25_45,3.128285014731035,2.5011033622441197,44.12644900481558,-0.1301516594035487,-0.21874706701208477,-0.37405115559029395,0.20727252546106964,-0.0021250145975876063,-0.04984342228527279,-0.011864463680087506,-0.039807479718903416,rohrwild_nonlocal_exact_post_borel,-0.2476350737077087,0.05887787395672939,12.88730879627761,1.075989555910634,3.484573153510871,-0.04668058768344359
legacy_chi_condensate,theta_scan_25_45,3.754610024431507,2.559847730160995,29.67715403355729,-0.32990814946437785,-0.3489400948676077,-0.460106463530087,0.1513230584483379,-0.0017276214288573053,-0.03842906835700127,-0.039762339360833544,-0.06879189708439053,rohrwild_nonlocal_exact_post_borel,-0.4665108486591574,-0.11386924506879853,45.738627617750005,4.022725808970327,2.5723645858565782,-0.02777558612869292
legacy_chi_condensate,theta_scan_25_45,5.128224067571268,2.5832804756367818,35.73272593139253,-0.2775381711977978,-0.31646658319031507,-0.39042726753381374,0.09781796531409863,-0.00117896203897922,-0.022678318931620745,-0.05430902099654762,-0.10593394053471081,rohrwild_nonlocal_exact_post_borel,-0.4189754454895314,-0.04047358181356586,36.841539569180824,0.5084301834236395,3.381990758722637,-0.0373663026074281
legacy_chi_condensate,theta_scan_25_45,5.230992000376187,2.5154719637942073,31.37064374300008,-0.30151134941308727,-0.2968142073775469,-0.372355810877198,0.10170216210983574,-0.0013873860124487673,-0.0247731725977359,-0.043246494350283854,-0.09049705876284639,rohrwild_nonlocal_exact_post_borel,-0.41038364067072497,-0.10292247080158681,35.55002032608089,3.28918889674508,2.978713479133257,-0.03632467602086964
legacy_chi_condensate,theta_scan_25_45,4.087539901261759,2.502870600408107,35.72155376064133,-0.4952487908320025,-0.3106212423245607,-0.40623666211392717,0.12457431846579219,-0.0013295172574769264,-0.02762938141894881,-0.04579370072477858,-0.07359618049696799,rohrwild_nonlocal_exact_post_borel,-0.541331542770954,-0.22071946403757162,61.80318330214288,15.12066573798099,2.6879392301267,-0.025693215077800684
legacy_chi_condensate,theta_scan_25_45,5.560890582821179,2.504628609544854,26.411127879221862,-0.34547499092961065,-0.2718434333752575,-0.379357731367552,0.12992234941985611,-0.0012159407526537186,-0.021192110674907946,-0.054827529735080635,-0.09165577404408061,rohrwild_nonlocal_exact_post_borel,-0.397140311880848,-0.1884977302416276,33.20804667705681,11.026518718828282,3.046291679670838,-0.03419005515567263
legacy_chi_condensate,theta_scan_25_45,5.030980967089987,2.5476297532492476,37.72715754442139,-0.2911283339117456,-0.34553195814577414,-0.3737975653063494,0.054741027675829085,-0.001313430906080346,-0.02516198960917348,-0.051076872031515314,-0.11817480014636446,rohrwild_nonlocal_exact_post_borel,-0.4514348416454791,-0.01883148041984689,43.11076016574244,0.11006255590549395,2.9290092527196765,-0.03633227611473863
legacy_chi_condensate,theta_scan_25_45,5.1861422364332705,2.589363181410874,33.731305039196066,-0.26331247991849926,-0.2701662823742974,-0.42184375695249554,0.1844465936571336,-0.0016300487491800702,-0.03113907032975539,-0.045757699066145394,-0.08367666897691732,rohrwild_nonlocal_exact_post_borel,-0.3709011484411937,-0.06896100563204025,28.79736063156784,1.4749039626586644,3.0687906460758225,-0.04355218548121388
legacy_chi_condensate,theta_scan_25_45,4.002559503111309,2.563476781032429,26.708346971960168,-0.35790547198971984,-0.29918342863307773,-0.39432451837723664,0.13039818831868058,-0.0015602147534173932,-0.03369688382110429,-0.03722102224358917,-0.0742714650354289,rohrwild_nonlocal_exact_post_borel,-0.4281226356317209,-0.18525134198859866,38.63981579011798,10.65126509627589,2.8838166220514756,-0.03444831230853185
legacy_chi_condensate,theta_scan_25_45,4.387888413789791,2.549308426439783,30.169519100472016,-0.3701878263262939,-0.27280925320165145,-0.37799100068708597,0.13645391089937117,-0.0014477823142335705,-0.029824381099703052,-0.045447011111461044,-0.07893083432108741,rohrwild_nonlocal_exact_post_borel,-0.42189676101089624,-0.18293998590014088,37.49808845023409,10.384530626085848,2.817280060173229,-0.03481520685015599
legacy_chi_condensate,theta_scan_25_45,4.243172668159686,2.5849316702746337,40.54122395563963,-0.33719119336969466,-0.36150364562299464,-0.42425963077905837,0.09495466963602739,-0.0014481153914319789,-0.030750569088531632,-0.04539254182153129,-0.08991533663994297,rohrwild_nonlocal_exact_post_borel,-0.49389312192195634,-0.0212690103901918,51.33883007632715,0.14037510856754967,3.119496141402907,-0.03423575206932422
legacy_chi_condensate,theta_scan_25_45,3.0822140214763607,2.5011048882874563,42.10509764672697,-0.3368839216842528,-0.3478509114930995,-0.372469920842828,0.06427573142959989,-0.0016172811620051846,-0.03803944091786618,-0.02547397294602615,-0.058543977882720546,rohrwild_nonlocal_exact_post_borel,-0.483954409638295,-0.01670816290294247,49.37326348838131,0.08658239238548973,3.0654490905752882,-0.030442088035422057
legacy_chi_condensate,theta_scan_25_45,4.091371487458372,2.574228683712847,34.29544563200979,-0.23671186131454144,-0.29807610487952424,-0.4240199340552099,0.16750582339000294,-0.0018286596268555198,-0.03973333458746181,-0.031731597168513204,-0.07574946581563152,rohrwild_nonlocal_exact_post_borel,-0.37963126882351755,-0.02760379174298294,30.371863866437717,0.23650977174206714,3.231888301822715,-0.044282338471825805
legacy_chi_condensate,theta_scan_25_45,3.6260075115024613,2.555419326913726,31.654972072229633,-0.38648400572558267,-0.31763747342393095,-0.3914409906104201,0.10495104402032913,-0.0013125780741133819,-0.029834948759726705,-0.04073795618517381,-0.07344226551569027,rohrwild_nonlocal_exact_post_borel,-0.4732084866243193,-0.16228733589393868,47.2977363115643,8.174062983516269,2.8217721638324624,-0.026903149888116498
legacy_chi_condensate,theta_scan_25_45,5.121141429162333,2.529633984254336,27.711415620710685,-0.23720766726320702,-0.2698151656738989,-0.3888975259458416,0.1460606468347543,-0.0013938783932989421,-0.025584408169512685,-0.04360556505760731,-0.07952799623300506,rohrwild_nonlocal_exact_post_borel,-0.3491735740636745,-0.08453115527239341,25.497822989455337,2.2164110931285657,3.2655896690850215,-0.03893539657039753
legacy_chi_condensate,theta_scan_25_45,3.433631356641819,2.5194098808032552,39.47162561372165,-0.3053222225809571,-0.2797519619881679,-0.3907154423790384,0.14800005611862313,-0.0015546329325160373,-0.03548194279523663,-0.027890497294613344,-0.05693136762376718,rohrwild_nonlocal_exact_post_borel,-0.41004370698079556,-0.05785307427831582,35.49026050351369,1.03820376490532,3.5062059038496822,-0.036522756061451694
legacy_chi_condensate,theta_scan_25_45,4.592884467312953,2.577452469630909,41.18245255923204,-0.42765372375898925,-0.3335518467875038,-0.4257090240685918,0.12171302883210357,-0.001377908288947899,-0.028177943262067615,-0.05622835360964036,-0.09281184968726267,rohrwild_nonlocal_exact_post_borel,-0.5326290990717528,-0.10222907982710838,59.58926270015394,3.2420343223090935,2.7574035626189466,-0.030591661320625328
legacy_chi_condensate,theta_scan_25_45,5.5156120592957585,2.5270686564350373,39.24696206357487,-0.28041974692234967,-0.31039274697825,-0.4154010726524912,0.13371183602993575,-0.0015400680498616095,-0.02716344230583289,-0.04690568708865166,-0.0949287235090992,rohrwild_nonlocal_exact_post_borel,-0.41778782640857404,-0.020789996284216267,36.608880362906525,0.13409094243245065,2.991755737594235,-0.03899451268074228
legacy_chi_condensate,theta_scan_25_45,4.189387257507519,2.5397763631336825,26.980690093533735,-0.37818293356255206,-0.36852612685300423,-0.42582306374259227,0.08782907223746059,-0.0014018445570986248,-0.029130290790773967,-0.03946891950296859,-0.08673827576032446,rohrwild_nonlocal_exact_post_borel,-0.4999934362188937,-0.16982461879620758,52.75679960522026,8.944412101646003,3.0999333674364196,-0.030790565522530837
legacy_chi_condensate,theta_scan_25_45,5.9898806826127595,2.5140789948585183,34.45731019266927,-0.34640818469222456,-0.2708103533320251,-0.36831942651131255,0.11701356978815843,-0.001106166024323424,-0.018398330584547585,-0.05535098834475496,-0.09844384857479248,rohrwild_nonlocal_exact_post_borel,-0.41929112293726833,-0.1324078249937789,37.020862490892114,5.441216743102141,3.3558748458077248,-0.03653447670002739
legacy_chi_condensate,theta_scan_25_45,4.431394882318968,2.516004426411795,41.63260666212615,-0.2988773107302699,-0.3139106732394374,-0.4105494950959714,0.12681821154182338,-0.0014271468096228594,-0.02875224287566655,-0.045965896874278746,-0.08235585728655397,rohrwild_nonlocal_exact_post_borel,-0.4331827984002797,-0.014839838715356185,39.54812388304098,0.06829272045082282,3.043767145650429,-0.03335919346353582
legacy_chi_condensate,theta_scan_25_45,3.8775100535412,2.5651855510062087,36.53667151927446,-0.23193233087020756,-0.2696794699453972,-0.44178429929870877,0.2230264741224496,-0.0022055612651800576,-0.048716083503957994,-0.02671590483382855,-0.05903222150464791,rohrwild_nonlocal_exact_post_borel,-0.3547589143136872,-0.025801847373623593,26.312632576299396,0.20661347607104202,3.121030360816758,-0.04676978859388395
legacy_chi_condensate,theta_scan_25_45,5.465686178696027,2.5159016480955456,36.997315602975036,-0.2970328635812941,-0.2264949119340818,-0.34235912880855557,0.1415762394162136,-0.0013692261881723825,-0.024342796353567404,-0.04516535477856345,-0.08529560669640296,rohrwild_nonlocal_exact_post_borel,-0.3596409908640905,-0.10092980169219751,27.212119387969484,3.16182163146291,2.959631690792024,-0.04177676827518074
legacy_chi_condensate,theta_scan_25_45,4.0004663112967975,2.570338340947933,30.793151377392455,-0.40469707490420354,-0.3713340288469401,-0.38614325580428127,0.042357291967343114,-0.0012055559408514589,-0.026342509069150498,-0.04850841659311183,-0.09729428065190143,rohrwild_nonlocal_exact_post_borel,-0.5261644613266283,-0.15754251188989493,58.189686521854306,7.702973275110587,2.9825905105177504,-0.02883578844882168
legacy_chi_condensate,theta_scan_25_45,4.633756279856706,2.5587681427873377,34.00235457649121,-0.34449824749493757,-0.3218075085519789,-0.40429300619413516,0.11004401843054235,-0.0013145545883958833,-0.02624396619999028,-0.04654415765201196,-0.09019854043144761,rohrwild_nonlocal_exact_post_borel,-0.4594358322679611,-0.10563063530889691,44.549430090131786,3.4642721515325348,3.2361798865126734,-0.034882555713212963
legacy_chi_condensate,theta_scan_25_45,4.729579247742487,2.599633032675738,41.53913894683106,-0.39449831661658835,-0.34458022462442567,-0.42717562767350375,0.10384842360892471,-0.0009942487749800546,-0.020258771784866566,-0.06304903944094385,-0.10057060214999379,rohrwild_nonlocal_exact_post_borel,-0.5195235637149842,-0.06678113326699697,56.876794883991636,1.3840315682917417,3.4526319779947894,-0.028670733037581202
legacy_chi_condensate,theta_scan_25_45,3.0345300564497264,2.5076549549019527,31.08876639799445,-0.30724986488193234,-0.27724559909299185,-0.4037345496143966,0.17552236991273845,-0.0019656598104836214,-0.04706775958085006,-0.022265605316996125,-0.045127974765836215,rohrwild_nonlocal_exact_post_borel,-0.39607756440298203,-0.11995901242924298,32.9534417520049,4.467695886569387,3.2419125651417846,-0.03687615907434361
legacy_chi_condensate,theta_scan_25_45,3.5203636922782184,2.544020706651275,31.751404436706906,-0.25610146070437334,-0.3546970525873203,-0.41714539080427604,0.10691803005656833,-0.0018636917447957537,-0.04260600009481693,-0.022336521359690782,-0.07274359610680671,rohrwild_nonlocal_exact_post_borel,-0.43638234528409114,-0.031119222570658772,40.00286728016607,0.30043734410937134,3.562675136221221,-0.04351892402408858
legacy_chi_condensate,theta_scan_25_45,4.189420762086721,2.549503124284109,33.33201981852044,-0.4232484782710136,-0.31248796383214167,-0.3951285338655789,0.11382938653560624,-0.001409843468897001,-0.029778973033272038,-0.042764596892800655,-0.0824821903920692,rohrwild_nonlocal_exact_post_borel,-0.49365455345194575,-0.18191532028624374,51.397906717663446,10.267281517721285,3.1992215457847974,-0.035784413336701015
legacy_chi_condensate,theta_scan_25_45,5.997766880168445,2.564445861580473,30.296523800733222,-0.3149122665828072,-0.3329197644219307,-0.39827826657151105,0.08629900655502713,-0.0011569841368899807,-0.019783520268556797,-0.055861382164969955,-0.11775820674067945,rohrwild_nonlocal_exact_post_borel,-0.4463170747132783,-0.10395371088353147,41.71185200628455,3.35517232976593,3.3662539587021736,-0.037175319887142885
legacy_chi_condensate,theta_scan_25_45,3.641730461726359,2.525719560719641,44.412277595758454,-0.36848370375554507,-0.37453298966600224,-0.4426597523818991,0.10003479995830074,-0.001383002904018776,-0.030525034338384955,-0.037359333622753815,-0.06973191626118287,rohrwild_nonlocal_exact_post_borel,-0.525408378168256,-0.0011119497115005261,58.10269346758333,0.00038394701378496947,2.98376241318011,-0.025049357672905833
legacy_chi_condensate,theta_scan_25_45,4.035890873789669,2.502080703691697,42.6709578894704,-0.19815087629826744,-0.35371045737257956,-0.41441164090251276,0.10556234400061205,-0.0020539969665435073,-0.042807163504135375,-0.022787389275712673,-0.080516341902842,rohrwild_nonlocal_exact_post_borel,-0.3943726323442476,0.094048308280158,32.819867637472406,2.7459540332411803,3.1819504192217267,-0.045223621237281755
legacy_chi_condensate,theta_scan_25_45,5.951968884122513,2.573605981206754,32.437436756464244,-0.3535826381563421,-0.31406879137702526,-0.4105615593851376,0.12206081210766244,-0.0013984245972654783,-0.02416961950228453,-0.057153188756337805,-0.10650388540853471,rohrwild_nonlocal_exact_post_borel,-0.45472111255767134,-0.12995613689602245,43.69271832010443,5.241439964092022,2.964467519629886,-0.03860916616342641
legacy_chi_condensate,theta_scan_25_45,4.128945454013425,2.5547256482348777,39.351488662832,-0.33859497276432,-0.32385438096719527,-0.3909974174885251,0.09812898093581036,-0.0013930176434010743,-0.029592926771079425,-0.03950949214479237,-0.08461154157677457,rohrwild_nonlocal_exact_post_borel,-0.465122062324829,-0.05647727677228884,45.276771029038976,0.9903316317032177,3.203226414964412,-0.03523215386036196
legacy_chi_condensate,theta_scan_25_45,5.732797944489302,2.5634761680120857,37.78955700004575,-0.45844640757571514,-0.33390329528990337,-0.37963907759893545,0.05931900796093045,-0.0007247834929649111,-0.012858442158933484,-0.07820523956691561,-0.12295211548640117,rohrwild_nonlocal_exact_post_borel,-0.5447916668262315,-0.15769134085685083,62.481483779505496,7.716698305686218,3.0248917596908003,-0.021872788466366682
legacy_chi_condensate,theta_scan_25_45,3.7188175565359125,2.598995345903332,41.33559565119074,-0.3455325204157644,-0.3070135584939815,-0.42887449794524196,0.15936738982337154,-0.0015771486598044671,-0.03592930171230667,-0.0338963175982638,-0.06507560545447016,rohrwild_nonlocal_exact_post_borel,-0.45873561129354645,-0.056671745121747774,44.21449864833197,0.9964053270171656,3.6513359502643032,-0.03965042265291842
legacy_chi_condensate,theta_scan_25_45,4.690536254480553,2.589915315939429,26.436839787865203,-0.41892977376308815,-0.48422218097269076,-0.5075117545118215,0.06040921775435521,-0.0017538145667685804,-0.035365829648455825,-0.05433490685816721,-0.11194106094495948,rohrwild_nonlocal_exact_post_borel,-0.6200971252242331,-0.1595394345601843,80.99666779243371,7.89841279924016,2.594999060801795,-0.030837940967361022
legacy_chi_condensate,theta_scan_25_45,4.523587920122989,2.5322657903048253,26.317926874672867,-0.33535209196715615,-0.33257592707056216,-0.42077591167418765,0.11769966917140945,-0.0014156644442842238,-0.028084020123499816,-0.04275821566017162,-0.08466658429637379,rohrwild_nonlocal_exact_post_borel,-0.4467825944462054,-0.1531440046280278,41.76363483813379,7.278805698252167,2.9609767445335424,-0.03129119137816604
legacy_chi_condensate,theta_scan_25_45,5.766934406579731,2.56104290172094,37.97587123148551,-0.2998194976781808,-0.2998324030647409,-0.38885290654624205,0.11160337868145195,-0.0012221184814434807,-0.021360756718507328,-0.0491556081212096,-0.1044674610604685,rohrwild_nonlocal_exact_post_borel,-0.42083667704308425,-0.051842958739916595,37.17679065440253,0.833445509214628,3.488129756801921,-0.040666781433388116
legacy_chi_condensate,theta_scan_25_45,4.424944836953822,2.533440873140848,43.99845116143649,-0.5186661679858423,-0.3226824516409445,-0.3895103039713024,0.09275572104135979,-0.0012205333640698242,-0.024707335346932067,-0.05404392105904782,-0.08691695371130088,rohrwild_nonlocal_exact_post_borel,-0.592410098904187,-0.148959165969939,73.52617816931723,6.882415378516677,2.7081183327793457,-0.0267484369312867
legacy_chi_condensate,theta_scan_25_45,4.250537614996528,2.519611454531291,36.082993986604606,-0.3794184368808168,-0.3586316667690722,-0.4675504039218126,0.1465311995259904,-0.0017525563008689757,-0.03585990607238102,-0.03850272593132974,-0.0755564178413652,rohrwild_nonlocal_exact_post_borel,-0.5132944223678956,-0.09541414266582099,55.4671802005356,2.8239108143305116,3.2544774012056013,-0.03671333864234748
legacy_chi_condensate,theta_scan_25_45,3.5005797533493155,2.5050797008425496,37.720592490503016,-0.28541939838332514,-0.396969053944844,-0.4210471342654932,0.0776338638033125,-0.0022766892335159186,-0.05127909424914743,-0.024382837147595746,-0.0757505791942508,rohrwild_nonlocal_exact_post_borel,-0.48862682209288855,0.017102382721957937,50.179630586541556,0.09074097188268071,2.993369659976759,-0.04261429418444732
legacy_chi_condensate,theta_scan_25_45,4.732228613030849,2.5332148356649102,29.517768981988237,-0.3593129195226348,-0.3329202388307488,-0.4153038279441731,0.11015070157561502,-0.001370085984624394,-0.026397026477566258,-0.045031052697075497,-0.08776506973663108,rohrwild_nonlocal_exact_post_borel,-0.4667392952769915,-0.14864753547684406,45.82940904521381,6.8575728465772725,2.9534758151420206,-0.03118502934362996
legacy_chi_condensate,theta_scan_25_45,5.249135742662709,2.5872410019006167,35.86596455547321,-0.3833959125362,-0.2566459024409038,-0.37246301502527845,0.13666546197862656,-0.0010496944202796528,-0.019798654973972193,-0.05828626766801164,-0.08807157967739543,rohrwild_nonlocal_exact_post_borel,-0.4326114658954847,-0.16033360397911364,39.24416151859106,7.975592894376419,3.3732069740051287,-0.03467251532321775
legacy_chi_condensate,theta_scan_25_45,3.3275193455526026,2.5384423857239042,33.288084574807385,-0.27061291611328403,-0.3308365005860153,-0.4111147069299464,0.1214460481428223,-0.001690663225079626,-0.03947717857381165,-0.025021642588193782,-0.06313365074150885,rohrwild_nonlocal_exact_post_borel,-0.42507897578459974,-0.04463188135460419,38.08489197216375,0.6177600789135392,3.5057570173273205,-0.037439825711308015
legacy_chi_condensate,theta_scan_25_45,4.465573878998102,2.558774384606298,36.151693188368874,-0.32653414984777884,-0.39669788644231646,-0.3992273929569981,0.023990867418991174,-0.0010094871068857113,-0.020451873797423796,-0.048662290672267676,-0.10774282896852258,rohrwild_nonlocal_exact_post_borel,-0.5129475618153203,-0.029640562618324207,55.411875063502116,0.2727156891625839,3.196651094224177,-0.025752718124709088
legacy_chi_condensate,theta_scan_25_45,3.8225739186892866,2.5831253966516825,39.1822439075637,-0.24563924144658925,-0.29021146768634903,-0.39692238955309256,0.14339721917848497,-0.0015614848363943983,-0.035124812475347086,-0.031594806250367626,-0.0729438030612797,rohrwild_nonlocal_exact_post_borel,-0.38014680861027844,-0.007052433519070728,30.38269289434598,0.01543621015727642,3.343349551741792,-0.03980746595186706
legacy_chi_condensate,theta_scan_25_45,4.312685091406144,2.576775798701181,36.041285933879756,-0.3729773193079814,-0.3100436037990093,-0.4268068877610581,0.15193472475099776,-0.0015965687971216808,-0.033574871991827314,-0.04465297201422166,-0.07949395573536336,rohrwild_nonlocal_exact_post_borel,-0.4701471032017277,-0.11916718644773394,46.35158145292104,4.408545047745191,2.815157873879824,-0.03423536011957433
legacy_chi_condensate,theta_scan_25_45,4.213504251147905,2.5045780762521384,43.357077444847,-0.4366018730083189,-0.30428989566228604,-0.3824623476604156,0.09962200318135249,-0.0009943898700797355,-0.02045516131314323,-0.0506021934020895,-0.08125631911408498,rohrwild_nonlocal_exact_post_borel,-0.5209918592124569,-0.10854040146822985,57.005361170830376,3.6563830325164366,3.1144345415677046,-0.024447823244332235
legacy_chi_condensate,theta_scan_25_45,4.639358855126145,2.561829180174796,37.972016937652164,-0.40600146525978936,-0.3435527679755112,-0.4082632106774801,0.08701970327796099,-0.001062094945146239,-0.021247165630845923,-0.058475556974555275,-0.09518334507537052,rohrwild_nonlocal_exact_post_borel,-0.5206297219853913,-0.10867560334383092,57.06650256912309,3.6657120094601274,3.0442743975555193,-0.026387981637781367
legacy_chi_condensate,theta_scan_25_45,5.4372422815201,2.5577613785936677,39.29779357191342,-0.29954929726888807,-0.357855634675388,-0.377052559625815,0.04405870664157561,-0.0012935278255812018,-0.023568253865567344,-0.05101544615940521,-0.12299725848821645,rohrwild_nonlocal_exact_post_borel,-0.46665167623508985,-0.005162347352733548,46.069501496499925,0.00827455522221783,3.3036972517984027,-0.041225752601096316
legacy_chi_condensate,theta_scan_25_45,5.977419835475141,2.50433384275943,25.49563024312411,-0.2762829619879461,-0.29454622803569075,-0.41198937387912526,0.1406274933740583,-0.001322055231797042,-0.021862292298826677,-0.05355273956882807,-0.09258733541848516,rohrwild_nonlocal_exact_post_borel,-0.38478662335338176,-0.12259286285583154,31.20592575760352,4.6640129612673835,3.402445132730439,-0.03890348636883029
legacy_chi_condensate,theta_scan_25_45,4.796765607110924,2.5074872262133607,25.782121482265783,-0.24715893400828562,-0.2588950142994921,-0.35898189178815787,0.13220794184574644,-0.001612445313616627,-0.03050861904346405,-0.035850908052770566,-0.07911899309397465,rohrwild_nonlocal_exact_post_borel,-0.34062500398455936,-0.10994895974844521,24.386534766633417,3.7534972946525325,2.82195830188706,-0.04028018840653772
legacy_chi_condensate,theta_scan_25_45,5.592425905139268,2.553165259450459,27.969688157043194,-0.5684625422063333,-0.36109407779151836,-0.4160407371636983,0.07651670504167105,-0.0011480559944405336,-0.020421989675050493,-0.06579759056973923,-0.11580394649990859,rohrwild_nonlocal_exact_post_borel,-0.5855282099240414,-0.33270904750388447,72.35576025029026,34.33681796620528,2.5283160378828318,-0.025432373295730733
legacy_chi_condensate,theta_scan_25_45,5.3149459322652755,2.573695446341384,33.48200990703757,-0.4542973744987943,-0.3119109661007663,-0.3863894404346354,0.08884989017065761,-0.0007312203405258837,-0.013640195496262612,-0.07255839979603808,-0.1059177459211797,rohrwild_nonlocal_exact_post_borel,-0.5107767367750911,-0.20683732840036512,54.88316221556082,13.27781542488903,3.328167076118801,-0.023068108571623943
legacy_chi_condensate,theta_scan_25_45,3.600439395626373,2.5559070699352175,26.00848531934268,-0.24942881993361757,-0.331499037730152,-0.4540266175355194,0.18149048330500803,-0.002480734265315146,-0.05648216923432552,-0.02091391646782743,-0.06521755514197804,rohrwild_nonlocal_exact_post_borel,-0.4073034345645501,-0.07880520554769857,35.025216885316794,1.9260010427626317,2.967433155835837,-0.04558512140235399
legacy_chi_condensate,theta_scan_25_45,4.591870634464873,2.5115978104276206,33.300897535666124,-0.21533712546295647,-0.24775775935797895,-0.36572795024347465,0.146542677680201,-0.0013941221278381702,-0.02717836466686708,-0.03520422052939272,-0.07196358059765987,rohrwild_nonlocal_exact_post_borel,-0.32530344307270304,-0.04395059555660105,22.1987187821522,0.5992268603190444,3.4671323324176297,-0.04134033781188575
legacy_chi_condensate,theta_scan_25_45,3.0752632267571456,2.5839268124413035,38.83679293222397,-0.4032389629474002,-0.36608859200215094,-0.44712855061735624,0.12689817951315824,-0.00177227648898859,-0.044085944408964406,-0.032821927296662834,-0.06331769411214351,rohrwild_nonlocal_exact_post_borel,-0.5380321963823397,-0.0845214415932877,61.13218284610658,2.217557949388259,3.3040765100304235,-0.03408020775325417
legacy_chi_condensate,theta_scan_25_45,3.4087771749651923,2.5696752204717943,29.87821217673945,-0.4230042988561073,-0.33414337757049173,-0.42478148141057387,0.12891447625646363,-0.0015699088075240273,-0.03670646360885745,-0.03533806096114776,-0.06325790866675393,rohrwild_nonlocal_exact_post_borel,-0.5004541232863837,-0.20032499622019248,52.621952001877816,12.452302622426673,2.9950358250909246,-0.02987646345976033
legacy_chi_condensate,theta_scan_25_45,5.989946988425975,2.5589598376157476,29.17641444726545,-0.3412046466951148,-0.3127767438167276,-0.44955385634514644,0.16234381370868808,-0.0014215274316439173,-0.024145173748625362,-0.058680860462029596,-0.09595512334130754,rohrwild_nonlocal_exact_post_borel,-0.4394298772056763,-0.14543481501324654,40.36916196711155,6.5624115492633335,2.8010886386331117,-0.03315837414029176
legacy_chi_condensate,theta_scan_25_45,3.2069979930574215,2.517160124702151,40.38619322363404,-0.27853888904591645,-0.27531853732588946,-0.40084221598043956,0.17528450832155437,-0.0020230158822603338,-0.04773781378474394,-0.019774574428206987,-0.050654789467944515,rohrwild_nonlocal_exact_post_borel,-0.39018408317077347,-0.033772636059145295,32.14620889690488,0.3537947324363479,3.572683849641457,-0.045081190658353636
legacy_chi_condensate,theta_scan_25_45,4.066237333695814,2.5258081419863045,36.059843494447406,-0.3100409237264563,-0.3056300279703698,-0.3917343480464213,0.11484682250200272,-0.0013081324698993617,-0.027434369956051852,-0.03830658382526605,-0.07441032512911082,rohrwild_nonlocal_exact_post_borel,-0.42957148371006115,-0.07073491899663142,38.65425408627768,1.5530223536844177,3.2750121029527826,-0.03207219494421786
legacy_chi_condensate,theta_scan_25_45,3.0141636254652524,2.5189333944359396,39.88586559402219,-0.3203027468576197,-0.3476413474170395,-0.4158909326459956,0.12054670750457086,-0.002083639223903842,-0.05021348305171095,-0.025463103282806366,-0.05502122227681937,rohrwild_nonlocal_exact_post_borel,-0.4721507841860425,-0.02284716767952452,46.91813969784945,0.16194123088798662,2.621629700591709,-0.03077166029343456
legacy_chi_condensate,theta_scan_25_45,3.5337285459139416,2.536567485466172,44.66818360915451,-0.1740903192998685,-0.31209108210174275,-0.43812205670105187,0.1814013074582134,-0.0023377770719029294,-0.053032555787001334,-0.018676163705331553,-0.05959273294906596,rohrwild_nonlocal_exact_post_borel,-0.34434151893603654,0.09558870821488324,25.11618210534091,2.8369411283549146,3.2899016955595717,-0.047570355251979723
legacy_chi_condensate,theta_scan_25_45,3.4328607113910996,2.531515903528004,28.590193117503564,-0.24706708957125337,-0.2681528089250306,-0.37892106329136127,0.14839857615300214,-0.0015760213619782635,-0.03605430042469326,-0.02310129693630219,-0.056264417777191496,rohrwild_nonlocal_exact_post_borel,-0.35368744218969816,-0.08861867140113652,26.37861031557021,2.4383528491909803,3.6770288705038405,-0.04008948784635523
legacy_chi_condensate,theta_scan_25_45,4.713321677577913,2.5011994593626117,39.53652746906079,-0.30956694197555096,-0.2511909668967429,-0.35540516861327454,0.12973993138219184,-0.0012694905826198082,-0.024256239083040393,-0.04164426360882491,-0.07623211582637662,rohrwild_nonlocal_exact_post_borel,-0.3907842586082295,-0.07884324091912467,32.14061147414604,1.9273926655362323,3.2534343867302176,-0.03658465909294157
legacy_chi_condensate,theta_scan_25_45,5.34982300429238,2.5065585769778203,26.121723641304012,-0.33460775035320506,-0.3022319877946897,-0.41610545324921744,0.13795099185109924,-0.0012860766997489087,-0.022791449696822477,-0.05079036650414956,-0.08851042548795118,rohrwild_nonlocal_exact_post_borel,-0.41868320144533,-0.16736456575467645,36.60904981463091,8.688354903035503,3.0054387289363045,-0.031319443871781545
legacy_chi_condensate,theta_scan_25_45,5.744848908131097,2.593999756856869,37.5062141712286,-0.3486124476850357,-0.35735049820768533,-0.44965990559088204,0.11773397153769458,-0.001365464973666866,-0.024059099180831017,-0.056785464783202046,-0.10549300680661412,rohrwild_nonlocal_exact_post_borel,-0.4957334227549439,-0.05897788410837379,51.67758493619869,1.079135623875901,2.828766802015654,-0.0318671501003505
legacy_chi_condensate,theta_scan_25_45,4.4478552800931315,2.542989399719497,31.683072000736537,-0.305064021417193,-0.4323165506417341,-0.44116961532199367,0.04003985185783724,-0.0014691425790967912,-0.029717644598480763,-0.043680274847737705,-0.1053075441484111,rohrwild_nonlocal_exact_post_borel,-0.5281126288697836,-0.03253779879221849,58.57384211174336,0.3284235071415653,3.151758323285586,-0.033351121639497196
legacy_chi_condensate,theta_scan_25_45,5.539105272531363,2.5898787831950085,42.2072082338217,-0.21675238595373308,-0.2774534163787879,-0.43009315091153033,0.18630982493639348,-0.001739061086489145,-0.03193102931716192,-0.04064803883681505,-0.08928673688128874,rohrwild_nonlocal_exact_post_borel,-0.35113255792773257,0.02584418387228754,25.990512912485354,0.20721959404509427,3.199077009541462,-0.04917777105513446
legacy_chi_condensate,theta_scan_25_45,4.67991220752011,2.5899755837743488,40.526820800941486,-0.4279415696942894,-0.34922864702002165,-0.43960994679364174,0.11275797815317021,-0.00104782481051244,-0.021328853569037756,-0.062290447858550625,-0.09636147482130586,rohrwild_nonlocal_exact_post_borel,-0.5435274616340213,-0.09834903874225026,62.25115410037352,3.003310201172351,3.3046173964097028,-0.027566367667115312
legacy_chi_condensate,theta_scan_25_45,3.595517789032862,2.586016611558983,29.20413008486839,-0.24177667118017238,-0.23485346408354962,-0.416216185352462,0.231597362085092,-0.002072271424598551,-0.04816236939158103,-0.025077575867881303,-0.05225057931912614,rohrwild_nonlocal_exact_post_borel,-0.32296881165561087,-0.09645338260927337,21.90975830826356,2.8868328146262225,3.3699950164813375,-0.04920686110625064
legacy_chi_condensate,theta_scan_25_45,4.086467119613789,2.577627090846791,29.506545195685852,-0.1602813511009329,-0.23347268825876588,-0.40936649411811477,0.21784057995935138,-0.0018604039083515121,-0.040086370191650976,-0.021521463778677266,-0.057042742611030636,rohrwild_nonlocal_exact_post_borel,-0.28213339844384805,-0.024502105134870625,16.66117665253784,0.18619457120408742,3.9073382504029794,-0.0551396894872017
legacy_chi_condensate,theta_scan_25_45,5.315060839754737,2.563459002206307,39.61387272298827,-0.21417002504106755,-0.2537705278794113,-0.4447211979083626,0.23310377957959988,-0.0021601197654334547,-0.03999298978521515,-0.03243191927433325,-0.07329720553867473,rohrwild_nonlocal_exact_post_borel,-0.3320514441402689,-0.0031810203785067603,23.22373143856575,0.0031396098833489255,3.0506091016691124,-0.05350342271529599
legacy_chi_condensate,theta_scan_25_45,4.472171070546777,2.5705533635997635,43.02588355007453,-0.36544254958982086,-0.31100484686276064,-0.38363435578607535,0.10210345179831117,-0.0013659976724343737,-0.028107945202562077,-0.04321514147348862,-0.09129364215104818,rohrwild_nonlocal_exact_post_borel,-0.4767106368945507,-0.05494761591215522,47.85567099673631,0.9373371613975079,3.265684920591094,-0.03854012732833216
legacy_chi_condensate,theta_scan_25_45,3.7129523018361166,2.500519617062955,34.34123141935414,-0.3098255343260422,-0.30105222425274764,-0.3863711223378437,0.11391083355310822,-0.0012488211023656002,-0.02734311436564658,-0.03707336566651473,-0.06918003078023187,rohrwild_nonlocal_exact_post_borel,-0.4233554789884854,-0.08599094055988848,37.51156963118752,2.2947204679762216,3.40084382401147,-0.03034311269627004
legacy_chi_condensate,theta_scan_25_45,3.718042199140096,2.598595471758181,30.327225397523783,-0.21274306873306684,-0.2723462440892317,-0.46333014802018024,0.2476890207846846,-0.0023794240784278512,-0.05432569277530826,-0.024245898771215992,-0.0548800422847248,rohrwild_nonlocal_exact_post_borel,-0.34249924038245755,-0.04611247446096697,24.65698356626579,0.6598408329095428,3.16231629225659,-0.04834753452723425
legacy_chi_condensate,theta_scan_25_45,4.054290014858258,2.501389601177753,36.83223423091404,-0.2583224869151527,-0.24356897635132221,-0.35938310223869796,0.1475451935538109,-0.0014469038183247886,-0.030284163848110373,-0.02987950955156466,-0.06527526647121759,rohrwild_nonlocal_exact_post_borel,-0.3498088170208459,-0.060746563864440856,25.622715901561964,1.1450707184002826,3.695746242327619,-0.043533124482833044
legacy_chi_condensate,theta_scan_25_45,4.3472811802703815,2.5042437944783305,35.92461138134536,-0.3824013872358931,-0.24531539198293872,-0.34881480967223133,0.12903595778701293,-0.0012110759110687524,-0.024325464186651567,-0.039337384065822205,-0.07174190541542795,rohrwild_nonlocal_exact_post_borel,-0.42301651485708935,-0.16573319118945432,37.683237959514585,8.527192729601522,3.3178560306430356,-0.03489739201870057
legacy_chi_condensate,theta_scan_25_45,5.173077055304989,2.551930089561926,38.14702568779099,-0.40784274259645636,-0.28466027659691967,-0.4086404273834685,0.1489702032560581,-0.0012683638150660234,-0.023721688654443213,-0.05251835404477177,-0.08753986128507682,rohrwild_nonlocal_exact_post_borel,-0.47578183992187206,-0.14490968415324162,47.66037147367791,6.5162931466723135,3.195328554797819,-0.03495062748081653
legacy_chi_condensate,theta_scan_25_45,3.376581529857993,2.5649678732504313,33.37933037145243,-0.380470224892671,-0.3464486077970836,-0.4528176097076164,0.14999911280208897,-0.001794024109591816,-0.04183608678196434,-0.029436807264711325,-0.059717356824164396,rohrwild_nonlocal_exact_post_borel,-0.498627591171074,-0.12710135796815616,51.933151081808845,5.014030513089129,3.0801202065154025,-0.032193291636751976
legacy_chi_condensate,theta_scan_25_45,3.76870948120231,2.551237742295372,35.62619785104809,-0.31269104799636344,-0.33768225401127866,-0.4420720621996366,0.14040580637021455,-0.0015551869426853665,-0.034460811239171295,-0.03798721457151826,-0.07026615091773296,rohrwild_nonlocal_exact_post_borel,-0.45662066363698206,-0.057467953773593206,43.80894386402615,1.0254100203938987,2.9038014561507524,-0.029359422233564456
legacy_chi_condensate,theta_scan_25_45,5.268683302622851,2.5693367708817316,43.596268520636826,-0.4302304584355632,-0.33059550781564134,-0.3990676281388061,0.09114692101605196,-0.0011702291266816535,-0.021504571566205492,-0.05739708090924639,-0.10196357862162445,rohrwild_nonlocal_exact_post_borel,-0.5360978525890937,-0.08361058307964969,60.61790978064847,2.169706175999472,2.4515939547952956,-0.02501850254629312
legacy_chi_condensate,theta_scan_25_45,3.7617903778103265,2.5042893137776927,41.39644900842942,-0.3380109706084916,-0.3148579693102416,-0.38857173979276477,0.1025214213326732,-0.0012773296643815006,-0.027530321185768595,-0.0361663229933155,-0.06838036572396614,rohrwild_nonlocal_exact_post_borel,-0.45970630355596365,-0.045354950785728154,44.40212345822124,0.6385943754358502,3.3511049201077574,-0.029895048842411735
legacy_chi_condensate,theta_scan_25_45,5.4460083308589935,2.594764276871771,42.88671173531135,-0.4729274906523076,-0.3174950664302659,-0.4337826893285043,0.13890192763975054,-0.0011518419446617152,-0.021462462796850525,-0.06542378492907867,-0.10019292122606639,rohrwild_nonlocal_exact_post_borel,-0.5544801308151612,-0.13044275814873388,64.48540961612953,5.277060956798657,3.1757744516396142,-0.03204539739672209
legacy_chi_condensate,theta_scan_25_45,5.237196133017258,2.55203602389922,37.754940018543955,-0.3952031091318263,-0.3849124155002428,-0.45467049848579855,0.09305598545513738,-0.0011885035214138655,-0.022109398948167738,-0.06309412163621539,-0.10785299198556227,rohrwild_nonlocal_exact_post_borel,-0.5463030287488908,-0.07678584409565611,63.11000369229245,1.830817190139238,3.044060251838789,-0.02835415602062936
legacy_chi_condensate,theta_scan_25_45,3.8696271346896403,2.589136826517606,28.015730909282663,-0.38480853789709346,-0.41114256880725425,-0.4848411702498302,0.12278601108814867,-0.002124278729331993,-0.04696313091624084,-0.033513677302507316,-0.07853822871739227,rohrwild_nonlocal_exact_post_borel,-0.5437142766443485,-0.14659675336459357,61.948277095757255,6.669685953616851,2.8252553066577377,-0.03677610578875208
legacy_chi_condensate,theta_scan_25_45,5.001293803598528,2.506249926801525,25.191083073185663,-0.309461714465643,-0.27898918319591665,-0.3716956781948212,0.11564445691759445,-0.0011812199660715722,-0.021756741952618404,-0.046673974589197614,-0.08583182199582966,rohrwild_nonlocal_exact_post_borel,-0.38417425433903224,-0.1612813050647486,31.038782103264325,8.061316274932336,2.968971112765018,-0.030501814812297495
legacy_chi_condensate,theta_scan_25_45,5.822227120164041,2.580924151348252,25.887676029189414,-0.28268598156135244,-0.3122904513640395,-0.4011100268408366,0.1151977563902228,-0.001397311270758083,-0.02498086964266775,-0.054085200182108654,-0.1142547574116484,rohrwild_nonlocal_exact_post_borel,-0.4043756817709099,-0.11797032752676684,34.332224651418464,4.322225590930525,3.224459167742057,-0.04429230961129172
legacy_chi_condensate,theta_scan_25_45,4.376152055042357,2.5262772870716934,35.44181238518064,-0.3193108000427715,-0.3375321727595663,-0.4266585708486411,0.12563152966644836,-0.0017130690623214763,-0.03479206251505203,-0.039994690017043755,-0.08384125261404855,rohrwild_nonlocal_exact_post_borel,-0.4601497224902467,-0.06441729242911015,44.674035759268115,1.288183107117457,2.8867643065536894,-0.036246264821990865
legacy_chi_condensate,theta_scan_25_45,4.136819980921726,2.509177039367839,31.28674588001336,-0.344256006541812,-0.2525727634901528,-0.3867056574461117,0.1649868071624031,-0.0014289631743184192,-0.029424950032125776,-0.03579213022999659,-0.0625567094025362,rohrwild_nonlocal_exact_post_borel,-0.3946229005213926,-0.16302749854319615,32.60556029398558,8.242102868912314,3.145862993828511,-0.03389861465018723
legacy_chi_condensate,theta_scan_25_45,3.574923819865912,2.576287051040629,25.015052894935927,-0.24008388432203506,-0.2887450411832471,-0.4362844707090941,0.19852916330534512,-0.0021334733595650386,-0.048856260419933135,-0.02875372162538048,-0.05561045318589219,rohrwild_nonlocal_exact_post_borel,-0.36318080664689817,-0.0954655540097043,27.849362725836553,2.829656231253415,2.9120164028204765,-0.03977063162433703
legacy_chi_condensate,theta_scan_25_45,5.96447557302297,2.5961680896899453,27.9917091812552,-0.4050318129852849,-0.34497774411495946,-0.39436176071817086,0.0693742080221171,-0.001079646365118347,-0.018910545053787413,-0.06976513270361666,-0.1259164113999686,rohrwild_nonlocal_exact_post_borel,-0.49471986871785867,-0.19573621269601063,51.53232582521074,11.890023045532239,2.850147742606508,-0.030661057975559153
legacy_chi_condensate,theta_scan_25_45,3.5514083405093153,2.558734920813832,43.63436064718119,-0.37399754893108406,-0.33633743193055243,-0.42693713548269485,0.13612424314353053,-0.001909764571327434,-0.04361477502006066,-0.029805468041789268,-0.06667311831774161,rohrwild_nonlocal_exact_post_borel,-0.5015053577872494,-0.038592885805296684,52.68021772923748,0.46221593551736917,2.962843145381979,-0.03661402598545213
legacy_chi_condensate,theta_scan_25_45,3.874013051855661,2.540800727465407,31.74699395688377,-0.25511407093901733,-0.23542387593545128,-0.39235588443377395,0.19753887327244296,-0.0017909314209495863,-0.03881593335317071,-0.023282094617984212,-0.05501031366773903,rohrwild_nonlocal_exact_post_borel,-0.3344329104218847,-0.09307104264107238,23.549756011173347,2.6879156568968194,3.5148102395113776,-0.046224326331873504
legacy_chi_condensate,theta_scan_25_45,4.382738604927695,2.5103225898926445,34.06830186856016,-0.4146664327248199,-0.30404424807568076,-0.38636440318396303,0.10528891931562295,-0.0010902103267717521,-0.02187855388056896,-0.050721885046051074,-0.08055917501099179,rohrwild_nonlocal_exact_post_borel,-0.48414941958437585,-0.17317763924001756,49.37131801411088,9.305244484828831,3.0644159459564415,-0.02647200669909361
legacy_chi_condensate,theta_scan_25_45,4.703594388895871,2.5225701473333038,39.41671385838113,-0.3692381233593581,-0.27631527441673176,-0.3929277314176984,0.14278859270562214,-0.0012848998323254576,-0.024891235872330032,-0.04951142060367044,-0.0763815533449148,rohrwild_nonlocal_exact_post_borel,-0.4479168438032723,-0.10980630061726551,42.112944731520244,3.7400062340157567,3.063593555805833,-0.03213507262980889
legacy_chi_condensate,theta_scan_25_45,3.176269499638343,2.5322124078079007,31.095277792066494,-0.30306548046231563,-0.3625871156851117,-0.45747473615841916,0.13898633678274339,-0.0017760006583317713,-0.04232271565110411,-0.03259169601569671,-0.058681624304939964,rohrwild_nonlocal_exact_post_borel,-0.4670088804042952,-0.07225515574842772,45.78531017620326,1.6193489339300167,2.851674240489641,-0.02779194973592268
legacy_chi_condensate,theta_scan_25_45,3.9308776363348596,2.5366363609345375,25.196370234347988,-0.3460458459424952,-0.32524560195334973,-0.41273403698574496,0.12408172574985865,-0.001628791869888712,-0.03496449884757472,-0.03581231332513452,-0.07236742384820033,rohrwild_nonlocal_exact_post_borel,-0.44161911061888237,-0.17465677834038196,40.93587812449367,9.466417937526565,3.0430330805921146,-0.03476611100128284
legacy_chi_condensate,theta_scan_25_45,3.6925014217350984,2.5298510834104797,28.926838855857056,-0.3464020390810052,-0.2935833158442693,-0.40088014667835037,0.14289251417542148,-0.001523034994491402,-0.03407264834684896,-0.03843629345868948,-0.06758189385314677,rohrwild_nonlocal_exact_post_borel,-0.42450732939334407,-0.16118021998038434,37.75047080216384,8.059199737137408,2.9473832653872982,-0.03196442581454568
legacy_chi_condensate,theta_scan_25_45,4.378007783744193,2.5844138137724664,35.95396611729824,-0.5768574882112066,-0.38293504329915073,-0.43333764889047577,0.08059058770806447,-0.0013782708687309537,-0.028809711248008466,-0.0563965228112727,-0.09724108673757725,rohrwild_nonlocal_exact_post_borel,-0.6486749576562385,-0.24212519158803378,88.31199638602365,18.196826899386046,2.3940685550951817,-0.025047359081921294
legacy_chi_condensate,theta_scan_25_45,4.321853272088485,2.509027329889074,42.6081286141287,-0.33231565792433576,-0.2829989352823062,-0.4056696787591392,0.1554528680596815,-0.0015523790955683976,-0.031229745487280056,-0.038406243071247195,-0.06934293108564228,rohrwild_nonlocal_exact_post_borel,-0.4332586986368413,-0.052999942718023246,39.370826498227125,0.8719191198276627,3.04199705827698,-0.03492210140123678
legacy_chi_condensate,theta_scan_25_45,4.651185135788134,2.5477021522440246,36.85635589927348,-0.30870295271219994,-0.27705561197087286,-0.3883570162991739,0.13838377388475429,-0.001294401375892728,-0.025787968180560495,-0.047406515780692486,-0.08179062822576755,rohrwild_nonlocal_exact_post_borel,-0.4068471696986543,-0.08082515478475769,34.535406865646,2.026724886926772,3.3068093253714244,-0.03672980613506224
legacy_chi_condensate,theta_scan_25_45,3.967448913731443,2.5312661293965495,37.24974619519563,-0.29733140655773327,-0.3349433792771228,-0.4283619721697194,0.13697967000777936,-0.001943003835527587,-0.04161807327965521,-0.03717451728284611,-0.07393338755127829,rohrwild_nonlocal_exact_post_borel,-0.44658836314912254,-0.03393915949115486,42.19935756843353,0.35719741012091016,2.641839767757481,-0.035195495454300556
legacy_chi_condensate,theta_scan_25_45,3.5438543746664717,2.5016227946622465,41.554458997825954,-0.24503147623459495,-0.24884626610498717,-0.3958320524061892,0.18547033726014567,-0.0016640071155688892,-0.036820543843374715,-0.025505694312482587,-0.04834171541171798,rohrwild_nonlocal_exact_post_borel,-0.3487551506071068,-0.01829572149747613,25.606737185616282,0.10383024658420206,3.602835522987281,-0.03899829011766455
legacy_chi_condensate,theta_scan_25_45,5.653494156096471,2.578887713597107,41.24583199699893,-0.5207284013258809,-0.4373919965903156,-0.46365723075250365,0.044877304709593384,-0.0009789080826273409,-0.01763316246477801,-0.07557241626693051,-0.13095240161838373,rohrwild_nonlocal_exact_post_borel,-0.6721813040451088,-0.10316065684594733,94.78722339893726,3.3033386172151404,2.9412305403880876,-0.02359175105753063
legacy_chi_condensate,theta_scan_25_45,5.024031306113374,2.5882602214164514,36.2804399473405,-0.49826664704171486,-0.32896517339105547,-0.41916646428153076,0.11043925048896287,-0.000981416127396472,-0.019256543471091098,-0.06867688782690243,-0.10422912385527171,rohrwild_nonlocal_exact_post_borel,-0.5600321219006622,-0.20700666486333683,65.9913907127208,13.301729996879462,2.948180605169822,-0.02534012305670872
legacy_chi_condensate,theta_scan_25_45,3.3493094578192317,2.5767173337573457,27.719239910907895,-0.4391639475394051,-0.3380457348168838,-0.44660937270459444,0.1481842393331203,-0.001613273268649528,-0.03800732817676022,-0.03224814270054427,-0.05943176336438476,rohrwild_nonlocal_exact_post_borel,-0.5035231813798812,-0.23152601896841657,53.10952975429542,16.635800729555715,3.115350928393237,-0.029910377317784516
legacy_chi_condensate,theta_scan_25_45,4.184897552202307,2.565166886257031,43.09517536095138,-0.29842739442723776,-0.2756735935334103,-0.39420049895304154,0.15118695870121734,-0.0014543136462936961,-0.03120573963529237,-0.04372831814094497,-0.07687933680758652,rohrwild_nonlocal_exact_post_borel,-0.40519158175098896,-0.029574008764212067,34.47594804727486,0.27152125045403036,3.1422576071145314,-0.03748089512237447
legacy_chi_condensate,theta_scan_25_45,5.383961263313728,2.5721147594803893,40.21407743575399,-0.3077640651085891,-0.2881936932713626,-0.4064623000137487,0.1462049534397348,-0.0014379417839470421,-0.026498404913401635,-0.05271559904172943,-0.0926506185872861,rohrwild_nonlocal_exact_post_borel,-0.41878191957984984,-0.04894924357503694,36.95999485104539,0.7435290665133917,2.894042436396358,-0.037402762128582866
legacy_chi_condensate,theta_scan_25_45,5.982982852014466,2.5430865834973932,42.89199588554363,-0.30001231280227264,-0.3069227767073439,-0.3909989925957956,0.10360578942712542,-0.0010784730580945976,-0.01845110048057912,-0.061220064349375984,-0.11260302721511832,rohrwild_nonlocal_exact_post_borel,-0.42905722386753836,-0.010903088635605324,38.68543242264807,0.036874920783312844,3.3627814884966174,-0.03534918721772552
legacy_chi_condensate,theta_scan_25_45,5.672439410871945,2.57850275875544,29.28425805470651,-0.2892678576249839,-0.2857492662729581,-0.35795610685226925,0.09106101146755835,-0.0009987179488627279,-0.017855452939384463,-0.05314754259104831,-0.11032697963745809,rohrwild_nonlocal_exact_post_borel,-0.3907248658513274,-0.11252828904743961,32.20000831275598,3.927539263577197,3.4909267833149076,-0.03654342707360045
legacy_chi_condensate,theta_scan_25_45,5.580717577330106,2.578929667630927,39.17262979502961,-0.36534644720985,-0.29729004271406245,-0.4104808184668678,0.13932963233278411,-0.0013628362559337066,-0.024776020324045075,-0.05758328561052373,-0.09915686616625823,rohrwild_nonlocal_exact_post_borel,-0.4612473977271878,-0.0954475462004456,44.90016639158564,2.8288547198276905,3.0164885217515125,-0.037886454793912804
legacy_chi_condensate,theta_scan_25_45,5.506960809149091,2.594698226922289,40.51785920462735,-0.42315846089607295,-0.3501191232538936,-0.44608630727857723,0.1167028373661249,-0.0010604328082856268,-0.019675220533155614,-0.06876848928105862,-0.11084308926616,rohrwild_nonlocal_exact_post_borel,-0.54108150120453,-0.09421938521483039,61.277486761428506,2.7553890209897167,3.1324933260692154,-0.02858693810105973
legacy_chi_condensate,theta_scan_25_45,3.8245992468771055,2.5950613674049086,38.95323760507828,-0.456523890874074,-0.3755197426163073,-0.4450150540362576,0.09999223943531765,-0.0012969535929030513,-0.02919997442246422,-0.04498297257534469,-0.08242058714003929,rohrwild_nonlocal_exact_post_borel,-0.5790365671991009,-0.11893609157737667,70.04305517581061,4.390180575423665,3.1041195145113827,-0.02746676538321805
legacy_chi_condensate,theta_scan_25_45,3.2646113782291315,2.5510090827839202,42.679275796384665,-0.42130405020166944,-0.3116395568815247,-0.4476505199487128,0.17646207228182237,-0.001645914795327096,-0.038805194419307236,-0.02905148756204867,-0.05148915597234375,rohrwild_nonlocal_exact_post_borel,-0.5147042918769519,-0.09846729433212531,55.7354147369041,3.007918742785048,3.5135966965067724,-0.032962691533648926
legacy_chi_condensate,theta_scan_25_45,3.9420858889517025,2.519154941182253,37.69386262476374,-0.23844586332696935,-0.2799209675611038,-0.402256368817474,0.1662141379170698,-0.001963083481268789,-0.041915653179430745,-0.02351736366778688,-0.06490091162245931,rohrwild_nonlocal_exact_post_borel,-0.36729427492334493,-0.017524081334626185,28.281220134620764,0.09526061554328502,3.401861303243353,-0.04801405975800205
legacy_chi_condensate,theta_scan_25_45,4.417252639472457,2.5280081094641487,38.94258337475124,-0.3282123741824501,-0.33615460519056695,-0.4043346843775397,0.09430256714613446,-0.001232859145819109,-0.024889628813342553,-0.048736209701753685,-0.08855084268708581,rohrwild_nonlocal_exact_post_borel,-0.46774808687665576,-0.04398873015370047,46.04062722478847,0.6002003432992247,2.9332866380114244,-0.02805404175571916
legacy_chi_condensate,theta_scan_25_45,4.246581887064686,2.550610856838292,29.91567987509147,-0.4067187944573037,-0.3858553140105507,-0.4510981651774092,0.09690249852763975,-0.0014440133177850193,-0.030215634042996264,-0.047782732577727936,-0.08951569073721106,rohrwild_nonlocal_exact_post_borel,-0.5372848816145968,-0.1600920269825198,60.67729220198014,7.959496068476666,3.0362706863631725,-0.030563204241326965
legacy_chi_condensate,theta_scan_25_45,5.801114443630055,2.5947904131650197,25.437331327544705,-0.3872043881270844,-0.2623448604420671,-0.38901838346720585,0.1506365857498187,-0.0012650611655565746,-0.02269800155912343,-0.06669595672480624,-0.09678227922128627,rohrwild_nonlocal_exact_post_borel,-0.4032254306653593,-0.2369837885805125,34.11467750417069,17.428000741838975,2.715098962604086,-0.03471065990122089
legacy_chi_condensate,theta_scan_25_45,5.54172439101349,2.543041075832363,32.790472046095644,-0.22392343094348474,-0.2667228612663664,-0.4127787450184425,0.17078083148915918,-0.0013184320025237067,-0.023406515734559378,-0.040903787283086364,-0.08442767850016984,rohrwild_nonlocal_exact_post_borel,-0.3454922126684962,-0.04379404791801622,25.189948897862628,0.5957131847918992,3.8220820518530556,-0.043669944766025946
legacy_chi_condensate,theta_scan_25_45,5.8073414112656945,2.558715648924254,36.69504417723188,-0.45960623355132435,-0.2897717051290761,-0.40050439689050615,0.12904616858351778,-0.0009834781785489776,-0.017329998643538656,-0.07550326167510017,-0.10118336592915311,rohrwild_nonlocal_exact_post_borel,-0.5069872417190722,-0.19537007894438155,53.92358759834643,11.846728277041246,2.9977909478693467,-0.02813295443054967
legacy_chi_condensate,theta_scan_25_45,5.942501558110273,2.528338020299633,40.77100453339891,-0.38794947703728333,-0.31930396001045536,-0.37182821887693984,0.06683605127336231,-0.0008003857584293676,-0.013511406648448443,-0.07278206119787198,-0.11642914873485136,rohrwild_nonlocal_exact_post_borel,-0.4951626032871584,-0.08528664560026006,51.58810382742515,2.2570712711085616,3.0428058397308257,-0.02405808929842798
legacy_chi_condensate,theta_scan_25_45,3.8700287817884176,2.561381050788519,42.8351496317669,-0.42683018535963874,-0.32666037175201884,-0.4763396776775215,0.1919528226733945,-0.0018446766703837335,-0.040428840077508174,-0.039515178844859826,-0.0636891965375612,rohrwild_nonlocal_exact_post_borel,-0.5297423968769747,-0.0909065374896032,58.71167200788278,2.562448903955586,2.714696734403877,-0.030861384313680996
legacy_chi_condensate,theta_scan_25_45,4.499893269279735,2.5666894002626095,26.586645030274344,-0.3198732549940984,-0.2884102139610029,-0.37246920168243913,0.11690371062973143,-0.0015315374175981185,-0.031313185490697094,-0.047758925642683955,-0.08741288074493389,rohrwild_nonlocal_exact_post_borel,-0.4010727943982496,-0.15697122147428932,33.753408884293705,7.652622951613455,2.4099749264068877,-0.03277455492577883
legacy_chi_condensate,theta_scan_25_45,4.463815838838,2.504904083951855,30.327182823566858,-0.3592455340307771,-0.3999984190738445,-0.43747371392950113,0.062472693955957066,-0.0012022845594554094,-0.02379511454084505,-0.046763791500568,-0.09469319963326803,rohrwild_nonlocal_exact_post_borel,-0.5266575012245409,-0.10811089393098086,57.96789716238636,3.6284052114828813,3.6342753660426506,-0.030712935788766556
legacy_chi_condensate,theta_scan_25_45,4.907082490461434,2.534095116666456,26.098258767462056,-0.433525841035179,-0.32031708695041766,-0.3890566085923421,0.09223348032119705,-0.0011794527265288938,-0.0223145059527437,-0.0562538855135322,-0.09272886188396466,rohrwild_nonlocal_exact_post_borel,-0.4783710265850908,-0.24841266465618672,47.97968219500083,19.15265326841925,2.61354535260938,-0.02603994539385204
legacy_chi_condensate,theta_scan_25_45,4.971438474864533,2.5336454335933953,36.95531040413377,-0.2863202122688014,-0.2966903290805765,-0.40506052349664645,0.13621165391085652,-0.0014000121075053392,-0.02644144738728126,-0.04284095072156649,-0.08618826324511676,rohrwild_nonlocal_exact_post_borel,-0.40922002597567797,-0.050431990482804945,35.14089744957782,0.7892598257042971,3.3950514647662158,-0.039433246254125656
legacy_chi_condensate,theta_scan_25_45,5.681751133725841,2.523591546935536,41.23018118581122,-0.45962627090115615,-0.3397505913578962,-0.41037150153362006,0.08794337690047256,-0.0009407367034195527,-0.016381730021329116,-0.06811030764474398,-0.10962477176928356,rohrwild_nonlocal_exact_post_borel,-0.5584485986778063,-0.12174537307568475,65.75860466788947,4.600523999865314,3.306444973603356,-0.027419485212837307
legacy_chi_condensate,theta_scan_25_45,3.723190255777941,2.5926559226427326,42.22672733637913,-0.3912370578765796,-0.3781917611347065,-0.47077786129488086,0.1358635179003194,-0.0018148053898501386,-0.04146261235029486,-0.040415055974301464,-0.07558429792885818,rohrwild_nonlocal_exact_post_borel,-0.5429848187265154,-0.03553773035277047,62.02498758993101,0.39187480665181257,2.989266574833704,-0.03447010571038209
legacy_chi_condensate,theta_scan_25_45,3.8683866356010217,2.5564961572544647,36.80599629706595,-0.29926678921907873,-0.3707463900622504,-0.471840871394869,0.15074791296648568,-0.0021785794568825343,-0.04747485217698462,-0.03230714904988163,-0.07149583596415919,rohrwild_nonlocal_exact_post_borel,-0.4761379679035771,-0.017496639515603735,47.65976475146725,0.09504213998870463,2.71377550316698,-0.03628498983783633
legacy_chi_condensate,theta_scan_25_45,5.2031894051935,2.5839193806597023,34.37292505057178,-0.3519356430620046,-0.31666345441790583,-0.43416270866178736,0.14512609480243172,-0.0013797858810683575,-0.02624705467748183,-0.0547836489569293,-0.09307304158497079,rohrwild_nonlocal_exact_post_borel,-0.46006258424364155,-0.1116998603419452,44.39659731409729,3.872294021337317,3.4179783278267535,-0.0396675819616315
legacy_chi_condensate,theta_scan_25_45,3.9861394671780643,2.528493724343391,36.63690627649741,-0.2731866524721146,-0.35159298377711484,-0.42495906921121684,0.1076973610880597,-0.0015323253524906276,-0.03279895030146709,-0.04017005865546668,-0.08083095337841856,rohrwild_nonlocal_exact_post_borel,-0.4451518189182695,-0.009403799443348737,41.71289846243785,0.02742954455665887,2.978913409191992,-0.031841155420339814
legacy_chi_condensate,theta_scan_25_45,5.688481460770109,2.5922487243842207,34.50047794141614,-0.33051118562523524,-0.31923509039049136,-0.3844309536719875,0.0901943783087657,-0.0013102819396608534,-0.023688233087608642,-0.0512163360700265,-0.11707054030371047,rohrwild_nonlocal_exact_post_borel,-0.45029435902693554,-0.09156242126847228,42.54249395937585,2.6019028228341785,3.260892484222561,-0.04289362856003229
legacy_chi_condensate,theta_scan_25_45,4.999545553133309,2.559759208472579,41.581984212955554,-0.4167358285395565,-0.37250639589203366,-0.3987301262565818,0.04812513231570395,-0.0010886611502746138,-0.02081274080088122,-0.05278880469429956,-0.11560820151222984,rohrwild_nonlocal_exact_post_borel,-0.5552211607583599,-0.06449208025147476,64.34281426011714,1.290183905191823,2.98563035223835,-0.028021404604608623
legacy_chi_condensate,theta_scan_25_45,4.684347438308847,2.5760764577783895,40.277547152292264,-0.4890850311993315,-0.33006024329186706,-0.4425090173236513,0.14365044044515768,-0.0014723813521266324,-0.029729285061246887,-0.05461723137788922,-0.08968617143189808,rohrwild_nonlocal_exact_post_borel,-0.5679991343001004,-0.15975266939702173,68.12099807265525,7.924493902254403,2.790708320736604,-0.03208694669224259
legacy_chi_condensate,theta_scan_25_45,5.61642496480531,2.543581538767631,36.444342439494655,-0.38987866397765003,-0.3388376915161702,-0.37809154365092157,0.05867040310295399,-0.0010462095225447737,-0.018370341445657846,-0.06309418507361639,-0.11606217039379485,rohrwild_nonlocal_exact_post_borel,-0.5041768184775771,-0.11234807308909633,53.37890720297981,3.9184252911816047,2.744190525800613,-0.02721281219181679
legacy_chi_condensate,theta_scan_25_45,4.1818465852228,2.507306362905212,37.655240786225434,-0.19088755654351416,-0.2816556524942547,-0.40517531591195766,0.16638230870013043,-0.0019801459178740103,-0.040882499364553584,-0.025664815948538457,-0.06951756847506654,rohrwild_nonlocal_exact_post_borel,-0.3396019447918586,0.02094003148768192,24.345637466443854,0.13602675814571122,3.298109845663985,-0.048345020427738965
legacy_chi_condensate,theta_scan_25_45,4.504359572707954,2.5115370663716203,28.042143755049512,-0.32755130290330287,-0.24351947449363515,-0.37902436794977884,0.16380437874278692,-0.001358083032166734,-0.02694140225447651,-0.039555323446699577,-0.0689234855071326,rohrwild_nonlocal_exact_post_borel,-0.36891949241907707,-0.17461385570612104,28.600711737213206,9.462182932608988,3.420642071027999,-0.038502849297756075
legacy_chi_condensate,theta_scan_25_45,5.7367184538589475,2.5367346171577596,33.67890521375488,-0.2622609707923396,-0.30642205106915826,-0.38519155224915064,0.1012833761784683,-0.00123921817501489,-0.02127465682346095,-0.04668561992754341,-0.10327128556836389,rohrwild_nonlocal_exact_post_borel,-0.40042536369280035,-0.04831995751093762,33.62402040570179,0.7245923105912727,3.2759721363514394,-0.037438475329699725
legacy_chi_condensate,theta_scan_25_45,5.955854364326982,2.575206630306192,28.703452422347965,-0.46981240237137023,-0.31861107434064384,-0.3966082232516799,0.09678573030265344,-0.001012799711504096,-0.01777578168011328,-0.0797621119280018,-0.11832040911379456,rohrwild_nonlocal_exact_post_borel,-0.5050990474038322,-0.2590591871102023,53.800845984085676,20.821799479067572,2.6530567611585902,-0.026811044002885236
legacy_chi_condensate,theta_scan_25_45,4.21165784471682,2.511672116963563,30.165629085731055,-0.4163345374651408,-0.3155730869051826,-0.41268460474517193,0.12322961275773289,-0.001230510857746294,-0.024887584059997234,-0.0408848850533722,-0.07119545625587582,rohrwild_nonlocal_exact_post_borel,-0.48204572751799973,-0.20137710109846407,48.57579502935468,12.585485719688554,3.2348150393066706,-0.027837134984435786
legacy_chi_condensate,theta_scan_25_45,4.35147870665854,2.538834722077671,26.87423119558976,-0.45480751085746707,-0.352873817502789,-0.39379447046814714,0.06838506437114551,-0.0012659139826613859,-0.02619849742312598,-0.051225908010912924,-0.09862513033722359,rohrwild_nonlocal_exact_post_borel,-0.5203520366786537,-0.2461779050518825,56.85684272163404,18.803932577964094,2.996407770049201,-0.031022311545408025
legacy_chi_condensate,theta_scan_25_45,4.349733057504826,2.5946119710492455,44.03478118485236,-0.23360922021509034,-0.2405693915298179,-0.39107139026626236,0.18663094824340445,-0.0016446849616768584,-0.03448426454528313,-0.02724907268157906,-0.06554793664249381,rohrwild_nonlocal_exact_post_borel,-0.3353302416041456,-0.0007273075241818194,23.716803497627208,0.00016416654344851304,3.782253944968367,-0.051818203606842465
lattice_fperp_s,central,4.5,2.55,35.3,-0.17824678264921265,-0.24465410944427263,-0.4092482583414416,0.1942740077802188,-0.0013996411073214407,-0.028280217775728415,-0.023263022856124135,-0.06555493348033471,rohrwild_nonlocal_exact_post_borel,-0.30267267766073347,-0.004098657151741042,19.25666997207917,0.005212947447994708,4.980468750000001,-0.05508
lattice_fperp_s,theta_fixed,5.063852149850161,2.5477329083544054,35.3,-0.18091144888718008,-0.211271756402898,-0.43025838202458294,0.23627744955619426,-0.0008726236828300397,-0.01641820025167928,-0.025744857732025974,-0.059254617189541024,rohrwild_nonlocal_exact_post_borel,-0.2769678822003877,-0.025563638658384,16.171049709857677,0.20270452850902812,8.200174325090128,-0.057125964586071915
lattice_fperp_s,theta_fixed,5.7037410086064115,2.56019457526676,35.3,-0.20243334289237308,-0.20932339135516587,-0.36231409881693166,0.17679488065518822,-0.0012745842982969087,-0.02252958889512549,-0.0319365334064348,-0.07911767035117767,rohrwild_nonlocal_exact_post_borel,-0.2878143387878096,-0.044254342963657184,17.363275222541535,0.6076604509931156,4.160192073954927,-0.054503534709908937
lattice_fperp_s,theta_fixed,5.265366539049806,2.5253650969377808,35.3,-0.20343045115953387,-0.2557904620493269,-0.394048909470915,0.16214924250094948,-0.0012564990458782152,-0.02263429603348326,-0.0275616784898947,-0.07702619983039447,rohrwild_nonlocal_exact_post_borel,-0.32631404849674134,-0.018216769418478496,22.43383977411682,0.1029979346696085,4.939058381664837,-0.053138680400383595
lattice_fperp_s,theta_fixed,3.462896450496867,2.5263066689455727,35.3,-0.11679727058741822,-0.20380126455769032,-0.3891523075083079,0.22735386894560966,-0.0017737300412665842,-0.0402290959537255,-0.011714478698353143,-0.04095817271849662,rohrwild_nonlocal_exact_post_borel,-0.2338220662275255,0.022445471638505313,11.4085916223905,0.15636458028576022,4.633959807887729,-0.055132205202034885
lattice_fperp_s,theta_fixed,4.7512353417764475,2.5437760588172176,35.3,-0.19003156083808298,-0.23791284467950174,-0.42071317360697386,0.2061401697817932,-0.001139252802037365,-0.022200588052283712,-0.025189329502751368,-0.06494709381105648,rohrwild_nonlocal_exact_post_borel,-0.30398080200962824,-0.017612148864745658,19.439724094384186,0.09623264593144529,5.91084360621254,-0.05280105372288573
lattice_fperp_s,theta_fixed,5.961206367958987,2.5560833378788206,35.3,-0.20849097539597714,-0.23878272494886327,-0.36163326160434034,0.14059354291522103,-0.0009758919233049845,-0.016767114336439033,-0.035350449144359204,-0.09380269277484235,rohrwild_nonlocal_exact_post_borel,-0.31535765744025823,-0.03217490403036466,20.896823235844458,0.3213890818617886,5.277283455585515,-0.054205869011582974
lattice_fperp_s,theta_fixed,4.545649561724712,2.5481172767831377,35.3,-0.19045113000563904,-0.24415344706566766,-0.4131589567118879,0.19413531140982085,-0.0011909467786000397,-0.023938854985000577,-0.029181711708846744,-0.06526110564156891,rohrwild_nonlocal_exact_post_borel,-0.30931644344415066,-0.014348395364434913,20.181095863357605,0.06388065753557576,5.49726945109678,-0.05160829771332559
lattice_fperp_s,theta_fixed,4.8974211392681735,2.5945169355718103,35.3,-0.20072851189484422,-0.2785537295189035,-0.4908908373624515,0.24765265856514132,-0.0017097015580005105,-0.03360584916359283,-0.03230674984569296,-0.06809357319911338,rohrwild_nonlocal_exact_post_borel,-0.34333067054698957,-0.0028576875552758785,24.897306764939255,0.0025333976104886086,4.286940237785265,-0.05239319933742771
lattice_fperp_s,theta_fixed,3.5867777782402426,2.532447306865148,35.3,-0.1265054195544737,-0.2215761833355196,-0.40259722351767974,0.21881571878190534,-0.0016171648228205876,-0.03617751377692462,-0.011727579391306458,-0.0456497754712611,rohrwild_nonlocal_exact_post_borel,-0.25393877350199756,0.02479365867495964,13.457980682973924,0.19072396775631228,5.099176804820473,-0.05517060113866641
lattice_fperp_s,theta_fixed,3.0335632046928644,2.5595883523878173,35.3,-0.09060969744968111,-0.25675661064553623,-0.4792544110621885,0.27270517666763855,-0.001983733215321516,-0.04822364303566477,-0.007329490556924485,-0.03548621115294877,rohrwild_nonlocal_exact_post_borel,-0.26190822596377883,0.074418784957915,14.406537605772328,1.7174573268900022,5.748765947571353,-0.057008876593368236
lattice_fperp_s,theta_fixed,3.343234068518953,2.5513490484098678,35.3,-0.16135719370700846,-0.28323368134920496,-0.4443865182075012,0.20469928229384413,-0.0017866660205867048,-0.041759779414961194,-0.015633645189462933,-0.048963383432784016,rohrwild_nonlocal_exact_post_borel,-0.32439913875859316,0.03197907103571082,22.03475504248865,0.3173534205382422,4.979294630596102,-0.052268820763654945
lattice_fperp_s,theta_fixed,5.964423611091112,2.586637080197806,35.3,-0.2114491218954042,-0.24921999087854152,-0.4375865455158187,0.21196614072640135,-0.0012731172483524855,-0.022326468840771625,-0.03877526020420353,-0.0835551923626167,rohrwild_nonlocal_exact_post_borel,-0.3255852900118689,-0.02855790489032839,22.266337459405033,0.2528579030502153,4.788474550886402,-0.05503359344763542
lattice_fperp_s,theta_fixed,3.620775434049452,2.508860823632058,35.3,-0.1520661243552547,-0.2416058735739653,-0.43302042840765537,0.22661308089894094,-0.0015304006399942296,-0.03366812542525664,-0.013339312132465623,-0.04534532610461654,rohrwild_nonlocal_exact_post_borel,-0.2850562047770021,0.015506915876425567,17.02125684828215,0.07453490014476946,5.786476767325109,-0.0542030322961158
lattice_fperp_s,theta_fixed,5.754320486864839,2.5808761705630263,35.3,-0.20423789952358698,-0.26971195674210496,-0.4408024432805343,0.2045955468734949,-0.0017766928135597689,-0.0317283675215058,-0.03332123177399263,-0.08499313218649664,rohrwild_nonlocal_exact_post_borel,-0.338142493819083,-0.010831116529394669,23.941997444985844,0.03642179411160746,3.815000168746608,-0.0590886749096064
lattice_fperp_s,theta_fixed,4.2355271223994535,2.5708429733699902,35.3,-0.18135263780094452,-0.2197197779864815,-0.4422538689149796,0.25846045763664677,-0.001622510685861448,-0.03430385602228722,-0.021597762380946222,-0.05266191152802582,rohrwild_nonlocal_exact_post_borel,-0.28411757455417097,-0.021041955832203613,16.929897676796895,0.13746399695526587,4.793479349225849,-0.056063723665665116
lattice_fperp_s,theta_fixed,4.511086122496822,2.573058638237515,35.3,-0.18547731912734078,-0.2684955318045121,-0.4391096267748175,0.19844060827332535,-0.0012982859889192108,-0.026528227314100702,-0.02449307283027917,-0.0688614770197118,rohrwild_nonlocal_exact_post_borel,-0.32630877928217195,0.003777177919024516,22.40304176489423,0.004428806441892113,5.635627619720532,-0.05517977795587201
lattice_fperp_s,theta_fixed,3.879977323932363,2.5187939931723666,35.3,-0.1657841443756793,-0.21298052328665246,-0.39615297409004996,0.22151666961396524,-0.0017159787252824278,-0.03662824008528531,-0.017158825187579718,-0.04593680431548787,rohrwild_nonlocal_exact_post_borel,-0.2696210428385621,-0.012230252837887423,15.18176801446431,0.046394144936637204,4.5723922112420095,-0.05499675046459658
lattice_fperp_s,theta_fixed,3.3771266975344947,2.513856962583436,35.3,-0.10918945802328224,-0.3179520287141318,-0.41962884989359683,0.1470015702797359,-0.0019049413524877628,-0.043419807747783166,-0.010342553605715692,-0.056529332123887235,rohrwild_nonlocal_exact_post_borel,-0.3225885632969058,0.09461738284738389,21.67424230146835,2.77935907367578,4.833438851898548,-0.055454922733298134
lattice_fperp_s,theta_fixed,5.720984849843572,2.5978725160830964,35.3,-0.27277730035528347,-0.24785011021219747,-0.4088082660791997,0.18381173924790206,-0.001215627645461184,-0.02163795573543869,-0.03807471036024243,-0.08171729873786526,rohrwild_nonlocal_exact_post_borel,-0.3599062344187349,-0.07940173265012271,27.190213478674057,1.9565979302008014,4.433521041212535,-0.049596217219668684
lattice_fperp_s,theta_fixed,3.9423099388758756,2.580279151632959,35.3,-0.21907791740646582,-0.26174997093060587,-0.4501499485840598,0.21894893748346272,-0.0013191764147444623,-0.029229783415264325,-0.02247258170056079,-0.059297010474609516,rohrwild_nonlocal_exact_post_borel,-0.3402198353862428,-0.02754350716748194,24.310144820400595,0.2354312268318261,6.100159046525286,-0.05555487505621117
lattice_fperp_s,theta_fixed,3.868889604006686,2.5624498436645355,35.3,-0.14636714743280496,-0.21025065364630835,-0.39319734140947465,0.22498929129926565,-0.0018337306612899147,-0.04020887287480935,-0.01745391428061127,-0.04926253391655517,rohrwild_nonlocal_exact_post_borel,-0.2561728338829875,0.002039212268417967,13.80296650352305,0.0012898312002891116,4.053595097330136,-0.055449248795329746
lattice_fperp_s,theta_fixed,3.753804274842795,2.595774738737774,35.3,-0.1832419269328134,-0.27347375187748324,-0.46330182283649896,0.24500892153541332,-0.00234101087711294,-0.052839839699284644,-0.01612655248610748,-0.054105981055121675,rohrwild_nonlocal_exact_post_borel,-0.32907995339232027,0.008478267942575501,22.75782521922512,0.02231150659508542,3.7024702330173818,-0.055144467796507585
lattice_fperp_s,theta_fixed,4.872238539234275,2.51398492042448,35.3,-0.15925310857580052,-0.21850883483182632,-0.3630373264829478,0.1716480746458102,-0.0013660453050722914,-0.02575353768961642,-0.02005392477931016,-0.0685558590757634,rohrwild_nonlocal_exact_post_borel,-0.27035889686817105,-0.0037054520431010762,15.357340943383093,0.004263077921316304,4.516654475828653,-0.05499037479098691
lattice_fperp_s,theta_fixed,4.750408478043671,2.5354179884763886,35.3,-0.17627071393698354,-0.202512008405084,-0.4107454122946891,0.2370444014555427,-0.0014085619963385791,-0.027402435569599003,-0.026131024828405614,-0.05623911231471531,rohrwild_nonlocal_exact_post_borel,-0.26713703850602816,-0.026838047588144787,15.013320754910591,0.22335570114240152,4.754821484539393,-0.05376193108854954
lattice_fperp_s,theta_fixed,3.839770998837891,2.592642565102064,35.3,-0.17019803141094608,-0.2668558561092708,-0.4175564859036522,0.191487945148947,-0.0017327363688918844,-0.03905457898567374,-0.021862625287258183,-0.06334065265408452,rohrwild_nonlocal_exact_post_borel,-0.3161413254096768,0.015299679872012806,21.061107122834642,0.07265736117330242,4.283155612823974,-0.054591436659712195
lattice_fperp_s,theta_fixed,5.937522532814241,2.560846374360625,35.3,-0.22413573445610357,-0.21810204682139353,-0.37966083983407567,0.1826243474187198,-0.0011467876654124264,-0.019918766740625232,-0.03604767585715773,-0.08285882841696282,rohrwild_nonlocal_exact_post_borel,-0.3075198219366186,-0.05689366752046063,19.827439049352787,1.0043054788392092,4.799205938215271,-0.056014708724781426
lattice_fperp_s,theta_fixed,5.47369695525342,2.5584789579151166,35.3,-0.2479926410828256,-0.26859890242361306,-0.36472978032073416,0.12585510735216557,-0.0015501176446209644,-0.02817411181042348,-0.033847807675213705,-0.09850277267732521,rohrwild_nonlocal_exact_post_borel,-0.3625180993628966,-0.047184192784425455,27.526542237975995,0.690873244187758,3.345445871617823,-0.05215787107297536
lattice_fperp_s,theta_fixed,5.188829211372389,2.5357712193687614,35.3,-0.17439396066303642,-0.22828955298756587,-0.3672654400979679,0.15918688316907953,-0.0010342711897044286,-0.019176724868973122,-0.029696547464298586,-0.07770793751239385,rohrwild_nonlocal_exact_post_borel,-0.2870905654313218,-0.010410608019097628,17.380355879054743,0.033641992262325525,5.599181411228029,-0.055078459538584874
lattice_fperp_s,theta_fixed,3.3249114653670766,2.5106545254865016,35.3,-0.16460009629376013,-0.2903703379880357,-0.4100823560111574,0.15914930826192972,-0.0016283266530805996,-0.03780896358572735,-0.013867262589019751,-0.05603983362548668,rohrwild_nonlocal_exact_post_borel,-0.3320975684939255,0.033456387785050085,23.210217431577657,0.34723255880291976,5.268573968109634,-0.054010278595963794
lattice_fperp_s,theta_fixed,3.3216916144209225,2.528651805234818,35.3,-0.13865148847749637,-0.2845094745213543,-0.4303035620958901,0.18784211350929078,-0.0017259287097773784,-0.040322097224977614,-0.014969613770403581,-0.05186569435514926,rohrwild_nonlocal_exact_post_borel,-0.31231969663967385,0.05124727739445821,20.475389361489547,0.8156248499363158,5.138111829570824,-0.053591399354502633
lattice_fperp_s,theta_fixed,4.634433435190629,2.5962668268537477,35.3,-0.25111914641157596,-0.26087812192452176,-0.4117351973650159,0.1734893681362428,-0.0010548364044153144,-0.021577456291333338,-0.03061822377499439,-0.07432081096908928,rohrwild_nonlocal_exact_post_borel,-0.35802355511472433,-0.05419736318639595,26.85245876097974,0.9119663323872991,6.336704004585013,-0.056205891195644855
lattice_fperp_s,theta_fixed,5.557325113736678,2.545285614929982,35.3,-0.16916724688644796,-0.20661623566961376,-0.3786940763221436,0.19366676694323845,-0.0011536448467698564,-0.02043528144393872,-0.027264809244989002,-0.07061698782011422,rohrwild_nonlocal_exact_post_borel,-0.26638186006013376,-0.018668982091295666,14.805591278965334,0.10808779057395851,5.171977341508945,-0.05640454838662688
lattice_fperp_s,theta_fixed,5.609866120223556,2.5030456487103776,35.3,-0.2051720251957943,-0.21714630189328912,-0.378287100908736,0.19281763582875658,-0.0017566659860651433,-0.029920170827244578,-0.02782852539317594,-0.06931275793318172,rohrwild_nonlocal_exact_post_borel,-0.2957814785916023,-0.04196895603944198,18.406797833598986,0.5463472913214715,3.3121135482093442,-0.05199887213715853
lattice_fperp_s,theta_fixed,5.850091519276574,2.5241082961078996,35.3,-0.2046494126721923,-0.18689762616770111,-0.3364069303811515,0.16273564471891924,-0.0007309382628422241,-0.012495402242626612,-0.03914046146647938,-0.0754789048281608,rohrwild_nonlocal_exact_post_borel,-0.27079240165044294,-0.05902186020941902,15.4227630140326,1.081011504547991,6.444088613106885,-0.05139216455246835
lattice_fperp_s,theta_fixed,5.078504439418761,2.555421303308397,35.3,-0.17067269938096052,-0.21330793882704413,-0.3721695489327862,0.181377181042304,-0.0011216868397832744,-0.02139388409677859,-0.024101590175442198,-0.07394905580809889,rohrwild_nonlocal_exact_post_borel,-0.27271314775067207,-0.016030786772515,15.700023498265567,0.07980883852934027,5.402359677932399,-0.057623183036497806
lattice_fperp_s,theta_fixed,4.259719267600787,2.5249735324295304,35.3,-0.1538119561502639,-0.20754078752096156,-0.3899943011006827,0.2184375485556697,-0.0016600059109108532,-0.0343240290650377,-0.019212754409355125,-0.05594786607560309,rohrwild_nonlocal_exact_post_borel,-0.25826324975346754,-0.00560269277844698,14.040416974372294,0.009737961842997349,4.2722843233629595,-0.05637773342068081
lattice_fperp_s,theta_fixed,4.642835238808238,2.5467215637117793,35.3,-0.152951276525862,-0.23377707236937664,-0.41601890170395117,0.20306802035066907,-0.0009992030421509712,-0.01982698797394354,-0.02153392402265406,-0.06459103371535871,rohrwild_nonlocal_exact_post_borel,-0.2791783177591975,0.010260577451197572,16.3888649910982,0.03269193866730119,6.990852232885295,-0.05506833515955375
lattice_fperp_s,theta_fixed,5.287902649315224,2.5923676105143234,35.3,-0.22112753860173545,-0.2062839048945821,-0.4023751072116887,0.2179599349670177,-0.0011024782657279408,-0.020766254384183197,-0.030202382355363478,-0.06767885517468644,rohrwild_nonlocal_exact_post_borel,-0.29613628315515994,-0.06126776922384185,18.458156184504762,1.1647959747520131,5.5170509488739405,-0.055714140593358844
lattice_fperp_s,theta_fixed,5.78255332124699,2.502593981995266,35.3,-0.18596332285339676,-0.2736295459683581,-0.33554426080306027,0.08253096540790775,-0.0011378463163012474,-0.019478404256904336,-0.03193906822823918,-0.1115011583213183,rohrwild_nonlocal_exact_post_borel,-0.3307796821878709,0.006347261237542534,23.066314296959046,0.01250255744370051,4.409034766636712,-0.05412759890719525
lattice_fperp_s,theta_fixed,5.183507366750984,2.515005611161621,35.3,-0.19535177535131157,-0.21756857986215722,-0.40291479795135404,0.2053936081110224,-0.0010375205431597046,-0.019009869478665845,-0.025030555629174937,-0.06629286500074406,rohrwild_nonlocal_exact_post_borel,-0.290451409269473,-0.033710264453461175,17.645389711485187,0.3522920579501673,6.535373402400384,-0.057490251927308736
lattice_fperp_s,theta_fixed,4.878982350029059,2.516228957641973,35.3,-0.17226060196957782,-0.19563500624372726,-0.38408468929205825,0.21798839649449248,-0.001466946941159199,-0.028071766505002264,-0.02529615954763846,-0.06030543459984827,rohrwild_nonlocal_exact_post_borel,-0.2592071847600855,-0.02753917260295649,14.13080521265087,0.23551757880339275,4.522725125159834,-0.058002264652287895
lattice_fperp_s,theta_fixed,4.617324949479033,2.508214566288582,35.3,-0.18176059959461544,-0.23759491696478108,-0.3979085362961628,0.18956186747319922,-0.0014408746222184985,-0.02780737351959905,-0.022756662140005747,-0.06166488396988757,rohrwild_nonlocal_exact_post_borel,-0.2989418912351982,-0.011045623441809788,18.68672301124712,0.0378546269378089,4.7780469950198015,-0.05337107267728479
lattice_fperp_s,theta_fixed,3.0671052928074545,2.59242118605595,35.3,-0.2245500697780803,-0.2658392842026385,-0.44790235373627985,0.2302740784916987,-0.0018686373557894136,-0.04634237160226798,-0.015362142154296966,-0.043232631316684304,rohrwild_nonlocal_exact_post_borel,-0.3467194026348881,-0.029646495563866115,25.297105353946684,0.272677946704625,5.105779565929737,-0.054342115916789814
lattice_fperp_s,theta_fixed,5.602670393750211,2.5613055329003003,35.3,-0.16436044531310487,-0.23278602746791713,-0.37235748477277103,0.16327278019560512,-0.0012581959475976476,-0.02244312694315357,-0.02864471791872372,-0.0832557491517066,rohrwild_nonlocal_exact_post_borel,-0.2849623639332457,0.00037644307994461057,17.074864622509725,4.403294948806917e-05,4.597790252466382,-0.05708553416262537
lattice_fperp_s,theta_fixed,3.5043062149483046,2.515159791545874,35.3,-0.14219057073989358,-0.22827307344009243,-0.4209259726714341,0.22444185952232273,-0.00134545554530875,-0.030443504745672326,-0.012846269048239487,-0.045128754779396575,rohrwild_nonlocal_exact_post_borel,-0.26846814145507814,0.015862266193033936,15.104906282211395,0.07810192908677036,6.557472401887388,-0.05593128131894633
lattice_fperp_s,theta_fixed,3.763243382225045,2.505486761481068,35.3,-0.11474368817292409,-0.2677359933540294,-0.39772847167327735,0.16219325268789386,-0.001418831212450438,-0.03078194315619547,-0.012783114403214888,-0.05963155439831572,rohrwild_nonlocal_exact_post_borel,-0.284814923454283,0.06106664793915775,17.02006202020011,1.1569773796613019,5.710421843485016,-0.05627980496044253
lattice_fperp_s,theta_fixed,5.292552678490901,2.5275857658421543,35.3,-0.1859585301829026,-0.21030560613901092,-0.38986234923642793,0.20033233247873958,-0.001081088142639422,-0.01969450123868314,-0.027759133799210113,-0.06773628712682268,rohrwild_nonlocal_exact_post_borel,-0.2790958650599802,-0.030241048720300895,16.267419025059908,0.2837640103626471,5.870853602382551,-0.05688429173442332
lattice_fperp_s,theta_fixed,4.5245617847356865,2.55259555456929,35.3,-0.22880889988870703,-0.2775545210536019,-0.4215576631307547,0.18058402895114714,-0.0017178443925625598,-0.03486304248143177,-0.028258066466478042,-0.07479611331856853,rohrwild_nonlocal_exact_post_borel,-0.3587416452560313,-0.026352547971126017,27.135132288809505,0.21550202153691664,3.8392698022239604,-0.051605959324155244
lattice_fperp_s,theta_fixed,4.284533016217764,2.5027759304212998,35.3,-0.1939232521535075,-0.24824436749137374,-0.42507879900384204,0.2082526526045023,-0.00148594934556456,-0.029932271746469393,-0.021443720888279363,-0.056850814211680666,rohrwild_nonlocal_exact_post_borel,-0.31466158963753277,-0.014818155207919764,20.751421274851108,0.06816736675689195,5.093313273529645,-0.052744804163060134
lattice_fperp_s,theta_fixed,3.5841226894680585,2.5972596114325355,35.3,-0.1962913897186856,-0.30286325324749236,-0.4249631421691884,0.16804520875125917,-0.0018886859204845924,-0.04405663390907855,-0.022194088073236973,-0.0648799331470596,rohrwild_nonlocal_exact_post_borel,-0.36060656177902217,0.014811058276162276,27.352876855013918,0.06807576835976158,4.072266759095398,-0.053004228577382996
lattice_fperp_s,theta_fixed,5.7211736146934795,2.5371277142602047,35.3,-0.1734929044247712,-0.2380983204972818,-0.3646369881406774,0.15306400065990797,-0.0014411720906197078,-0.025084160925892596,-0.03179129397779562,-0.08702906185796175,rohrwild_nonlocal_exact_post_borel,-0.294575187091078,-0.004007151060978598,18.246145366558775,0.004979431882224457,3.7938958398202347,-0.0546852596357317
lattice_fperp_s,theta_fixed,3.547696112599767,2.5113319366740297,35.3,-0.10531151778379247,-0.18480561584728114,-0.40792896549903873,0.26560324809068186,-0.0018240547280106382,-0.04065584371091367,-0.011635447907216925,-0.036525636692058785,rohrwild_nonlocal_exact_post_borel,-0.2116818734376435,0.02084264581449223,9.46408645270015,0.13492845688769606,4.666417871548604,-0.05492065877947672
lattice_fperp_s,theta_fixed,5.832966064613066,2.567740722375943,35.3,-0.1978260192690665,-0.24301939104976944,-0.4203215101267332,0.20627804822826484,-0.00156204310051103,-0.02741388605079005,-0.03385784717818033,-0.08056392464698603,rohrwild_nonlocal_exact_post_borel,-0.3126525336901752,-0.021022642630261462,20.471147222962994,0.13706640975884365,4.032563748830035,-0.0571613094678992
lattice_fperp_s,theta_fixed,3.73267405994072,2.5153842211030653,35.3,-0.16340374822513506,-0.23265153304660352,-0.39101703308113234,0.19161740595377266,-0.0014550051851716954,-0.03179690073407214,-0.014592667483806495,-0.05182116139984797,rohrwild_nonlocal_exact_post_borel,-0.28429976327384676,0.0010795209089638769,17.08506847198168,0.0003615685342223511,5.355715372734005,-0.055023593886030384
lattice_fperp_s,theta_fixed,3.204609249925915,2.5538008557510405,35.3,-0.1113669807005447,-0.24881392196055688,-0.46220777094754345,0.2701506050736731,-0.002286386840777577,-0.05447036924590895,-0.008565881138873641,-0.03959332292142911,rohrwild_nonlocal_exact_post_borel,-0.2674206535496624,0.05288824261422401,15.112302389717836,0.8679759938673347,4.609659028434483,-0.057741572390985166
lattice_fperp_s,theta_fixed,4.832524121602955,2.502337573625586,35.3,-0.17681981999146412,-0.17548597825588624,-0.3557505505249992,0.205045368455907,-0.0012510512968062757,-0.02352974488998777,-0.0237056066580253,-0.05367277505944852,rohrwild_nonlocal_exact_post_borel,-0.2453973845108049,-0.04290339125867937,12.730826682307715,0.5714186305184509,4.921822765800248,-0.055012040541489865
lattice_fperp_s,theta_fixed,3.1465393066822793,2.5748118766731243,35.3,-0.1844333448256987,-0.24704790860382303,-0.40531045080415723,0.21042796944917672,-0.002050108584171459,-0.05011531866467103,-0.01716312911470051,-0.04671463882742692,rohrwild_nonlocal_exact_post_borel,-0.3082012992603499,-0.00776446800175043,20.000292591065325,0.01870382295201702,3.9297970968944993,-0.05168371815370986
lattice_fperp_s,theta_fixed,4.496709846495732,2.5279304524914745,35.3,-0.20571525133282623,-0.2926875795509343,-0.46012338016159066,0.2013193388841074,-0.0016207343516530081,-0.03226280392179799,-0.02367394345605469,-0.06651542221060507,rohrwild_nonlocal_exact_post_borel,-0.3577474622557374,0.0012397999403538085,26.874067878173825,0.00047690855068148816,4.9065299406110885,-0.05416036045300613
lattice_fperp_s,theta_fixed,5.528558834263162,2.5214638301591434,35.3,-0.20013539063774893,-0.18983809577345473,-0.3872588168194643,0.22704610600306,-0.0016056391931503799,-0.028019745763900067,-0.02384987654951425,-0.06091025111683301,rohrwild_nonlocal_exact_post_borel,-0.2705837673789484,-0.05363862436370698,15.335025512866622,0.893180565056015,3.908527521313947,-0.0559718854160023
lattice_fperp_s,theta_fixed,5.227338864453462,2.5617652620459705,35.3,-0.21777240277314153,-0.22805753632783282,-0.39076051190693994,0.18162970895226807,-0.0009605364059971092,-0.01796619696716382,-0.03402484485177478,-0.07448684342722642,rohrwild_nonlocal_exact_post_borel,-0.3119677714209915,-0.045947457820081306,20.589253757537083,0.6553118309183135,6.055698517060544,-0.053347779381488505
lattice_fperp_s,theta_fixed,5.158582502891898,2.5561242808984894,35.3,-0.19541138290593374,-0.21765673621638754,-0.4498707745488171,0.2575284038517966,-0.001279112165856496,-0.024035253353510436,-0.027945585948928577,-0.06064231298807597,rohrwild_nonlocal_exact_post_borel,-0.290557801663874,-0.033707970598011255,17.81532694740434,0.35254397014378963,5.728196325558034,-0.05761535250294378
lattice_fperp_s,theta_fixed,3.5992945131262424,2.5051683604343746,35.3,-0.1281491515795194,-0.26905770862397094,-0.43870400308320445,0.21384677650002057,-0.001901027413531078,-0.042299454627256046,-0.01609200121259776,-0.0520363606091586,rohrwild_nonlocal_exact_post_borel,-0.2936400742073604,0.05088970858659109,18.07209527424937,0.8035665338669811,4.536861839341383,-0.053126449898887776
lattice_fperp_s,theta_fixed,3.3242192381913345,2.5612481064189954,35.3,-0.13010092588861946,-0.23626911486441854,-0.43059003334410223,0.24093436945932584,-0.0018913451227201624,-0.04472210585692206,-0.012198688489286796,-0.044281309501426204,rohrwild_nonlocal_exact_post_borel,-0.26800791797991125,0.030349653308811023,15.08366336931066,0.28578069466964984,4.740134422001415,-0.055372264890124895
lattice_fperp_s,theta_fixed,3.1208481483246793,2.564281754512887,35.3,-0.12159366144337669,-0.26585425924796735,-0.4245265808533294,0.2072030376600434,-0.0019198413700497253,-0.04661087468463161,-0.010605819146792973,-0.045977057330047394,rohrwild_nonlocal_exact_post_borel,-0.2872374787969441,0.054388752861846607,17.29160816998877,0.9181250961655887,4.875580445430345,-0.05565414563868451
lattice_fperp_s,theta_fixed,5.501665869121538,2.510237126696658,35.3,-0.20286485872558727,-0.23104875997044605,-0.3795650037042604,0.16685255589734413,-0.0010033787359064754,-0.017332933427623317,-0.027129847456953425,-0.07215639079117403,rohrwild_nonlocal_exact_post_borel,-0.30579458348735256,-0.03205234935897627,19.7443664442175,0.3188685320855724,6.0455386865210565,-0.05358196182030134
lattice_fperp_s,theta_fixed,5.895774804930188,2.5290357819170057,35.3,-0.144919742919417,-0.24148831713979074,-0.37470393549411135,0.15444621932491034,-0.0011800034412914346,-0.020050597529298365,-0.02853761525758973,-0.08794399352239521,rohrwild_nonlocal_exact_post_borel,-0.2808306715526649,0.02127141551748063,16.646591408750638,0.1404044377344231,4.933071401159789,-0.057003297295254975
lattice_fperp_s,theta_fixed,5.265472328601059,2.592793954088379,35.3,-0.20980463623063283,-0.2724261981717379,-0.4062126080520671,0.1550305850684135,-0.0010553823884780341,-0.020188792799606243,-0.03249770089056303,-0.09298885668468902,rohrwild_nonlocal_exact_post_borel,-0.34357446952746135,-0.013805894505562882,24.803262677405662,0.05914099324126642,5.7655030023338805,-0.05658185024444006
lattice_fperp_s,theta_fixed,4.162006994718293,2.500762529760574,35.3,-0.15513292842788776,-0.21334203560883358,-0.4094009823834597,0.22494467940933494,-0.001338973328142152,-0.027546759306566675,-0.014883135108653071,-0.051483546542882105,rohrwild_nonlocal_exact_post_borel,-0.2637612002895847,-0.00332849247115255,14.632019403159532,0.0034362318841961465,5.99935902219123,-0.05793437949381354
lattice_fperp_s,theta_fixed,4.700804873839204,2.562101819836436,35.3,-0.16570898888564844,-0.2608686082359224,-0.39594169387573214,0.1616959746855681,-0.001287723692201482,-0.02533516535355686,-0.0263450861134107,-0.07259412012457357,rohrwild_nonlocal_exact_post_borel,-0.3086608799096846,0.015503579387688232,19.982267937489144,0.07460802676474419,4.985010613214269,-0.05324419051275728
lattice_fperp_s,theta_fixed,5.861853106986165,2.5831694275777792,35.3,-0.18608326347153004,-0.25327449399607505,-0.4572954244076031,0.23608238595887424,-0.0017421564615659525,-0.030319299085780176,-0.029395393100074385,-0.07539610389411755,rohrwild_nonlocal_exact_post_borel,-0.31423646772591696,-0.005512948786399741,20.801207880753,0.00942451386976591,3.9260359528616244,-0.05629619363290995
lattice_fperp_s,theta_fixed,4.435149991591233,2.5444270058788354,35.3,-0.17509218274135116,-0.2594488064989022,-0.4087396467079926,0.17876534569892275,-0.0013811678210373676,-0.02809333766879491,-0.02084268885066332,-0.06869887146911546,rohrwild_nonlocal_exact_post_borel,-0.31292427645222765,0.007025158908189999,20.630613342623793,0.015319395189081706,5.306454774400297,-0.05739226934647593
lattice_fperp_s,theta_fixed,4.18503943207,2.557993959515477,35.3,-0.1419135545714524,-0.20972383852465656,-0.41717228717558724,0.23500335223657512,-0.0012459006042089766,-0.02630900298143551,-0.018634860276516257,-0.05234649310570879,rohrwild_nonlocal_exact_post_borel,-0.2531693376683523,0.005369532678793434,13.595848381439207,0.008954717781860343,6.060089266198227,-0.05639978106754576
lattice_fperp_s,theta_fixed,5.459086365654305,2.5362992650801286,35.3,-0.22908587674249142,-0.23247091854125265,-0.40111375899474155,0.18830647221843858,-0.0010364188356785185,-0.01862721292927121,-0.03281893104053425,-0.07568201134001311,rohrwild_nonlocal_exact_post_borel,-0.3221072757362078,-0.05263050263951796,21.76387154887056,0.8596560537879315,5.781912103122536,-0.053553646524865696
lattice_fperp_s,theta_fixed,4.530183933000977,2.5413895793038397,35.3,-0.1756568462358086,-0.27062191473987424,-0.4499320297951532,0.214590028905076,-0.0016874076523223495,-0.03359250619747468,-0.022318433305057617,-0.06397547295100547,rohrwild_nonlocal_exact_post_borel,-0.32236936519120263,0.013020781589725139,21.790022798942392,0.052595018832715924,4.531159372238765,-0.05387355703862225
lattice_fperp_s,theta_fixed,3.4898185832723336,2.5571634676980386,35.3,-0.16055660995283416,-0.24033085299202123,-0.40550263674503834,0.19995971264234683,-0.0014455109870527498,-0.033342417902276954,-0.014282142450426864,-0.04977773342517359,rohrwild_nonlocal_exact_post_borel,-0.28892190438923127,0.007840731057684486,17.622460785744625,0.01908773553410488,5.739632243243083,-0.05610597752910537
lattice_fperp_s,theta_fixed,5.751828559417037,2.584820019849793,35.3,-0.2118188875956689,-0.25083723663575913,-0.37832728585833975,0.15174897749206676,-0.0012901827534924526,-0.022968745515993604,-0.03415152997753525,-0.09187973685392826,rohrwild_nonlocal_exact_post_borel,-0.3271188569958653,-0.027925146786526606,22.427977124248486,0.24221513683453758,4.278371417267619,-0.055688822897176485
lattice_fperp_s,theta_fixed,5.3147544345461375,2.515248147199186,35.3,-0.17097033014961643,-0.20796269543698528,-0.3850093371410759,0.20297321613156494,-0.001365343461787382,-0.024561230965686992,-0.027902677355190187,-0.06596937075693007,rohrwild_nonlocal_exact_post_borel,-0.26852268190083645,-0.01936248407791058,15.196815528215486,0.11636623087986152,4.60555322274154,-0.056071013758237455
lattice_fperp_s,theta_fixed,3.2657610661544925,2.546847598571143,35.3,-0.10573455288537612,-0.20669391158609646,-0.3889054582088581,0.23048738130867835,-0.001963760046976769,-0.046312074638939944,-0.009774059204488482,-0.040624588476708134,rohrwild_nonlocal_exact_post_borel,-0.229790188431714,0.03314570954360185,11.12041583651732,0.34076062083787373,4.20723221749811,-0.054405840401387906
lattice_fperp_s,theta_fixed,4.152033242132408,2.5157583508896204,35.3,-0.14343539144164158,-0.2671020475175644,-0.39865910416491473,0.16418475861019988,-0.0014987889962264824,-0.031128912966622995,-0.019204979109308074,-0.06662114985387989,rohrwild_nonlocal_exact_post_borel,-0.30087725591744663,0.03728393994308411,18.936016062309488,0.43148838444878346,4.858069348525543,-0.05466441943193744
lattice_fperp_s,theta_fixed,3.6364184916289704,2.534147433726508,35.3,-0.14069211338400295,-0.17349000677449677,-0.3946127992956147,0.2636754734166397,-0.001814344525129121,-0.040738336370392654,-0.014635415162980116,-0.03845056656090007,rohrwild_nonlocal_exact_post_borel,-0.2228917264415032,-0.014571599191515891,10.448113627204819,0.06587140963135249,4.444116763175269,-0.05703825083029754
lattice_fperp_s,theta_fixed,3.003665690457098,2.5282129811795375,35.3,-0.13221951962063314,-0.2326178414215026,-0.40409932623775535,0.2173867617102426,-0.0018098883627525307,-0.04409538853123734,-0.009887343359214651,-0.03939888953269398,rohrwild_nonlocal_exact_post_borel,-0.26625222201250137,0.02651067312830846,14.868328298851006,0.218114770911752,5.235614244873349,-0.05609703853551972
lattice_fperp_s,theta_fixed,4.864755367362713,2.5164375069655622,35.3,-0.17800158700155078,-0.19135794405864576,-0.356106260183377,0.18736560487038073,-0.0011410997212191163,-0.021476189024430416,-0.023964625956299963,-0.05910772436558345,rohrwild_nonlocal_exact_post_borel,-0.2590339855079272,-0.034696139285248895,14.135519003223708,0.3738492256826104,5.277341277187445,-0.05432102528504942
lattice_fperp_s,theta_fixed,5.273219795108752,2.577014808069896,35.3,-0.23116721246095875,-0.24537435188869766,-0.42083490493860587,0.20323890837519046,-0.0013989214100267136,-0.0263794339152555,-0.03614470650854697,-0.07761956892211178,rohrwild_nonlocal_exact_post_borel,-0.3338409684459696,-0.046872811616390175,23.44315531358134,0.6817054676364626,4.308125169150924,-0.0528907139908988
lattice_fperp_s,theta_fixed,3.8871994275579684,2.5319685633806412,35.3,-0.13371485144754508,-0.1826666058463932,-0.37973924882267646,0.22744418279331835,-0.0013479953693500807,-0.029023544447685047,-0.015025586860510868,-0.04428112654407479,rohrwild_nonlocal_exact_post_borel,-0.22634922988586959,-0.0035744257097311827,10.739705189807257,0.003962863291990332,5.309352100810112,-0.05385174326220268
lattice_fperp_s,theta_fixed,4.433232148334203,2.508359945154177,35.3,-0.20014526904426988,-0.2945428154868783,-0.4579877900116071,0.1990973399388398,-0.0017144290586840409,-0.03393793635542693,-0.020585225905522125,-0.06535615725458409,rohrwild_nonlocal_exact_post_borel,-0.3560429333084055,0.006857734092740875,26.572003786558756,0.014588764635635203,4.663447946610747,-0.0529641262640947
lattice_fperp_s,theta_fixed,5.562481663524075,2.538754508635526,35.3,-0.2533795634748526,-0.24449160881588153,-0.3812547292074315,0.16076804497725353,-0.0012881049277781041,-0.022716819657925554,-0.03210719004483021,-0.0828069980654766,rohrwild_nonlocal_exact_post_borel,-0.3459561050307227,-0.06551124605788261,25.16237354058877,1.3321264146327787,4.262762999686105,-0.05123857492858835
lattice_fperp_s,theta_fixed,4.2620577794338725,2.528193763193988,35.3,-0.17399597325808164,-0.2390099433443448,-0.38585218930337245,0.17218687438054078,-0.001172388846806456,-0.02417223957470666,-0.021721762793101368,-0.06304271240956794,rohrwild_nonlocal_exact_post_borel,-0.2956098989254602,-0.003890936233503478,18.260055616372775,0.004701867970661308,6.016982696961876,-0.05621881919554315
lattice_fperp_s,theta_fixed,3.95517083341789,2.5897477155550197,35.3,-0.17196032058629976,-0.3375603356715972,-0.4675284705382967,0.16648443805090343,-0.0015847584821172796,-0.03493154470208651,-0.019881630828906906,-0.07050355175392899,rohrwild_nonlocal_exact_post_borel,-0.3748642612038925,0.05471853202457333,29.59125881763813,0.9297392028512295,5.517315678689685,-0.057456917351267935
lattice_fperp_s,theta_fixed,4.372420720784244,2.595259071877746,35.3,-0.2559455531993028,-0.25801571391982336,-0.42187858105278103,0.197779880190737,-0.0015352376815876915,-0.03238177537619163,-0.026615453782501255,-0.06917882868089495,rohrwild_nonlocal_exact_post_borel,-0.3584764123046079,-0.059790439480489205,27.011215492014987,1.1087050978292057,4.416109253936027,-0.05370192012239464
lattice_fperp_s,theta_fixed,3.3162409169201874,2.545857103461702,35.3,-0.12801744673066878,-0.2550503600748657,-0.39563576501826486,0.17935725986528261,-0.0015957154475086319,-0.0371761394743748,-0.010027723242514887,-0.048301541933665086,rohrwild_nonlocal_exact_post_borel,-0.2821320438680042,0.0429029447080362,16.84007060089281,0.5709605049166391,5.381717321252485,-0.0554997204934198
lattice_fperp_s,theta_fixed,4.271251170401753,2.5053779516936987,35.3,-0.13577808034524935,-0.20524333498240466,-0.3877758654711638,0.20983106892000258,-0.0012823675900194933,-0.02601617084122391,-0.017917723695853444,-0.053347197025882476,rohrwild_nonlocal_exact_post_borel,-0.24596719974421327,0.007787830694798159,12.750375368904374,0.018830446496047468,5.550093982542991,-0.05499590560376403
lattice_fperp_s,theta_fixed,5.146391669250443,2.5437482676047174,35.3,-0.20292131556970316,-0.2515347784643224,-0.40726885970200516,0.1738974478174485,-0.0009215353667357,-0.017241831213030065,-0.03180033482853028,-0.07686861812661203,rohrwild_nonlocal_exact_post_borel,-0.32254661726910333,-0.02026042393172861,21.755991290544237,0.12736381240578293,6.852513496492252,-0.054286442370846524
lattice_fperp_s,theta_fixed,5.107197331216415,2.5087258664469285,35.3,-0.1457721488518604,-0.2337062940824191,-0.4150631055482507,0.2168498804994644,-0.0018439203671353215,-0.0336491486664975,-0.022664890027557418,-0.06548913580675399,rohrwild_nonlocal_exact_post_borel,-0.27497203927580555,0.016078833637175813,15.859616051181366,0.08024476533791718,3.7461378412675383,-0.05487304525641645
lattice_fperp_s,theta_fixed,5.322793043618784,2.5223305570377925,35.3,-0.19150286020662835,-0.21297657670362227,-0.3628951261529752,0.17577716982152117,-0.001362633453146592,-0.02449598691902168,-0.030676153759468132,-0.07063721653807804,rohrwild_nonlocal_exact_post_borel,-0.28447957791606543,-0.03322254415920892,17.05391428292098,0.34262603824107635,4.176737788034123,-0.05369254953440468
lattice_fperp_s,theta_fixed,5.735998187178241,2.5490866773741665,35.3,-0.14672494605922015,-0.20733705815968767,-0.43924730616007773,0.25481569610617016,-0.0012521186580042487,-0.02165332944777584,-0.028191795424979144,-0.06198612674555119,rohrwild_nonlocal_exact_post_borel,-0.2540016957483365,6.35559934083485e-05,13.605208681587357,1.253004415781261e-06,5.217604778613662,-0.05345759114324456
lattice_fperp_s,theta_fixed,5.7887864867964955,2.582876158218629,35.3,-0.2357876298439337,-0.22604747360783858,-0.39471270504198824,0.18920551652190506,-0.0011010629107156913,-0.019439222177039785,-0.035641630465252996,-0.07822385664144817,rohrwild_nonlocal_exact_post_borel,-0.32073751999464284,-0.06181189189462222,21.62291480729787,1.1851649879542205,5.212600505448185,-0.05513750744552107
lattice_fperp_s,theta_fixed,5.635197790129984,2.5523663423658127,35.3,-0.24551401528569336,-0.280687513351269,-0.41769757174198546,0.16743900129924824,-0.0016374291916301338,-0.0287915137169017,-0.032239987062617576,-0.08662626317261178,rohrwild_nonlocal_exact_post_borel,-0.37095177633794385,-0.0381757971068917,28.979293503033805,0.45244445344331563,3.7652198925079507,-0.05320811816459294
lattice_fperp_s,theta_fixed,5.96714330228358,2.5436611319441984,35.3,-0.16509484629164903,-0.33576468286685585,-0.4237565141885218,0.10886963681889227,-0.0011697792119366901,-0.019708026285289594,-0.031281125606575505,-0.10664125787456794,rohrwild_nonlocal_exact_post_borel,-0.3694314947850373,0.05928407200620142,28.678333488489045,1.0913222343590516,5.379043459976175,-0.054471251549699375
lattice_fperp_s,theta_fixed,3.222486551354004,2.597299285290155,35.3,-0.16774098925063224,-0.26135535539259397,-0.3998633119431196,0.17572117844576898,-0.0014687108160094358,-0.03574451107923402,-0.015125693210660034,-0.05186920726740354,rohrwild_nonlocal_exact_post_borel,-0.3102323394647649,0.01412645806239804,20.29031969354634,0.061936520060554306,5.540343301708624,-0.05442475967566077
lattice_fperp_s,theta_fixed,3.637622635089635,2.550442589398077,35.3,-0.17113761077944553,-0.23695586577418934,-0.427237399556405,0.2357103823547559,-0.0019116057007989736,-0.043517242871741246,-0.01952919548919442,-0.05135020018568155,rohrwild_nonlocal_exact_post_borel,-0.2922817624559842,-0.002745083553603339,17.99741504581317,0.00233802180347545,4.122341744067743,-0.05309604517995483
lattice_fperp_s,theta_fixed,5.747648961630938,2.5709442632730006,35.3,-0.19283830814660774,-0.283002845330387,-0.4052841593375908,0.14318440264234494,-0.001113195684284066,-0.019789892950857042,-0.03562081053559115,-0.09833273579042016,rohrwild_nonlocal_exact_post_borel,-0.3424023468095035,0.0061527598104822445,24.739264110842242,0.011743436088325697,5.2340443273393245,-0.05483945913704818
lattice_fperp_s,theta_fixed,3.145300844932815,2.5475545546575176,35.3,-0.1599527272862883,-0.2647723912770994,-0.4371433418124973,0.21053728944153316,-0.001508893292774605,-0.03665744561336058,-0.013239675643860523,-0.0475591492763061,rohrwild_nonlocal_exact_post_borel,-0.30852060433997036,0.02245731165154416,19.91234772998017,0.15647975686968896,6.377721992742812,-0.05686334563339375
lattice_fperp_s,theta_fixed,4.638900956777731,2.508640074556177,35.3,-0.11465962894480002,-0.21886989867975687,-0.37042940193869806,0.18600582557556022,-0.0016889502485363766,-0.032757372068082616,-0.014903778980716254,-0.06358000019229161,rohrwild_nonlocal_exact_post_borel,-0.24488489244432193,0.03289760645364832,12.650456853185629,0.3358645425485404,4.285738203529478,-0.06162789834373649
lattice_fperp_s,theta_fixed,4.358791122277858,2.5294009191449836,35.3,-0.1867515587619314,-0.2134414272336986,-0.3917428821353579,0.20606371983304772,-0.0012930636194091111,-0.026469201311979267,-0.02469291262650999,-0.05811980259284067,rohrwild_nonlocal_exact_post_borel,-0.28211338414186693,-0.02907621102538624,16.76953487566121,0.2623858737368134,5.245744845843053,-0.05466708027617641
lattice_fperp_s,theta_fixed,4.634803866018979,2.55378949481796,35.3,-0.1305021982933863,-0.27820321671149895,-0.41506004843146677,0.1668081230884139,-0.0014477489162120747,-0.028503542452234,-0.019701933073766893,-0.07261156382584424,rohrwild_nonlocal_exact_post_borel,-0.3024637931221127,0.054254100289428786,19.150386838075594,0.9133026410858727,4.950406255235658,-0.05548743826235167
lattice_fperp_s,theta_fixed,3.379265920636509,2.5386920656239504,35.3,-0.13670311494202067,-0.25468552392527033,-0.41260927661884894,0.20139879148661705,-0.0017966161390333087,-0.041678422654005065,-0.012615067085897599,-0.049210279852769774,rohrwild_nonlocal_exact_post_borel,-0.2868533669708945,0.03560342103509323,17.325174061091694,0.39338680515018437,4.765633283932296,-0.05460406685841004
lattice_fperp_s,theta_fixed,3.2362959075983477,2.582461720366098,35.3,-0.15304187268066868,-0.2595303452364256,-0.45725142150708875,0.2575884740755302,-0.0023706659154421024,-0.057496731889425,-0.014828709547241668,-0.04613838413394872,rohrwild_nonlocal_exact_post_borel,-0.3002488834923825,0.025068363602796226,18.978207507627125,0.19510100524842428,3.9211308344891123,-0.05458852092162156
lattice_fperp_s,theta_fixed,5.2248236272413004,2.543072358077187,35.3,-0.18103759180862125,-0.26024982603838476,-0.41737481977423074,0.1998195338062995,-0.002184875846507848,-0.040509664223945654,-0.02907687817539248,-0.07938986594125333,rohrwild_nonlocal_exact_post_borel,-0.31701361856838894,0.002635762328157598,21.11784756026291,0.0021556327113534733,2.865668762132167,-0.05294895259241118
lattice_fperp_s,theta_fixed,5.513253323016066,2.5396333633900756,35.3,-0.1778257010305843,-0.3177266321873514,-0.4406337002037716,0.14538389737820617,-0.0011988446394727936,-0.02127798472231321,-0.028323099772955728,-0.09240398311213756,rohrwild_nonlocal_exact_post_borel,-0.36206658504953537,0.03847051778573854,27.540915970179945,0.4591283591317403,5.730952275099896,-0.05532256496125151
lattice_fperp_s,theta_fixed,3.1686409649334295,2.5490328656656485,35.3,-0.11442530807661888,-0.21207799351879475,-0.3846319373211638,0.21690643352674427,-0.0017906616704647595,-0.0425618280539104,-0.008003396554661193,-0.038883641288553615,rohrwild_nonlocal_exact_post_borel,-0.2392063592339707,0.029164090340959528,11.958908572491733,0.26388514180621997,4.809972829812458,-0.055180739213831334
lattice_fperp_s,theta_fixed,3.0041858445118215,2.5214481505303676,35.3,-0.13549941012145048,-0.21983699891026193,-0.4240101895520629,0.2636791754478255,-0.0023619550220618716,-0.05714402978396266,-0.009560840695718931,-0.03403608509297767,rohrwild_nonlocal_exact_post_borel,-0.25771660573922367,0.01644832390807935,13.898615421237498,0.08396556316737123,4.189509509876857,-0.054739928732800834
lattice_fperp_s,theta_fixed,5.579278692509856,2.5158280969079785,35.3,-0.1497699882432617,-0.21466076440814225,-0.3468168677757933,0.15479521060014848,-0.0012357657860825838,-0.021403341446414828,-0.024062062799559383,-0.07692451333619942,rohrwild_nonlocal_exact_post_borel,-0.261738448559023,0.00181044209804683,14.36423199110876,0.001016390746172762,4.691077853427525,-0.05784935753105242
lattice_fperp_s,theta_fixed,4.9746229040453676,2.585248845961313,35.3,-0.2601599816386082,-0.29275394267905486,-0.4399101476035173,0.17750730274218654,-0.0014890420497567815,-0.02886205576796718,-0.03239722758595736,-0.08121636879569684,rohrwild_nonlocal_exact_post_borel,-0.3892629262138917,-0.04315624260440892,31.991155027755234,0.5784642000723798,4.285886229889131,-0.050975185950092795
lattice_fperp_s,theta_fixed,4.1054848767598555,2.5098422486757297,35.3,-0.1483037808580624,-0.20066643197958817,-0.3759503876314614,0.19526500036818054,-0.0009107412644148273,-0.019070303451892482,-0.01754061986016599,-0.05338383936317212,rohrwild_nonlocal_exact_post_borel,-0.2494698886995374,-0.005079662632036172,13.009566188503808,0.008011422711003231,8.091944316795553,-0.05867235296636957
lattice_fperp_s,theta_fixed,4.970564988151015,2.530434266037801,35.3,-0.16034137352904002,-0.29208249461433516,-0.4310621885437089,0.17184045022209346,-0.0016427712621409475,-0.03121798503057879,-0.026881254208746597,-0.08090625233717899,rohrwild_nonlocal_exact_post_borel,-0.3310339884570242,0.03792147427971418,23.104649866173542,0.44635043347077186,4.4156148185781765,-0.057314055379302814
lattice_fperp_s,theta_fixed,3.13128690284248,2.5485240279529413,35.3,-0.1411378496324749,-0.26502935999871696,-0.47940371959249983,0.27291180660427183,-0.0023251854281246976,-0.056212261582364226,-0.0117083546625856,-0.04118542908965344,rohrwild_nonlocal_exact_post_borel,-0.2978580056690584,0.03796133189259529,18.602018383504888,0.44703760256964503,4.489405482191613,-0.05498816685251286
lattice_fperp_s,theta_fixed,3.5682883193753483,2.599480416651449,35.3,-0.17617779579840573,-0.3237471191398292,-0.4210368629244472,0.1370753395166959,-0.0016309782562455247,-0.03815461747583242,-0.018562034695119852,-0.07079811661000926,rohrwild_nonlocal_exact_post_borel,-0.3660278761593638,0.04329441947859991,28.193687602948533,0.5819977089463862,4.8854751557261,-0.055422304109874365
lattice_fperp_s,theta_fixed,3.6634732661225726,2.539698254248832,35.3,-0.1465639306632048,-0.2223284994860309,-0.40959719049860716,0.21714976907065703,-0.0012936649798977386,-0.028587413078183025,-0.013055908268161984,-0.04468243059587496,rohrwild_nonlocal_exact_post_borel,-0.2661437305700157,0.008857885381603522,14.869215262145751,0.024331191631113802,6.4368149787108875,-0.05513426638269035
lattice_fperp_s,theta_fixed,4.503290478026168,2.546293620911684,35.3,-0.1797437102307141,-0.20378372336151196,-0.38590658745104023,0.2099544910774076,-0.0013261391447850638,-0.02650548784309431,-0.02382274977500248,-0.054817946798872974,rohrwild_nonlocal_exact_post_borel,-0.270181830273624,-0.028937620230052932,15.395962874684269,0.25978842886469095,4.972195512345975,-0.05383109050447454
lattice_fperp_s,theta_fixed,4.183269024645773,2.5177663986744125,35.3,-0.16000211610105786,-0.22922472255561707,-0.36828621652037463,0.16425391665994385,-0.0011628759876107146,-0.024029546707575622,-0.01730387864325226,-0.06268680922111926,rohrwild_nonlocal_exact_post_borel,-0.27953735535982577,0.0018755121835136168,16.444182538079545,0.0010918684263448504,5.709965911474747,-0.0538651371229829
lattice_fperp_s,theta_fixed,4.849879184708453,2.5027317831793474,35.3,-0.1370666965073567,-0.2117122003308806,-0.34494522165190616,0.16232201535250465,-0.0014627337134640397,-0.02762626031801506,-0.0188628150363605,-0.070396819326914,rohrwild_nonlocal_exact_post_borel,-0.25199132059444906,0.010474225768444603,13.368626269349269,0.03405238817644818,4.124920094951075,-0.056549501332766386
lattice_fperp_s,theta_fixed,5.875937410344531,2.567138024316684,35.3,-0.16657985923253088,-0.2105876296106627,-0.3666646252936444,0.17438115826934478,-0.0009984547055967633,-0.017305707880766383,-0.028545631184026254,-0.08027684395042818,rohrwild_nonlocal_exact_post_borel,-0.2681279222573887,-0.014262417498559027,15.071858589421964,0.06312015430112032,5.438447866219424,-0.05558593536877259
lattice_fperp_s,theta_fixed,5.7748911171672574,2.5502607543384164,35.3,-0.18874826197546843,-0.23131035404010344,-0.37565534018280106,0.16686322321376273,-0.0012293988951184724,-0.021288838175946723,-0.030141642081751817,-0.08329575706771622,rohrwild_nonlocal_exact_post_borel,-0.2978506971785384,-0.020380099979555838,18.560697114873,0.12884839884477492,4.2777600075855915,-0.050904149416966964
lattice_fperp_s,theta_fixed,4.331191545673945,2.5054483627540063,35.3,-0.11358735965587809,-0.21869631962161548,-0.4268317429510485,0.24527389549182954,-0.001760436205102573,-0.03537803595729396,-0.014851923300277549,-0.05171412261074602,rohrwild_nonlocal_exact_post_borel,-0.24412360906612626,0.033672421744845735,12.484303031498152,0.35183721408317237,4.685037878496311,-0.05816335922745143
lattice_fperp_s,theta_fixed,4.981266022470566,2.5838412235757637,35.3,-0.15131978728601458,-0.21256554251834708,-0.39498027590970763,0.21361606726564572,-0.0015356704436752947,-0.02966566343060983,-0.023594725431366644,-0.06540678004467343,rohrwild_nonlocal_exact_post_borel,-0.26092402240831936,-0.000665147101607394,14.173432034400166,0.0001372670294803208,4.2069147709996,-0.05719385936864952
lattice_fperp_s,theta_fixed,4.899612508062876,2.5972403875786227,35.3,-0.29576346832070594,-0.320359049124156,-0.4596596546120398,0.16442318679895618,-0.0011947929759557017,-0.02392778833511675,-0.03735737526565831,-0.08998318506026962,rohrwild_nonlocal_exact_post_borel,-0.4323662374957896,-0.05626176519236731,39.263450584111894,0.9825734793415315,5.766599967384752,-0.054892168328082754
lattice_fperp_s,theta_fixed,4.522981258872982,2.5983034013706363,35.3,-0.19320025758070228,-0.24326271646633554,-0.4109678850077034,0.1968020078571502,-0.0013484379234724455,-0.027748401392309847,-0.025720976318164383,-0.06644303482241089,rohrwild_nonlocal_exact_post_borel,-0.31017808904905436,-0.017106777186465694,20.26369712901764,0.09084530638800682,4.974852254000207,-0.054797034635463905
lattice_fperp_s,theta_fixed,5.9615823692390535,2.508322533771691,35.3,-0.17478656131107456,-0.1823355815556077,-0.36723437516398744,0.19913703176427455,-0.0008149724314806487,-0.013423265724414185,-0.023900553278510425,-0.06433113145151967,rohrwild_nonlocal_exact_post_borel,-0.24981266921003764,-0.03728587692851022,13.109714616120185,0.43133616968634225,7.4954169624401,-0.058599850244065325
lattice_fperp_s,theta_fixed,3.3443890215851804,2.577098906383896,35.3,-0.22060280466100038,-0.2308429986554183,-0.3835777861424506,0.1822511842341223,-0.0011956006525341734,-0.028320796094555845,-0.01760079677946308,-0.0484498093213703,rohrwild_nonlocal_exact_post_borel,-0.3158766612432549,-0.04664785455236847,20.914384974655608,0.6753526767430819,6.083398475926926,-0.05100049823578351
lattice_fperp_s,theta_fixed,5.270841050192879,2.516250756745618,35.3,-0.15231846995820145,-0.24063064762432357,-0.4258415018554926,0.2142974066154758,-0.0015203904306734203,-0.0275661619536334,-0.027424044746007233,-0.0707004335770213,rohrwild_nonlocal_exact_post_borel,-0.28440610605132033,0.014737425393672177,16.98233967865328,0.06739144050181306,4.329897082975767,-0.053148041203449375
lattice_fperp_s,theta_fixed,4.015088562166514,2.578628187211113,35.3,-0.15851212169204673,-0.2225587758125092,-0.38427754175898304,0.18754038177370244,-0.001137348092830495,-0.02468426773439812,-0.017756402361660567,-0.057167019342475145,rohrwild_nonlocal_exact_post_borel,-0.2732360210197672,-0.0007604155195224116,15.690880379333427,0.00017930032260414898,6.291395636497906,-0.05696489303723791
lattice_fperp_s,theta_fixed,4.016186854845906,2.517746565662211,35.3,-0.16226163911217148,-0.24214531568488595,-0.4234534897869106,0.209854564097356,-0.001290439954545879,-0.027255950040785508,-0.02067477413906572,-0.054245934050312625,rohrwild_nonlocal_exact_post_borel,-0.29138801969819556,0.007497693769797836,17.79416046690779,0.01743326146515089,5.958311448151391,-0.05303542507957164
lattice_fperp_s,theta_fixed,5.1343985471410125,2.5839199172573797,35.3,-0.2137252472625306,-0.24110552440712424,-0.4056560825055601,0.19527079557677898,-0.001516715405936202,-0.029203522072406837,-0.032305679398867373,-0.07892852704688594,rohrwild_nonlocal_exact_post_borel,-0.32027804529854687,-0.035104542680488016,21.56316478449783,0.38248874731784743,3.918027425776518,-0.053755431962101446
lattice_fperp_s,theta_fixed,3.5144151511491843,2.557762805992238,35.3,-0.13529553011886725,-0.2196723206565208,-0.4099080951707706,0.22534460361862557,-0.001468004188365491,-0.03364082491601019,-0.011929974716108798,-0.0448975186456147,rohrwild_nonlocal_exact_post_borel,-0.2574643920121247,0.016519557457558662,13.917712155544901,0.08467220339412179,5.776642335396378,-0.05650155295383213
lattice_fperp_s,theta_fixed,3.594409452223577,2.583396661114676,35.3,-0.15133699212965293,-0.2670477186693539,-0.4930777305427692,0.2722004370529361,-0.0019333161423576736,-0.044237109037163026,-0.011289055457262588,-0.047322618613661716,rohrwild_nonlocal_exact_post_borel,-0.3053989163045976,0.03080375226063238,19.74541876336047,0.2944037848613841,4.95873515209761,-0.05440884544229884
lattice_fperp_s,theta_fixed,3.3136849830918607,2.552531976747161,35.3,-0.17404738875168277,-0.2567317193716197,-0.44189580874358875,0.21620066438132288,-0.0012597457665326451,-0.029776829242821233,-0.01812250668760318,-0.04638460146022005,rohrwild_nonlocal_exact_post_borel,-0.3101030173392895,0.006307765044433727,20.207282374080133,0.012344464892538376,6.816807028631172,-0.051469503847369806
lattice_fperp_s,theta_fixed,3.9947986848084542,2.5371390555591407,35.3,-0.14794824729745792,-0.28456002417813003,-0.4271703260286776,0.18740872992929214,-0.0020059655172791316,-0.042792462561465475,-0.017570910527522812,-0.06264516935849475,rohrwild_nonlocal_exact_post_borel,-0.3177331550809036,0.04368905356015615,21.35454956077392,0.5926372349863666,4.029063605325602,-0.05562026065747153
lattice_fperp_s,theta_fixed,4.78197507641517,2.5968919049608963,35.3,-0.193527127319793,-0.22723087288569555,-0.37750261825020137,0.1777607214970484,-0.0012953777684229268,-0.026193598364119663,-0.0280779056479598,-0.07576851249876441,rohrwild_nonlocal_exact_post_borel,-0.2972827830355226,-0.026637670913593897,18.680569897395397,0.2201062854350035,4.732042521087799,-0.05815356920557732
lattice_fperp_s,theta_fixed,5.675816152112178,2.599647557245912,35.3,-0.25658765334693967,-0.2547515901560217,-0.43858896249964746,0.20498780343447076,-0.0010990213129480856,-0.020051409777896954,-0.039599223977836925,-0.08261900750499152,rohrwild_nonlocal_exact_post_borel,-0.3561834806682252,-0.06220068035141585,26.699483313390267,1.2002891764555996,5.679902557844865,-0.055666398503352504
lattice_fperp_s,theta_fixed,4.69620774793088,2.5866927261129695,35.3,-0.16097551022616585,-0.22713750997923002,-0.41383119289560594,0.21901510321352144,-0.001516386074854825,-0.030805034222290747,-0.02566226648842336,-0.06723873023289643,rohrwild_nonlocal_exact_post_borel,-0.278396385934472,-0.00012502305292461102,16.316582867883696,4.847171774442772e-06,4.602533815907468,-0.05919254556800763
lattice_fperp_s,theta_fixed,4.992712171952837,2.576172779354753,35.3,-0.17484019019593194,-0.2485965025724804,-0.44374378729818215,0.22926064824170928,-0.0016856920252962097,-0.032427671490711324,-0.023551430993502494,-0.06843271985425123,rohrwild_nonlocal_exact_post_borel,-0.30392168746524195,0.0009597329309167235,19.416368515300878,0.00028577224042054556,4.271011661727319,-0.05654624089472805
lattice_fperp_s,theta_fixed,5.292826640016624,2.5813790435068844,35.3,-0.20136611296289977,-0.21250942831437386,-0.35917225125756563,0.1720102587801802,-0.001283008985535728,-0.024064426851452693,-0.027732287634086753,-0.0781380352854337,rohrwild_nonlocal_exact_post_borel,-0.2897978763618875,-0.041542260752509455,17.670257760075184,0.5354786151845865,4.3624724090743126,-0.057172521785018623
lattice_fperp_s,theta_fixed,3.8633636796382396,2.5197269252389978,35.3,-0.15115253534725853,-0.18221714156541094,-0.33278924489346356,0.17922165987210478,-0.0012778227397717025,-0.027371733804280454,-0.014403657176514274,-0.0490411286717066,rohrwild_nonlocal_exact_post_borel,-0.2360589037838005,-0.01806570138587657,11.698770967475815,0.10124564382258198,4.939867047914273,-0.053104781812338
lattice_fperp_s,theta_fixed,5.895633602192947,2.5310083914745922,35.3,-0.23651425792281555,-0.24077059769410428,-0.41820622342533303,0.19790463937363542,-0.0011446248215802879,-0.019324388820826387,-0.03438638780902881,-0.07633740373572533,rohrwild_nonlocal_exact_post_borel,-0.3331735025803319,-0.05389705087581237,23.34766767658691,0.9012165736810529,5.21449060965239,-0.05161123144432988
lattice_fperp_s,theta_fixed,3.0639954090900803,2.554963782048467,35.3,-0.16526906397386937,-0.26032802008373246,-0.484362442315322,0.28385161312961665,-0.0023554977901128547,-0.05746169310791432,-0.011504112780938434,-0.038210939196225285,rohrwild_nonlocal_exact_post_borel,-0.3079654716335027,0.01555023565960953,19.918838324734484,0.07498663389034582,4.5349835221729755,-0.05455110200717786
lattice_fperp_s,theta_fixed,4.880210479196995,2.586200972193518,35.3,-0.19909511835419125,-0.30766522935731067,-0.4389284692210008,0.15915590218946246,-0.0013454069196011773,-0.02654725540617113,-0.02748247737688887,-0.08588682994022442,rohrwild_nonlocal_exact_post_borel,-0.3661457909576411,0.01529768845150789,28.163865095169033,0.0726128784402638,5.3359578226092115,-0.057715547686313005
lattice_fperp_s,theta_fixed,3.51065433067926,2.5538757960175467,35.3,-0.1456839891507233,-0.3065737712939546,-0.4536198759518844,0.17826972142001288,-0.0013090273420308645,-0.029914589420052193,-0.01445961767519303,-0.054921436815638824,rohrwild_nonlocal_exact_post_borel,-0.33439098276698365,0.05825781135948113,23.507399361430068,1.0535654111175285,7.164549097845102,-0.05594693062858675
lattice_fperp_s,theta_fixed,3.1501662499024743,2.5336600425821034,35.3,-0.10855751665101636,-0.24152978999182753,-0.3892692509603428,0.18925421948267454,-0.0016623642305396713,-0.039852394283619544,-0.008481437520214501,-0.04639876249024468,rohrwild_nonlocal_exact_post_borel,-0.2598523294174265,0.05097196063787704,14.203395243593596,0.8065269561117732,5.473867060745847,-0.058684449121357576
lattice_fperp_s,theta_fixed,3.7193460375533265,2.564121746517875,35.3,-0.19110743567159116,-0.23583148635092807,-0.43439300191365243,0.2363312638166789,-0.001619576555329624,-0.03615017169862499,-0.01789500094279919,-0.04695126078099158,rohrwild_nonlocal_exact_post_borel,-0.3029038297146779,-0.0196929395378333,19.30487278490677,0.12032623699713627,5.14561579771059,-0.05437413303761562
lattice_fperp_s,theta_fixed,5.291133203661277,2.528560482569548,35.3,-0.16107740524671205,-0.22047760746881742,-0.39403293773026016,0.20224990029982448,-0.0014922130442635534,-0.027202356994118163,-0.023900476830449217,-0.07092126840713005,rohrwild_nonlocal_exact_post_borel,-0.2730198699639644,-0.004056658852727102,15.602663935876713,0.0051080633361949845,4.357602996010597,-0.057672249886831305
lattice_fperp_s,theta_fixed,4.525140664775215,2.510437903147494,35.3,-0.14824923817910013,-0.20057261199655277,-0.4213037491106534,0.25177401957319545,-0.001505346892799792,-0.029537535566295015,-0.01933829872307726,-0.04969395798602176,rohrwild_nonlocal_exact_post_borel,-0.24936180078178888,-0.005089362893987925,13.087040348758325,0.008041720478162316,5.053916017291384,-0.05578594910532324
lattice_fperp_s,theta_fixed,5.4382026721304415,2.5623120408442834,35.3,-0.17768874378129462,-0.23632173385862962,-0.38811572105534503,0.17564542378457407,-0.0012425635604018338,-0.022608873027456847,-0.03416589474245193,-0.07979488208139215,rohrwild_nonlocal_exact_post_borel,-0.29554984571609527,-0.008458147416298162,18.364317994432074,0.022199534938188138,4.423146818526972,-0.05138615074766401
lattice_fperp_s,theta_fixed,4.103373571212501,2.5996348184799087,35.3,-0.18723039846235245,-0.21315361508633177,-0.40279832961850576,0.21848089141569363,-0.0012611486845913978,-0.027575028198928226,-0.02474525532266249,-0.05598615773134596,rohrwild_nonlocal_exact_post_borel,-0.282155191001265,-0.02963332454826871,16.698955591412126,0.2726243474761193,5.536866254445378,-0.05590567307545161
lattice_fperp_s,theta_fixed,5.287156185397187,2.5366351949179715,35.3,-0.2202134923817014,-0.2576119842738041,-0.4315101332074467,0.1973197126961447,-0.0012150866887587605,-0.022206477073743434,-0.03242714197308587,-0.07473787777368247,rohrwild_nonlocal_exact_post_borel,-0.3374988695858757,-0.030861459730356144,24.00825938491947,0.2954748383290105,5.338237729788183,-0.05265051335392518
lattice_fperp_s,theta_fixed,4.177842061975111,2.581759516250159,35.3,-0.22295643565854475,-0.3076331381634029,-0.42679342666939735,0.15277747814491235,-0.0014994077524494564,-0.032117781886468404,-0.023510077202588478,-0.07655184792454114,rohrwild_nonlocal_exact_post_borel,-0.37990804426013713,-0.004194973690480386,30.3325007270134,0.005458786931670803,4.782304133071615,-0.053655561280796224
lattice_fperp_s,theta_fixed,3.404293938666311,2.5438014014837655,35.3,-0.12066119725193376,-0.2610282256411281,-0.4243967401536493,0.20615225329516318,-0.0017647836033407333,-0.041018955179301264,-0.01334519564437865,-0.05082194010496647,rohrwild_nonlocal_exact_post_borel,-0.28275993981692255,0.052361011624643766,16.8466953379801,0.8506614030744485,4.874318141438454,-0.05425698805190569
lattice_fperp_s,theta_fixed,4.965824387429431,2.5841790760042023,35.3,-0.2323718684025669,-0.2387533219459039,-0.4436355540833982,0.2213720997225141,-0.0008066630131044638,-0.015683204571915417,-0.030733681962736997,-0.06618317388149486,rohrwild_nonlocal_exact_post_borel,-0.3291334166452265,-0.05168198924716483,22.88637144569664,0.8289956946708774,8.505474059380493,-0.05456039941449503
lattice_fperp_s,theta_fixed,5.495082802056634,2.538137273787211,35.3,-0.21176921929491596,-0.26080500551740066,-0.41885653621427693,0.1856617605105336,-0.001466328205434482,-0.026143901608222848,-0.028769036291605155,-0.08008849541283408,rohrwild_nonlocal_exact_post_borel,-0.335225226663124,-0.022124659372897565,23.61385174900315,0.15188255583457475,4.465762386624153,-0.055713669313459224
lattice_fperp_s,theta_fixed,5.202316577468048,2.5632844236390335,35.3,-0.16147025132221624,-0.29243137425889537,-0.4386678706491122,0.17286588195548824,-0.0013668212717461762,-0.025262564293525157,-0.026528185132965156,-0.08045726613546121,rohrwild_nonlocal_exact_post_borel,-0.33197105288914774,0.03720175744069765,23.080196868998915,0.42941494239710987,4.9836978740554505,-0.05363525964468107
lattice_fperp_s,theta_fixed,5.399221050417022,2.560863974271537,35.3,-0.1633087641324061,-0.20551379017950888,-0.3741322860706814,0.19427458132634653,-0.0013224236209406963,-0.024333661814233347,-0.028245078136569915,-0.07404533178100764,rohrwild_nonlocal_exact_post_borel,-0.2620967439279025,-0.014524710626810086,14.425847870471337,0.06545494835451036,4.331125395507085,-0.056098999859955416
lattice_fperp_s,theta_fixed,4.514730702532274,2.506334263848658,35.3,-0.17597569361099477,-0.24133207816711683,-0.3970906413624518,0.18041017785747016,-0.0012015175777296372,-0.023450097084405527,-0.01984546413473322,-0.06263056220440409,rohrwild_nonlocal_exact_post_borel,-0.2986490769436366,-0.004164797119177416,18.72028502829374,0.005380866759670401,5.690399169798833,-0.05231932901057617
lattice_fperp_s,theta_fixed,4.214903842697101,2.548400978187092,35.3,-0.17551889022425973,-0.24293401945840915,-0.44872273055711676,0.23402120489354217,-0.0012883030316109714,-0.026944190763223592,-0.023031249093362113,-0.0551534554150595,rohrwild_nonlocal_exact_post_borel,-0.2996925141286928,-0.0028662887149989713,18.86440004970345,0.0025495976592455724,6.1152642704096944,-0.05437531531800191
lattice_fperp_s,theta_fixed,5.683195111104741,2.5409705583168347,35.3,-0.21046534716644438,-0.23596336301069923,-0.4248633859747396,0.2155123384570014,-0.0014359756108109792,-0.02517633988215008,-0.03111380061304883,-0.07432757756268467,rohrwild_nonlocal_exact_post_borel,-0.31419757596341336,-0.03541545284090089,20.796948487536607,0.38901692560893075,4.492362807295117,-0.05550661856963092
lattice_fperp_s,theta_fixed,5.126533306064195,2.550329962911212,35.3,-0.21097006328018741,-0.22256599817197106,-0.38846461478918964,0.19112362163259258,-0.0012794382174497994,-0.023945566797924155,-0.02815180832492297,-0.07008530474559543,rohrwild_nonlocal_exact_post_borel,-0.3035551369649847,-0.043569140052352295,19.35589798000915,0.5893374721466736,4.793688880934168,-0.05480423554712101
lattice_fperp_s,theta_fixed,3.500690005810698,2.5297443730069444,35.3,-0.128032768166427,-0.2737524860914761,-0.4467339996834159,0.21606772525972726,-0.0018228161276182054,-0.041263395540169286,-0.013015633603763328,-0.04940116377185605,rohrwild_nonlocal_exact_post_borel,-0.2974044055330455,0.05369760641925937,18.624182610683405,0.8945974996682708,5.001952179809506,-0.05412212038453745
lattice_fperp_s,theta_fixed,5.496072193905179,2.562422541506268,35.3,-0.22992015410681824,-0.1886422769982709,-0.40898837977560243,0.23759854580511977,-0.0009007740329203114,-0.016351668994867927,-0.03314091205138249,-0.061886840882112736,rohrwild_nonlocal_exact_post_borel,-0.2868191673866583,-0.0786381024390817,17.28244947580891,1.9188851877808404,6.7379873309712055,-0.05464389151922465
lattice_fperp_s,theta_fixed,3.9655825888835237,2.5765720702250583,35.3,-0.14124472830483834,-0.21692684964789666,-0.4140862652944047,0.2209963957479423,-0.0010388433244537146,-0.02279813677698054,-0.01822272662053301,-0.053038702552434175,rohrwild_nonlocal_exact_post_borel,-0.2586614994502432,0.010077701832293631,14.131956186700368,0.031512499407255846,7.226921834285286,-0.055544989240629596
lattice_fperp_s,theta_fixed,4.607098799626143,2.565212369270561,35.3,-0.16798782803060777,-0.17700725213448013,-0.4891763601538485,0.3425263997125236,-0.0014318221215216791,-0.02892546957163348,-0.024067585948247372,-0.0423162171446306,rohrwild_nonlocal_exact_post_borel,-0.24153531941485773,-0.03481619091461781,12.224997714507447,0.3760613258345808,5.695022104539849,-0.05602228556171753
lattice_fperp_s,theta_fixed,4.263459764863351,2.5508969554046566,35.3,-0.16195750381842153,-0.203509862126904,-0.37987569493833995,0.19367486989305738,-0.000792380471148835,-0.01651665661047257,-0.02379840674298602,-0.05572618990852762,rohrwild_nonlocal_exact_post_borel,-0.25968042684139264,-0.014579881394497465,14.098352354220962,0.0659964965954312,8.433501556143804,-0.055206632433615656
lattice_fperp_s,theta_fixed,5.430458010215726,2.593591465779813,35.3,-0.22852255473874655,-0.22563359169984687,-0.42818235480925826,0.2248660831268961,-0.001130277097551144,-0.021187042919933535,-0.03658747861524364,-0.07354895658140413,rohrwild_nonlocal_exact_post_borel,-0.3162015563704255,-0.056121755822650804,21.03994302691503,0.9775462756975981,5.523638177369583,-0.05585984269217647
lattice_fperp_s,theta_fixed,5.631145890737181,2.5682982195122017,35.3,-0.17299484744961013,-0.2817204291236999,-0.4093607866788334,0.15083305484593224,-0.0012271742325812847,-0.021965523058217473,-0.03168184675105358,-0.09430164744381564,rohrwild_nonlocal_exact_post_borel,-0.3298890236791836,0.021606700019913105,22.96332157607429,0.14494578366245395,4.860337081105724,-0.05427885622110423
lattice_fperp_s,theta_fixed,4.058318842272704,2.5222761923790054,35.3,-0.1644908047622913,-0.24683829883779965,-0.4300187674934246,0.2176637582698746,-0.0015620519883175227,-0.03292123762593212,-0.018879777280386964,-0.055179290430291086,rohrwild_nonlocal_exact_post_borel,-0.29650628002583684,0.008390263984234064,18.428114029790677,0.021852418124457863,5.218748461652001,-0.05606921704860673
lattice_fperp_s,theta_fixed,5.4045893356046095,2.5688894850842265,35.3,-0.2062703947278036,-0.2472227224983629,-0.4127873460049391,0.19273192243680962,-0.0013853474926924167,-0.025781951437540983,-0.03516583707554077,-0.08265517173412106,rohrwild_nonlocal_exact_post_borel,-0.32096267723092664,-0.02548548774150647,21.662356914638444,0.20163210509185742,4.419257146161113,-0.05580153352156198
lattice_fperp_s,theta_fixed,4.737495468227122,2.593069891772177,35.3,-0.18065525758167048,-0.26398653873660566,-0.4138124792968261,0.178152922543445,-0.0013477379963498337,-0.026979243986874773,-0.02635817500465077,-0.07402033973805727,rohrwild_nonlocal_exact_post_borel,-0.31984235551663054,0.005107087585544012,21.351829474317295,0.008092433770318923,5.099907259214011,-0.05708762461455984
lattice_fperp_s,theta_fixed,5.663410045487804,2.5280770260904437,35.3,-0.1651256316561487,-0.21358454774916485,-0.38282048387989,0.18987269091105777,-0.0011251446893830745,-0.01951161009094956,-0.030124927833425307,-0.0715643533057804,rohrwild_nonlocal_exact_post_borel,-0.2697334833120122,-0.011343775712955681,15.258637244367767,0.03991908799089565,5.330513029839934,-0.05571187876561722
lattice_fperp_s,theta_fixed,5.21284916812945,2.527337908018118,35.3,-0.09850537755257022,-0.2281429633059536,-0.35708908479431634,0.14920332971814249,-0.0010521766072157147,-0.019205031622564078,-0.01708248226371951,-0.07847991498026397,rohrwild_nonlocal_exact_post_borel,-0.2431181317277959,0.051440209350100574,12.451375646581551,0.8210979015540547,5.9760088730674115,-0.05983744480909543
lattice_fperp_s,theta_fixed,3.810834033393717,2.5663477590971224,35.3,-0.1604047161827222,-0.2659230396282735,-0.3880083668432107,0.16760648119645247,-0.001956257573418,-0.04356489640809725,-0.016468078587728068,-0.06551561168601233,rohrwild_nonlocal_exact_post_borel,-0.30972087694226835,0.022753337445575894,20.019490768338294,0.16055491792898463,3.6799553990290277,-0.05492467835451237
lattice_fperp_s,theta_fixed,3.0190539836092958,2.5638029083039324,35.3,-0.14432256352160358,-0.22805839901288777,-0.46914637175717755,0.29256096129722203,-0.002010549589662395,-0.049462438963269954,-0.012245948706153049,-0.03315057925663434,rohrwild_nonlocal_exact_post_borel,-0.2695249258694492,0.01399821548758047,15.36095220475592,0.06082111576966998,5.295450829766349,-0.055343589199091214
lattice_fperp_s,theta_fixed,3.9813172537309827,2.5287673962572104,35.3,-0.11326060957875576,-0.22080560626494644,-0.39463317075125204,0.20737569400370784,-0.0015122896036428373,-0.032035839913759426,-0.013801332016525867,-0.052182685403411734,rohrwild_nonlocal_exact_post_borel,-0.24565626216066963,0.03515796213420595,12.632815175163651,0.3832966428840327,4.9593753783073184,-0.05467578975089506
lattice_fperp_s,theta_fixed,4.6441929164274995,2.5606271222999237,35.3,-0.21441844752042444,-0.2737751828666073,-0.4164409925795951,0.16797575542806367,-0.001204373258641828,-0.02410557245643411,-0.027819518500680287,-0.07609748141219352,rohrwild_nonlocal_exact_post_borel,-0.34734155267665984,-0.01679187824159109,25.332965282960206,0.08749793496516067,5.447783872927053,-0.052725431887165115
lattice_fperp_s,theta_fixed,4.274389384493125,2.5547671378898396,35.3,-0.1894823058683906,-0.2059394967501542,-0.3722260678201186,0.1931170418485791,-0.001218398477842659,-0.025612072300772084,-0.02355317300242257,-0.06057118749244279,rohrwild_nonlocal_exact_post_borel,-0.2775687597118088,-0.03563992411548139,16.17612191322107,0.39403464591588083,5.288076351511591,-0.05564748876222078
lattice_fperp_s,theta_fixed,5.2996995991266385,2.5430795050925004,35.3,-0.177515643390572,-0.2435908133491128,-0.38667578684928283,0.16350223033120304,-0.0010512481353284803,-0.0193660086957045,-0.0313969499594444,-0.0816968927371546,rohrwild_nonlocal_exact_post_borel,-0.3013823873529965,-0.0041163806747464005,19.194993104340636,0.0052589250189369096,5.613182803302485,-0.054538249678051896
lattice_fperp_s,theta_fixed,5.343619002035015,2.553536119203379,35.3,-0.18976764231868273,-0.21849164232717738,-0.3752401950636231,0.17375793679696627,-0.0008813322198845429,-0.016128051840636013,-0.030820564066670077,-0.07468420193707728,rohrwild_nonlocal_exact_post_borel,-0.28797792139669165,-0.028619444894330326,17.468224445981757,0.2543966079960677,6.4270925887561745,-0.0538146972519704
lattice_fperp_s,theta_fixed,3.0908301007236254,2.578704849843655,35.3,-0.14029091003674882,-0.23586774547140285,-0.4629939990834122,0.2706264671775248,-0.0017097185311914253,-0.04179049503432406,-0.010392796707551413,-0.03645400362325607,rohrwild_nonlocal_exact_post_borel,-0.27356870536310707,0.02180128983925339,15.822504706714774,0.14750052668708205,6.061660490820992,-0.05617821092502468
lattice_fperp_s,theta_fixed,5.435698191612485,2.537882749162364,35.3,-0.1987006906083028,-0.27573503125067933,-0.431908853539493,0.1816400373714538,-0.0013527500132883559,-0.024113465069351726,-0.028258279663072688,-0.07927242173109544,rohrwild_nonlocal_exact_post_borel,-0.33985843294388285,-0.002831512662494623,24.210537478304587,0.0024903289287127334,4.991136565075692,-0.05453237446757782
lattice_fperp_s,theta_fixed,3.8683291736059653,2.571329906136178,35.3,-0.163541817163582,-0.2392521141126906,-0.451232990659514,0.2456867388756858,-0.001456412518391491,-0.03224944981047092,-0.018157647958812966,-0.05111938708908338,rohrwild_nonlocal_exact_post_borel,-0.2897665297870239,0.0047810337526746904,17.55549676454702,0.007089280103677118,5.851138342476226,-0.05667280487670025
lattice_fperp_s,theta_fixed,3.6048511638051504,2.58352240689023,35.3,-0.19425265196086103,-0.21556734863635774,-0.4150976483103224,0.24612489923886596,-0.0019280946471341967,-0.04466650491776705,-0.0166084020042431,-0.04781880688445489,rohrwild_nonlocal_exact_post_borel,-0.2881829924083458,-0.03396965526036069,17.41871210447988,0.35813282962803134,4.320290174616418,-0.05869166918044187
lattice_fperp_s,theta_fixed,4.157126714772224,2.5459004876824682,35.3,-0.19040710135210145,-0.2462638843402566,-0.44830965949809193,0.2344689916221059,-0.0014714121242642175,-0.030951804340006297,-0.018497087147969327,-0.05571789036370189,rohrwild_nonlocal_exact_post_borel,-0.311013408342311,-0.013092929655337926,20.316796891629338,0.053151529652115455,5.567428361946468,-0.055956488123476894
lattice_fperp_s,theta_fixed,4.809772534080942,2.597693224736282,35.3,-0.20882547399028867,-0.2414139151853091,-0.4035733854297772,0.1892641280316492,-0.001290168566849238,-0.025814489220331943,-0.02699597793142502,-0.0731007056355586,rohrwild_nonlocal_exact_post_borel,-0.3176983632619421,-0.03092744756767765,21.297538804638542,0.29689496466958726,5.105683615827463,-0.057677828164772835
lattice_fperp_s,theta_fixed,3.7459552429930385,2.5747083380407907,35.3,-0.15680673761556965,-0.19874651986948907,-0.4012291891107406,0.22996733068785524,-0.0011691286405636234,-0.026315532806040022,-0.017865554556487872,-0.04574134909267287,rohrwild_nonlocal_exact_post_borel,-0.25281647464896423,-0.013128681119630947,13.370275670473065,0.053463457149378495,6.64502318420235,-0.0568276628626057
lattice_fperp_s,theta_fixed,3.1085755226789837,2.5064923603111233,35.3,-0.12971270310883823,-0.2516430960690785,-0.39633754950935185,0.1951731943477804,-0.002043559204385745,-0.04843518170312124,-0.009762452797803545,-0.04388350702880073,rohrwild_nonlocal_exact_post_borel,-0.28033086445696415,0.039550468768957334,16.50907184202044,0.4853969884509969,4.370426228858727,-0.05390926502985651
lattice_fperp_s,theta_fixed,4.415583867697094,2.5460697765872236,35.3,-0.1656423667253349,-0.257703019116737,-0.4100301261195049,0.187858240863448,-0.0016682745364033308,-0.03386285932427678,-0.020919025153198465,-0.06580280453827411,rohrwild_nonlocal_exact_post_borel,-0.3060388255114786,0.013728692428865735,19.70682211448802,0.05849346986951993,4.364852822826634,-0.05600156569940361
lattice_fperp_s,theta_fixed,4.383833629832633,2.5488984793719935,35.3,-0.14435979315084188,-0.21417665605735253,-0.40730318991681647,0.21721962321953278,-0.0011344479528565038,-0.022958641407212363,-0.01912723628618896,-0.05322779035089254,rohrwild_nonlocal_exact_post_borel,-0.25821702705271476,0.005946159981106314,13.960780791417664,0.010968570830063017,6.431732563811609,-0.055278991872052013
lattice_fperp_s,theta_fixed,5.617870062345424,2.5796680737039797,35.3,-0.1710419558150576,-0.2500748072575278,-0.40670182262039645,0.1820819189191105,-0.0013426448164270439,-0.024112258739814756,-0.029115414290032754,-0.08316528895974465,rohrwild_nonlocal_exact_post_borel,-0.302933348792117,0.004913864418499614,19.365202830250603,0.007497243159120085,4.578000914864944,-0.05633354848397292
lattice_fperp_s,theta_fixed,3.5164153655987445,2.572473410540824,35.3,-0.14394432473868005,-0.2918481414415424,-0.41392246555144874,0.16329066114850807,-0.0017094445905768542,-0.03950689244802481,-0.01610660372040329,-0.05979297745631272,rohrwild_nonlocal_exact_post_borel,-0.32136756436245567,0.05116829939620862,21.742067311721534,0.8128526606874085,4.727841838207235,-0.0543121523370404
lattice_fperp_s,theta_fixed,3.2718798616755818,2.543904783687488,35.3,-0.13978653633474197,-0.24774467059060862,-0.4236668094933133,0.2221456894028526,-0.0018801677906299147,-0.04434338270951801,-0.011918751439478448,-0.04458929389939185,rohrwild_nonlocal_exact_post_borel,-0.28297045421821504,0.029076099911274078,16.703297262944922,0.2623610403802804,4.858924011979735,-0.05553763685634042
lattice_fperp_s,theta_fixed,5.638562988113268,2.51439951853522,35.3,-0.17266229075871925,-0.22536227810137782,-0.36031367312500745,0.1596362809979703,-0.0013595550102912827,-0.02332533096404938,-0.026741193260399854,-0.07824461232159538,rohrwild_nonlocal_exact_post_borel,-0.28370084770308096,-0.01068887522822401,17.001762566851703,0.03547687197090378,4.151394205652007,-0.05420563913259564
lattice_fperp_s,theta_fixed,3.394550483718884,2.5444919213183472,35.3,-0.12739455949413928,-0.20584730484190228,-0.3716570696669448,0.20640108104334273,-0.0016911228345134258,-0.03890019338378681,-0.011432347722758808,-0.041541474540642234,rohrwild_nonlocal_exact_post_borel,-0.24161564080683268,0.014978945786818451,12.2638968992365,0.06958856926981988,4.738778660089715,-0.05564269442361705
lattice_fperp_s,theta_fixed,4.9393510532794025,2.59275879075837,35.3,-0.18997939265184235,-0.22608678408446786,-0.4146530786844585,0.2166137845528551,-0.0013558805658565151,-0.026691609387007927,-0.02517292813602322,-0.06894909558791984,rohrwild_nonlocal_exact_post_borel,-0.29429896363128594,-0.024403351728210038,18.093813494977624,0.18486448616886972,5.009751226855902,-0.05869086406015187
lattice_fperp_s,theta_fixed,4.254088906473187,2.506845699344843,35.3,-0.1599093025599741,-0.21229628464901926,-0.39140457183233884,0.20359559811248606,-0.0011359458967263563,-0.023351365032440136,-0.023652420910848845,-0.05592320618685548,rohrwild_nonlocal_exact_post_borel,-0.2656677878305521,-0.007830966109969764,14.841124275197902,0.019028530222110398,6.230847786406862,-0.05542314048237574
lattice_fperp_s,theta_fixed,5.483472946131537,2.5014445663556715,35.3,-0.14475440708659681,-0.20067963201904673,-0.36275774352927626,0.18194421776918185,-0.001085124985092149,-0.018780981273860162,-0.023455170933903362,-0.06669688474136341,rohrwild_nonlocal_exact_post_borel,-0.24742962905230187,-0.0021752575324552326,12.83207576232953,0.0014684970736251665,5.562337056045051,-0.05590018879333413
lattice_fperp_s,theta_fixed,4.727019857942903,2.544379133861432,35.3,-0.1933947385098019,-0.2532725561231127,-0.44641953313731697,0.2195547360753542,-0.0012732220340311842,-0.02513453702711878,-0.02556221965278056,-0.06705710741596055,rohrwild_nonlocal_exact_post_borel,-0.3184598777513027,-0.011481238218732565,21.215750613800576,0.04092411486806964,5.86845856325331,-0.05638268789971101
lattice_fperp_s,theta_fixed,4.011798732611918,2.5333594436332914,35.3,-0.1437961125734977,-0.18542516022857852,-0.36063776096900335,0.2027696865225183,-0.0012268137869611727,-0.02633027199513235,-0.01773603599598157,-0.05157036186517748,rohrwild_nonlocal_exact_post_borel,-0.23442612341648417,-0.010208070188012633,11.59103725323306,0.032348788708178436,5.607596652171209,-0.057535362206002506
lattice_fperp_s,theta_fixed,4.397250898541205,2.5883719426397485,35.3,-0.201453550945098,-0.3075355462418009,-0.4224916333007615,0.14614249424189393,-0.0014283604132077827,-0.029758046769725575,-0.024488912325494754,-0.07947001818300753,rohrwild_nonlocal_exact_post_borel,-0.36740278994652487,0.013297944583347626,28.255386401342705,0.05485746800899437,4.978833684909204,-0.05531029693015725
lattice_fperp_s,theta_fixed,3.8157850211605897,2.5211167141078934,35.3,-0.10885708296641641,-0.1802740380573184,-0.41282800273282244,0.2634190368232008,-0.001370406087690609,-0.02949466606000612,-0.010923336510414869,-0.037856307990881834,rohrwild_nonlocal_exact_post_borel,-0.21003231433441047,0.015330370014456474,9.257799292052725,0.07289058632111683,6.349775327571254,-0.05831918963597487
lattice_fperp_s,theta_fixed,5.081318221108265,2.5835303608149967,35.3,-0.22659517310863325,-0.2522852544837428,-0.4089226184866611,0.1817111559976877,-0.0012466643447949415,-0.023827127649974435,-0.03241767659543635,-0.07529359239418917,rohrwild_nonlocal_exact_post_borel,-0.3368392280364457,-0.03914788068171299,23.836888904584143,0.4755495240329694,4.9743318278123585,-0.053649673139306166
lattice_fperp_s,theta_fixed,3.618862026126427,2.54893111532326,35.3,-0.13707180122017878,-0.24277891335313803,-0.4232904526711225,0.21914891337137168,-0.0016440185758000803,-0.03699335547758714,-0.014553631718896832,-0.04888610265218815,rohrwild_nonlocal_exact_post_borel,-0.2773489826893707,0.028422196604869707,16.189320237850588,0.2507883184294295,5.121335419139748,-0.055040489105064004
lattice_fperp_s,theta_fixed,3.001815785264096,2.5348044815621376,35.3,-0.14545767300532422,-0.22218481682730296,-0.4689033917701812,0.3060676509437229,-0.0023361770825130355,-0.057012898918331646,-0.009607480578025504,-0.03228429076101231,rohrwild_nonlocal_exact_post_borel,-0.2653872063290463,0.009677715720676244,14.820016518649155,0.029061197120057856,4.680139430004052,-0.05583531731799781
lattice_fperp_s,theta_fixed,5.912360473931519,2.505073787437861,35.3,-0.1543713377895676,-0.18951824334436887,-0.39484056753169616,0.2273963947890372,-0.0012518921655190044,-0.020822178436190934,-0.029567424764236613,-0.06239124075447348,rohrwild_nonlocal_exact_post_borel,-0.24387761692728177,-0.016473689724716023,12.476026116216312,0.08424541611731771,4.948751173673219,-0.055633349532191866
lattice_fperp_s,theta_fixed,3.5924632234640965,2.5272286258640078,35.3,-0.14672391662328438,-0.2277386667673261,-0.37317822449792093,0.18656298827270396,-0.0017650907513696963,-0.03935833979073939,-0.011811111268397456,-0.05021311333318543,rohrwild_nonlocal_exact_post_borel,-0.2706516205637288,0.011853621238384113,15.340504996775428,0.043562700212613784,4.354793534940356,-0.055303431338228036
lattice_fperp_s,theta_fixed,4.559839635661182,2.5564010575235003,35.3,-0.1511913091040533,-0.2422166238179512,-0.423211363154463,0.20163504305575228,-0.0009832050395317778,-0.01965709867970868,-0.021386653950693467,-0.06269564175508965,rohrwild_nonlocal_exact_post_borel,-0.2850491423464359,0.016573812172387792,17.017961882310832,0.08523867223492362,7.3295213107894375,-0.054916852496323144
lattice_fperp_s,theta_fixed,5.424976420456604,2.596575605671097,35.3,-0.21882755789793254,-0.3794002023855434,-0.4407101493306829,0.08560396443661017,-0.001237409809098093,-0.02305660768237249,-0.035800840725160946,-0.11707933751118037,rohrwild_nonlocal_exact_post_borel,-0.4360939396074057,0.040645903895185825,39.82943064722461,0.5123795197038032,5.045730117179249,-0.05342361650140791
lattice_fperp_s,theta_fixed,3.5649017411144404,2.544142824066815,35.3,-0.15488380767871449,-0.2555694992749216,-0.4216815256344762,0.20122584069764446,-0.0014826528885653883,-0.0336311614495245,-0.013913247854316487,-0.051102774944610886,rohrwild_nonlocal_exact_post_borel,-0.2980806643969215,0.021276286174543135,18.609155617957068,0.1406231223080214,5.930626611330459,-0.05727337080748975
lattice_fperp_s,theta_fixed,5.549416425807906,2.5218898457671424,35.3,-0.13371743870966143,-0.2172879038534908,-0.3595481048824546,0.16428477154803356,-0.00119603111667875,-0.020828539402391075,-0.02391765048749451,-0.07567099814307503,rohrwild_nonlocal_exact_post_borel,-0.2546064676759695,0.016429643747855077,13.683506807824788,0.0837705073133834,4.866559952627843,-0.05603463635641742
lattice_fperp_s,theta_fixed,3.438892485426601,2.591606599714703,35.3,-0.2095605202540265,-0.3237638459959893,-0.49965299668776625,0.21173838007153628,-0.0014599054404463045,-0.03438932393931304,-0.01845101520421762,-0.05474903470833653,rohrwild_nonlocal_exact_post_borel,-0.38533198942481406,0.016059188932443624,31.22214271300673,0.08001865401862086,6.4009803484423236,-0.05206675563896782
lattice_fperp_s,theta_fixed,5.333602004557251,2.582582300845475,35.3,-0.17823500264413752,-0.23922893553937163,-0.4297907092011828,0.22049333844088473,-0.001540536220616893,-0.028391028558456655,-0.027852051692944,-0.07031610385042086,rohrwild_nonlocal_exact_post_borel,-0.29823818213847386,-0.007224021151341381,18.634172330474314,0.01619693246273568,4.182497685178885,-0.053615874150012524
lattice_fperp_s,theta_fixed,3.4076198332250085,2.573651293143744,35.3,-0.2128759941277128,-0.26306526263615315,-0.4215304716229653,0.1987676914107163,-0.001643855764853803,-0.03865862665905035,-0.017728502340188763,-0.052114647585114963,rohrwild_nonlocal_exact_post_borel,-0.3377094657365916,-0.02172183310855952,23.826958735129946,0.14635812173781088,4.827757244577523,-0.05158380280736973
lattice_fperp_s,theta_fixed,5.923506191549038,2.5562734311877358,35.3,-0.15718955912111607,-0.20670401448657,-0.38441427374421017,0.19946090984975465,-0.00119170980701758,-0.020558940785096968,-0.033794161681506604,-0.07547041765198706,rohrwild_nonlocal_exact_post_borel,-0.2595321014545825,-0.008842817205127543,14.124484966222088,0.024281411421300563,4.775679402469259,-0.056207868995491114
lattice_fperp_s,theta_fixed,4.7235850259800785,2.503567442884116,35.3,-0.16815922562815058,-0.2876375417323819,-0.39516152467773524,0.13482638148625523,-0.0013579951334047368,-0.02594440340749723,-0.025590908801486113,-0.07903350353258012,rohrwild_nonlocal_exact_post_borel,-0.33192390076570066,0.028972481395080796,22.941455329138886,0.26044387033754035,4.762466942528638,-0.05170448196156878
lattice_fperp_s,theta_fixed,5.386233454647265,2.5009653396999822,35.3,-0.1775562387125922,-0.27596557761844,-0.3883142262998136,0.13114721722371733,-0.0010144788843717734,-0.017784089657971902,-0.02471929271857236,-0.08494716657970516,rohrwild_nonlocal_exact_post_borel,-0.32782810775952215,0.014558492327620909,22.604270107673685,0.06580724137625366,6.311364832081211,-0.05510071425522746
lattice_fperp_s,theta_fixed,3.205687139150704,2.5286729606407454,35.3,-0.08733330634902615,-0.22162687266446576,-0.437294748308734,0.2629853288661175,-0.0019298208482698216,-0.04538763237357941,-0.008022902612806486,-0.03580587072159255,rohrwild_nonlocal_exact_post_borel,-0.2313442386897848,0.05679278396000724,11.247535210970435,1.0007851184450618,5.386348458171874,-0.05855913435373489
lattice_fperp_s,theta_fixed,5.57425572049618,2.503462298475992,35.3,-0.18847524545484975,-0.1580969574183516,-0.3706684961068587,0.23809038464974658,-0.0013787150094078755,-0.02414013095183156,-0.030719800487498467,-0.0560508894080998,rohrwild_nonlocal_exact_post_borel,-0.23794072742005673,-0.0624642003792589,11.894997071220065,1.2105992199296671,4.1784534257553165,-0.05523935548516217
lattice_fperp_s,theta_fixed,3.707282767686399,2.5710711395419557,35.3,-0.19728440039251513,-0.25815763579266837,-0.42626983638269833,0.20615012851253833,-0.0016086020576984979,-0.03642932586480989,-0.018468156494310467,-0.05539873092707083,rohrwild_nonlocal_exact_post_borel,-0.32469444567536315,-0.011832856961143196,22.11334344650535,0.04342936161240418,5.177630906313831,-0.05706286944278593
lattice_fperp_s,theta_fixed,3.412151910020026,2.5229938057604073,35.3,-0.0805390221748383,-0.19516813888648982,-0.3703507708685808,0.22764680555022435,-0.0022082562701602228,-0.050255917297973095,-0.007917361196942738,-0.04029002933277484,rohrwild_nonlocal_exact_post_borel,-0.20582414255537235,0.0470484736271119,8.895714500629353,0.6866744594375411,3.6855813005645683,-0.0563148553069071
lattice_fperp_s,theta_fixed,5.304300117379001,2.521099322620479,35.3,-0.1976889253576484,-0.2535425512982424,-0.36746648549412547,0.13722091647544252,-0.0012294599665026715,-0.02206752231305688,-0.025725625813458133,-0.08389847696620219,rohrwild_nonlocal_exact_post_borel,-0.32116165957342174,-0.014829866753592463,21.67254049407898,0.06823676403214772,4.745679837832501,-0.0539825956233248
lattice_fperp_s,theta_fixed,3.183916944912001,2.5954507209021025,35.3,-0.1447902916133789,-0.262029605015585,-0.44296646379391624,0.23865555990039564,-0.0022827317495319162,-0.055435969372532395,-0.011984146136780352,-0.04438723841186555,rohrwild_nonlocal_exact_post_borel,-0.2975203843125779,0.033247005408107475,18.507131146632528,0.3430064189613261,4.009466544653564,-0.05367310929906446
lattice_fperp_s,theta_fixed,5.403055337913058,2.558274468600493,35.3,-0.20820307536290716,-0.24376000770430287,-0.3696669506792996,0.15035062214738668,-0.001271325444720625,-0.023172353727669313,-0.028707558752595345,-0.08531416324917572,rohrwild_nonlocal_exact_post_borel,-0.3192534397642605,-0.02906377720224762,21.540604564737777,0.26212788704453094,4.526345915585848,-0.05609716019800688
lattice_fperp_s,theta_fixed,4.393868688553461,2.5010333667959115,35.3,-0.16877113888022396,-0.2298328395141771,-0.3821985621259315,0.17362612478685738,-0.0010055056007375008,-0.020254896574365466,-0.021367955122855966,-0.06465211876176676,rohrwild_nonlocal_exact_post_borel,-0.2851009091402056,-0.0049298119138122265,17.14125970621353,0.00754027747485152,6.943702099473077,-0.05693006643380922
lattice_fperp_s,theta_fixed,4.016281223423436,2.572671640418036,35.3,-0.2274999350679836,-0.17489365943630758,-0.4390199023917101,0.2999013119900804,-0.0015608855681703922,-0.03421418346650745,-0.02327107147058802,-0.041061822741553865,rohrwild_nonlocal_exact_post_borel,-0.274199861758435,-0.08460761418817456,15.738413839397271,2.2200158685158167,5.1138959673401,-0.05706891568921645
lattice_fperp_s,theta_fixed,3.6080220312646816,2.5039122195423458,35.3,-0.1956946762055568,-0.2641010767174669,-0.42535379500591597,0.2117264300913295,-0.0021757075538628816,-0.04829800424901752,-0.019999487533006313,-0.05257180402555203,rohrwild_nonlocal_exact_post_borel,-0.32862647698641134,-0.007100960640839121,22.554826196178286,0.015645416681953267,3.4648309224944933,-0.04784880023305184
lattice_fperp_s,theta_fixed,4.757970251980926,2.5815165659646406,35.3,-0.22018535165661254,-0.25000285039804715,-0.4206273986117844,0.19031855491052138,-0.0009298152567832938,-0.01876419144000082,-0.032547178590645244,-0.07491319130432084,rohrwild_nonlocal_exact_post_borel,-0.33127250806936986,-0.03523548905186,22.879131265432317,0.38522559136847057,6.923394860868527,-0.05424588046077122
lattice_fperp_s,theta_fixed,3.2583537142056294,2.520624074911314,35.3,-0.12025252280525697,-0.2876158901819196,-0.45597077323364604,0.20440368896634972,-0.0014843466759920515,-0.03456445923863124,-0.010892555863449225,-0.045707033823976936,rohrwild_nonlocal_exact_post_borel,-0.30422297663620096,0.06805843087212923,19.437961416800132,1.4363607566419776,6.867636315968633,-0.05560191012481626
lattice_fperp_s,theta_fixed,4.956208531311534,2.540172908441207,35.3,-0.13477601638225695,-0.2064946459522465,-0.3787217476970314,0.19790649004699157,-0.0012876612248363263,-0.024391727077370386,-0.018078551580593544,-0.06414338333694264,rohrwild_nonlocal_exact_post_borel,-0.24640939136244577,0.009328732347058777,12.80467965035694,0.027014496691659416,5.272102628789921,-0.06015149431951701
lattice_fperp_s,theta_fixed,4.3857839911215795,2.570914595244865,35.3,-0.1941732757212022,-0.19856203027097447,-0.3664889181166533,0.19968526272123294,-0.0014533709335742926,-0.030305003941979835,-0.02298726921915808,-0.06090773319916271,rohrwild_nonlocal_exact_post_borel,-0.27425844469379423,-0.043731526199921475,15.724713422550348,0.5937202745645017,4.325745073810218,-0.0565234662697465
lattice_fperp_s,theta_fixed,4.473408266105831,2.5787532473318544,35.3,-0.2299632916613026,-0.23740334659259893,-0.3737224781705064,0.16324967146349081,-0.0012465841277467303,-0.025683955757836625,-0.025905077585508907,-0.0704479862931403,rohrwild_nonlocal_exact_post_borel,-0.3266398365798602,-0.05049635278066336,22.451584967484422,0.7912595285261063,5.065349179161932,-0.05598730371378414
lattice_fperp_s,theta_fixed,5.098207046761105,2.5139774687856526,35.3,-0.20127122976551093,-0.18618641948299106,-0.3459658993774095,0.18461939281729062,-0.0012699567683913033,-0.023569956154480844,-0.03003267537582,-0.06514757809636021,rohrwild_nonlocal_exact_post_borel,-0.26825985039154693,-0.05667577435838231,15.192585315636318,0.9967089520932395,4.348914801051101,-0.0543815969720154
lattice_fperp_s,theta_fixed,5.739625052743024,2.5564458928487657,35.3,-0.14441004887201436,-0.17953113917810243,-0.3951672851519756,0.23793212622517346,-0.0012150889830375637,-0.021080891268262774,-0.025157740297010473,-0.05986779810539886,rohrwild_nonlocal_exact_post_borel,-0.22997055905145047,-0.014115031681441237,11.172380586269604,0.061795932031135925,5.054297391011058,-0.05621580269896605
lattice_fperp_s,theta_fixed,4.288334918241055,2.549426645227696,35.3,-0.16598652837369887,-0.26286852709394204,-0.4401000797347164,0.208302664275623,-0.0014203246892639497,-0.029650786945584696,-0.025588169262069936,-0.06304245720392801,rohrwild_nonlocal_exact_post_borel,-0.3104534671760621,0.01643273733901371,20.252648864949695,0.08374286121156498,5.457075081527249,-0.055976880017517626
lattice_fperp_s,theta_fixed,4.949488349123126,2.5235709449750274,35.3,-0.14666516790483788,-0.2393872679459725,-0.3809258895356168,0.15804629260866657,-0.000834603541975495,-0.015673067477046866,-0.02683464925788957,-0.07231771337657539,rohrwild_nonlocal_exact_post_borel,-0.28012453346259714,0.018632801280360864,16.491057625400032,0.1077318313258528,7.3950416222758575,-0.05345764779084203
lattice_fperp_s,theta_fixed,4.736993451327403,2.5665141790490122,35.3,-0.23495543612784262,-0.2501652463558762,-0.4485388596583906,0.22168543842528018,-0.0011155939504790713,-0.022196231172286786,-0.03207676616522825,-0.06504555097888882,rohrwild_nonlocal_exact_post_borel,-0.33994005143952,-0.0471960684550895,24.335484115698623,0.6913789802662701,6.393597576343505,-0.054268364681856106
lattice_fperp_s,theta_fixed,5.102118890122581,2.541093392384848,35.3,-0.2596254077415678,-0.22446092682437008,-0.40858638135097963,0.21111356768155592,-0.001354419987735159,-0.025633693167211216,-0.03254858395612671,-0.07050761941434673,rohrwild_nonlocal_exact_post_borel,-0.3332175212327419,-0.08218359665613181,23.397656475462476,2.094663103625882,4.494598376084713,-0.052662373952205695
lattice_fperp_s,theta_fixed,4.658008118167811,2.5307170192599555,35.3,-0.15308221494532304,-0.24029953288783398,-0.36891539596665246,0.16044699609228424,-0.0015376364309170533,-0.030293496582548707,-0.022493451932621242,-0.07410579670475656,rohrwild_nonlocal_exact_post_borel,-0.28457720673213455,0.013922767225420699,17.077766466651013,0.06013193865994629,4.1201184613350845,-0.056247131194876794
lattice_fperp_s,theta_fixed,4.37683035023767,2.5635292951321738,35.3,-0.21659883809151187,-0.25939887410331874,-0.4168710694467197,0.19051735815551116,-0.0015335163963934115,-0.03151164641571684,-0.020436476177855073,-0.06615508019568542,rohrwild_nonlocal_exact_post_borel,-0.336868462003978,-0.026878836577069604,23.78389253680235,0.2242061593410517,4.631547262108134,-0.0540967598659285
lattice_fperp_s,theta_fixed,5.0134393318441,2.5803131636667054,35.3,-0.20022833847321406,-0.2524551120663057,-0.3759753565769692,0.14665556228906498,-0.001135964404116424,-0.02199935337428513,-0.03112169384695347,-0.08365641568729194,rohrwild_nonlocal_exact_post_borel,-0.32174157876959947,-0.017530762305176556,21.71081059227704,0.09542122606610706,5.151765854481004,-0.05545484197478686
lattice_fperp_s,theta_fixed,3.436100781293702,2.5769979172402535,35.3,-0.14944701369769922,-0.27394983804271,-0.47114646298763174,0.2309187735378012,-0.001379929469813017,-0.03234221912306645,-0.014519818745334022,-0.048846242486149063,rohrwild_nonlocal_exact_post_borel,-0.3099398569295892,0.036334677007689484,20.133883807401897,0.40950568403564497,6.977206090334409,-0.056328933035878145
lattice_fperp_s,theta_fixed,4.955254252739598,2.5074215653230305,35.3,-0.17282406511373571,-0.2290628569450529,-0.4027252671223229,0.1988654388036122,-0.0012792105770894871,-0.023923818049252726,-0.022142979149805994,-0.06651813079650495,rohrwild_nonlocal_exact_post_borel,-0.2868145117469355,-0.008682497661013977,17.284990481623726,0.0233955255973816,5.391728008904212,-0.05637631222843375
lattice_fperp_s,theta_fixed,5.062536643256353,2.5983172001776484,35.3,-0.18408337124062202,-0.22903331468600244,-0.41920955697861184,0.21837549486337027,-0.0013925106775877964,-0.02680674189317305,-0.02679629402290164,-0.06784463043135461,rohrwild_nonlocal_exact_post_borel,-0.29329667708951773,-0.01788871184901958,18.196284578533877,0.09929023706720479,4.657089879442135,-0.055080635334111866
lattice_fperp_s,theta_fixed,5.606953279284582,2.552863281843788,35.3,-0.20102877454663584,-0.32262271999404585,-0.4309452698190442,0.1272676469684776,-0.001024499413649429,-0.017920597729829835,-0.02963029769714858,-0.09421131515331412,rohrwild_nonlocal_exact_post_borel,-0.37947053929329316,0.02236285895264492,30.317397067046528,0.15510642991063267,6.293171181652743,-0.052813580883035054
lattice_fperp_s,theta_fixed,4.474602743287133,2.554992910421365,35.3,-0.15812603736496805,-0.20957250950357842,-0.37148841400196314,0.18089872785775457,-0.0008904480289577563,-0.018092375330412122,-0.022074751464593183,-0.06222277735757522,rohrwild_nonlocal_exact_post_borel,-0.2624143391581998,-0.007949530586142992,14.441270442240585,0.01959306919758604,7.178840294414708,-0.05565300325913079
lattice_fperp_s,theta_fixed,3.6131951776804994,2.5808317541983796,35.3,-0.19123365035732046,-0.221721289598523,-0.40005366048241714,0.2102763487629074,-0.001335776097758494,-0.03060820178125476,-0.017665749810802763,-0.04908802520554396,rohrwild_nonlocal_exact_post_borel,-0.29146090186007095,-0.02794963286220581,17.84642589818102,0.24234782947208922,5.665101915460325,-0.05410751477969314
lattice_fperp_s,theta_fixed,5.319650783150321,2.557118961380042,35.3,-0.17284326256979246,-0.2359311831273282,-0.4291439020779415,0.21885315514406192,-0.0013307088900321512,-0.024309727303416424,-0.027204933424898457,-0.06890890089234102,rohrwild_nonlocal_exact_post_borel,-0.2924311043215733,-0.004729250775355187,17.98435388328216,0.006939394966358834,4.9646657822723945,-0.054131287022393296
lattice_fperp_s,theta_fixed,4.417303284060493,2.542591333523564,35.3,-0.2276798108268579,-0.2849614728916829,-0.4160368514704483,0.15504338296984554,-0.0011255016047296493,-0.022842502786350426,-0.02923076485300193,-0.07209177622504924,rohrwild_nonlocal_exact_post_borel,-0.36413428435600503,-0.021150892352126083,27.917929374443812,0.1387542781205391,5.793460008375506,-0.04950185894364361
lattice_fperp_s,theta_fixed,5.002948460563392,2.5107538806721417,35.3,-0.15494837560222813,-0.1765214544613937,-0.3610802315117812,0.21178146817098512,-0.0013921848156482621,-0.025830506304949322,-0.019923329443924994,-0.056904265644802214,rohrwild_nonlocal_exact_post_borel,-0.23360389466915327,-0.024454925523055906,11.555201153232261,0.185598683363162,4.508453110807534,-0.057167935750763926
lattice_fperp_s,theta_fixed,3.1348981662163595,2.5182457604152564,35.3,-0.10296097363341646,-0.25799084147084483,-0.5155915587484413,0.3086433679423395,-0.0020734236786287227,-0.0489692269861143,-0.0074169499190436415,-0.03440328582787271,rohrwild_nonlocal_exact_post_borel,-0.2700528072487867,0.06505165387156049,15.33413413399027,1.313446233275532,5.843831258314102,-0.05636743373854963
lattice_fperp_s,theta_fixed,5.540730878474568,2.510636315798982,35.3,-0.1726674375519654,-0.2803521073098412,-0.3760102867171669,0.11566957361791907,-0.0010809287260816537,-0.018930465484511726,-0.027652811242793358,-0.09489910469293354,rohrwild_nonlocal_exact_post_borel,-0.3285830885059143,0.02108321635199678,22.6696350055273,0.13787228122768241,5.71602774778545,-0.05763533612835166
lattice_fperp_s,theta_fixed,5.101739701433137,2.598154030019702,35.3,-0.2275799525400561,-0.23966259455919903,-0.42632220874864535,0.21517120443698057,-0.001393615686149491,-0.027117974561384716,-0.032756580197040766,-0.07453085598759346,rohrwild_nonlocal_exact_post_borel,-0.32710646308801095,-0.04724569647103269,22.459144345649268,0.6926382844907281,4.563204543029272,-0.0552202689082747
lattice_fperp_s,theta_fixed,4.004959833330737,2.5222990630535325,35.3,-0.1386703560461873,-0.2674033008767106,-0.42657096726222427,0.20126146839164158,-0.0018900032642034533,-0.04020379874192446,-0.01620097172373577,-0.06104932025657301,rohrwild_nonlocal_exact_post_borel,-0.29836960807426327,0.04134694599783062,18.67315455667767,0.5303396590887576,4.294969087869012,-0.056178825219469784
lattice_fperp_s,theta_fixed,4.739139972395773,2.5998486228892688,35.3,-0.25821530812118865,-0.2725386300203068,-0.40083068901674507,0.16407810457315344,-0.001690374644453194,-0.034095670932262026,-0.0328666869071378,-0.08170322489700078,rohrwild_nonlocal_exact_post_borel,-0.37164070523888654,-0.05325069399556337,28.897388491890744,0.8797105122621622,3.4287997290338867,-0.050594358620779954
lattice_fperp_s,theta_fixed,5.08531612888411,2.557780076666882,35.3,-0.217236456350473,-0.23065112591754988,-0.39557587451972254,0.18948904242796105,-0.0012272742027312478,-0.02333701962305713,-0.03504091900083878,-0.07237686800451854,rohrwild_nonlocal_exact_post_borel,-0.3137747966518001,-0.044011326279332824,20.69999277299327,0.6011685598490432,4.816585817288265,-0.052772760804378475
lattice_fperp_s,theta_fixed,4.337349711660211,2.5193823081805533,35.3,-0.15554088206605152,-0.28461655353448667,-0.4039479938878965,0.15324960537441878,-0.0016005123217869067,-0.032317652699222,-0.020407697135940338,-0.07136170669717795,rohrwild_nonlocal_exact_post_borel,-0.3221667527037604,0.037525084837329525,21.834821878895745,0.43690342967328905,4.401925711044354,-0.052990556957995254
lattice_fperp_s,theta_fixed,5.817390197330978,2.525358201391062,35.3,-0.1274079184937715,-0.21487920285984152,-0.39838589345776326,0.20188445610167627,-0.0010291483721977961,-0.01734861713155679,-0.022533967459241782,-0.06950511737399515,rohrwild_nonlocal_exact_post_borel,-0.24899463188883503,0.020187194137373174,13.017402617119384,0.1265006213007359,6.297110443455155,-0.05718577400203324
lattice_fperp_s,theta_fixed,4.229289874752813,2.558155674946752,35.3,-0.18929540657929672,-0.23012330576751847,-0.40693386518023267,0.21230822365147442,-0.0016050958281101152,-0.033892568410650074,-0.023952366550299403,-0.060575800148663234,rohrwild_nonlocal_exact_post_borel,-0.29719807414300453,-0.021512590152774125,18.610500836508397,0.14342323896644407,4.286918643404437,-0.05380385391549064
lattice_fperp_s,theta_fixed,4.192882118062892,2.5476569846392807,35.3,-0.17589762426248942,-0.17991070183125182,-0.3944917513095294,0.2419818645944086,-0.0012427391540342785,-0.026158075962096742,-0.019943815617749248,-0.04751365391684631,rohrwild_nonlocal_exact_post_borel,-0.24847566991321274,-0.03959389240503733,13.054453054794703,0.4867853020863381,5.7846103079922715,-0.05679370227834424
lattice_fperp_s,theta_fixed,4.757136591140338,2.5342402439191423,35.3,-0.14932687882636386,-0.21161575210607336,-0.3983003857979867,0.2068878154492573,-0.0009813889097824273,-0.019221792847561606,-0.021928413189535846,-0.06341931540438842,rohrwild_nonlocal_exact_post_borel,-0.2589972454020575,0.0004124967746036018,14.063452508524207,5.2797332371537414e-05,7.059548399080722,-0.05832276816637673
lattice_fperp_s,theta_fixed,3.5086690156518388,2.5460631221758803,35.3,-0.1080805700537081,-0.24472460501985993,-0.4447488332126594,0.2504269961300501,-0.0021185728363396815,-0.048284195100911,-0.011019638882211006,-0.04546307832959886,rohrwild_nonlocal_exact_post_borel,-0.2621841308274784,0.053207362906844635,14.420097045775494,0.8784519449545719,4.3156241480928905,-0.055377475349676956
lattice_fperp_s,theta_fixed,4.330692289898895,2.589543336442364,35.3,-0.17462285165569622,-0.22308521673972584,-0.42743684491195666,0.23078484323002915,-0.0012004405804914063,-0.025232774477306943,-0.023357714674122915,-0.056457763874236025,rohrwild_nonlocal_exact_post_borel,-0.282975377393304,-0.013604779942907874,16.84817487995771,0.057447817741299215,6.099360090095959,-0.05584656061275411
lattice_fperp_s,theta_fixed,3.8995925056604466,2.5867133933122655,35.3,-0.18688009951923384,-0.21121608753571403,-0.41200725972615143,0.24228769576017453,-0.0017926350891592432,-0.0397038884805779,-0.017350550793333808,-0.04926928213146549,rohrwild_nonlocal_exact_post_borel,-0.28037147902029536,-0.030467047480601805,16.525668899922703,0.2876158127400756,4.377499254787234,-0.05774305084919005
lattice_fperp_s,theta_fixed,3.653451393462827,2.546878449033853,35.3,-0.17739699172958467,-0.2624526032615235,-0.4468293010506261,0.22626246783140078,-0.001775161561111634,-0.04011060848118648,-0.018311059796568458,-0.05328261091175935,rohrwild_nonlocal_exact_post_borel,-0.3167076393497623,0.006879884516317214,21.132964099842606,0.014694172674354156,4.759709442412601,-0.05392974248175731
lattice_fperp_s,theta_fixed,3.18882478644084,2.523589287080037,35.3,-0.11078713088263017,-0.20567971998022214,-0.3892199211479269,0.22036307915394604,-0.0015003479478384583,-0.03532253003840286,-0.009897755152683029,-0.03749580865125677,rohrwild_nonlocal_exact_post_borel,-0.2318821392571218,0.028436052361190664,11.302326000834032,0.25092147685173294,5.854689925457085,-0.05538050803455653
lattice_fperp_s,theta_fixed,3.9906240736927234,2.596565439545349,35.3,-0.2487768147038931,-0.22642965674199408,-0.39370843187980953,0.18976940376553553,-0.0009763161274569047,-0.02151431250026319,-0.026830947786037566,-0.05727008074595334,rohrwild_nonlocal_exact_post_borel,-0.32855533352257615,-0.07219200648535265,22.61477517792793,1.6176718750202852,6.727169578725868,-0.05199194223914814
lattice_fperp_s,theta_fixed,4.099887178464599,2.5373946480982643,35.3,-0.18923472171218475,-0.26718120230362635,-0.41210691779597386,0.173207576467506,-0.0012739917417819077,-0.02700786923337663,-0.022796878979251624,-0.06467290640958787,rohrwild_nonlocal_exact_post_borel,-0.3274073493022782,-4.887489457000571e-05,22.499375239669096,7.409463061203367e-07,5.836862582741886,-0.05492131849490551
lattice_fperp_s,theta_fixed,3.660427397464084,2.5263671522080307,35.3,-0.10402006179661309,-0.23861834743787189,-0.43467355658056833,0.26057551129223494,-0.0027794060015797033,-0.0617408961479588,-0.010548005752144686,-0.04803689136344365,rohrwild_nonlocal_exact_post_borel,-0.2548541888248714,0.05299274883008938,13.704987660737594,0.8717193966632402,3.149913220763163,-0.05549449368498545
lattice_fperp_s,theta_fixed,5.082980698521314,2.517491771542431,35.3,-0.17855252013641779,-0.30181661002308,-0.3955968716571116,0.12478227800061445,-0.0015962423510822129,-0.02940577401550067,-0.023248175919992467,-0.08975132593393204,rohrwild_nonlocal_exact_post_borel,-0.34950181586411844,0.028683605780544574,25.624353257198113,0.25522663730674744,4.097634944236869,-0.05504023344020741
lattice_fperp_s,theta_fixed,3.9000648736071253,2.5268185687347726,35.3,-0.18871430870994432,-0.2580874963174775,-0.40160639325438496,0.18359789018109218,-0.0017833669695341,-0.03829562627465059,-0.019313723136755806,-0.0578963364998608,rohrwild_nonlocal_exact_post_borel,-0.31968490939267225,-0.004879013619073114,21.423225016438106,0.007387076917137595,4.180679764796872,-0.05305849779973756
lattice_fperp_s,theta_fixed,4.4175655420777895,2.583457109574256,35.3,-0.2669639754642882,-0.21441354792763578,-0.38381363865863916,0.20233829173976584,-0.0015118702719261925,-0.031426330736836275,-0.028248715542093236,-0.060834063608126876,rohrwild_nonlocal_exact_post_borel,-0.32925812494396756,-0.09397883213254073,22.930168281729614,2.741551715901422,4.146435028052843,-0.05378590095222076
lattice_fperp_s,theta_fixed,4.194167522902122,2.514579169137442,35.3,-0.1475570605469549,-0.3706836488478717,-0.48883074764085993,0.15674664570033223,-0.0018099364197589607,-0.03678961048758515,-0.014558975990581704,-0.07112143149858223,rohrwild_nonlocal_exact_post_borel,-0.38779583232149883,0.09377550892693656,31.616543832116463,2.7276627180284954,5.154347988851786,-0.055260074731210425
lattice_fperp_s,theta_fixed,3.9295629096588645,2.558301585787556,35.3,-0.13482145848800067,-0.24683139881773603,-0.43638955295455795,0.24210836299517355,-0.002312475045976657,-0.050237733812374986,-0.01785942859552572,-0.05351803005265282,rohrwild_nonlocal_exact_post_borel,-0.27935599070501743,0.03260054552258525,16.38501176167965,0.3299594483783944,3.4176889423803156,-0.053636222457558724
lattice_fperp_s,theta_fixed,3.716206859285178,2.5548531322984203,35.3,-0.1605310255036743,-0.22962187268079806,-0.4083815220582584,0.21279152734042642,-0.0014631575862212723,-0.03256872037674482,-0.016214812149564363,-0.049230664265526816,rohrwild_nonlocal_exact_post_borel,-0.28016711883680107,0.0016733455661522012,16.454081698358443,0.0008693316795772651,5.413015593637667,-0.05483031081618608
lattice_fperp_s,theta_fixed,4.732179311536841,2.5010886931963205,35.3,-0.1341295254229301,-0.2188736008129263,-0.39035723721243376,0.20107129011752245,-0.001480582397825237,-0.02810707132018978,-0.017991645050720914,-0.060786359891870693,rohrwild_nonlocal_exact_post_borel,-0.25613874202021003,0.017009631368755482,13.84472364302197,0.08973210736345243,4.635919674996711,-0.05491063873262295
lattice_fperp_s,theta_fixed,5.9775543859668865,2.5597546619459206,35.3,-0.25059329993235263,-0.2285793771149638,-0.38572962072904543,0.17618020304067117,-0.0010478334952773386,-0.017982125931312213,-0.037606957161544746,-0.08262396239443241,rohrwild_nonlocal_exact_post_borel,-0.3313594709659632,-0.07243227605431074,23.24033976221864,1.6283861384753269,5.339375315976992,-0.0552565849673956
lattice_fperp_s,theta_fixed,4.15897177666304,2.5326734648913543,35.3,-0.14975316940986447,-0.2554671027808028,-0.4400432211337521,0.20911036842530814,-0.0011152397599033567,-0.0234190103124555,-0.01998249764430174,-0.05955609659122654,rohrwild_nonlocal_exact_post_borel,-0.2950323163273699,0.025404422332018728,18.33615149618898,0.20031725157849817,7.271092773714073,-0.05649962542060345
lattice_fperp_s,theta_fixed,3.985205964125676,2.52405258661943,35.3,-0.177813318508133,-0.19458084323409128,-0.3809989793323807,0.21235468035772959,-0.0011637056046372195,-0.024772838654802988,-0.018414116583752707,-0.04841641223843557,rohrwild_nonlocal_exact_post_borel,-0.26155552228969403,-0.032680109429592374,14.329931056280895,0.33137538854131665,6.234450666793858,-0.05573806496792464
lattice_fperp_s,theta_fixed,4.78623206688615,2.586162287818355,35.3,-0.19202494432232128,-0.27283223713636395,-0.3837637227826817,0.1359712161721655,-0.0012010437030126149,-0.023838686822835183,-0.02897031209249692,-0.0832280430394107,rohrwild_nonlocal_exact_post_borel,-0.33363172266112234,0.0009394131123602045,23.423707891440564,0.00027383213412547364,5.096797228345911,-0.054936256083577654
lattice_fperp_s,theta_fixed,4.8446132572546805,2.589108057420008,35.3,-0.1560952577673621,-0.2419270627688837,-0.41474287083301475,0.19536225555535514,-0.0010909586754048234,-0.021455488815819282,-0.020835462958595605,-0.07006293529220213,rohrwild_nonlocal_exact_post_borel,-0.2876466048143472,0.012404190268509974,17.3946910892713,0.04774994097637151,6.268977162284539,-0.05668129206974361
lattice_fperp_s,theta_fixed,5.698090376851627,2.5401143768065424,35.3,-0.18798103262242305,-0.2579509374474228,-0.3918064709636206,0.14887335658201634,-0.0008107714303732186,-0.01420705163544535,-0.03340141369110429,-0.08940507894643573,rohrwild_nonlocal_exact_post_borel,-0.31914972938760944,-0.00435947102437842,21.334484216379582,0.0058983259023512305,7.0887532375985876,-0.05379388170381231
lattice_fperp_s,theta_fixed,4.254275139958444,2.5718413470455554,35.3,-0.17191793351427895,-0.28274020767301195,-0.4544019300528492,0.21804084331109275,-0.0021111092895947513,-0.04426801164166076,-0.01939030266635166,-0.06430869923404772,rohrwild_nonlocal_exact_post_borel,-0.33009900035849865,0.023074896773720793,22.909204780543142,0.1652708397401991,3.8112435235286455,-0.05577584526001601
lattice_fperp_s,theta_fixed,5.9152309463534944,2.5235591114011986,35.3,-0.21178687029347715,-0.27389546117430896,-0.4114113497360252,0.15631451909274988,-0.0010532708434835803,-0.017745359687550026,-0.031807827014809734,-0.08962071829886273,rohrwild_nonlocal_exact_post_borel,-0.3459190393601009,-0.014574645408327147,25.11248622158188,0.06592886988837997,5.815726445261409,-0.05405462271485075
lattice_fperp_s,theta_fixed,5.684808816100159,2.591813732193549,35.3,-0.19577254420517848,-0.31348986906058096,-0.4427345120190908,0.15030923886371755,-0.0011097829642739531,-0.01995481294093378,-0.03303301100168149,-0.0977804785408002,rohrwild_nonlocal_exact_post_borel,-0.3689795235635668,0.021375178572167447,28.766047676356436,0.1418145224355821,5.899904381635196,-0.05633773397121485
lattice_fperp_s,theta_fixed,4.827318830160123,2.5814267494921945,35.3,-0.16522286258160016,-0.22007431614177994,-0.37577850176594946,0.18021502572457618,-0.001169751163236515,-0.023341088937170122,-0.02846542993508545,-0.07363701946217922,rohrwild_nonlocal_exact_post_borel,-0.27508621287973745,-0.007672967379979162,15.945938541042262,0.018262960777547358,5.160358007819235,-0.05704427286320591
lattice_fperp_s,theta_fixed,4.428170964020476,2.576740816979981,35.3,-0.17229266411296157,-0.260679942561139,-0.4431767682921974,0.21629067016700232,-0.0015622806322476564,-0.032231563803696336,-0.02331446334847942,-0.06435462382185886,rohrwild_nonlocal_exact_post_borel,-0.3123113296871038,0.01002137265516545,20.532156059289658,0.031160937695194173,4.795752974309227,-0.05522418912436842
lattice_fperp_s,theta_fixed,5.9513199466709175,2.5604794352763345,35.3,-0.22891137070398465,-0.24733046628921107,-0.39557575698308717,0.1675873058928612,-0.0010476759963477821,-0.018294339202637334,-0.037510273369077154,-0.09246575649600014,rohrwild_nonlocal_exact_post_borel,-0.3341338715800556,-0.04390137874074809,23.499242705544564,0.5981904930993275,5.511286582707666,-0.05727564275999492
lattice_fperp_s,theta_fixed,5.928904995721935,2.50130292046169,35.3,-0.15270311629331668,-0.21498974453281386,-0.36917255117276504,0.17107047282610138,-0.000958834802308169,-0.015928831383842042,-0.030935344303525084,-0.07638404233311076,rohrwild_nonlocal_exact_post_borel,-0.2637018720121741,-0.0003932902868094279,14.540265195884508,4.7989037817863205e-05,6.014036448020927,-0.05560543655503591
lattice_fperp_s,theta_fixed,4.016931271408841,2.577978025459454,35.3,-0.1647922154382305,-0.2240917996018144,-0.40093118080508594,0.2094246842554188,-0.0014338712027331339,-0.03115143184941414,-0.020002978422692705,-0.055373258017800416,rohrwild_nonlocal_exact_post_borel,-0.27811617941378175,-0.004999966609999018,16.270129811781615,0.007763285127856471,5.027311534324684,-0.055201795840432895
lattice_fperp_s,theta_fixed,3.504273455395043,2.5327748648143396,35.3,-0.09768605815594557,-0.20434932128847158,-0.36963073974738053,0.19941660358711147,-0.0014402741213020243,-0.032694911006900515,-0.00997681676642807,-0.04523753306598504,rohrwild_nonlocal_exact_post_borel,-0.22322579611227325,0.038359549256314046,10.44834909968767,0.45644768711352046,5.621652811987881,-0.058574481008226424
lattice_fperp_s,theta_fixed,3.6893378017859186,2.5402175928539914,35.3,-0.11311558932046191,-0.2536889560139789,-0.4206149296879902,0.20647161220358723,-0.0016950478438879488,-0.03785059068568795,-0.013733719327287093,-0.05433176265856682,rohrwild_nonlocal_exact_post_borel,-0.27240979891666284,0.05427821298607052,15.575622632757847,0.9142630317728552,4.9396873067445295,-0.056226109383928365
lattice_fperp_s,theta_fixed,5.029010817180874,2.5441092196898247,35.3,-0.16731755386385616,-0.3638583987357013,-0.5308244552813609,0.20535032542608675,-0.0019391416182983707,-0.036445127262128715,-0.02607509188717451,-0.08073647325859402,rohrwild_nonlocal_exact_post_borel,-0.3936442408680084,0.07370420471684358,32.60673390209671,1.6873116736830573,4.411420839611844,-0.05454350048348233
lattice_fperp_s,theta_fixed,3.1167452620218254,2.5097675663406576,35.3,-0.09076175974101716,-0.21943667045323695,-0.401175969499819,0.22212238580389718,-0.0016357424405884914,-0.03874734431672669,-0.007144431505717487,-0.0381842731545936,rohrwild_nonlocal_exact_post_borel,-0.23153789026772978,0.05272906922426539,11.279243142097567,0.8623020596762851,5.824641710997383,-0.05697107605871617
lattice_fperp_s,theta_fixed,5.83376185860843,2.5416492320652257,35.3,-0.20537650153841247,-0.20379982652628503,-0.3736464116276564,0.19476165361326322,-0.0013681165338607904,-0.023546951978031142,-0.03390876723369559,-0.07355766811436301,rohrwild_nonlocal_exact_post_borel,-0.28500707656309937,-0.04984819941840474,17.075957543695214,0.7706260120121444,3.997487431745478,-0.05394677077372693
lattice_fperp_s,theta_fixed,3.8101229968243318,2.5710001572374943,35.3,-0.21125419453157132,-0.3015286246304373,-0.4562168347946572,0.1938648887747423,-0.001690211422466863,-0.03748646718805552,-0.019411704396653077,-0.060084568216150755,rohrwild_nonlocal_exact_post_borel,-0.368163692039135,0.0018281254932481783,28.526493437991046,0.0010373087063867026,4.993528118871956,-0.05403607673700154
lattice_fperp_s,theta_fixed,4.684038824712796,2.574849180328996,35.3,-0.2563718340071753,-0.2538286587755344,-0.4018070359560757,0.16846619728373943,-0.0009727043758611026,-0.019515115727337023,-0.030050073823917643,-0.07331329828639868,rohrwild_nonlocal_exact_post_borel,-0.35530552882457267,-0.06255786501056523,26.55350433963193,1.2151165625459626,6.6115478870480375,-0.0544612891007999
lattice_fperp_s,theta_fixed,3.0667935268487674,2.5231501481604193,35.3,-0.1307440957443789,-0.20680845713858131,-0.4060181974873372,0.24688089079878348,-0.0018972183915230085,-0.04577393205850455,-0.010330400207156655,-0.0359779289918713,rohrwild_nonlocal_exact_post_borel,-0.24433562838629425,0.012800672526491433,12.538687416463675,0.05083312294546794,4.92966383949568,-0.05599665787228087
lattice_fperp_s,theta_fixed,4.353140987709367,2.5004560942273777,35.3,-0.14277952132202185,-0.24314661757901257,-0.4216436261658456,0.2095628695683665,-0.001490301886139812,-0.02957555909539369,-0.01801354585664279,-0.05587383084376125,rohrwild_nonlocal_exact_post_borel,-0.2809473295088353,0.023976392366539062,16.57715635034367,0.17849448551367633,5.279291141907839,-0.055051332736932225
lattice_fperp_s,theta_fixed,5.388999411929156,2.512152350169975,35.3,-0.13439736454080498,-0.21929464149043934,-0.3981381150872098,0.20453379841461203,-0.0013738406776076415,-0.02431648414023395,-0.02404904842276366,-0.06700100627627835,rohrwild_nonlocal_exact_post_borel,-0.2566371420204534,0.0170343393622404,13.914091636351955,0.09009028782867516,4.855849698005173,-0.05706007934937047
lattice_fperp_s,theta_fixed,3.447864515909644,2.543231742760433,35.3,-0.18675949709043715,-0.27427071746588894,-0.43572485813103334,0.20354956851123268,-0.001749496142850697,-0.04034593170323759,-0.01680460721327637,-0.05128389124973873,rohrwild_nonlocal_exact_post_borel,-0.3317630417019053,0.006067979352826075,23.17683020612688,0.01142188951449972,4.898429526030265,-0.05284713652753243
lattice_fperp_s,theta_fixed,5.486252025126035,2.5008467643847028,35.3,-0.1567796188393633,-0.23937460586213025,-0.40651862255695675,0.18795929532790553,-0.0011359795200371154,-0.019679299113041972,-0.025307437403225552,-0.0715147447419511,rohrwild_nonlocal_exact_post_borel,-0.2859589120489731,0.01037070078798441,17.163060116895956,0.0333570848012664,5.791781737221614,-0.0545528566177697
lattice_fperp_s,theta_fixed,5.18255520675436,2.5590568359272443,35.3,-0.1739482033084327,-0.22424163728822133,-0.40366771675557755,0.20974074836536621,-0.0015576416957708602,-0.028757027202239143,-0.023513758675328365,-0.06589911189236626,rohrwild_nonlocal_exact_post_borel,-0.2835293249816283,-0.012385927635678778,16.946260016628262,0.04756944640316501,4.241312663794734,-0.05602894079106251
lattice_fperp_s,theta_fixed,4.381060067574953,2.512791104967662,35.3,-0.17660890804370652,-0.23602027769141626,-0.39529524126685106,0.18488499063413208,-0.0012183789796759072,-0.024391648079021402,-0.02360849357117271,-0.06103874546891551,rohrwild_nonlocal_exact_post_borel,-0.29467982469222387,-0.007751051624382249,18.150694423836267,0.018639268015076912,5.358302136356375,-0.050232035770106015
lattice_fperp_s,theta_fixed,5.347347402843621,2.547381431813974,35.3,-0.2712938320973184,-0.23532138966404248,-0.3934159682751026,0.18411971023666557,-0.0013459212109076522,-0.024679210414697794,-0.034250249497605016,-0.07744044558565369,rohrwild_nonlocal_exact_post_borel,-0.3488238411803799,-0.08543083513362831,25.506922275251974,2.2652376720971383,4.289208536301987,-0.052724115190147046
lattice_fperp_s,theta_fixed,4.7983678072049045,2.512643319477368,35.3,-0.18503116477662157,-0.26280133302103786,-0.4034547597574326,0.1607896493825773,-0.0009954295315802938,-0.019140793114602234,-0.025723558117400545,-0.07610233396063587,rohrwild_nonlocal_exact_post_borel,-0.32140371591637495,0.0008508650738384138,21.718905342385387,0.00022461072545357488,6.729811239050994,-0.05469025109152406
lattice_fperp_s,theta_fixed,3.812842157184224,2.5545453832921643,35.3,-0.16815749987521775,-0.3276265355105549,-0.437415576787353,0.14005007361874905,-0.0013074352826542017,-0.02895359705929669,-0.01913270717937341,-0.07098810375647314,rohrwild_nonlocal_exact_post_borel,-0.36455942453805923,0.052081834793062304,27.853753874910662,0.8421626670549939,6.107582013947567,-0.05356650898460025
lattice_fperp_s,theta_fixed,3.378986375791969,2.5570591343211397,35.3,-0.14891065571876191,-0.24219384111275305,-0.4118617219415762,0.21161219632714798,-0.001727037968444504,-0.04021727752988029,-0.013116153965932083,-0.04606216214337096,rohrwild_nonlocal_exact_post_borel,-0.28371265557705333,0.01842197397016483,17.10072943119569,0.1053394047226152,4.899993549740063,-0.05422306395061599
lattice_fperp_s,theta_fixed,4.346999134645983,2.5732075525403078,35.3,-0.18151168659736747,-0.23414927821576004,-0.3794712193339139,0.17517125039251585,-0.0013636592177133473,-0.02848565005664864,-0.02503868296922389,-0.06732382309035533,rohrwild_nonlocal_exact_post_borel,-0.29598593965701747,-0.012833564810089293,18.418637226015285,0.051144963603429766,4.634359425150548,-0.05415704271457167
lattice_fperp_s,theta_fixed,4.243470373228568,2.509526519231097,35.3,-0.16430499025174317,-0.20411334618354648,-0.37282019540876643,0.19743523453115067,-0.001347021031421473,-0.027381364274509278,-0.019000578704552507,-0.05330142353347977,rohrwild_nonlocal_exact_post_borel,-0.26152946579866443,-0.016147025451609717,14.42892310045045,0.08095337181830202,5.115353752640357,-0.054832547778725586
lattice_fperp_s,theta_fixed,3.661457962770034,2.5390270197072606,35.3,-0.14755028154568212,-0.262200421992111,-0.46803517905787634,0.24666500247104595,-0.0017366984443645155,-0.039093546960916124,-0.01663680466655706,-0.05067886961902263,rohrwild_nonlocal_exact_post_borel,-0.2992546756937478,0.031093181768371725,18.854260738697967,0.30002763219425377,5.370693733150449,-0.05667151881418592
lattice_fperp_s,theta_fixed,3.5962270334554134,2.5512898042159238,35.3,-0.09217372639065541,-0.26362217333840154,-0.38065148091352957,0.1666556647455709,-0.00210733343479694,-0.04751902373564592,-0.009553355212539026,-0.058881803562723344,rohrwild_nonlocal_exact_post_borel,-0.2684152558027767,0.07710963989496777,15.13383513001101,1.845100956090777,3.700552147338576,-0.0561581480309465
lattice_fperp_s,theta_fixed,4.302237636715218,2.581241550832917,35.3,-0.22163370436485244,-0.3197043572596096,-0.49055889247231826,0.21512473462398213,-0.0020008623081989646,-0.0422693371030745,-0.02600558370474527,-0.07152391578167522,rohrwild_nonlocal_exact_post_borel,-0.3889954695595741,0.0038600030302241017,31.777151122896697,0.004625794349944164,3.9861553831119214,-0.05312157373020847
lattice_fperp_s,theta_fixed,4.375168677418663,2.5739378197305163,35.3,-0.24648830339049752,-0.24656816160977518,-0.4253018023270233,0.21984072495900958,-0.0018726907801186814,-0.03923439346164283,-0.029620676426544975,-0.06320293378503716,rohrwild_nonlocal_exact_post_borel,-0.34366869064225103,-0.058687077795635145,24.83976014272477,1.0674233789642416,3.8098699827244884,-0.055202471403007235
lattice_fperp_s,theta_fixed,5.783463146697489,2.542802499768809,35.3,-0.1940882744442123,-0.25337053687733563,-0.4082142563886213,0.175824139597157,-0.0011386861461252988,-0.019841733939746052,-0.0329592968813493,-0.0859681125640941,rohrwild_nonlocal_exact_post_borel,-0.3189406085554114,-0.011990640039005712,21.420246901140093,0.044620433018410226,5.301935719042187,-0.05505930001146128
lattice_fperp_s,theta_fixed,5.391048460434918,2.5952249603358606,35.3,-0.23922443187509812,-0.2585024007824044,-0.4389233246250623,0.19879095336068964,-0.0009267494347901216,-0.017443280083241537,-0.04121212189973973,-0.08161973099009237,rohrwild_nonlocal_exact_post_borel,-0.3492111883023251,-0.045862468105285076,25.506449401124225,0.6533046954544712,6.43484868016207,-0.05179546168368848
lattice_fperp_s,theta_fixed,5.681505277542903,2.564162132862472,35.3,-0.2465827331715421,-0.2869343921817097,-0.4263812185317334,0.1603307784388232,-0.0011057399272029749,-0.019778212161596552,-0.040421025844139834,-0.09247863105109293,rohrwild_nonlocal_exact_post_borel,-0.3766676557507952,-0.035438211385953794,29.913204167243517,0.3898948248424844,5.516611510054165,-0.05415584078533033
lattice_fperp_s,theta_fixed,3.233694739294449,2.590571697313761,35.3,-0.17065644232810556,-0.2962675031320507,-0.42231630056474245,0.19151580006457627,-0.0025826637210022785,-0.06288433891088224,-0.013840690627369857,-0.057509976900164975,rohrwild_nonlocal_exact_post_borel,-0.34041017237471793,0.0319212979686056,24.415803177823364,0.31612928880601365,3.3468507019242866,-0.05531108632297412
lattice_fperp_s,theta_fixed,4.898009004604425,2.515627009341005,35.3,-0.14667393373188875,-0.25977652203402674,-0.44339951577087605,0.2087047331653839,-0.001263773218941004,-0.02381796620959358,-0.021799876441231988,-0.06709729231561319,rohrwild_nonlocal_exact_post_borel,-0.29677003555754916,0.030407733089671207,18.587258466604467,0.2869249106192544,6.076290969887944,-0.05661964138675321
lattice_fperp_s,theta_fixed,5.431419469078592,2.5688265838390314,35.3,-0.24611676465289692,-0.29709518530170953,-0.4335029886690146,0.16274163378653744,-0.0013621544450659697,-0.024971675974166392,-0.032272806434054134,-0.09044345118973961,rohrwild_nonlocal_exact_post_borel,-0.38469099749983315,-0.029186425187918114,31.250858924469405,0.26446964960307473,4.825219653893582,-0.055711784518028405
lattice_fperp_s,theta_fixed,3.413842346309654,2.5522940230092317,35.3,-0.13040766834124687,-0.27652665108842234,-0.5001159633770995,0.278155631448441,-0.002248285397922907,-0.052318033761840924,-0.013961596623081211,-0.0449181292424508,rohrwild_nonlocal_exact_post_borel,-0.3010408600413073,0.05336243350868415,19.021279989522764,0.8835211943296598,4.644377956021146,-0.05616827605066988
lattice_fperp_s,theta_fixed,4.180342771015008,2.589780402647815,35.3,-0.186782691108995,-0.28635229457132855,-0.47820745596271874,0.23563671302245542,-0.001955700637253042,-0.04182585099381217,-0.01777738064538658,-0.06263585822101703,rohrwild_nonlocal_exact_post_borel,-0.34163667376557016,0.01303048128737147,24.59948780561672,0.05270514783626224,4.4022419212435535,-0.05717768838165557
lattice_fperp_s,theta_fixed,3.710978520836537,2.5507941295798604,35.3,-0.11022612610688085,-0.2412985064544458,-0.41884889683067117,0.2192504331585511,-0.0017940628274540733,-0.03990597995487172,-0.011959694792835662,-0.05102159966178928,rohrwild_nonlocal_exact_post_borel,-0.2606277889247922,0.04947649678231239,14.25961185941242,0.7600964892122195,4.709241889232151,-0.05684399811184583
lattice_fperp_s,theta_fixed,5.720405669275007,2.5032384805825996,35.3,-0.15945294340688382,-0.3259433131796384,-0.43506741564058193,0.1354470370173981,-0.0014576986387217705,-0.02486523591773274,-0.02925568554293052,-0.09664079548119298,rohrwild_nonlocal_exact_post_borel,-0.35815568919923246,0.058213287674392405,27.02835515430187,1.0517868435635278,4.724757673295538,-0.05578215268253378
lattice_fperp_s,theta_fixed,5.478763463968535,2.573051781801786,35.3,-0.17078437596352866,-0.2200464601424705,-0.40711624577163624,0.2071242438986793,-0.0010438810936574713,-0.019010577175856056,-0.0264250240113689,-0.07200817958507441,rohrwild_nonlocal_exact_post_borel,-0.27827724146245003,-0.01222802431029063,16.264452391199974,0.046370876431214715,6.181182250269585,-0.0582177015232197
lattice_fperp_s,theta_fixed,5.959043148926257,2.5599699533526645,35.3,-0.25527859175863116,-0.25682525177711696,-0.4118169866328908,0.17463563328542278,-0.0010728808107596764,-0.018571017618889362,-0.042594665971090497,-0.08926048741522279,rohrwild_nonlocal_exact_post_borel,-0.3571194226467159,-0.05993402480332585,26.846654495231334,1.1146470086652223,5.215185064666786,-0.0524689346729149
lattice_fperp_s,theta_fixed,4.567093606382071,2.5795522471238455,35.3,-0.24005579651690206,-0.27762311870509154,-0.3861214493308876,0.135716258900772,-0.0012702380694246214,-0.025947690205551276,-0.02902989189391005,-0.08249536741004138,rohrwild_nonlocal_exact_post_borel,-0.36529673534525886,-0.03549192340521368,27.957839843007964,0.3908824784141048,4.879662440883745,-0.054242233036717366
lattice_fperp_s,theta_fixed,3.240723385504928,2.5516354978301643,35.3,-0.12785299816466014,-0.2718309219122256,-0.4631998192711959,0.2567323168497655,-0.002647368523182851,-0.06271605096761226,-0.01068869079199327,-0.04377057050269535,rohrwild_nonlocal_exact_post_borel,-0.2957322633084512,0.05273393296354793,18.43862734080835,0.8634564930863091,3.7410759829222036,-0.05455277095181355
lattice_fperp_s,theta_fixed,4.848193292447697,2.5891031788583856,35.3,-0.1965005326949421,-0.2073254362228382,-0.3965135641672698,0.21041903493648284,-0.0010170804011090137,-0.02021382659094219,-0.028123800765610076,-0.0653528439828973,rohrwild_nonlocal_exact_post_borel,-0.2827554128944177,-0.04056688715311457,16.78660721006157,0.5106877726751551,6.081723569461405,-0.05515756585487497
lattice_fperp_s,theta_fixed,5.718327782533041,2.5741012553498486,35.3,-0.2311288440368431,-0.21741971943807425,-0.41919434789011656,0.22374841331154163,-0.0011764929857325172,-0.020797291873766804,-0.035288337188644596,-0.06991467704353224,rohrwild_nonlocal_exact_post_borel,-0.3110039705997304,-0.06299529520162855,20.317267431552533,1.2310797867476972,5.052785571109552,-0.052874799307097646
lattice_fperp_s,theta_fixed,4.739309001488669,2.578379563669834,35.3,-0.2617018406982011,-0.24121890193937096,-0.38364654279525234,0.17014810791807713,-0.0013219863637524791,-0.026398480698443264,-0.033662027786357525,-0.0744003749927622,rohrwild_nonlocal_exact_post_borel,-0.34809421727323375,-0.07419452795588924,25.42928989898499,1.706807716839121,4.233816589906505,-0.05018830728027715
lattice_fperp_s,theta_fixed,3.1387572485025816,2.5384426640504443,35.3,-0.11799883428129179,-0.20080915620759335,-0.3947800309973951,0.250597490654358,-0.0022575582216457454,-0.054369057642910466,-0.00993321112342173,-0.03789596281283458,rohrwild_nonlocal_exact_post_borel,-0.23207442687110588,0.019735817717974433,11.264382447636649,0.12084625776945807,3.984124703803651,-0.0573864132902644
lattice_fperp_s,theta_fixed,3.181994049400708,2.5262964163690134,35.3,-0.16253119895545604,-0.2540625459898569,-0.4500570845950219,0.23383936675501885,-0.0015414354550736292,-0.0363033926947802,-0.012872545676508463,-0.03796596706967097,rohrwild_nonlocal_exact_post_borel,-0.3012698865303944,0.014164158242178787,19.136309891351463,0.06220459331845085,6.597511883613937,-0.05446951007497094
lattice_fperp_s,theta_fixed,3.795625865346814,2.5179516794123433,35.3,-0.12888617957574938,-0.22356702399890976,-0.3940914767161999,0.20364206114715372,-0.0014624098687777884,-0.031655198561085854,-0.014580780614106531,-0.048906618819415056,rohrwild_nonlocal_exact_post_borel,-0.256939313733372,0.024001053384909238,13.862570543385619,0.17882208594572618,5.561756200138941,-0.05723411944848722
lattice_fperp_s,theta_fixed,4.428973046089373,2.5421786097614185,35.3,-0.16393767733339706,-0.2681315398467491,-0.43176939914636797,0.2080332937649151,-0.002064097537343206,-0.04233133692795306,-0.02350141586500034,-0.06957248791327814,rohrwild_nonlocal_exact_post_borel,-0.31356486552583474,0.021146153735916023,20.57600077202172,0.13869867479501244,3.6012557492582653,-0.05607090916030331
lattice_fperp_s,theta_fixed,5.385303817495725,2.539380272973081,35.3,-0.16398646991826685,-0.24723256052483764,-0.36685740782498205,0.14505378699923135,-0.0013452685641885671,-0.024083671134898357,-0.02723684335620205,-0.08350317844958827,rohrwild_nonlocal_exact_post_borel,-0.29653661807409515,0.009029697730286862,18.488394457845327,0.025291115848191385,4.084846910743748,-0.05176829111466479
lattice_fperp_s,theta_fixed,3.288609975188712,2.5854710060494157,35.3,-0.15800009926787892,-0.2716221537612158,-0.49447532155807733,0.2754979677388424,-0.002127558131902611,-0.05051724181007827,-0.011974092126380434,-0.040740545449035284,rohrwild_nonlocal_exact_post_borel,-0.3129826119983559,0.02800911225347455,20.71816087237932,0.24348957353336909,4.952560358536902,-0.05546666423696223
lattice_fperp_s,theta_fixed,4.86683489026871,2.5207178643178785,35.3,-0.17106856267303455,-0.24800445024925288,-0.40026810970726334,0.1809829459758059,-0.0014437263994714216,-0.027275560118323997,-0.02405172109487294,-0.06962309797671767,rohrwild_nonlocal_exact_post_borel,-0.3012590275885208,0.0036957779791232104,19.07999649127927,0.004237539635857089,4.532457855814891,-0.053000989107453
lattice_fperp_s,theta_fixed,5.205959787561372,2.596786502376182,35.3,-0.22604200322651577,-0.2644464064154327,-0.4766152389072915,0.2496714316130965,-0.0018603305158134392,-0.035642268605424215,-0.03178075665261973,-0.07187037976767074,rohrwild_nonlocal_exact_post_borel,-0.3464447478326129,-0.03166900358220348,25.279806442916342,0.31116170183291875,4.08016271905925,-0.058970465826120484
lattice_fperp_s,theta_fixed,4.748298180972904,2.5436558294538947,35.3,-0.21456189758947167,-0.23392406625885104,-0.41343416166747754,0.19907554198106406,-0.0009402628676659482,-0.018625183704771644,-0.03004352776752357,-0.06843333466365302,rohrwild_nonlocal_exact_post_borel,-0.3149004521225195,-0.03993722480722822,20.931318032259217,0.49494139417880173,7.184728852668,-0.055952286968318825
lattice_fperp_s,theta_fixed,3.7795819308204086,2.5911511897283575,35.3,-0.2177931870303538,-0.26783276400652617,-0.4454884110701359,0.21239819661972756,-0.0014682215361314292,-0.03327432801998634,-0.023714075484994226,-0.05794872006978414,rohrwild_nonlocal_exact_post_borel,-0.3444418402250673,-0.022980002057951365,25.05246300137993,0.16394171385983985,5.258376032649001,-0.05237929039362789
lattice_fperp_s,theta_fixed,3.7368314079992047,2.538137628740129,35.3,-0.09189663228523702,-0.20866984374725495,-0.408303592882439,0.2351964158388033,-0.001538757660132312,-0.034023909043486955,-0.010871604840499835,-0.04621601365412768,rohrwild_nonlocal_exact_post_borel,-0.22340647301947986,0.04558116417850999,10.488166285095113,0.6443415984072932,5.4557932799536415,-0.05800670327840645
lattice_fperp_s,theta_fixed,3.999969459872653,2.513340809248648,35.3,-0.1640922705877614,-0.2036374336781305,-0.3710966509947477,0.1870771874120602,-0.0008918431352979923,-0.01872612696014505,-0.016725959466963678,-0.05081142314370534,rohrwild_nonlocal_exact_post_borel,-0.26101813403371704,-0.016248426607479036,14.320517807421174,0.08192413243777773,7.87550816372144,-0.0541421239409116
lattice_fperp_s,theta_fixed,5.5756202890464825,2.5433363107692033,35.3,-0.1932435582147837,-0.22945911081324094,-0.38627277780476815,0.18313360681327215,-0.001396665964744371,-0.02492327385700054,-0.03446428525304439,-0.07948492316546651,rohrwild_nonlocal_exact_post_borel,-0.2989374691984654,-0.025118635232237813,18.759199933868313,0.1959452553620064,4.0578881321847895,-0.0537555515738795
lattice_fperp_s,theta_fixed,4.86513282025785,2.53416350675885,35.3,-0.18018715995038,-0.23098770340794272,-0.3649552431445356,0.160453734501567,-0.0013023196957352907,-0.025183875069238814,-0.02612981239609786,-0.07688200850839047,rohrwild_nonlocal_exact_post_borel,-0.2926402717908465,-0.013579508932176049,17.84762206197766,0.05722694011407138,4.540934643830409,-0.055102398982899266
lattice_fperp_s,theta_fixed,4.224169902232825,2.5127361075829007,35.3,-0.16050064198217828,-0.22261703828035143,-0.3707841152631951,0.17496885070196674,-0.0012447799180201127,-0.02555699380110291,-0.02037818793863418,-0.05977233133045444,rohrwild_nonlocal_exact_post_borel,-0.27443265282075785,-0.0023496542656778474,15.886742724685702,0.001712065476052216,5.495191510845845,-0.0555193855628924
lattice_fperp_s,theta_fixed,4.51754272491438,2.5249629841620957,35.3,-0.17440685786356544,-0.20772102196948117,-0.3732860444641271,0.18958924642061192,-0.0011498186700696642,-0.02287440525589629,-0.02540513159659154,-0.05980950248050251,rohrwild_nonlocal_exact_post_borel,-0.270311266840392,-0.022306816380425046,15.419045995390492,0.15436691545991363,5.397138592483057,-0.05263052153664557
lattice_fperp_s,theta_fixed,5.089703901078424,2.568675500693016,35.3,-0.14449965788408367,-0.2786537147183465,-0.41948532020830387,0.1677028068993095,-0.001345145317351113,-0.025526056092001037,-0.02458924018611502,-0.08246706578584116,rohrwild_nonlocal_exact_post_borel,-0.3109200002262416,0.04309057105985903,20.247448681726453,0.576012355199105,5.072055510150496,-0.057129983517491614
lattice_fperp_s,theta_fixed,3.87696953143187,2.5204730348325133,35.3,-0.11491164989911136,-0.22301908595127012,-0.4143467332941803,0.2372672777476882,-0.002052787580725419,-0.04388684282405257,-0.012374569475459837,-0.047769383086868275,rohrwild_nonlocal_exact_post_borel,-0.2484168323748393,0.03508956217918589,12.881970789232147,0.3819685382892373,4.064228828475565,-0.05653017443973638
lattice_fperp_s,theta_fixed,5.359319371376355,2.547070694761134,35.3,-0.2103184819920356,-0.26133991319160343,-0.4397126456209697,0.20344567905663588,-0.0012933532042764119,-0.023779593422993215,-0.03385549682846514,-0.0785648529838978,rohrwild_nonlocal_exact_post_borel,-0.3348234653118163,-0.02063155764880606,23.46489744606037,0.13207099932207242,5.072074703621341,-0.0541525380064786
lattice_fperp_s,theta_fixed,3.6543562907920664,2.5716451963199494,35.3,-0.1927713050576918,-0.2551388426680934,-0.43555839368724325,0.23204358551271656,-0.0021671199109598027,-0.0494569145826069,-0.019405737282048672,-0.05309648839513988,rohrwild_nonlocal_exact_post_borel,-0.3196227685809247,-0.009893982834250609,21.381244559763182,0.030354556435934328,3.7706028567314425,-0.05437666933597507
lattice_fperp_s,theta_fixed,4.169741137078387,2.5014245395720462,35.3,-0.14236850691411781,-0.2295799972427061,-0.41064051340278457,0.21849792156442532,-0.0017689276660891005,-0.03566847773825777,-0.01731972404606244,-0.0505571817580308,rohrwild_nonlocal_exact_post_borel,-0.2696375928726908,0.016472261676443112,15.288423086711925,0.0842121317199734,4.120174714980106,-0.05003759092163784
lattice_fperp_s,theta_fixed,3.0551786965046532,2.506785604550602,35.3,-0.10441673049056413,-0.25914607018457525,-0.47374964874811937,0.25867196321142333,-0.001778165556705101,-0.042290219091174114,-0.008459963406472032,-0.03605568734900678,rohrwild_nonlocal_exact_post_borel,-0.2718368530263534,0.06453111369856117,15.498744181572441,1.2925055180998828,6.263405677227761,-0.05483334938436448
lattice_fperp_s,theta_fixed,3.317962919942024,2.538496750833517,35.3,-0.15634584751437997,-0.26823310434039876,-0.4782375092581035,0.2522983493080579,-0.0017318773397503925,-0.04056206705060284,-0.013749295465325686,-0.04344796645458093,rohrwild_nonlocal_exact_post_borel,-0.3092607593829786,0.027400821245729456,20.256185400974978,0.2329782283087613,5.897954613005195,-0.055539267678920014
lattice_fperp_s,theta_fixed,5.981591247195403,2.5730220165914846,35.3,-0.2522749394493217,-0.1678230355377642,-0.3979843398007354,0.25547218338638883,-0.0013851623144304048,-0.023925716808987214,-0.03624061647344372,-0.05961762774433217,rohrwild_nonlocal_exact_post_borel,-0.28274568498540564,-0.10891324048710677,16.85117262756046,3.68116711294126,4.137846170107957,-0.055537035262788914
lattice_fperp_s,theta_fixed,5.425924830800789,2.569064432785707,35.3,-0.2016971063288325,-0.3513469965523824,-0.43588057247519046,0.11030436387400012,-0.001341408402355162,-0.02442937954883686,-0.030970809386803178,-0.10324413403744462,rohrwild_nonlocal_exact_post_borel,-0.4032997017563702,0.038415950476684085,34.24983844546124,0.4580670021252653,4.948782172946585,-0.05501083909633548
lattice_fperp_s,theta_fixed,3.5180728493379982,2.5616055559871467,35.3,-0.12401935061840368,-0.2536001963829213,-0.47159228016822996,0.2679122535655761,-0.0020710039263055514,-0.04784916585396188,-0.013383392429799279,-0.045518746596403675,rohrwild_nonlocal_exact_post_borel,-0.2786381804457485,0.045327953088014905,16.419048664493882,0.6382366964919494,4.980911571209062,-0.060818172361298294
lattice_fperp_s,theta_fixed,5.753986157858708,2.5428970887086444,35.3,-0.16358476723124826,-0.18269719028292414,-0.3729029878655703,0.21364367422492067,-0.001278344907160938,-0.022159531735113584,-0.027657681117217652,-0.06464905290501828,rohrwild_nonlocal_exact_post_borel,-0.2436347495695,-0.02793471334350317,12.424015820340816,0.2419795296764603,4.706305305373367,-0.058801255202111304
lattice_fperp_s,theta_fixed,5.6795064970691636,2.515959431164281,35.3,-0.13372693503983632,-0.23609693179539187,-0.3965722810620586,0.1842154655091849,-0.0013076122750370989,-0.02243250396748112,-0.026393279326633982,-0.0761421169481718,rohrwild_nonlocal_exact_post_borel,-0.2699627099390183,0.027290833639301473,15.36026539029023,0.23112081623341882,4.8172750725561615,-0.055695983520448224
lattice_fperp_s,theta_fixed,5.4760924172191885,2.5599011178878337,35.3,-0.23300873252706866,-0.25841869525211286,-0.40070658937874637,0.17008712196824652,-0.0014473674283522514,-0.02635186041326077,-0.03774535980609172,-0.0856273095837706,rohrwild_nonlocal_exact_post_borel,-0.34555108381342226,-0.040837972097603537,25.18369072100116,0.5176785762882403,3.9202423123648593,-0.05215103659011363
lattice_fperp_s,theta_fixed,4.224088427879385,2.523341099775801,35.3,-0.16963654122341126,-0.22533017122888607,-0.3706489970581493,0.17096397263079033,-0.0011953673726355233,-0.024449779428891545,-0.020183454181548988,-0.05914688987452964,rohrwild_nonlocal_exact_post_borel,-0.28192619163908794,-0.008238000495356057,16.734469955137005,0.021060740030283177,5.443063611381844,-0.05218393036263957
lattice_fperp_s,theta_fixed,3.8644786778618947,2.5995404298080853,35.3,-0.22774007427870033,-0.25191794948521895,-0.4200717997945611,0.20345798936189968,-0.001499006528984826,-0.03380513252357268,-0.021659517280753743,-0.060956452463350116,rohrwild_nonlocal_exact_post_borel,-0.33720104649041494,-0.040294527557402676,23.920358670677395,0.5038865785292247,4.885446028152515,-0.05411731177130052
lattice_fperp_s,theta_fixed,3.069094116471886,2.5695453263116232,35.3,-0.13178677970454253,-0.2734493274364822,-0.4792392136309156,0.2715639980611681,-0.0025791793607396985,-0.06319493250599505,-0.010888885653809719,-0.04091806597624613,rohrwild_nonlocal_exact_post_borel,-0.29932627054827055,0.050458633949222564,18.679886162704925,0.7894589274431707,4.100933700854689,-0.05516903865653117
lattice_fperp_s,theta_fixed,5.118205321261737,2.5367830206108355,35.3,-0.22867367021328758,-0.21445990158621647,-0.38633765746985804,0.19747826876003696,-0.0012942544636256152,-0.024306258412769743,-0.028040349467836446,-0.06965617725422879,rohrwild_nonlocal_exact_post_borel,-0.3071696110779105,-0.06270188886652647,19.907415608765046,1.2203340050214118,4.852613264827608,-0.056930210263558156
lattice_fperp_s,theta_fixed,3.894291312305283,2.52461366128978,35.3,-0.1319137597427438,-0.19277963091734432,-0.41278653106501695,0.2457549729550322,-0.0011486149976081034,-0.02459945780975148,-0.016349444663258772,-0.04224158230296662,rohrwild_nonlocal_exact_post_borel,-0.23356207522186256,0.003739401576569351,11.449043013876011,0.004339266780656339,6.910224656631339,-0.05462476080417112
lattice_fperp_s,theta_fixed,4.926238808797191,2.554113310568171,35.3,-0.21408492142184854,-0.2865423588104812,-0.4100117583523466,0.1496571638889107,-0.00130048066205057,-0.024887283684994783,-0.024692141260771516,-0.08211045733812616,rohrwild_nonlocal_exact_post_borel,-0.3575685942846295,-0.009142065094257301,26.905208338355898,0.02594445275911091,5.147883451682165,-0.0552150355137757
lattice_fperp_s,theta_fixed,3.449073870148845,2.5256455318042295,35.3,-0.13574304457617187,-0.2553417051392784,-0.4202977729454467,0.20276971030455676,-0.0015842257337377458,-0.036229416764650774,-0.015753508549802266,-0.04852478060040129,rohrwild_nonlocal_exact_post_borel,-0.2868341171447005,0.03676614986727621,17.230993352906328,0.41940812815150563,5.426601989492025,-0.05406760979976894
lattice_fperp_s,theta_fixed,5.362549988865675,2.553118305571872,35.3,-0.22373588271638623,-0.32434988596130737,-0.37170645493007415,0.06485371681552908,-0.0009017022039920405,-0.016595445642770275,-0.030744666614955,-0.11575812361507107,rohrwild_nonlocal_exact_post_borel,-0.3940016199470737,0.00482879043605311,32.6236961630303,0.0072353412483363655,6.3402608073383835,-0.055889491461503175
lattice_fperp_s,theta_fixed,3.5470692907581274,2.5459895557414454,35.3,-0.17638401969287065,-0.2026687416757992,-0.3879934406521369,0.22499063371199032,-0.001656082828605152,-0.03800985190704746,-0.014419147050816032,-0.046605240118509944,rohrwild_nonlocal_exact_post_borel,-0.267330429014801,-0.026839951159219347,14.993699226238347,0.22345425789410409,4.738971443674384,-0.0567124130418596
lattice_fperp_s,theta_fixed,3.377510627870058,2.579045994339713,35.3,-0.15042318694423953,-0.2872737683367686,-0.4826933640289092,0.25700355637848615,-0.002518794498197079,-0.05906516618814843,-0.013395002165744357,-0.046461502790540704,rohrwild_nonlocal_exact_post_borel,-0.32137810644341075,0.04323732003393348,21.68745405195592,0.5801332562826361,3.82486723667314,-0.053175579018931766
lattice_fperp_s,theta_fixed,3.6975863908998017,2.586728237261671,35.3,-0.19898528002185875,-0.2779528849465392,-0.430657129433294,0.18949433402605578,-0.0015472525108438057,-0.035242837028457145,-0.020675832892953543,-0.05874629744642173,rohrwild_nonlocal_exact_post_borel,-0.3418329588768144,-0.0017821731127167784,24.615044561243177,0.0009854983475539622,5.166827241920883,-0.054452776913195236
lattice_fperp_s,theta_fixed,4.593695196451409,2.5722743576642415,35.3,-0.2068785190035612,-0.2576061705372592,-0.4654343898473789,0.24022241763764304,-0.0015334618969692084,-0.0308607364305541,-0.024265193774396048,-0.061939005187089995,rohrwild_nonlocal_exact_post_borel,-0.3297884087394332,-0.019981646205726317,22.865604205943818,0.12392253153881048,5.013964114012166,-0.054648785201917294
lattice_fperp_s,theta_fixed,4.815165913672643,2.5382643231332125,35.3,-0.23072248862284425,-0.25576968325851623,-0.42439860831380044,0.19318910369906697,-0.001203516215477449,-0.023356662428305315,-0.02758123691214967,-0.07073798079749144,rohrwild_nonlocal_exact_post_borel,-0.34206800207761845,-0.040502834284857514,24.467862737936418,0.5091799367969655,5.75812680124946,-0.054883958588648675
lattice_fperp_s,theta_fixed,4.037223741329759,2.5703778632168803,35.3,-0.1393047408160992,-0.22379427956747194,-0.42728499675672105,0.24628865335260083,-0.0019039573679328556,-0.04089397879541885,-0.01540111749880045,-0.05092376953562336,rohrwild_nonlocal_exact_post_borel,-0.2631452305932732,0.01562939528508485,14.579614621036718,0.075796151870597,4.185449254422579,-0.05633214738019515
lattice_fperp_s,theta_fixed,3.1804159605881015,2.5590220866497866,35.3,-0.19645065917438873,-0.28118323123063227,-0.5318350789830847,0.29470866773752485,-0.001760190643583962,-0.042296629341488354,-0.015154893306036855,-0.03848775856973997,rohrwild_nonlocal_exact_post_borel,-0.34300471592660664,0.00215310646716646,24.704323484140023,0.0014385763243346533,6.4313671285679535,-0.05398267637226186
lattice_fperp_s,theta_fixed,3.793761127167782,2.5565469586210203,35.3,-0.1927093706504154,-0.2751089878353523,-0.4539458719048531,0.2134415179659698,-0.0014910879651432421,-0.03311354593132583,-0.01958780850429578,-0.05621310809684007,rohrwild_nonlocal_exact_post_borel,-0.335885365461826,0.0016964648085929512,23.656485920683306,0.0008933556989950676,5.711055844243752,-0.05485239805868503
lattice_fperp_s,theta_fixed,5.113861673099468,2.5140838315331244,35.3,-0.1767377167383939,-0.19060765308721092,-0.3488272085244019,0.17448354161355925,-0.0008358965750361313,-0.015428089601332141,-0.02690061842465978,-0.0662848580849755,rohrwild_nonlocal_exact_post_borel,-0.2576913077748447,-0.034098208612851774,14.0301078888725,0.36083800466092114,6.806229104737556,-0.055221637674494256
lattice_fperp_s,theta_fixed,4.589420954705568,2.5631090376666763,35.3,-0.14531339675765792,-0.23650552860390636,-0.43217738941819184,0.22686955474227175,-0.001477430203837694,-0.029720263724148585,-0.022467070784707395,-0.06209522461795702,rohrwild_nonlocal_exact_post_borel,-0.2769915063969045,0.018070797476461384,16.10600300779483,0.10126916023690608,4.939093549345804,-0.055847882409147655
lattice_fperp_s,theta_fixed,4.944640213579593,2.57865417506302,35.3,-0.20273549328088766,-0.24527816014579154,-0.42721559249930274,0.20926937313015703,-0.0013356827575185279,-0.02599625801912735,-0.028818908565906944,-0.07009659317512539,rohrwild_nonlocal_exact_post_borel,-0.3173329770461938,-0.02372420197497213,21.219137606784553,0.17471344197950534,5.08996202976111,-0.05590378574409741
lattice_fperp_s,theta_fixed,4.913658224875304,2.544330885580483,35.3,-0.2543830803295204,-0.25098356270772343,-0.3831519464640288,0.15957867571499007,-0.0013599051002103327,-0.026050386858474408,-0.029272937320719512,-0.07771109906618082,rohrwild_nonlocal_exact_post_borel,-0.3518343225005892,-0.06257882883170901,26.14026723948087,1.2150978808841633,4.28136131340747,-0.051413511153993834
lattice_fperp_s,theta_fixed,3.744956832404566,2.5880785908902983,35.3,-0.23102766673453554,-0.24656168718208263,-0.4133663354540138,0.19997820499546187,-0.001397489035176245,-0.031776067688354476,-0.02014417985098611,-0.05721317432650259,rohrwild_nonlocal_exact_post_borel,-0.3347293598489661,-0.04607281235153901,23.594315446639392,0.6588668141034726,5.411932076289479,-0.05485362826115905
lattice_fperp_s,theta_fixed,3.3833015516755647,2.5142338468987453,35.3,-0.10780974416855028,-0.24559337904219156,-0.4719231133976332,0.28307220926614257,-0.002399719382122917,-0.05434275552857794,-0.010268089416699539,-0.0375280578834669,rohrwild_nonlocal_exact_post_borel,-0.26273667116176946,0.05393042178475932,14.513750835672015,0.9031731397872549,4.249553176093807,-0.05378034486946425
lattice_fperp_s,theta_fixed,3.945946687429658,2.526391010620702,35.3,-0.14097041582072387,-0.2167112864630936,-0.41611619030505037,0.2329902793975345,-0.001502327759689873,-0.03208304779588781,-0.015628573471469294,-0.04822331784214984,rohrwild_nonlocal_exact_post_borel,-0.2583270566716789,0.01017701373213288,14.056001831182291,0.032126616199714735,5.470794156569145,-0.0571057961391154
lattice_fperp_s,theta_fixed,5.872231869782576,2.52853425033455,35.3,-0.1566704078802496,-0.20057232104100367,-0.3407617783487263,0.15911811268008458,-0.0010524693752147255,-0.01787618599714719,-0.02745461011812307,-0.08027012316194436,rohrwild_nonlocal_exact_post_borel,-0.2542278004400648,-0.01196236417042254,13.653896490215606,0.04444405149630918,4.800216766449188,-0.05366973774280416
lattice_fperp_s,theta_fixed,5.342490106322361,2.584072491871505,35.3,-0.18116666775095722,-0.24536447580165247,-0.42355315680228806,0.1978579340833533,-0.0009935881241784372,-0.01867566495853931,-0.033515240128574215,-0.07972958785892341,rohrwild_nonlocal_exact_post_borel,-0.3049397122160864,-0.006071194526272361,19.56986684989943,0.011451990850290398,6.1139706750218545,-0.053582076379037134
lattice_fperp_s,theta_fixed,5.962494408874475,2.529721090387641,35.3,-0.14807348117068714,-0.20651277621982259,-0.38342337696514733,0.20026825090121878,-0.001326112807933759,-0.02203153734796024,-0.027746352083907064,-0.07000977781784887,rohrwild_nonlocal_exact_post_borel,-0.2541082295682984,-0.0015133518061954676,13.56842471778817,0.0007104998852788769,4.424288326149783,-0.054573716729914935
lattice_fperp_s,theta_fixed,3.4257640406942262,2.569204162539645,35.3,-0.16421527037030936,-0.2920936390521777,-0.443617343343693,0.20013115133714504,-0.002005344171387047,-0.04660210287424271,-0.01436151654905133,-0.05196346101559975,rohrwild_nonlocal_exact_post_borel,-0.3332816446774705,0.03476628134583826,23.437832996950686,0.37536264822952353,4.4841707680068055,-0.05430689972349611
lattice_fperp_s,theta_fixed,5.089665424184576,2.5758523185761066,35.3,-0.20972424729608286,-0.21895774608838997,-0.4286768614326798,0.23554069582412754,-0.0012836383547191882,-0.02453794212511857,-0.029837605037317427,-0.06322865634186059,rohrwild_nonlocal_exact_post_borel,-0.29989040254009547,-0.04463743877459686,18.79540187283856,0.6184886819864567,5.387259113267532,-0.05739894701307641
lattice_fperp_s,theta_fixed,5.311629506902185,2.5578902870394473,35.3,-0.2675964889954143,-0.2635459041036069,-0.42486087818391405,0.18525703705194674,-0.001232971381494924,-0.022709091590144677,-0.03171179150805836,-0.07890877668344946,rohrwild_nonlocal_exact_post_borel,-0.36972239047487165,-0.06610354358131615,28.76627276329352,1.3570665249518392,5.222573302254998,-0.05413772336784699
lattice_fperp_s,theta_fixed,5.5319947861877985,2.583352345254071,35.3,-0.22367476924451682,-0.2844007773637551,-0.40105557529480035,0.13780793099935446,-0.0011019443292138787,-0.020051188739095335,-0.034237754824827375,-0.09590139495461955,rohrwild_nonlocal_exact_post_borel,-0.3613623358447445,-0.018206229552714198,27.31930422995216,0.10288955692702992,5.0892839296050285,-0.05203883788223838
lattice_fperp_s,theta_fixed,3.676312067069177,2.500559148952345,35.3,-0.1805163538180619,-0.2081025280826295,-0.38862169587923695,0.21119424657761884,-0.0013335679370151331,-0.02934151084399627,-0.017810621849548437,-0.04606221588966705,rohrwild_nonlocal_exact_post_borel,-0.27415304713862365,-0.02707254946910058,15.898920646756434,0.22757530238160348,5.805297577262706,-0.05449337378768498
lattice_fperp_s,theta_fixed,3.0635566905376974,2.5898003794015074,35.3,-0.15613744755453013,-0.2362134861960712,-0.43096605696875034,0.23602601181319902,-0.0016022836624498406,-0.03967115737807003,-0.0125418671155098,-0.04058468001255448,rohrwild_nonlocal_exact_post_borel,-0.2830079198896597,0.009068123812185969,16.69315626362094,0.025513977601754105,5.778310867217371,-0.05475766827519293
lattice_fperp_s,theta_fixed,4.518200768022625,2.589925334881548,35.3,-0.21138806447556757,-0.2145577046443227,-0.3764616520976322,0.18467134417093484,-0.0010524294097025329,-0.021714967307922793,-0.026809885862531913,-0.06597026059510257,rohrwild_nonlocal_exact_post_borel,-0.29726081276242705,-0.048537940013853156,18.635002220542766,0.7317378985723403,5.707122647742231,-0.05391870438585269
lattice_fperp_s,theta_fixed,4.145656267875501,2.514887294164901,35.3,-0.13809557680261894,-0.21917213666959146,-0.37861117110413717,0.19576365250279704,-0.0016705699614675484,-0.034654048106783776,-0.017291476695763565,-0.05726753157670372,rohrwild_nonlocal_exact_post_borel,-0.2586742013832712,0.013945298974527967,14.011509232112184,0.06034164048567604,4.170611744154027,-0.05475174491052131
lattice_fperp_s,theta_fixed,3.5169744061912693,2.598534635384499,35.3,-0.20408132322433534,-0.2415143917187217,-0.44433348745572326,0.24115666929603127,-0.0015683672020678071,-0.036769206356961855,-0.01891546913439075,-0.0480497669405099,rohrwild_nonlocal_exact_post_borel,-0.31503892224645,-0.026997506663671456,20.81644777049793,0.22606142796812825,5.258915435919344,-0.053181158523682937
lattice_fperp_s,theta_fixed,5.978604785680365,2.5135090163116858,35.3,-0.2316307415675971,-0.21354970788502178,-0.36960042940525173,0.17992331049612054,-0.0013503444413241305,-0.02252224453456642,-0.03395560177230988,-0.07669369694822029,rohrwild_nonlocal_exact_post_borel,-0.3081355340120452,-0.06564122832522891,20.091070043369708,1.337096670734899,4.156011794701243,-0.0550771512231418
lattice_fperp_s,theta_fixed,3.4476884292799417,2.563157306292485,35.3,-0.17706031119903842,-0.24351228152964147,-0.43006209910870724,0.23472318083115862,-0.0019703651924429136,-0.0462029980596499,-0.017477289163178714,-0.049329318933917066,rohrwild_nonlocal_exact_post_borel,-0.30105517740460364,-0.0037901471679004928,19.080712010754493,0.004457986583011438,4.265545246719907,-0.05454193129433165
lattice_fperp_s,theta_fixed,3.4234290147612234,2.533240751248176,35.3,-0.13366695525314798,-0.2259780213451614,-0.43599097502315326,0.25149348595018983,-0.0017396039784084488,-0.03974092829378956,-0.009993522016434324,-0.040171418043822446,rohrwild_nonlocal_exact_post_borel,-0.26166962697288343,0.0214924958437432,14.281598447285203,0.14337695775210457,5.433394811678669,-0.056273279744215546
lattice_fperp_s,theta_fixed,5.147214210367976,2.5593664725352814,35.3,-0.15962335334730438,-0.28355641085058947,-0.3973705006142556,0.1446224506165858,-0.0015701832065051844,-0.029238177646414454,-0.02458559712604349,-0.08566208997554003,rohrwild_nonlocal_exact_post_borel,-0.32366061756478204,0.03358061503145196,21.989757993082733,0.34966310697991615,4.097756917869414,-0.05581016040357813
lattice_fperp_s,theta_fixed,4.421935795290787,2.5975055409147783,35.3,-0.2332639067271966,-0.19663106567200656,-0.4117354063596186,0.24352742857696102,-0.0012893814470018353,-0.027133706442347173,-0.030464035163687626,-0.05430713879260985,rohrwild_nonlocal_exact_post_borel,-0.29527133106823855,-0.07675068219979479,18.335366422080657,1.827322594926379,5.155729202835824,-0.05468881928623196
lattice_fperp_s,theta_fixed,4.342422482304141,2.5505819021604377,35.3,-0.14970619111139186,-0.24037322669144331,-0.4280275080681174,0.21796326478836672,-0.0014104646145352282,-0.02889851879715743,-0.01986018857990956,-0.05761042135100587,rohrwild_nonlocal_exact_post_borel,-0.28268648990287853,0.016720651707583953,16.84622231132604,0.08678050549382449,5.499119954063424,-0.0565087718307676
lattice_fperp_s,theta_fixed,4.973098886567701,2.522241994614958,35.3,-0.1820303336826655,-0.19920938575629968,-0.36178256207743326,0.18214661978826535,-0.0009933225409342482,-0.018580120926197534,-0.0241931745994244,-0.06376948915458876,rohrwild_nonlocal_exact_post_borel,-0.2677698842000973,-0.033447135445225415,15.101653038643105,0.3471648089571148,6.018155888248215,-0.05453733634280018
lattice_fperp_s,theta_fixed,4.688182510892783,2.5345675154723306,35.3,-0.11719303377497943,-0.2041794897263207,-0.3671032177982162,0.19600795286195,-0.0016062929338286386,-0.03147793185622586,-0.018741260763217617,-0.06329625376289257,rohrwild_nonlocal_exact_post_borel,-0.23435944478054171,0.022341034721793454,11.550686272500014,0.15492732499976547,4.0285934468338525,-0.05761800981082751
lattice_fperp_s,theta_fixed,4.72510841696122,2.5037732187357857,35.3,-0.15158969223548727,-0.21767465885394174,-0.36755964983377926,0.1723305621133613,-0.0011152267976487055,-0.021330344335875075,-0.024318002967864762,-0.06459845690649751,rohrwild_nonlocal_exact_post_borel,-0.2652497309348024,0.002066915151764978,14.868149780646428,0.0013262782566036285,5.5860376071163715,-0.0537136169080914
lattice_fperp_s,theta_fixed,5.443951935617521,2.587923967614317,35.3,-0.17176034178343416,-0.2324826057539589,-0.40839054157447086,0.19454738743403788,-0.0009597331831535043,-0.01767971843037243,-0.031189146935156717,-0.07597422176252373,rohrwild_nonlocal_exact_post_borel,-0.2889908166618662,-0.0058382251430068866,17.605634045250195,0.010583245503673854,6.36447613468018,-0.05547424536098355
lattice_fperp_s,theta_fixed,3.5643780153790345,2.5390146953686994,35.3,-0.14570093862729006,-0.28218866826495426,-0.4537034877712552,0.21951045202964034,-0.0020311924647944866,-0.04596444005854501,-0.015764966997318757,-0.05179273228831936,rohrwild_nonlocal_exact_post_borel,-0.31449917793130233,0.044152860547837666,20.82956155665071,0.6049361030769235,4.491574631291099,-0.054883930090064245
lattice_fperp_s,theta_fixed,3.3434574393084904,2.5662919559228077,35.3,-0.20934844930943405,-0.25171690413774195,-0.4572482361946073,0.2473443000010472,-0.001701533537796118,-0.04011143440638579,-0.015453917567599364,-0.04377763543698092,rohrwild_nonlocal_exact_post_borel,-0.3264092251117357,-0.02540060666421401,22.418424628345058,0.20001945453248968,5.335026475155453,-0.05287236417345949
lattice_fperp_s,theta_fixed,3.5930644164232284,2.5662138204224467,35.3,-0.1620084896616088,-0.2451370530950435,-0.42635618310484485,0.21932421591513188,-0.0016039319137076992,-0.036501153991622876,-0.013585173298298546,-0.04971807347462005,rohrwild_nonlocal_exact_post_borel,-0.293683404718158,0.009433096824923048,18.05432013635437,0.027630033018369873,5.233154883126143,-0.05495047520961841
lattice_fperp_s,theta_fixed,3.2362072236507538,2.530168944691524,35.3,-0.12156073397722846,-0.22087647537259028,-0.4028440762290084,0.21621250546762688,-0.001392862413695256,-0.03285204219751345,-0.0107286764814978,-0.04124207412901508,rohrwild_nonlocal_exact_post_borel,-0.2505103912703822,0.02842487086445615,13.222718934741774,0.25091176523825404,6.502045882738013,-0.05697958654126584
lattice_fperp_s,theta_fixed,4.026145108833576,2.535791424926899,35.3,-0.1611565623692153,-0.20916257627265522,-0.4012229366876277,0.22818292338713395,-0.0016123423273244099,-0.03451022064483705,-0.021054808118091406,-0.052339903406971144,rohrwild_nonlocal_exact_post_borel,-0.2638309892186095,-0.010659739002764151,14.657812267202935,0.03527925389158492,4.29882670885113,-0.05202540851983603
lattice_fperp_s,theta_fixed,4.433807624368224,2.5989703373225512,35.3,-0.2197558382711493,-0.29891852271136926,-0.46521031278331826,0.1980417749399169,-0.0014405322188068238,-0.030309452649161173,-0.03062073835032343,-0.07485287460751622,rohrwild_nonlocal_exact_post_borel,-0.37094622940375066,-0.0066186528344425455,28.88494858801241,0.013589585309370312,4.963759079833828,-0.05236440837316174
lattice_fperp_s,theta_fixed,3.3428899231541562,2.55692085743162,35.3,-0.20411166916617693,-0.23909319285334962,-0.4942374977742649,0.29767333578368127,-0.0017409922321083222,-0.04078803863065772,-0.013979578428154619,-0.03743093597159795,rohrwild_nonlocal_exact_post_borel,-0.31308042647322276,-0.028421381352018715,20.60879389993537,0.25051353718496705,5.9033361024902185,-0.054564227851030045
lattice_fperp_s,theta_fixed,5.449425109934505,2.509334641844559,35.3,-0.1348649872618317,-0.26093532278367204,-0.4265178983465492,0.19248308327328423,-0.0014505815686393264,-0.02544992614176773,-0.023290156878073398,-0.07543267851397098,rohrwild_nonlocal_exact_post_borel,-0.2908918866550886,0.04071508005145305,17.829673888434513,0.5144634637197092,4.878451590109254,-0.05664493739111485
lattice_fperp_s,theta_fixed,3.7357483323365015,2.5907201289259585,35.3,-0.21004434191675037,-0.29733236707169075,-0.49134214232523027,0.24764872758004114,-0.0022568766731477794,-0.05138207565335379,-0.018419214041250263,-0.05692241864181767,rohrwild_nonlocal_exact_post_borel,-0.3640398459499294,0.0003906922664617396,27.914119902774424,4.739904623000481e-05,4.167382830494954,-0.05718729693854703
lattice_fperp_s,theta_fixed,4.248784165208737,2.5490563674474944,35.3,-0.13322317969709077,-0.28789941368161887,-0.41970547385783163,0.16970452909776904,-0.0017378762367289905,-0.03616059268482721,-0.018441192266190648,-0.0708423430362982,rohrwild_nonlocal_exact_post_borel,-0.31194956380018524,0.05763642643066452,20.58841921615535,1.0312867918555981,4.374824823654118,-0.05629157084668174
lattice_fperp_s,theta_fixed,3.2522450945608905,2.56369357311451,35.3,-0.1868632129946242,-0.2539054761392232,-0.4813538971559774,0.27639541031946135,-0.001956664982750897,-0.04699032431995626,-0.015345876440034286,-0.04209593937787498,rohrwild_nonlocal_exact_post_borel,-0.31520213575016376,-0.005784877068293975,20.81891365903452,0.01038836374208342,5.145120950677007,-0.05549762806047907
lattice_fperp_s,theta_fixed,3.423292268317977,2.5370017064857655,35.3,-0.14461027633343354,-0.20168633993117416,-0.4282805404905342,0.27031552231822287,-0.0018124353130725612,-0.04190888644579022,-0.014069129719960147,-0.03837448252200443,rohrwild_nonlocal_exact_post_borel,-0.24816795416699663,-0.0014758931643620854,12.998947470129748,0.0006763191058060156,4.958160652478309,-0.05612785475548338
lattice_fperp_s,theta_fixed,3.8836808410125174,2.5558694481746174,35.3,-0.1426116953093969,-0.21144644281886574,-0.3926567656935352,0.2186177735061248,-0.0016508706622550386,-0.03575657996920029,-0.013401532725156907,-0.048606943940441835,rohrwild_nonlocal_exact_post_borel,-0.25497864573400386,0.005795173804595155,13.572073943477452,0.010425383899955697,4.601524887060381,-0.05559871535282052
lattice_fperp_s,theta_fixed,4.94649742030742,2.5082185273861057,35.3,-0.19294614477391706,-0.221956913256565,-0.3546740378971651,0.15270867687183148,-0.001008387328311514,-0.01898316490291985,-0.028688862683359878,-0.07426199003977893,rohrwild_nonlocal_exact_post_borel,-0.29264278113985576,-0.02921110700110796,18.10482032208897,0.2646809244761426,5.5885577420926245,-0.052919089622440324
lattice_fperp_s,theta_fixed,4.018301576016954,2.5510297007369096,35.3,-0.14891696219917477,-0.2369993631147136,-0.4290869546881316,0.22716489784165636,-0.0015580591918455877,-0.033519247076392776,-0.019003927611678153,-0.054261877572852016,rohrwild_nonlocal_exact_post_borel,-0.27947689106979856,0.015415158298579326,16.46389529683942,0.07371298442411112,5.166661314836938,-0.056745130707090204
lattice_fperp_s,theta_fixed,5.928724318921755,2.564325184510826,35.3,-0.21246246443712902,-0.2633147816957027,-0.4031686026814363,0.1600946467194776,-0.0011119765636812902,-0.019128849170062728,-0.029114916194110742,-0.09120742593569017,rohrwild_nonlocal_exact_post_borel,-0.33767414633591863,-0.02124014949247016,23.944844678274418,0.14005157575630034,5.44162444876591,-0.056517197128522705
lattice_fperp_s,theta_fixed,5.797850543817448,2.5307144964522554,35.3,-0.1850585888076052,-0.2537635394406228,-0.40607470018878666,0.1790023926830847,-0.0014662005768452423,-0.025225031358075592,-0.03332470467363238,-0.08370446456789765,rohrwild_nonlocal_exact_post_borel,-0.3140434800294083,-0.004394074636765999,20.76235787674184,0.005988658905826754,4.112899127449618,-0.05423407877478047
lattice_fperp_s,theta_fixed,4.237933070843149,2.541334576419866,35.3,-0.2132600905031848,-0.2242031712307798,-0.3670344239693521,0.17658319254639793,-0.0015420353290061311,-0.0322099044788195,-0.02509370343275529,-0.06399386139638916,rohrwild_nonlocal_exact_post_borel,-0.30621460513059984,-0.044492064416879445,19.66590581496121,0.6143900179193217,3.962085974840973,-0.052086022347149326
lattice_fperp_s,theta_fixed,5.830343608316451,2.5743815479361825,35.3,-0.158976365882193,-0.21931485364242956,-0.3982147902617129,0.20241574322274059,-0.001280483927458556,-0.022235322675998606,-0.030021719933913203,-0.07399950609613448,rohrwild_nonlocal_exact_post_borel,-0.27085680124232253,-0.0030138278129643037,15.327275205016932,0.0028187233167910734,4.642586608294566,-0.055492744624336184
lattice_fperp_s,theta_fixed,5.570997782565628,2.593820151797131,35.3,-0.18793901110285924,-0.2927401725107622,-0.4139960533147536,0.1443428807467396,-0.0011912186449568732,-0.02189578129779134,-0.03490367665328251,-0.09906110283193442,rohrwild_nonlocal_exact_post_borel,-0.3475182493974673,0.01577804904515054,25.366087185102696,0.07729111202444132,5.126472063732117,-0.05676113328595172
lattice_fperp_s,theta_fixed,5.88704031453203,2.5752697416976327,35.3,-0.17690379039457005,-0.25797271319208986,-0.3711916129876742,0.13228962652491316,-0.0010311070895318995,-0.018039619639796892,-0.03550499026209644,-0.09846754723784575,rohrwild_nonlocal_exact_post_borel,-0.3127664325128764,0.004693666032278193,20.61123158791882,0.00683638322662392,5.205561712870138,-0.055647501828765725
lattice_fperp_s,theta_fixed,4.476518433092038,2.5166211844578115,35.3,-0.2061405120572603,-0.19016370396128,-0.3627556949539167,0.2046922618070827,-0.0015346991287300727,-0.03056557168571593,-0.023990296418116258,-0.05573508047298,rohrwild_nonlocal_exact_post_borel,-0.27431961365828383,-0.05835147451326923,15.914405696811354,1.056528110033305,3.9317520923409006,-0.05203508954457668
lattice_fperp_s,theta_fixed,5.045349900460445,2.5912996246837325,35.3,-0.16817050398829395,-0.19351849648806072,-0.3793986533887127,0.20859547107580834,-0.001112853931191596,-0.021602460243964797,-0.027226763900106254,-0.06537823383256838,rohrwild_nonlocal_exact_post_borel,-0.2551163272857542,-0.025424131192713736,13.674132846261038,0.2005104913979093,5.42419651961906,-0.05748428226907736
lattice_fperp_s,theta_fixed,3.546142435717988,2.5807813181834947,35.3,-0.22163469093670962,-0.3216437300460138,-0.4772314426222537,0.1882249720368967,-0.0013493327978145355,-0.03128792666284228,-0.01850009367100084,-0.059651428033786355,rohrwild_nonlocal_exact_post_borel,-0.3905788346898068,0.004979879202991699,32.026826738717745,0.007693868490568185,6.657567708170472,-0.05355816158587678
lattice_fperp_s,theta_fixed,5.79388227277344,2.5764203493299584,35.3,-0.2238028074517453,-0.26510809536997687,-0.4655993208568563,0.22518271363560263,-0.0013254428835185687,-0.02336604526520461,-0.03851915769675997,-0.07852269009803337,rohrwild_nonlocal_exact_post_borel,-0.3456908407104188,-0.029459149731510953,25.122947780305537,0.2692570055234283,4.872175624648119,-0.05264311141438478
lattice_fperp_s,theta_fixed,3.242488076158016,2.5468206861467433,35.3,-0.1283935048024895,-0.26885961116593404,-0.4295911363481357,0.20450337445466668,-0.0017758492694244991,-0.04199600000304047,-0.012157120289350879,-0.04634734461897229,rohrwild_nonlocal_exact_post_borel,-0.29361960079829313,0.05057581060957031,18.19051866276531,0.7937632112279941,5.224481183879996,-0.054933825842394535
lattice_fperp_s,theta_fixed,5.459375683481666,2.550540451812804,35.3,-0.17530970499830217,-0.1913930459175966,-0.42970269153381596,0.2548968142082018,-0.0008722399277190665,-0.015714928664263297,-0.030937914756825734,-0.05807473104114791,rohrwild_nonlocal_exact_post_borel,-0.25750710891498074,-0.03247890931751267,13.92283823308774,0.3272612588683952,7.33693180236461,-0.05340169807252666
lattice_fperp_s,theta_fixed,3.2871934090874433,2.516378377620495,35.3,-0.09305608755347257,-0.25404804138140935,-0.43402109727731697,0.2177595312611906,-0.0015623337681024963,-0.03622414159718051,-0.00964156960787125,-0.043626230867273824,rohrwild_nonlocal_exact_post_borel,-0.2611113259456814,0.07085702663376414,14.400162972294131,1.5571741372443109,6.211371163888756,-0.05608907428435133
lattice_fperp_s,theta_fixed,3.0219230759454585,2.539891533668155,35.3,-0.09606701515820881,-0.2600504203001539,-0.4363096357648009,0.23312552122541488,-0.0022471889337127245,-0.05461911682705515,-0.007688211375058424,-0.04067963679338206,rohrwild_nonlocal_exact_post_borel,-0.26774998048403714,0.07186821585716426,15.044051732311885,1.6034431039704038,4.538007887261015,-0.056024574098147484
lattice_fperp_s,theta_fixed,5.6518639168038085,2.517646728930019,35.3,-0.14541097669559838,-0.2433360213574043,-0.38988172242096486,0.18063038713323254,-0.0018719196826712788,-0.032212766387000644,-0.029074344898464357,-0.07857721825206244,rohrwild_nonlocal_exact_post_borel,-0.28262251560293006,0.02193821113697554,16.770326187828424,0.14942753941936665,3.175533077101667,-0.053274126336405915
lattice_fperp_s,theta_fixed,3.9052693707265234,2.58975774686524,35.3,-0.21334716744216964,-0.22426715941450479,-0.3970552750030974,0.2066462503247151,-0.0014488538471686047,-0.03240928088895385,-0.022316613015496447,-0.057149560795217116,rohrwild_nonlocal_exact_post_borel,-0.30631714636575913,-0.04452615512017816,19.717392687342837,0.6149642535364397,4.972458967635089,-0.05650317611130335
lattice_fperp_s,theta_fixed,3.3749735387755937,2.561522972608272,35.3,-0.2041723021904133,-0.3324538886366726,-0.44226625651530665,0.15214758301607434,-0.0017102796071114773,-0.0406249355303288,-0.019966649790799214,-0.0653151905872252,rohrwild_nonlocal_exact_post_borel,-0.3893106369933753,0.02547832363384392,31.688752048667148,0.20145618966000067,4.953822335855805,-0.053100999585624836
lattice_fperp_s,theta_fixed,5.858525096884772,2.5734693890900022,35.3,-0.18795013440201522,-0.2625214690538116,-0.4388930672534005,0.2031954597634622,-0.0014461301392157534,-0.025377731424657556,-0.03549356670193141,-0.08486324018147885,rohrwild_nonlocal_exact_post_borel,-0.3228620572659902,-0.0016931372889994745,21.864569216581696,0.0008895027248869595,4.319940830935006,-0.054666133645066305
lattice_fperp_s,theta_fixed,4.678189319933788,2.5107065307979384,35.3,-0.20820439584049164,-0.2047225415757486,-0.40556999000732397,0.2286634946617854,-0.0013616509098387116,-0.026454395320371325,-0.024020114058942846,-0.05620074152607414,rohrwild_nonlocal_exact_post_borel,-0.28739425928330636,-0.051622952332639124,17.342257406130898,0.8260989816569412,5.139107236065432,-0.05551063287305074
lattice_fperp_s,theta_fixed,3.121521987038283,2.57460854588296,35.3,-0.16182142361615826,-0.2809485882388885,-0.5123738874510295,0.2898242367500448,-0.002297773648093024,-0.0561011638898108,-0.014393496570184287,-0.040406124102947,rohrwild_nonlocal_exact_post_borel,-0.3228024471668998,0.030279737080191604,21.873275166684934,0.28451386912395976,4.674766686833108,-0.05347794430252685
lattice_fperp_s,theta_fixed,3.0499550030092313,2.5636804792071146,35.3,-0.17185124882531835,-0.23784800166205178,-0.44839063658803846,0.26701206801627386,-0.002197887389098973,-0.054271545701188126,-0.011310234744954406,-0.039833981430942134,rohrwild_nonlocal_exact_post_borel,-0.293422249275386,-0.002811982863764023,18.02020649182948,0.0024550924724842963,4.565788280297939,-0.05664364746687938
lattice_fperp_s,theta_fixed,4.011889102076091,2.558592929066066,35.3,-0.18510862432088476,-0.24813545782304164,-0.45495045264524864,0.2569611451066644,-0.002217007904938708,-0.047929142379518716,-0.0177876549493821,-0.05420192583297367,rohrwild_nonlocal_exact_post_borel,-0.30947910446409965,-0.007687140373364321,20.123851336232246,0.018341240089698778,3.813111466439062,-0.056591999194425195
lattice_fperp_s,theta_fixed,5.370297487551725,2.529900090341475,35.3,-0.1555727547968541,-0.19205447911456255,-0.3603024739098345,0.18720421530913975,-0.000994676064164337,-0.0179615444497035,-0.029598194105123755,-0.06751570733880524,rohrwild_nonlocal_exact_post_borel,-0.24664178225436723,-0.01598862812868354,12.844736265205238,0.07933396482196066,5.733345517275768,-0.05570055094246356
lattice_fperp_s,theta_fixed,3.328618138893746,2.5663882645561285,35.3,-0.17347428709327103,-0.33219504650199744,-0.48230125585048145,0.20206275922726738,-0.0021040061687574896,-0.04985254371002585,-0.01642889144782901,-0.05555626621767875,rohrwild_nonlocal_exact_post_borel,-0.3713603041200468,0.050382553794436236,28.965102164674903,0.7877402045530556,4.4531594636421055,-0.05200578835908593
lattice_fperp_s,theta_fixed,3.8980905571275146,2.5895851114290034,35.3,-0.19553077675388866,-0.24880042459974508,-0.44014361508608696,0.24115487007885128,-0.0021528457176127015,-0.047658833874896674,-0.01866141533671329,-0.054446970610830314,rohrwild_nonlocal_exact_post_borel,-0.3160443290926202,-0.015808794621604394,20.988505476157528,0.07754577613444921,3.6303345909284843,-0.05371464432935006
lattice_fperp_s,theta_fixed,3.069340249462938,2.537443905354843,35.3,-0.14436375426926146,-0.21516582739661105,-0.3984761951206144,0.23537405015625684,-0.002057941945859204,-0.050005740486394286,-0.01018816624076251,-0.03912335776175988,rohrwild_nonlocal_exact_post_borel,-0.2590266159281934,0.006514527363677511,14.079434579775175,0.013164756127495247,4.4261967469863555,-0.05651204535331919
lattice_fperp_s,theta_fixed,5.767923676618119,2.5046343672391043,35.3,-0.1481038005688144,-0.2478320580566704,-0.4270507412075598,0.2070956189871125,-0.0015677350149801948,-0.026309200821242894,-0.029758721996308784,-0.0716824026626997,rohrwild_nonlocal_exact_post_borel,-0.28784796896584086,0.02233856543675769,17.392848199213976,0.15487415229231086,4.235552295901933,-0.053543638922557285
lattice_fperp_s,theta_fixed,4.67248638599909,2.5323891718956135,35.3,-0.14822569115701104,-0.24357443559975106,-0.41228353011385677,0.19471160069718774,-0.0012646494377569143,-0.024737856745325054,-0.02352508924424377,-0.06492284990382126,rohrwild_nonlocal_exact_post_borel,-0.2844435986401096,0.019778786347376134,17.01121987687087,0.12142001493484354,5.6923609711628576,-0.056479444070027036
lattice_fperp_s,theta_fixed,4.580717425686425,2.5249025299161514,35.3,-0.1701200208126421,-0.21260900995090923,-0.4026856353451954,0.2170263451853664,-0.0012991111635295843,-0.02565060862755062,-0.023080398739201338,-0.05767729542233069,rohrwild_nonlocal_exact_post_borel,-0.2718233560975297,-0.01598360639765499,15.485322178899208,0.0793105417194395,5.339311326070333,-0.05502886005053324
lattice_fperp_s,theta_fixed,4.394587595488827,2.590020923292182,35.3,-0.20091713260495278,-0.22149564505667957,-0.4195314077540656,0.23407729204843172,-0.001639052197429553,-0.03440247715361616,-0.024081259828552533,-0.05922930275322507,rohrwild_nonlocal_exact_post_borel,-0.2968724189148528,-0.03598307714627719,18.58791128481238,0.4020422798695921,4.417886492611146,-0.05763044891443472
lattice_fperp_s,theta_fixed,3.6124125520321257,2.5440870235234847,35.3,-0.15517053881099707,-0.24072802806561888,-0.4381826032447876,0.23583740344544288,-0.0016288153918436233,-0.036754012874430544,-0.01398669081116953,-0.047521453094771786,rohrwild_nonlocal_exact_post_borel,-0.28613367162185466,0.012466016823877185,17.173917231606783,0.04821155215308481,5.535245964266952,-0.057249739945784556
lattice_fperp_s,theta_fixed,4.295401072812791,2.5612372641389904,35.3,-0.20946120862303727,-0.240844600666485,-0.4147208947001257,0.21188454023812284,-0.0017217131925854174,-0.036286533011896764,-0.025167059130949677,-0.0644850601503108,rohrwild_nonlocal_exact_post_borel,-0.3176010883871697,-0.031775277234154325,21.31745027993128,0.3133577361501068,4.087730829137728,-0.05530009581173166
lattice_fperp_s,theta_fixed,5.4006000167706825,2.573897095378733,35.3,-0.17846124727643267,-0.21266159521030156,-0.3987051900465495,0.2120302186806788,-0.0013422194995005173,-0.02464440434493039,-0.026094271685846607,-0.07042492143784077,rohrwild_nonlocal_exact_post_borel,-0.27668631421321477,-0.022760808069055852,16.13844401120839,0.16082934968291748,4.535740830945945,-0.05545377822047051
lattice_fperp_s,theta_fixed,3.428443905113837,2.538990848723499,35.3,-0.09128791370020024,-0.27888970686259473,-0.45027474020136515,0.21968544644357937,-0.002036433810995612,-0.04626397929381329,-0.008839006093013121,-0.04588643556130861,rohrwild_nonlocal_exact_post_borel,-0.28036379020272456,0.0866550455819041,16.541998052600846,2.3275868277011043,4.887417010056919,-0.05647516138464472
lattice_fperp_s,theta_fixed,3.839251356299988,2.5672545260523183,35.3,-0.19373007410321502,-0.2347102186727434,-0.3743890270636855,0.17919575327870374,-0.0016908458480481665,-0.0378260990397135,-0.022029288093233648,-0.06225587772330262,rohrwild_nonlocal_exact_post_borel,-0.3035042326276845,-0.02248130642388424,19.35175654836801,0.15679342902829743,3.9596281134417013,-0.05432668881408375
lattice_fperp_s,theta_fixed,4.175362928698531,2.5848209719498554,35.3,-0.16545820863093555,-0.22712600390400414,-0.4107372547436057,0.21946764721301254,-0.001612827822421255,-0.03424356855098978,-0.015095764815325954,-0.0561652686521371,rohrwild_nonlocal_exact_post_borel,-0.2809773568449738,-0.003790170599345527,16.590292336750515,0.004454522412528137,4.727795351944548,-0.05786097248490419
lattice_fperp_s,theta_fixed,5.96956254831196,2.595732828351878,35.3,-0.20576264891572243,-0.3600221260984635,-0.4706415811568949,0.1301644955208181,-0.001047596847377138,-0.018497443615009573,-0.03946361825884147,-0.11514242117475822,rohrwild_nonlocal_exact_post_borel,-0.4127291058588322,0.04011089809816909,35.83388008818967,0.49936496615144116,6.089703867637501,-0.05419621577794635
lattice_fperp_s,theta_fixed,3.6225660421597254,2.5603195883075878,35.3,-0.20663369699899095,-0.2841525772374489,-0.42949738148519334,0.18342134461156132,-0.0015990541793619883,-0.03647748618445493,-0.01910389474100705,-0.0586115347727091,rohrwild_nonlocal_exact_post_borel,-0.35131245686705614,-0.004441794253227799,25.78838563344764,0.00612239919092706,5.2617080185877185,-0.055883608982029806
lattice_fperp_s,theta_fixed,4.842365097805601,2.534231910633999,35.3,-0.16031765682866575,-0.20452548291268488,-0.37157542866477755,0.19518022087411804,-0.001387298323405234,-0.02674297679862018,-0.02593805913860113,-0.0642983155956959,rohrwild_nonlocal_exact_post_borel,-0.2595617150560825,-0.012654656409632134,14.204805521724936,0.049711293928961224,4.431234549424691,-0.05540882543442134
lattice_fperp_s,theta_fixed,5.326166142410324,2.569248193628285,35.3,-0.16765806003824685,-0.26323122598543114,-0.40645181573614747,0.16938241339979745,-0.00134024251275041,-0.024821581136330713,-0.028331081802540098,-0.08395370911474424,rohrwild_nonlocal_exact_post_borel,-0.31171538669204424,0.015278125834369244,20.560822586736556,0.07245672894612552,4.763598295309644,-0.05691222303265983
lattice_fperp_s,theta_fixed,5.563653583344314,2.537168495717028,35.3,-0.23126622338936673,-0.2252703671954493,-0.39130733515332894,0.19418663831549676,-0.0015029557313731507,-0.026646714626243954,-0.03379359864924842,-0.07490368014508554,rohrwild_nonlocal_exact_post_borel,-0.3174905650472913,-0.05857085899237549,21.176761306107263,1.065420862267672,3.854393975747031,-0.05332472963918482
lattice_fperp_s,theta_fixed,5.201954294004358,2.5473380929257288,35.3,-0.16719290416194962,-0.21561054968778326,-0.35198584720626563,0.15678358075430532,-0.0010359522601139286,-0.019372330975709024,-0.033126638789976126,-0.0786124938967866,rohrwild_nonlocal_exact_post_borel,-0.2725815688308494,-0.011860213846632606,15.598890842624378,0.04366348890966804,5.111132681145439,-0.053623185454115194
lattice_fperp_s,theta_fixed,4.251053096690819,2.5110510257410827,35.3,-0.11982941480770504,-0.24153058890409573,-0.41423103325017646,0.21058099885976841,-0.0017743695968421853,-0.0361061849168455,-0.016122385846818046,-0.05755814628322882,rohrwild_nonlocal_exact_post_borel,-0.26636653373087665,0.04177300249819353,14.986563860358139,0.5414730714537994,4.456620049014276,-0.056989023268357156
lattice_fperp_s,theta_fixed,5.880530649474907,2.541255202731364,35.3,-0.19185485710964748,-0.26876818052401763,-0.41600808531928485,0.1740418783447962,-0.0014997193480037754,-0.025302254201525272,-0.026254287719205262,-0.08387946068392413,rohrwild_nonlocal_exact_post_borel,-0.330216607098919,-0.0012702184191552834,22.81598647856859,0.0005007292262278783,4.30549875409645,-0.05557590474162858
lattice_fperp_s,theta_fixed,3.7444150077832234,2.5143696340331134,35.3,-0.15467956002256983,-0.25428339815955553,-0.43278685530712047,0.21091182988294485,-0.0014084996296545543,-0.030999873105725315,-0.015514522702311816,-0.053096540727872926,rohrwild_nonlocal_exact_post_borel,-0.29691300286666156,0.020699797029166134,18.567383402526826,0.13301952614689133,6.40235065317073,-0.05889320227165741
lattice_fperp_s,theta_fixed,5.428273131114935,2.5558576913204876,35.3,-0.179916381188766,-0.22978713984205984,-0.391061502351137,0.17836450432390677,-0.0008923182644867549,-0.016197823550342917,-0.030754781588472037,-0.0773108237959649,rohrwild_nonlocal_exact_post_borel,-0.291503975163529,-0.014052271016329915,17.95525568630231,0.06126750463757548,6.34942182635341,-0.052042160530115095
lattice_fperp_s,theta_fixed,3.886625137618412,2.5938861943005898,35.3,-0.22289063088215322,-0.2409961619695145,-0.43526311067189444,0.22998524494077344,-0.0015222910173427126,-0.03419600522105082,-0.024849932742805732,-0.05510780216784192,rohrwild_nonlocal_exact_post_borel,-0.3254850773072694,-0.04264795269836097,22.269828133412386,0.5645120622893934,5.125245719673821,-0.055670328151096564
lattice_fperp_s,theta_fixed,5.87929272165777,2.527871241789429,35.3,-0.17149911268777276,-0.23976142621280122,-0.3782152338275541,0.1627759622675285,-0.0013538688017861109,-0.022968285850989492,-0.029924580727748604,-0.0854704853452763,rohrwild_nonlocal_exact_post_borel,-0.2947803824251332,-0.0014189043597543083,18.27302510504579,0.0006246058454939478,4.193056962586195,-0.054613783794448874
lattice_fperp_s,theta_fixed,4.177837631843783,2.5513900679224,35.3,-0.2080286625265061,-0.21607134302139774,-0.3874489640683127,0.20800951195033146,-0.0016385384262100782,-0.0349933524772064,-0.02634826371875002,-0.06030755426282779,rohrwild_nonlocal_exact_post_borel,-0.29655489391011197,-0.04492153832628326,18.67361553470802,0.6262696214495874,4.059190833229582,-0.05491030713782689
lattice_fperp_s,theta_fixed,5.498163560710398,2.5317468173445716,35.3,-0.16053892612451215,-0.24142978788199398,-0.3755006468809871,0.15166837889082307,-0.0009379387083700758,-0.016659581183459872,-0.02418843798279299,-0.08306487907311683,rohrwild_nonlocal_exact_post_borel,-0.2898085677269645,0.0084901913995864,17.64520575300135,0.02237856429591542,6.624966476000029,-0.05862236348368331
lattice_fperp_s,theta_fixed,5.767125907541129,2.5825641920120965,35.3,-0.26059662217684915,-0.2606839157497344,-0.439511580992841,0.2039570753121423,-0.001331449460297802,-0.023797960608737838,-0.04020029043008119,-0.08480128831844366,rohrwild_nonlocal_exact_post_borel,-0.3633416877861277,-0.062044510936312386,27.659812246042794,1.1944786453551406,4.444481061661935,-0.05212486794136321
lattice_fperp_s,theta_fixed,3.9663324550748005,2.5496516540231613,35.3,-0.15857686637653245,-0.168270055306323,-0.37872403546908273,0.24246067776957006,-0.0014092130747523177,-0.030597484532058006,-0.01734457745881756,-0.043817126042463114,rohrwild_nonlocal_exact_post_borel,-0.22896636870688133,-0.03218440715281394,10.95164155237709,0.3214184839077696,5.21027905639116,-0.058548503780915896
lattice_fperp_s,theta_fixed,3.240275068333252,2.5413580276502485,35.3,-0.14459036526459818,-0.2617792778143293,-0.4259486786341697,0.2054971623929247,-0.0016738102560371958,-0.03965395131704713,-0.013425995037198546,-0.046515914674163626,rohrwild_nonlocal_exact_post_borel,-0.29720055390885547,0.033265519334758714,18.743646220796172,0.3434706085251737,5.390687545106439,-0.05422561498260316
lattice_fperp_s,theta_fixed,5.624670237504865,2.560926012391416,35.3,-0.2287349864882608,-0.21161182138334056,-0.3710998058068158,0.17973140370621152,-0.001077921775429053,-0.01916549750730734,-0.03595263202868506,-0.07509453670691002,rohrwild_nonlocal_exact_post_borel,-0.30488061784177245,-0.06439771624350338,19.554844138036128,1.2864876796721463,4.99061791957241,-0.05322812886704127
lattice_fperp_s,theta_fixed,5.688397961506719,2.548021862175749,35.3,-0.1875327706271734,-0.24388573560550067,-0.3867133973941625,0.1722767647546849,-0.0015983704162521408,-0.02785073254977087,-0.02913579603047087,-0.08316019780240352,rohrwild_nonlocal_exact_post_borel,-0.3074115578406757,-0.012121311682698505,19.88155173205036,0.045595408376287054,3.4681046362260357,-0.05155956296078938
lattice_fperp_s,theta_fixed,5.477303190578569,2.5843679673739564,35.3,-0.18899318425847747,-0.26005312400691855,-0.4089230339843362,0.16653470762208442,-0.0009085179264058182,-0.01675627971826093,-0.033423163646778074,-0.08722653676712698,rohrwild_nonlocal_exact_post_borel,-0.32145028240010143,-0.003970761490142416,21.76555741725308,0.004897970099404574,6.6652715470250365,-0.05575470397192771
lattice_fperp_s,theta_fixed,5.954040967670024,2.580775658069015,35.3,-0.14064028592055147,-0.2141122149997956,-0.40480258387628676,0.21423506238688256,-0.0012809538215522414,-0.022263739688839112,-0.027717775704430056,-0.07618993932615956,rohrwild_nonlocal_exact_post_borel,-0.25601508867132516,0.008944551891888627,13.720895536316,0.024834398144677954,4.800227855639247,-0.05865039171136999
lattice_fperp_s,theta_fixed,4.465073217723272,2.527195412745629,35.3,-0.11902519752391122,-0.2751999796066667,-0.4531637184532762,0.21940245853236434,-0.001995021923229316,-0.03944369776252556,-0.015975960609357655,-0.061133779396972926,rohrwild_nonlocal_exact_post_borel,-0.29338066602923907,0.06188546857991756,18.103353356930754,1.1881758049291276,4.188104933362452,-0.056161623701451883
lattice_fperp_s,theta_fixed,3.0600025215419038,2.5623689253595736,35.3,-0.12157996337230267,-0.28028866613266473,-0.42725089124843557,0.19541100607572154,-0.0019053020996340157,-0.04654347886031665,-0.011289008428480195,-0.046153457577206215,rohrwild_nonlocal_exact_post_borel,-0.29901002531124804,0.06274096444433784,18.70406941376294,1.22150657987813,4.9545143026655625,-0.05456909368981656
lattice_fperp_s,theta_fixed,5.937181574988358,2.552608213236862,35.3,-0.18316834468421542,-0.2403888917317261,-0.3891214798799822,0.16974446184833764,-0.0011613280940415529,-0.019850545606039962,-0.03175019851132938,-0.08503316207633436,rohrwild_nonlocal_exact_post_borel,-0.3020356353014513,-0.010580017505268824,19.19764716404107,0.034735483527709866,5.0225389176009685,-0.056076295762994825
lattice_fperp_s,theta_fixed,5.46536889464776,2.5728394741846583,35.3,-0.17573433988835446,-0.22980066234988608,-0.4354266037871654,0.23293712681030862,-0.001426662380143109,-0.025884522992886197,-0.02779153247601212,-0.06848614763757362,rohrwild_nonlocal_exact_post_borel,-0.28909838693954865,-0.010631335823548194,17.691618956446842,0.035064573835951504,4.714540647416536,-0.05604809067441231
lattice_fperp_s,theta_fixed,4.861252282354905,2.5702598801548038,35.3,-0.1727568226955765,-0.2986810109022953,-0.43055973289076493,0.15362927495074932,-0.0010524727008901673,-0.02069808026138951,-0.025931975127151768,-0.08573210693487902,rohrwild_nonlocal_exact_post_borel,-0.34359364759941363,0.03160176246379087,24.647293445816413,0.30997699732915485,6.694724599099025,-0.057120741841216675
lattice_fperp_s,theta_fixed,5.779294498165313,2.541874364132171,35.3,-0.1772609606332013,-0.20793397278566472,-0.3916984690810294,0.19825326249212125,-0.0007882501203142074,-0.013700516076442385,-0.03430058862500876,-0.07230189101959397,rohrwild_nonlocal_exact_post_borel,-0.27213432905252577,-0.02451310168392641,15.534789278303847,0.18652189570472974,7.4219033545528434,-0.055268731741464516
lattice_fperp_s,theta_fixed,5.580586684112127,2.516490319470784,35.3,-0.17355915978227632,-0.26979445919941214,-0.42323645370736984,0.17621771039602074,-0.0012229435942836917,-0.021552772293779412,-0.03481267834038668,-0.08501027744644471,rohrwild_nonlocal_exact_post_borel,-0.32048188350977175,0.01425463086376036,21.436426380177544,0.06303182260888003,5.0557970642989325,-0.05256287093473964
lattice_fperp_s,theta_fixed,4.502584221855825,2.553542644320992,35.3,-0.1420868913672027,-0.23601894896281086,-0.4047015864552495,0.19548443129531667,-0.0012668966520050365,-0.025534897150873,-0.020900559751835888,-0.06381840749755006,rohrwild_nonlocal_exact_post_borel,-0.27472992972124977,0.020422896054731327,15.825100924985565,0.12948898569678796,5.4005673491891715,-0.05426058506839704
lattice_fperp_s,theta_fixed,3.7349138874423065,2.552392992498102,35.3,-0.1444019733779176,-0.22181735778698156,-0.3930007490980996,0.21025411122990964,-0.0016713753259534894,-0.037399344592838106,-0.015755536095333034,-0.052416899231913415,rohrwild_nonlocal_exact_post_borel,-0.26447726511466946,0.010326972862338052,14.743187293322237,0.03309339893807912,4.575115123875381,-0.056377469241118326
lattice_fperp_s,theta_fixed,4.27130379642351,2.5407983333118724,35.3,-0.1858906392473133,-0.18305988226123027,-0.3667909331770708,0.22014426774240464,-0.001675682609568306,-0.034737534216995804,-0.01816957873090569,-0.052347384799911634,rohrwild_nonlocal_exact_post_borel,-0.256820374339622,-0.04592978965036404,13.897700253036671,0.6548651906711735,3.975672749077366,-0.0566585184050718
lattice_fperp_s,theta_fixed,3.0416092513632385,2.5054884715735466,35.3,-0.15218284454366154,-0.2529981548569424,-0.40096001450947566,0.19615837286960824,-0.0019290953546923658,-0.04626741786238256,-0.009767641393376622,-0.04343376342108657,rohrwild_nonlocal_exact_post_borel,-0.2944213214195967,0.02199477274163532,18.23015574837933,0.15007783657448132,4.695418249874028,-0.0535429613330033
lattice_fperp_s,theta_fixed,5.583745862000364,2.5255573085967917,35.3,-0.1578686252828083,-0.2341180227830853,-0.3628271926328353,0.15699989201103612,-0.0015422602655039903,-0.02674846189578211,-0.02531520278766961,-0.08072696535399923,rohrwild_nonlocal_exact_post_borel,-0.28229810767913266,0.006444365083218023,16.829397896097877,0.01288394593729629,3.656136682724224,-0.053871851863086254
lattice_fperp_s,theta_fixed,3.6757261810927697,2.594723655134482,35.3,-0.24468652565839805,-0.25330482431405327,-0.4541659508180411,0.24021690130631315,-0.001641879030756534,-0.03771389577156868,-0.019609832671468944,-0.05234521402365449,rohrwild_nonlocal_exact_post_borel,-0.3481255633069653,-0.0533237473529323,25.442195763584447,0.8818466542337129,5.021867204823739,-0.05376808755006229
lattice_fperp_s,theta_fixed,5.510980873739094,2.507401868540071,35.3,-0.20719249177103713,-0.23593558692385977,-0.3559056684342024,0.13699016801818473,-0.0009199496735820737,-0.01610013683426001,-0.030228267148611022,-0.08352317052770238,rohrwild_nonlocal_exact_post_borel,-0.31228366241109756,-0.03276040314936804,20.467115109250795,0.33305793530325356,6.037257998657541,-0.05416829542424567
lattice_fperp_s,theta_fixed,3.3316995949134856,2.568237075870955,35.3,-0.18911299086519673,-0.3000677125938044,-0.47520624851388316,0.2257826295272047,-0.002055980837057005,-0.04858811277006896,-0.013801843410892795,-0.05053869258669053,rohrwild_nonlocal_exact_post_borel,-0.35417692345859575,0.019054194936075214,26.398192136621542,0.11273303481021542,4.603833473908332,-0.052997790940423894
lattice_fperp_s,theta_fixed,4.876520302449108,2.5148245926887633,35.3,-0.16995380822565692,-0.22428135998639057,-0.37993267092048816,0.1770233109735603,-0.0010712569871931968,-0.02030074305226958,-0.023458640511106722,-0.06799041833694562,rohrwild_nonlocal_exact_post_borel,-0.28125355251540163,-0.00910299759499597,16.626256565675778,0.025700995933046932,6.0840739152750825,-0.05634180086819831
lattice_fperp_s,theta_fixed,4.0197349438117325,2.5596368838482966,35.3,-0.12359831377588902,-0.22012227743191742,-0.4337354290931814,0.241134691557165,-0.0012105256187855491,-0.026311014277115456,-0.017428437689960177,-0.05239073106718928,rohrwild_nonlocal_exact_post_borel,-0.2510722930025838,0.026326106367669147,13.24318458433746,0.21498383382733421,6.882029685237746,-0.059441881573732015
lattice_fperp_s,theta_fixed,4.655553687738239,2.5337042640187355,35.3,-0.16552003144599794,-0.21405336789622798,-0.38757631881855825,0.19301119758923846,-0.0009503456538487079,-0.018537901013059497,-0.023957480388539627,-0.059929117846030666,rohrwild_nonlocal_exact_post_borel,-0.2703440119826369,-0.011394748910526345,15.33534521015593,0.04029320929386592,6.797284699002317,-0.05322195965834954
lattice_fperp_s,theta_fixed,4.750946352547039,2.5320551665747564,35.3,-0.13363078052765023,-0.24416077756626792,-0.3859672714754257,0.16797890038387497,-0.0012824375432347892,-0.02488996893148231,-0.020429253555994904,-0.07251753502296096,rohrwild_nonlocal_exact_post_borel,-0.2764883539752535,0.032029063711705774,16.057597877849798,0.31823722928524023,5.234921746873193,-0.05707016933508792
lattice_fperp_s,theta_fixed,4.308943934839857,2.53414303827653,35.3,-0.14561662285469512,-0.19677513701320512,-0.3623077422095089,0.18721297151204178,-0.0010019204070355217,-0.020678445908702447,-0.022710468807281656,-0.058056522731216295,rohrwild_nonlocal_exact_post_borel,-0.24474126186321354,-0.005135186440052994,12.623976344743504,0.008183681071263412,6.3155486955268785,-0.054940559697304735
lattice_fperp_s,theta_scan_25_45,5.051611105538052,2.5580554624043574,36.79775872350098,-0.244246064544187,-0.24821132753816283,-0.43272557065813516,0.2071760566510539,-0.0011249502424201814,-0.02153686328866136,-0.03378464887972741,-0.07191976319238262,rohrwild_nonlocal_exact_post_borel,-0.34505791855953216,-0.046904541389332505,24.92259582985379,0.6829603446463526,5.892716993329194,-0.05428800373041871
lattice_fperp_s,theta_scan_25_45,4.280846928588159,2.5670806891549587,43.3264059707508,-0.15483484761859448,-0.23895947201343784,-0.40208324436851095,0.1968278769033335,-0.0015357104304524222,-0.032168394117808,-0.018549723716914476,-0.0634129165362729,rohrwild_nonlocal_exact_post_borel,-0.2800731485635,0.05132729055523967,16.49535913797944,0.8173154236466653,4.711067057785106,-0.05728949237207382
lattice_fperp_s,theta_scan_25_45,5.6918437165233176,2.524416686408744,40.82223690831069,-0.1503304602855859,-0.18846521623849596,-0.3697121700006034,0.20636146044671097,-0.0013878703708793227,-0.02372663631372422,-0.023660923855786553,-0.0646226995195095,rohrwild_nonlocal_exact_post_borel,-0.2408926109830135,0.009441133156865789,12.2058023131699,0.027649716113063407,4.198984138365002,-0.05486292450740721
lattice_fperp_s,theta_scan_25_45,4.6260419201683245,2.5960330610871214,26.07478722395019,-0.2947987954257623,-0.2858248847602517,-0.4232110994141104,0.16521030453852129,-0.0012954284008554154,-0.026528661483807208,-0.03344583479220723,-0.07887085365368753,rohrwild_nonlocal_exact_post_borel,-0.3863109654638852,-0.13916189311392874,31.30847228957235,6.006855726501653,5.064327819981799,-0.053586520006951646
lattice_fperp_s,theta_scan_25_45,4.517117074681675,2.501812367657017,43.3625619225741,-0.17020630543350662,-0.2938684448429141,-0.38112456365861064,0.11669116152110207,-0.0014270017561783875,-0.028008040949227094,-0.021181146876164618,-0.080701264418716,rohrwild_nonlocal_exact_post_borel,-0.33051505195173886,0.0780298001859311,22.96993211227464,1.8891049927892367,4.770132437980781,-0.05516618477393423
lattice_fperp_s,theta_scan_25_45,5.103430783171649,2.512664397497356,34.12402396455467,-0.16912518849498312,-0.265037026628891,-0.42125093107056594,0.17740588059841841,-0.001092664398788931,-0.020099311757954593,-0.02844947288290238,-0.07422286436042014,rohrwild_nonlocal_exact_post_borel,-0.3142812143904565,0.008676009970428417,20.837847018699126,0.02335856118151812,6.238874779901778,-0.05416539281975609
lattice_fperp_s,theta_scan_25_45,5.523850069965547,2.5373459294514316,34.37047855560787,-0.19347840603915645,-0.2200103734098509,-0.4106568471982643,0.2141595688544832,-0.001260283273939071,-0.022252811792130758,-0.029581434686414408,-0.06626041488932281,rohrwild_nonlocal_exact_post_borel,-0.29082419516777436,-0.03549289388611501,17.757732874280244,0.3908223863870792,5.240638852746727,-0.056436257027070766
lattice_fperp_s,theta_scan_25_45,3.738490300403399,2.58887400650672,39.49521243756061,-0.1914131845163053,-0.30632452180093994,-0.5018829062870467,0.24090382543910227,-0.0019307471897308396,-0.043414693763264775,-0.01856462713734578,-0.05482789327362437,rohrwild_nonlocal_exact_post_borel,-0.35812522757392046,0.047117313573413255,26.929781542617178,0.6887824660139973,4.611403482497912,-0.051488374567632396
lattice_fperp_s,theta_scan_25_45,4.177346662975815,2.539834325398598,44.46876498336855,-0.19230008430832585,-0.20396033560753418,-0.38331664661203735,0.2079857174939143,-0.0013179190129057172,-0.027311487476505476,-0.021594616335080204,-0.05091109843685173,rohrwild_nonlocal_exact_post_borel,-0.2802628316099387,0.005646781747716184,16.534760095081133,0.009895171691954368,5.070342841887019,-0.05197598597409864
lattice_fperp_s,theta_scan_25_45,5.766126539876436,2.533261887378342,37.49089500804948,-0.1838227505656142,-0.3261243161131576,-0.39175344814771573,0.08746176723148932,-0.00120948532097369,-0.02062314987595757,-0.025883652761731463,-0.10595370097645039,rohrwild_nonlocal_exact_post_borel,-0.37064438513108494,0.05263661232053932,28.936758183294042,0.8599564401959623,5.235769476746221,-0.057202576852282756
lattice_fperp_s,theta_scan_25_45,5.119001808877349,2.5127273039699176,44.601256580465694,-0.2038339011018317,-0.2618360741519891,-0.3866072689695717,0.14422487137469056,-0.0009995443241408333,-0.01845413223296703,-0.03164410090564019,-0.08087734643621453,rohrwild_nonlocal_exact_post_borel,-0.329555851405811,0.0387211798620376,22.76336679309127,0.4651790989219025,6.2007415895349665,-0.05432559540947683
lattice_fperp_s,theta_scan_25_45,4.203067171526208,2.514324298996844,38.374852532970735,-0.16775751060260466,-0.2264923954507634,-0.4104868106889466,0.21167057951903095,-0.0012867556631923588,-0.026389408617655367,-0.017787467403505418,-0.05460615140737491,rohrwild_nonlocal_exact_post_borel,-0.2817068310765223,0.00909114324118629,16.61938346299071,0.02564017182533436,5.7922680661790125,-0.053940073096494075
lattice_fperp_s,theta_scan_25_45,4.832147656102774,2.536218731837603,35.49393135005156,-0.16769366524792625,-0.2439168573770095,-0.45227171759986995,0.24774251101658445,-0.0019585876825461003,-0.037429063111177954,-0.023432039113224085,-0.06059902535697748,rohrwild_nonlocal_exact_post_borel,-0.2959572466121829,0.005089877669991555,18.424902925551038,0.008044312074340991,3.765726146594726,-0.05327685815958176
lattice_fperp_s,theta_scan_25_45,3.3255774598326804,2.525887979803565,28.05219188566581,-0.14764379082756082,-0.216684142564934,-0.3920276136304762,0.2263222543177547,-0.002081024749937242,-0.04889775850227521,-0.014361447065168474,-0.0451729748596903,rohrwild_nonlocal_exact_post_borel,-0.2606612790817119,-0.028397256848489594,14.259077983751245,0.2502712601953567,4.000305376301139,-0.0562437241804036
lattice_fperp_s,theta_scan_25_45,4.864889016677246,2.5172174746980063,43.26279657652224,-0.1756148511131639,-0.21963793199622988,-0.42736045237477294,0.2347250923646502,-0.0013458440407460605,-0.025656727945361044,-0.024973913711351013,-0.059538248932122166,rohrwild_nonlocal_exact_post_borel,-0.28030115245072407,0.022642019297650057,16.479283838979512,0.15909680254612746,5.431518872683403,-0.05663237206822017
lattice_fperp_s,theta_scan_25_45,4.8151344617222875,2.5875591313332236,26.48737710051692,-0.1877107787476023,-0.27527125391774265,-0.48190837997195723,0.24290796290419384,-0.0017328785525974877,-0.03453795829738169,-0.02769979991410932,-0.06968200364368345,rohrwild_nonlocal_exact_post_borel,-0.33009588485580155,-0.045236119337793146,22.960738606201282,0.635029777725547,4.5263364077824155,-0.05728211210933598
lattice_fperp_s,theta_scan_25_45,4.295542072239387,2.5008126571167693,44.431567006286194,-0.12699564652822987,-0.22420421312007888,-0.3963691521377426,0.2003941162284296,-0.0013398149510512754,-0.02688936225971458,-0.016896121528626757,-0.05559728168142904,rohrwild_nonlocal_exact_post_borel,-0.24900550980932862,0.06626974801908653,13.001194189660765,1.3633668645419914,5.5337727249396815,-0.05531467801446288
lattice_fperp_s,theta_scan_25_45,3.6145997843016278,2.5097835046329484,44.20026419488626,-0.17891255262470898,-0.21336797764902057,-0.38422641811634284,0.20091655858698274,-0.001302472609161961,-0.028755645510498466,-0.015057066622305992,-0.04555479039151184,rohrwild_nonlocal_exact_post_borel,-0.2776972601856743,0.020489681746969662,16.146956204686166,0.130377029645914,5.8742715796188305,-0.053068061617477666
lattice_fperp_s,theta_scan_25_45,4.225588441812259,2.5283735479484455,30.661716830770686,-0.18896869882805217,-0.21968970680255145,-0.41914898346284796,0.2515420584298662,-0.002413377209355382,-0.049669404560214334,-0.015642656343745318,-0.05202256061213804,rohrwild_nonlocal_exact_post_borel,-0.28534363568575827,-0.05051480956503107,17.226202451983564,0.7918076987777294,3.2383203070474083,-0.05621708918006779
lattice_fperp_s,theta_scan_25_45,5.298877329055634,2.5393497707452894,39.693129218859056,-0.2326488324650721,-0.20273390426252158,-0.36073376996654233,0.17247257063044605,-0.0007468463603594876,-0.01372585856606579,-0.03417114123560142,-0.07250142441334959,rohrwild_nonlocal_exact_post_borel,-0.30458602457319606,-0.049536540246396366,19.407779530776132,0.7615608216239715,7.140870018469285,-0.05260572799567389
lattice_fperp_s,theta_scan_25_45,4.478687001245893,2.577037607706471,26.515004918028325,-0.19088917904940186,-0.22111324233369975,-0.3933783243206154,0.20186214298838215,-0.0013660457900321905,-0.02823101521143432,-0.027632799234455878,-0.06452947950673533,rohrwild_nonlocal_exact_post_borel,-0.28307506395389814,-0.07209890970723837,16.803425152615294,1.613652645634845,4.5998673514360435,-0.05352387583589047
lattice_fperp_s,theta_scan_25_45,4.220772736252117,2.5227566181315124,35.94754948753051,-0.1698711976043633,-0.24661214131132064,-0.3789938451050583,0.16676392174501337,-0.0015775557683491545,-0.03280466218292655,-0.02042636055243353,-0.0676764392699522,rohrwild_nonlocal_exact_post_borel,-0.2993679624713577,0.0072522454069897935,18.74821310565697,0.01631733762584451,4.414550599087696,-0.05678191535531153
lattice_fperp_s,theta_scan_25_45,5.48761100010883,2.5286100540872916,42.20020053302286,-0.21832533194854234,-0.21012518044683254,-0.37444733508155914,0.17825757110007404,-0.0007550564956972675,-0.013180359969650137,-0.026475303675747353,-0.06758840453380369,rohrwild_nonlocal_exact_post_borel,-0.30231539217706216,-0.02058994125985486,19.17540745919493,0.1314513121020031,7.840924332448753,-0.053725608482368764
lattice_fperp_s,theta_scan_25_45,3.5121040946393314,2.524944071088156,34.00270889413675,-0.15095149270545416,-0.22773326312262696,-0.39510365256975183,0.2027753094909428,-0.0015041801819626406,-0.0339007398618553,-0.011907443263191838,-0.04599812301919307,rohrwild_nonlocal_exact_post_borel,-0.27321033070716333,0.002215282683286135,15.70790302819053,0.0015238328226905608,5.609587191619183,-0.056399364265677356
lattice_fperp_s,theta_scan_25_45,5.3936268446009565,2.5336923303330927,38.64389777168324,-0.21375912432796562,-0.22378839224225203,-0.3803400547891054,0.17315808978387104,-0.0008760541991939528,-0.015730373037823715,-0.026744320944238485,-0.07471850194507584,rohrwild_nonlocal_exact_post_borel,-0.30827609937054634,-0.02720393891905573,19.997046321760596,0.22949416531240022,6.78366893223887,-0.05459000545332407
lattice_fperp_s,theta_scan_25_45,4.514431900968936,2.5922774317527923,40.33687588209068,-0.2003980318284858,-0.27097627703197114,-0.4591603737407454,0.21322458821111379,-0.0011609751873297126,-0.02387951631500978,-0.022794604764043668,-0.06673571327572972,rohrwild_nonlocal_exact_post_borel,-0.33626591933020644,0.022643881554394424,23.725100052198705,0.15914957145129857,6.755931791511406,-0.05719359479725241
lattice_fperp_s,theta_scan_25_45,4.52515386195401,2.5133541544413234,36.94837892909533,-0.19187941495014982,-0.2193127943183495,-0.3792411311653491,0.1894422689379232,-0.0014211250459777891,-0.02809280704494582,-0.02472264164603564,-0.062001846155000484,rohrwild_nonlocal_exact_post_borel,-0.2906076312112055,-0.021517813902588473,17.784011099622752,0.1437371649940553,4.430964303455025,-0.05216007269950476
lattice_fperp_s,theta_scan_25_45,4.026773778359702,2.5266924755031464,38.51527556548699,-0.16227813701165011,-0.24041218652075483,-0.4023385824855534,0.19916334966105229,-0.001679195799014621,-0.0355577578972391,-0.018260993200655468,-0.05731603810910454,rohrwild_nonlocal_exact_post_borel,-0.28916300206256357,0.02273700547187263,17.60909894162785,0.16044859206395165,4.424158685392806,-0.05439897056007942
lattice_fperp_s,theta_scan_25_45,4.253599859390752,2.546135768536864,33.35874541303268,-0.12976357533660512,-0.3112685666938217,-0.440627952109573,0.16726512453696682,-0.0017417923533121003,-0.03616394676790337,-0.015901910895005974,-0.07371820550224986,rohrwild_nonlocal_exact_post_borel,-0.33133953314389664,0.06277594978771367,23.08530452188515,1.2229120030949927,4.588434391886956,-0.05606010335331197
lattice_fperp_s,theta_scan_25_45,5.22500975210807,2.527858825547331,26.602889508213757,-0.2242285388532077,-0.24256217801286614,-0.3703797531922577,0.1531464011045815,-0.0012994139810563804,-0.024029411944133598,-0.035968042584643124,-0.08276461346825316,rohrwild_nonlocal_exact_post_borel,-0.31729299870430294,-0.09186947704118639,21.203763157231617,2.6174394831086913,4.223514975307677,-0.05220628429892928
lattice_fperp_s,theta_scan_25_45,5.058904574239984,2.527565623971607,40.99455445146539,-0.15747721368349615,-0.24082214611963165,-0.40077886956583864,0.1805483999097892,-0.0010402238163562947,-0.019551452647225864,-0.028839311611516004,-0.07410714369055352,rohrwild_nonlocal_exact_post_borel,-0.28506884776780683,0.03911688795798658,17.06422571181333,0.4750080067482461,6.166193728396818,-0.05508317311891806
lattice_fperp_s,theta_scan_25_45,3.1315392870452614,2.5766319427357733,27.308260771574002,-0.13358089639043091,-0.2866878606188702,-0.4788954839713629,0.2421552819625567,-0.001978524693126474,-0.04796913391693753,-0.010586178584218248,-0.04316243277164356,rohrwild_nonlocal_exact_post_borel,-0.31602074507549943,0.012832536328488908,20.954629317595398,0.051075968988516574,5.237565840545039,-0.054514469419650435
lattice_fperp_s,theta_scan_25_45,3.499427206085399,2.5167697529496222,41.83861786145845,-0.11936179224048336,-0.23236591751140726,-0.40846707099943147,0.21217702617045187,-0.0015334459604747115,-0.03454242672195293,-0.012043542410052122,-0.04529618109893734,rohrwild_nonlocal_exact_post_borel,-0.25273725158366467,0.0660684397402711,13.397031264348009,1.3537033277850676,5.717217602761372,-0.05637530085547099
lattice_fperp_s,theta_scan_25_45,3.2261249765265014,2.5849277125860315,25.064451398321296,-0.11214316775526774,-0.2568370163495638,-0.42201181249462627,0.2229423722634689,-0.0022999981812712412,-0.055467577937135235,-0.010579600167498586,-0.04681032387462213,rohrwild_nonlocal_exact_post_borel,-0.28015919078845203,0.007222939726451258,16.587511816445915,0.016182316039337247,3.9738720474582494,-0.05684387440209514
lattice_fperp_s,theta_scan_25_45,4.729573416063933,2.5743636350070074,37.836901825795124,-0.2710407048416349,-0.28970754382062713,-0.397960143531343,0.13902787459134588,-0.0014644984596349343,-0.029310776420995097,-0.029141221502135918,-0.08795650817147768,rohrwild_nonlocal_exact_post_borel,-0.3950601185401068,-0.0363459401681617,32.64143460823549,0.41002015557639243,4.142568675722238,-0.05255063398023231
lattice_fperp_s,theta_scan_25_45,4.432041489230574,2.54456908966915,40.26094389013012,-0.21224540712159595,-0.23101470995284965,-0.43066870744023084,0.2304384314718673,-0.0014399611636752014,-0.029344472820810874,-0.024301220315379943,-0.057548125674325,rohrwild_nonlocal_exact_post_borel,-0.31345720024630325,-0.01266857026503787,20.67162052480753,0.049821797924844584,5.258336506564416,-0.05633560473160867
lattice_fperp_s,theta_scan_25_45,4.153796176227342,2.5921521015884386,44.53154091208197,-0.18369668992997062,-0.23665536084699887,-0.4396072376237848,0.24236750767148918,-0.0017535748451891094,-0.03766205604951418,-0.02092071075616094,-0.05621280401320599,rohrwild_nonlocal_exact_post_borel,-0.2975300232504875,0.035015981685730335,18.62258357086835,0.3805294215484897,4.194717343228039,-0.0529471676447118
lattice_fperp_s,theta_scan_25_45,3.7711194841871323,2.556296651672143,43.17633165292238,-0.13674764726646987,-0.24063542058143916,-0.4081136316663369,0.20133904004303838,-0.001452163136187748,-0.03240866582195287,-0.01678278281747471,-0.05574445630643556,rohrwild_nonlocal_exact_post_borel,-0.26905272352063886,0.06493039840820052,15.341060924488787,1.3083477691964254,5.356395464886492,-0.0557911322090892
lattice_fperp_s,theta_scan_25_45,5.848817158679152,2.517478264526384,28.983063710315506,-0.14907680455412212,-0.27766536351423576,-0.36892376790031284,0.1136379720286174,-0.0012427539399329556,-0.021136813702607445,-0.02731346389134262,-0.10115509105118271,rohrwild_nonlocal_exact_post_borel,-0.31512670431995043,0.0041361789138222305,20.910041681435782,0.005311442667765515,4.8252139345514315,-0.05909365920238091
lattice_fperp_s,theta_scan_25_45,5.610917721773996,2.5783356198514977,37.741285321176655,-0.16331699181394346,-0.24397942595797234,-0.46690083542322675,0.25265784744615094,-0.0015699485386145887,-0.02816648944228196,-0.025021070308310987,-0.07043959015279874,rohrwild_nonlocal_exact_post_borel,-0.29290054723442316,0.020190828009589434,18.031602528406715,0.1265150531632153,4.706777933096171,-0.05872475635466709
lattice_fperp_s,theta_scan_25_45,5.933462522499281,2.5940358759347544,28.838312169818188,-0.25045697379993676,-0.29349630353921824,-0.47712415810278036,0.20554867039590888,-0.0011778711603283218,-0.020742944672018385,-0.042139272100074565,-0.08760161106700667,rohrwild_nonlocal_exact_post_borel,-0.3779034670485783,-0.07783152002159044,29.95640986790671,1.880241267756576,5.6660299840386354,-0.05497504317567664
lattice_fperp_s,theta_scan_25_45,3.019751763216264,2.5244609074685482,41.83586187154872,-0.18036376889226952,-0.24494987711971625,-0.47489005611139906,0.28082883963315786,-0.0020084259598718564,-0.04888023468160317,-0.012815128735971034,-0.035829749330913686,rohrwild_nonlocal_exact_post_borel,-0.302804471107402,0.028999719090960913,19.24256690673175,0.26096901320026095,5.300745497586743,-0.05403432671857336
lattice_fperp_s,theta_scan_25_45,3.414098193799026,2.5403511549053452,40.61814897376191,-0.13891319630852,-0.22852554735851163,-0.41422043122946406,0.23536131470846047,-0.002052553826065725,-0.04761387701144229,-0.012989960715406357,-0.04545806262258078,rohrwild_nonlocal_exact_post_borel,-0.2639003059687663,0.04332932510146338,14.581760054368697,0.5827433459361853,4.201979955133911,-0.055866689728245926
lattice_fperp_s,theta_scan_25_45,4.316395188942777,2.599901511784777,29.521222566663763,-0.20459277334277023,-0.2821612775076888,-0.40514997838744676,0.15115651169829894,-0.0012635816715683165,-0.026904229146972696,-0.02403292636935638,-0.07783511837881867,rohrwild_nonlocal_exact_post_borel,-0.3463414453900123,-0.038997341371101724,25.328299580509178,0.4720669523338504,5.515834974628688,-0.057299471975892864
lattice_fperp_s,theta_scan_25_45,5.2201479367461285,2.512423827785509,35.60327164051205,-0.15982133229505138,-0.26693255851213066,-0.3662909771812846,0.12344136420982797,-0.0012453822436754962,-0.0228375632969985,-0.02942733471996844,-0.09193531642127567,rohrwild_nonlocal_exact_post_borel,-0.3100772821590582,0.02545443260513,20.14774440385879,0.20104854806608832,4.658313598091337,-0.054968554518558296
lattice_fperp_s,theta_scan_25_45,4.157177957370571,2.511880763768255,44.72426038719083,-0.11679369212747787,-0.24296104163923263,-0.4242018881320636,0.2183179139670946,-0.0017175849632706534,-0.03535948251099293,-0.01596340426436038,-0.055174485957884545,rohrwild_nonlocal_exact_post_borel,-0.25481141135917784,0.08798851582071857,13.666140312151747,2.4007241111324813,4.723286307215159,-0.05622036234314577
lattice_fperp_s,theta_scan_25_45,3.989311737196452,2.5830627459596918,40.76522345618971,-0.1914061643772818,-0.27139531758531,-0.4483982205918264,0.206590669554884,-0.0012786911037076924,-0.028309075444659965,-0.023857480218781632,-0.06292247081235122,rohrwild_nonlocal_exact_post_borel,-0.33053327521755593,0.032241156040218516,22.95784771004833,0.32263370206959163,6.434026051985383,-0.05806123170963396
lattice_fperp_s,theta_scan_25_45,4.31258733566401,2.5828946783069737,32.09274239178873,-0.2182950352623041,-0.2372579620077782,-0.39677772610583206,0.18543537368570076,-0.0011695142244344079,-0.02474609536321252,-0.022733734932650778,-0.06709977129043355,rohrwild_nonlocal_exact_post_borel,-0.3169806360347935,-0.05888411785220804,21.10066774907846,1.0761515120012217,5.798862355418381,-0.056213003715969434
lattice_fperp_s,theta_scan_25_45,3.992579854777283,2.5667951234682023,35.067210962245014,-0.14929391792039085,-0.2445664358481227,-0.44556772119610477,0.2252023266499308,-0.0010735851321926027,-0.023127456169756207,-0.01754621316333776,-0.05216996679000884,rohrwild_nonlocal_exact_post_borel,-0.2859472773969146,0.018318570379980373,17.15883025627651,0.10409505737241996,7.73310031890739,-0.05555861884770775
lattice_fperp_s,theta_scan_25_45,4.869575764122699,2.520790039019929,38.0914493333831,-0.19265650134311188,-0.22618853000298786,-0.39407811946222165,0.19353053031375922,-0.00127735382933533,-0.02436358702519007,-0.02811417449627894,-0.06696991981908552,rohrwild_nonlocal_exact_post_borel,-0.29686984835498526,-0.012086014743043272,18.53837238022694,0.045296895295021095,4.891918517517885,-0.052613767309123136
lattice_fperp_s,theta_scan_25_45,4.156066621111112,2.555714661643821,38.39685669671506,-0.2025822909089483,-0.24097953372250575,-0.4336898026910715,0.2391424448447531,-0.0021049562641384436,-0.0443272196120489,-0.020102641847626123,-0.05549197157728866,rohrwild_nonlocal_exact_post_borel,-0.31468712571973223,-0.009095777552660916,20.70210683227775,0.025658774090018353,3.567671890336876,-0.05297218356690071
lattice_fperp_s,theta_scan_25_45,3.3476183759629308,2.5824559916715275,35.119231714680424,-0.16955509832907054,-0.24827679861866098,-0.470591377620081,0.2615067921251689,-0.0015858252419319555,-0.03760638788181691,-0.015410459485940001,-0.04227558025654051,rohrwild_nonlocal_exact_post_borel,-0.3006212920280509,0.004139913175089355,18.93766213437664,0.005318629770332801,5.973041086463338,-0.05427466903795823
lattice_fperp_s,theta_scan_25_45,3.430877809452145,2.502518805200196,31.604247897698833,-0.14336629590693706,-0.2661614629705693,-0.36470498350959735,0.1346617260405702,-0.0015272324488763806,-0.03459097305266581,-0.011845552122780349,-0.05689187033549867,rohrwild_nonlocal_exact_post_borel,-0.3018175176953878,0.01737829637517646,19.10835504543559,0.09377672818318242,5.203649232290286,-0.056125925695128705
lattice_fperp_s,theta_scan_25_45,4.92337351573473,2.526466776352639,43.4539944956976,-0.18761893420787082,-0.22907944266494856,-0.376162394828821,0.16933825029726074,-0.0011180811356168475,-0.021137216997771432,-0.027351775003286758,-0.07086213691430988,rohrwild_nonlocal_exact_post_borel,-0.2953339520643762,0.021356785409269247,18.39374358525129,0.1415847126920648,5.2577416238173775,-0.051774160571009684
lattice_fperp_s,theta_scan_25_45,4.731440233905166,2.522381213751567,29.8606635258331,-0.1534400273111166,-0.176535354356373,-0.40247246130305386,0.2540149831545517,-0.0013678024495984817,-0.026710073758272317,-0.019158708712266086,-0.05148969339642419,rohrwild_nonlocal_exact_post_borel,-0.22949493732869714,-0.0451735216632905,11.021333732682862,0.6330517872183972,5.350343893968607,-0.06021564767230475
lattice_fperp_s,theta_scan_25_45,5.1391800582096,2.5034634519574492,25.729959144677863,-0.1279654790563198,-0.20441839418811675,-0.39121391066637046,0.21660893027481826,-0.001561978550643259,-0.028251435245921316,-0.017454086714978615,-0.060869479773612914,rohrwild_nonlocal_exact_post_borel,-0.23970401701400607,-0.026533524830123556,12.050248665537369,0.2186735187107023,4.419706006365295,-0.057749554109292785
lattice_fperp_s,theta_scan_25_45,5.991663945185691,2.501377123402991,35.74451075011313,-0.17570985957952345,-0.26220803019658945,-0.3649965681252628,0.12838766677907362,-0.0014564122286445556,-0.02414271662175566,-0.030016358631036237,-0.09712309692145697,rohrwild_nonlocal_exact_post_borel,-0.3154606553367858,0.010563180748100476,20.845211811753995,0.034581261600224615,3.845662257093342,-0.05547941440693505
lattice_fperp_s,theta_scan_25_45,5.550750156483119,2.5415263952127547,40.18623907043618,-0.14836837224467428,-0.2687424198891226,-0.41368386958944825,0.173413340704287,-0.0015320336802160737,-0.02693985732374535,-0.027064747550358828,-0.0822067359327424,rohrwild_nonlocal_exact_post_borel,-0.3010443345558409,0.06006638629239028,19.062770670252373,1.1186938348318916,4.123051374423664,-0.053700791884467504
lattice_fperp_s,theta_scan_25_45,5.1392236824450706,2.514733278429403,29.511088729545463,-0.1339755376232836,-0.23445269741863234,-0.4461233412991537,0.24389546365512216,-0.0016581798542688838,-0.030566639920331883,-0.024737677213121895,-0.06365079944108708,rohrwild_nonlocal_exact_post_borel,-0.2700301705650721,-0.0011040801233226094,15.321655643946952,0.0003779562453805856,4.603492719474751,-0.05827988790454781
lattice_fperp_s,theta_scan_25_45,3.4603263383980334,2.5895264268041096,26.396186255942347,-0.1898579045599406,-0.2565833109487016,-0.4371998614714697,0.24612298086028303,-0.0026618481059152775,-0.06284458223159971,-0.016803426748230807,-0.051450622254195444,rohrwild_nonlocal_exact_post_borel,-0.31423846618591234,-0.055992908036775854,20.78408828457055,0.9732352231449748,3.1551940860137866,-0.054485876949194635
lattice_fperp_s,theta_scan_25_45,4.057260562799821,2.5985775695667424,28.261683662445456,-0.20009314180664342,-0.33758418248939864,-0.46346748495834494,0.15393136440491506,-0.0012355226054672906,-0.026812539330501498,-0.021395858564180085,-0.07147882047760241,rohrwild_nonlocal_exact_post_borel,-0.3920861504011183,-0.01639500926259882,32.32899391350208,0.083475940376182,6.640354054225674,-0.05482363173587985
lattice_fperp_s,theta_scan_25_45,4.432557933956429,2.571279370296191,37.44905997136591,-0.18532577930889663,-0.23739835881617086,-0.4144672806044325,0.20106433397448895,-0.001118390003135884,-0.022877022183091417,-0.022447477623102403,-0.06091484463379881,rohrwild_nonlocal_exact_post_borel,-0.301157616719432,-0.00277761353196479,19.09933238767274,0.00239535627088724,6.375373921739782,-0.055241198980970206
lattice_fperp_s,theta_scan_25_45,4.87062755134375,2.5361760636156725,31.9379083873001,-0.1607468883461995,-0.24083896496296017,-0.41498499947568196,0.20565534497623184,-0.0015646184664752669,-0.029944691997034825,-0.026075036132716643,-0.06663860488269548,rohrwild_nonlocal_exact_post_borel,-0.2894163048085925,-0.009009532083041921,17.61743315040198,0.025188471281527552,4.365194518300995,-0.05474858109685982
lattice_fperp_s,theta_scan_25_45,3.3102028315921497,2.516144122197267,28.12806104173845,-0.10933672165514627,-0.21342178300153386,-0.4284730954196693,0.25535065832341325,-0.0016756616717387212,-0.03862368423353906,-0.009769582865102724,-0.03668321653377276,rohrwild_nonlocal_exact_post_borel,-0.23976195885048598,0.004192761622916888,12.114869748259768,0.005453915224439202,5.70596728073938,-0.05584530625222507
lattice_fperp_s,theta_scan_25_45,4.1531496360150575,2.5911108691748943,40.894063799894695,-0.15495355428216778,-0.23859255879315422,-0.4239060376466643,0.21809024598436624,-0.001466026560701205,-0.03131074057015494,-0.017570594245289103,-0.05670237800979169,rohrwild_nonlocal_exact_post_borel,-0.2817994783811061,0.0390649085533039,16.747545267462943,0.47372252123903175,5.296472327719327,-0.057240988145465396
lattice_fperp_s,theta_scan_25_45,3.988959080414035,2.554593301839162,44.468776248674814,-0.17459233745990385,-0.2681875798586841,-0.43753590329911274,0.2032988566137565,-0.0015028001242196013,-0.032447733049108224,-0.02049990011171691,-0.05851364961283971,rohrwild_nonlocal_exact_post_borel,-0.31369282797264386,0.0632761563995178,20.705039714448287,1.243224611190704,5.4666048732507235,-0.05625792052740081
lattice_fperp_s,theta_scan_25_45,5.348877111422029,2.5859502130764187,42.99914605506531,-0.14650405223824065,-0.2663796164710198,-0.44244055007408006,0.20415217560379828,-0.0014362501178588833,-0.026654991882879203,-0.02375353787272611,-0.07875535213020395,rohrwild_nonlocal_exact_post_borel,-0.29473435259785363,0.07451978792372436,18.38487023886085,1.723726851006529,4.956538190814742,-0.05868349305040289
lattice_fperp_s,theta_scan_25_45,4.931493082427943,2.5024856689084793,27.3669165568177,-0.18506072399934076,-0.20672502075812468,-0.3498832727603656,0.16678917393829554,-0.0012025029437869373,-0.022428418992267704,-0.025998144591599995,-0.0680678071910851,rohrwild_nonlocal_exact_post_borel,-0.26865857760805284,-0.06932008693174806,15.140498645785245,1.4916536714373363,4.539472952257816,-0.050609709554836936
lattice_fperp_s,theta_scan_25_45,3.3870939845734127,2.5947340389001416,38.99358958732097,-0.1780522886610105,-0.26719382953713033,-0.4512597511806528,0.23638264823385213,-0.0021026607814885337,-0.05021406580884112,-0.016169819243253166,-0.050867913649431336,rohrwild_nonlocal_exact_post_borel,-0.31970387111347304,0.029742139048842348,21.46451609567119,0.2745509895456406,4.254439707135803,-0.05552586316986446
lattice_fperp_s,theta_scan_25_45,4.597497915394891,2.5435204647921017,34.54014369427938,-0.19056938328693335,-0.25599965342125897,-0.46557281341279944,0.24379217709978823,-0.0016410464043336973,-0.03257797070391404,-0.022413529811215967,-0.060577851622924124,rohrwild_nonlocal_exact_post_borel,-0.31892407274861817,-0.011829971242608234,21.420878924196924,0.04341544690005609,4.876915556623534,-0.055668300744370264
lattice_fperp_s,theta_scan_25_45,5.1154035829155085,2.592887054997795,39.31434629968903,-0.2105514618596983,-0.19512476581079385,-0.4007756521078264,0.2267761213564632,-0.0010417865898185094,-0.02008344846961218,-0.02986444231232402,-0.062174482818362214,rohrwild_nonlocal_exact_post_borel,-0.28436450100386124,-0.03927369212078399,16.948845753223466,0.47873260653413174,6.225076941622552,-0.05900058499630869
lattice_fperp_s,theta_scan_25_45,4.709381007741037,2.589634135699694,35.441768031216476,-0.2058837941532161,-0.2200367925346273,-0.45137366459062966,0.26221208666654283,-0.0014602733285700995,-0.029414941281970353,-0.024246290863784013,-0.05837681110716522,rohrwild_nonlocal_exact_post_borel,-0.2986520528508544,-0.040140728591057634,18.70632964895714,0.4998960070111319,5.099637325739443,-0.057016850580749026
lattice_fperp_s,theta_scan_25_45,5.238128207515926,2.5327218331196764,40.91988993827339,-0.1644591013464269,-0.23432133076706832,-0.38029605303611913,0.1632786540414323,-0.0009137752045838199,-0.016390156567797718,-0.026033989451270792,-0.06998918555184008,rohrwild_nonlocal_exact_post_borel,-0.2847805530939909,0.029211618366752262,17.03326950172057,0.2647447980550992,6.635156536793759,-0.052551180272865795
lattice_fperp_s,theta_scan_25_45,5.418114534606205,2.561881744371611,30.223725108411337,-0.21659434558743346,-0.24383993902874537,-0.38932665774590547,0.1710939176494015,-0.0013224469068294053,-0.02428475202541193,-0.03298340103466611,-0.08416919290826907,rohrwild_nonlocal_exact_post_borel,-0.3197226888481972,-0.06440829637298032,21.461411790267395,1.2866855106225061,4.294220777705862,-0.05362904114858533
lattice_fperp_s,theta_scan_25_45,3.569894177908867,2.5687740256773934,41.796332408849274,-0.2174231233916944,-0.25895380258035133,-0.45248589125870964,0.2385935995125269,-0.0018789991345020103,-0.04318251169966656,-0.018841729369373648,-0.05012075763008232,rohrwild_nonlocal_exact_post_borel,-0.3379640889163045,0.010495763869093983,23.93801452120676,0.03418173124369077,4.475250505281054,-0.0525346062769103
lattice_fperp_s,theta_scan_25_45,3.7716107566744626,2.505040419853255,35.232055793328065,-0.12000430095783646,-0.19507741616975774,-0.3715931139984641,0.2085838965570866,-0.0014072743683687123,-0.030660924360011502,-0.014416075816647871,-0.047825597395635834,rohrwild_nonlocal_exact_post_borel,-0.22857278698100114,0.014515908500184152,11.012019025812824,0.06544281302027678,5.296528607881092,-0.056275949320256015
lattice_fperp_s,theta_scan_25_45,4.480561121901513,2.577149468678636,27.041797862475836,-0.20650611438453725,-0.2796502644793084,-0.47086816346068233,0.22631383971181987,-0.00162060075889629,-0.03347533997154965,-0.02550318966396891,-0.06806163685131379,rohrwild_nonlocal_exact_post_borel,-0.3429635440311398,-0.05678955156670226,24.79334159392977,1.0011660072235877,4.824138161500021,-0.05561543949813139
lattice_fperp_s,theta_scan_25_45,4.46603324801531,2.501234805347058,40.056873031369335,-0.16398166898655464,-0.25513976506154556,-0.39931419093453235,0.18276262788733463,-0.001839052844271031,-0.03674914917007687,-0.023926068805476045,-0.07039317119153368,rohrwild_nonlocal_exact_post_borel,-0.30081553584821846,0.03868204844143913,19.003155346450487,0.4639979871147467,3.623059860908287,-0.052599486147708575
lattice_fperp_s,theta_scan_25_45,3.829622116234715,2.5466470797097247,26.666984323854983,-0.12037136962940935,-0.2784907745564697,-0.41988865082011406,0.17885281097199204,-0.001628117928617438,-0.03582681677973023,-0.014581969576566307,-0.062117019474189496,rohrwild_nonlocal_exact_post_borel,-0.3028909216054112,0.01742032573022019,19.370053527081406,0.0942688173972773,5.203597436581211,-0.058943252105839325
lattice_fperp_s,theta_scan_25_45,3.8984832987291034,2.5863448595432073,43.592616674729086,-0.20370462044657142,-0.28399795915579706,-0.5011013552141093,0.2594794122287921,-0.001824518241163352,-0.0405514979293167,-0.024091277083376248,-0.05495259330874545,rohrwild_nonlocal_exact_post_borel,-0.34614824366322816,0.048288783426402,25.044686877931095,0.7231287834948802,4.8011202279615,-0.05336300546450801
lattice_fperp_s,theta_scan_25_45,4.877511195465787,2.5457755727543376,32.699420943337124,-0.1956119857187816,-0.26887156512322036,-0.4023641957956059,0.162595890948165,-0.0014459166655154663,-0.027657343610264076,-0.027285172898367578,-0.07603538711712785,rohrwild_nonlocal_exact_post_borel,-0.33193560724320864,-0.019357689240642573,23.06092593267641,0.11627179321642869,4.412470664514232,-0.05265689597225314
lattice_fperp_s,theta_scan_25_45,3.0785371219103106,2.5971846291408704,26.93336245313589,-0.18387100021402975,-0.27099331585044906,-0.4790583579203506,0.2649198965457476,-0.0021992150949908364,-0.05465563938085521,-0.01382862170871257,-0.04284708687337307,rohrwild_nonlocal_exact_post_borel,-0.3248848255616257,-0.041179753218311466,22.086934334053637,0.5267082964353277,4.650536757675862,-0.05534717279407529
lattice_fperp_s,theta_scan_25_45,3.8468913182753885,2.5395806333897206,32.851904652751095,-0.23199872312006337,-0.2502055601338104,-0.3932382845919568,0.17480701769599535,-0.0013830321328815126,-0.03039126110496744,-0.02320734711526016,-0.06027009149002331,rohrwild_nonlocal_exact_post_borel,-0.33604378915264504,-0.059167572395242646,23.91589980105055,1.0857793515247343,5.062245831710853,-0.052355803427248
lattice_fperp_s,theta_scan_25_45,3.8559252735978045,2.584797395160725,28.12415180213779,-0.20764099786065812,-0.2405213121467876,-0.4201284983626343,0.2095960367766812,-0.0012818206073102428,-0.02870702995352428,-0.02310239161188412,-0.05664423886985334,rohrwild_nonlocal_exact_post_borel,-0.3100011160495378,-0.06974663889696235,20.143736132974414,1.509365622641326,5.695274981891305,-0.05308194766956563
lattice_fperp_s,theta_scan_25_45,4.967403537926206,2.5171115424958983,34.023320618655674,-0.16524060469070623,-0.22758104891105008,-0.40437820877578506,0.20101936278416274,-0.001223772011241931,-0.022998430908185843,-0.023996382678528484,-0.06652299607212006,rohrwild_nonlocal_exact_post_borel,-0.2810785504721557,-0.009614558048909871,16.6226075613764,0.028686087074065274,5.567651178689119,-0.05618914911080932
lattice_fperp_s,theta_scan_25_45,4.226827068168078,2.5925127943403274,29.99049525900685,-0.20382971008285733,-0.317406657974067,-0.39698203829853995,0.10867125894684736,-0.0012964784419373133,-0.02779940018043709,-0.027482960239629418,-0.08676285636190867,rohrwild_nonlocal_exact_post_borel,-0.37679412311938176,-0.017880884246149642,29.859916335181374,0.09924266224251035,4.954153092292059,-0.05278814871650779
lattice_fperp_s,theta_scan_25_45,3.6957629478238836,2.5062597969708347,27.479456340396965,-0.1548527023242128,-0.2685770495441294,-0.46344939446945155,0.23169406332317605,-0.0016104194822326855,-0.03521129891562127,-0.011761468585951727,-0.049699607376679125,rohrwild_nonlocal_exact_post_borel,-0.30972896967716745,-0.013451999913071694,20.18796667248701,0.05618620472527486,6.072843851231825,-0.05740346603663425
lattice_fperp_s,theta_scan_25_45,3.518631667131756,2.570751398198353,37.46348120563357,-0.18359299543341898,-0.2429766040423356,-0.4165342474662614,0.21306779925517866,-0.0016304839395671765,-0.0378796718916857,-0.017783661508656887,-0.05135164585163538,rohrwild_nonlocal_exact_post_borel,-0.304532013718114,0.0020665683999756823,19.543652825992552,0.0013251960576986582,4.924888156868532,-0.054482272769526774
lattice_fperp_s,theta_scan_25_45,3.6778431132849008,2.5123031706802035,43.2436205126108,-0.11951553681923616,-0.23952805011428804,-0.38938201725519417,0.17693048287892968,-0.0011872711531281058,-0.025889244584895423,-0.013258814530254012,-0.049439541112746246,rohrwild_nonlocal_exact_post_borel,-0.2563638705818945,0.07704035431520763,13.895802837796172,1.8421294041989371,6.96541648981354,-0.056449323718193126
lattice_fperp_s,theta_scan_25_45,5.959852442407749,2.58022863390122,28.955280213511866,-0.21557925437163808,-0.20569677625946958,-0.43341727665362295,0.24981586264516306,-0.0011864891105642086,-0.020908873140445462,-0.04297459200593939,-0.07137437739824234,rohrwild_nonlocal_exact_post_borel,-0.2843519346004403,-0.0890480542626096,17.02099153526379,2.4601795140422635,4.8819282487497375,-0.053324348842960285
lattice_fperp_s,theta_scan_25_45,3.760754302443424,2.5634161796892103,36.65757339025028,-0.1594554966393814,-0.22927528601075192,-0.4174506823290027,0.22507827371477732,-0.001585139660748388,-0.03531773773577813,-0.01612631033384082,-0.05021395858573767,rohrwild_nonlocal_exact_post_borel,-0.2791286708072564,0.008966455107686094,16.386719739484505,0.02494866851739563,5.011238211200653,-0.055060727939296
lattice_fperp_s,theta_scan_25_45,3.471536430158239,2.5216632584400602,32.47895754547905,-0.1394769112307033,-0.2564790890698191,-0.4141572524110106,0.20184013291411665,-0.0018503776893030429,-0.04231159188362213,-0.014261253287685672,-0.052058523664907784,rohrwild_nonlocal_exact_post_borel,-0.29126054843418137,0.020065513259359943,17.816773022186418,0.12492258263754329,4.524844705067501,-0.054315184905677556
lattice_fperp_s,theta_scan_25_45,4.971309568540564,2.518274744019872,37.902222096897944,-0.16603637017442957,-0.2594221119267831,-0.3937038630730956,0.15258748455567273,-0.0009348840915282445,-0.01737084931783194,-0.025796104891628535,-0.07491173254891456,rohrwild_nonlocal_exact_post_borel,-0.3066984452164675,0.028354401405321084,19.7352969574273,0.24947951924735345,6.653087197839768,-0.051358578466806866
lattice_fperp_s,theta_scan_25_45,4.622285628134628,2.558039375723802,29.88203053589425,-0.15426913291557265,-0.27498142713896984,-0.4449566205745617,0.19758002709585176,-0.0013207760269597205,-0.02628405763330025,-0.023882680937462597,-0.06864214692921942,rohrwild_nonlocal_exact_post_borel,-0.31528280842213047,0.003240579479254352,20.839888532914742,0.003258844509453388,5.6439796411059975,-0.054869987847720625
lattice_fperp_s,theta_scan_25_45,5.438386172485905,2.5211678419590515,43.64161717295342,-0.14883843945312825,-0.22029117733071987,-0.37928863022996107,0.19018096165572865,-0.0016674020954031007,-0.02951610666108428,-0.026243270760122055,-0.07079298648377415,rohrwild_nonlocal_exact_post_borel,-0.26213844356428057,0.044322909136175745,14.470013601246624,0.6092918518478192,3.760672221336919,-0.05699197283934851
lattice_fperp_s,theta_scan_25_45,3.0465811006398775,2.5655692745953353,43.66048620213554,-0.10025068853658606,-0.22958922787775213,-0.4150681310796747,0.2448980322612077,-0.0023341039737028984,-0.05708502508558225,-0.007792144244137237,-0.038865099103781685,rohrwild_nonlocal_exact_post_borel,-0.23530625719746512,0.08597894761674152,11.67053537831183,2.2940660825412973,4.010912080424533,-0.05535769365628305
lattice_fperp_s,theta_scan_25_45,4.451902614471788,2.504531988862518,42.35890269418717,-0.17756659657223473,-0.19746177649286323,-0.38617940527014644,0.21499534819114288,-0.0012699632205286264,-0.02500775619333103,-0.020751870322462274,-0.05125804912432842,rohrwild_nonlocal_exact_post_borel,-0.26555166687460646,0.0018334705021502973,14.88536433981721,0.0010429749751507977,5.4756112763863625,-0.054383172220934604
lattice_fperp_s,theta_scan_25_45,5.856476341749884,2.570350370026394,38.44394661580209,-0.23860913852419977,-0.26610765445721535,-0.4249999955733571,0.18477368630067076,-0.0013899854819688885,-0.02449135970256015,-0.03915123308350954,-0.09038043130991569,rohrwild_nonlocal_exact_post_borel,-0.35677490698584025,-0.021430597127157697,26.69895362719238,0.1426152669335398,4.192212605583362,-0.053119833839405994
lattice_fperp_s,theta_scan_25_45,3.185760209632723,2.534803827395037,40.17291153376969,-0.15972636750019276,-0.22242935326533048,-0.4292944739528796,0.25056707888479235,-0.0017816877100282538,-0.041920270487215,-0.009489762535220412,-0.03533829251032362,rohrwild_nonlocal_exact_post_borel,-0.2729974361041476,0.021441304750449308,15.688465851327827,0.14272238763134973,5.479355172038051,-0.05521356975865386
lattice_fperp_s,theta_scan_25_45,4.844779782379836,2.57020394917895,40.113556993689485,-0.2159895163541127,-0.2892354686867529,-0.3726567779702156,0.10562477874372171,-0.0010677778525229528,-0.021135691607735953,-0.03199008382791035,-0.09573382398268007,rohrwild_nonlocal_exact_post_borel,-0.3603613512662749,0.021173663709277868,27.158208556798478,0.1389678066124674,5.525229827334191,-0.05574109112649761
lattice_fperp_s,theta_scan_25_45,5.849426041099999,2.525255519173843,27.89908789007893,-0.2051608194183862,-0.26044815890245987,-0.33389287563975917,0.09057064880083933,-0.0009515660253947922,-0.016174366038145285,-0.03291702045762895,-0.1035304244818847,rohrwild_nonlocal_exact_post_borel,-0.3261750490543347,-0.05944781471599274,22.249027839097064,1.0958364265073948,5.2686653880801195,-0.05438852928684989
lattice_fperp_s,theta_scan_25_45,5.297824558982482,2.5398532053790075,41.747401083965286,-0.1993514104740847,-0.21526307501288652,-0.39189437771522034,0.2011842144825571,-0.0012671109765831673,-0.02328580080364016,-0.030207039226633023,-0.07112617052127437,rohrwild_nonlocal_exact_post_borel,-0.2933428093249748,-0.005401160925403686,18.126083984770332,0.009056357863697868,4.673187908009518,-0.05368180129299949
lattice_fperp_s,theta_scan_25_45,5.632924525008355,2.5011638265707004,40.45643237016261,-0.140361919225185,-0.21615757044392592,-0.3929462517391155,0.19526251497707311,-0.0010096083007437038,-0.017464225381139887,-0.027402226891406384,-0.0715239132664384,rohrwild_nonlocal_exact_post_borel,-0.25555079492753446,0.03345676076226431,13.713365470565899,0.3472713609196256,6.439075423655316,-0.058441342176260985
lattice_fperp_s,theta_scan_25_45,3.5743267085069728,2.52715585265863,37.0160509883788,-0.2214166040818105,-0.24687603294038046,-0.42828604464924463,0.2289139184677952,-0.0020402420689593433,-0.0454636646899717,-0.01860449116148206,-0.04517781193064912,rohrwild_nonlocal_exact_post_borel,-0.3304237083492957,-0.028164892405272896,23.06308702386561,0.24625554850313464,3.8702321401449895,-0.048637215008399674
lattice_fperp_s,theta_scan_25_45,4.005009069605526,2.5813531788430075,32.72270970179003,-0.21125177613750562,-0.2747487914569692,-0.43536032932570257,0.18339782164122484,-0.0009952238400841818,-0.021791059932407292,-0.025761831162067456,-0.0629832958267951,rohrwild_nonlocal_exact_post_borel,-0.34534239973630154,-0.029203394882931444,24.891833071810325,0.2648100751285837,7.599024344958818,-0.053894074838154934
lattice_fperp_s,theta_scan_25_45,3.4392083881694404,2.590535408791945,31.776648470936543,-0.12584253762333392,-0.28354239344635446,-0.48171084751104465,0.24676653898106965,-0.001971422733092772,-0.046626662183286684,-0.011572958975730139,-0.051540150287799597,rohrwild_nonlocal_exact_post_borel,-0.30731134305766816,0.04233640968315193,19.787454039717247,0.5564057257578593,5.140208851451055,-0.059165737162688845
lattice_fperp_s,theta_scan_25_45,5.436871253488455,2.5972873037230206,35.811087630019124,-0.2194106198826123,-0.24691944514485684,-0.42749106679781107,0.20347713251158267,-0.001172116413283823,-0.021733394445344653,-0.035849687677117506,-0.0778676016111514,rohrwild_nonlocal_exact_post_borel,-0.3286198344547806,-0.03345499829365914,22.80728959575461,0.3473238760868925,5.031186254588559,-0.05163688136210068
lattice_fperp_s,theta_scan_25_45,5.293710068675463,2.5613467705582713,39.065595835415834,-0.17779733235151263,-0.2950045523802861,-0.40310729853061056,0.1318775154545411,-0.0012161683414292285,-0.022558600962787376,-0.025361837760571986,-0.09561092215450537,rohrwild_nonlocal_exact_post_borel,-0.3410985039448881,0.047868443916283476,24.415982530212194,0.7111811459423693,5.281230299305666,-0.057286739571542865
lattice_fperp_s,theta_scan_25_45,3.206855520583768,2.5857328791303775,40.906368892179195,-0.22739727210124808,-0.24410153169535845,-0.41787150311127286,0.20866652984960465,-0.0013780140768958388,-0.033518544356794355,-0.015720757392943183,-0.04576065878287389,rohrwild_nonlocal_exact_post_borel,-0.3333926025722568,-0.012018722278444749,23.37137080535053,0.044821526424481554,6.360896518411476,-0.05561412188693934
lattice_fperp_s,theta_scan_25_45,3.911442257074137,2.547990604976597,38.40932962571525,-0.17013078418513716,-0.26268505035199513,-0.48281803466806916,0.2642356301429339,-0.001941214217266577,-0.042161431609593306,-0.01700115179179717,-0.05204146798215498,rohrwild_nonlocal_exact_post_borel,-0.3115360518694389,0.029886582131153888,20.390040256452558,0.27719247003238834,4.523570581585261,-0.0534625706389216
lattice_fperp_s,theta_scan_25_45,3.7542241224951356,2.5176516967082923,31.729838020143454,-0.1637591726374989,-0.22264741966192567,-0.3586558205223094,0.16312782992339678,-0.0011832011724054671,-0.02593622789060762,-0.016444215748334524,-0.05527505990865366,rohrwild_nonlocal_exact_post_borel,-0.2754932941075353,-0.022189750039395606,16.009930524075077,0.1527443896816631,6.093575151824096,-0.05647198005633982
lattice_fperp_s,theta_scan_25_45,5.3101483166307855,2.557705003773515,39.48019858128968,-0.1684193546207011,-0.21229122978292564,-0.4080129568107551,0.21330287188739763,-0.000896930133864971,-0.016684214725703174,-0.031098878359709484,-0.06937828504680596,rohrwild_nonlocal_exact_post_borel,-0.2709387536245099,0.004983677156226468,15.411424388520734,0.007706491630231935,6.990269391883783,-0.0560353138686743
lattice_fperp_s,theta_scan_25_45,3.1367087735221997,2.548899495614641,25.74023436826875,-0.13670776781381905,-0.28650697885098264,-0.46267518103622696,0.24505494034006223,-0.002764589620686536,-0.06612214853413137,-0.009209165925227487,-0.04286881471934073,rohrwild_nonlocal_exact_post_borel,-0.3174485964191207,0.001285045713076749,21.162070059641636,0.0005126969331755457,3.7555488141720472,-0.05505207212206662
lattice_fperp_s,theta_scan_25_45,3.115001993939182,2.5196607539692923,40.944450824770314,-0.06541660627227724,-0.25763364476281503,-0.4880150858216133,0.2860382718110289,-0.002254766566985944,-0.053402064185244714,-0.006061346086732942,-0.035978851974188666,rohrwild_nonlocal_exact_post_borel,-0.23747162836827368,0.11942216297687391,11.832986700646092,4.4247393115672145,5.182116373982032,-0.057113214445059325
lattice_fperp_s,theta_scan_25_45,5.984984603289673,2.5973694866204275,27.075236675145234,-0.24176094277356147,-0.22398423929238467,-0.3955103584455277,0.19287022682942143,-0.0011382520701479432,-0.02020585560613048,-0.04264046065857233,-0.0860326008123938,rohrwild_nonlocal_exact_post_borel,-0.3094776569723808,-0.11331757470505145,20.092910040516962,3.9825139829499436,4.801247686922116,-0.05619893901974897
lattice_fperp_s,theta_scan_25_45,5.325361283473047,2.518509334336039,27.937111942867663,-0.11969838589006415,-0.1979703274421345,-0.43095846126449106,0.259712953379202,-0.0014170204114969296,-0.025307799145348506,-0.017755133150131625,-0.05571419091040172,rohrwild_nonlocal_exact_post_borel,-0.23097828320467156,-0.012999493069162371,11.244534720480198,0.05241471386407506,5.445385121539075,-0.06069984135833171
lattice_fperp_s,theta_scan_25_45,4.897312606436307,2.581810017200426,32.48688521710056,-0.26844792898706465,-0.3054897572566936,-0.47777097106528454,0.19688883307396188,-0.0011836862692353055,-0.02342393299613565,-0.03629367689362217,-0.08000967838668306,rohrwild_nonlocal_exact_post_borel,-0.4018701519193657,-0.0623591481861612,34.0496268174501,1.2060558270606219,6.0696641096533686,-0.05378479025280965
lattice_fperp_s,theta_scan_25_45,5.537087841989866,2.570126520877968,42.72306928047252,-0.21629496696849587,-0.2103759899090186,-0.37100243174583974,0.1793167100665373,-0.0009745122556804347,-0.01771575597403574,-0.036953755703923945,-0.07706551254482816,rohrwild_nonlocal_exact_post_borel,-0.3012974432732237,-0.01616850466557626,19.113030547497786,0.08106288255957701,5.432993094104601,-0.05334830951457498
lattice_fperp_s,theta_scan_25_45,5.021526256363075,2.572160905764098,28.252406844136047,-0.15965928349691874,-0.25121518407808674,-0.4665623675453693,0.24543962955799253,-0.0014803743829658184,-0.028612071707744206,-0.029153870557964572,-0.06757234771553088,rohrwild_nonlocal_exact_post_borel,-0.296863920743092,-0.021724826332463157,18.513143888384185,0.14644930499990397,5.102378714596593,-0.05772853986818242
lattice_fperp_s,theta_scan_25_45,4.44366895160268,2.5678505444154345,44.03167341869789,-0.2139653634990536,-0.253054596498939,-0.41540146048450766,0.18793242594571036,-0.0011896722532397461,-0.024395889706902037,-0.02528255125633202,-0.0665688048023833,rohrwild_nonlocal_exact_post_borel,-0.33065293179621336,0.02205548188300746,22.95264177446837,0.15097396215968273,5.755219554612761,-0.05357779921480839
lattice_fperp_s,theta_scan_25_45,5.845921582068797,2.504666878616683,26.9141438591276,-0.16146282001834744,-0.2066317019554326,-0.39605803317946514,0.21142957263125275,-0.0012358868168588454,-0.020767354590361345,-0.027960651236693817,-0.06830797843330855,rohrwild_nonlocal_exact_post_borel,-0.25733748499746895,-0.05044126600763946,13.916077084062543,0.7895159798538254,5.113856808345649,-0.0566731690903912
lattice_fperp_s,theta_scan_25_45,4.338431097998522,2.573965709562903,31.177137682504853,-0.17623357479128335,-0.2510083023773936,-0.43735281156259215,0.22220656988336218,-0.0016408850371228672,-0.03422117566104076,-0.025787118024118195,-0.06173973067662318,rohrwild_nonlocal_exact_post_borel,-0.30598899251320005,-0.02083691932250814,19.793372943359202,0.13479344665665427,4.304475158884138,-0.05210464480323549
lattice_fperp_s,theta_scan_25_45,5.897928196533235,2.5761840313290767,28.958144892673058,-0.19753840257269123,-0.2832209530357954,-0.4076441150448837,0.1480440203103082,-0.0012696059376955712,-0.02235125236352436,-0.033906086047737524,-0.1019846826517426,rohrwild_nonlocal_exact_post_borel,-0.3434531474258156,-0.035713642390210215,24.77797470150735,0.3957114361305924,4.655386628909967,-0.056654616027063065
lattice_fperp_s,theta_scan_25_45,5.899109458074472,2.5844793125798886,33.78012490485934,-0.2523013779056039,-0.2930370558502607,-0.39667380630153637,0.12143124204232193,-0.0009566925758257868,-0.016837799015220464,-0.04030730672208845,-0.10483615805998688,rohrwild_nonlocal_exact_post_borel,-0.3838471896524479,-0.04677645123748583,30.99548004963631,0.6785399709848217,5.9034351117867745,-0.0554901176232346
lattice_fperp_s,theta_scan_25_45,3.825697793027354,2.5439011691935622,34.266462438434935,-0.11824818838807069,-0.23894121033446278,-0.41241557193373624,0.2035667923903054,-0.0013157221146763358,-0.028776708676355636,-0.011352780431392023,-0.05318698938537316,rohrwild_nonlocal_exact_post_borel,-0.26404645261401194,0.036810418567505554,14.684395577234154,0.42048228242686186,6.504963317858398,-0.05960351899382568
lattice_fperp_s,theta_scan_25_45,3.893661280931158,2.5171429415395568,42.758452297099815,-0.17005648375153934,-0.29974007321287,-0.41438868849810434,0.15800377582051375,-0.0019468434091741886,-0.041408317126105175,-0.01678526616621397,-0.06214997005886163,rohrwild_nonlocal_exact_post_borel,-0.33552875378459585,0.07863697946481846,23.644317922791586,1.9196119403573928,4.161048168179449,-0.05434225184454999
lattice_fperp_s,theta_scan_25_45,3.812679000335093,2.515515152363806,42.412049702343836,-0.09067305688519592,-0.2696868311889744,-0.4139223279668603,0.1741362080856908,-0.0013388785059593666,-0.028561832801845592,-0.01016865562123981,-0.055094470350813975,rohrwild_nonlocal_exact_post_borel,-0.2602685710905134,0.11494720990158361,14.35196685210152,4.09960388863058,6.270553467322481,-0.05475911928559515
lattice_fperp_s,theta_scan_25_45,3.521183557166249,2.5174733666823106,44.754601713861334,-0.126742268842793,-0.3036755727352945,-0.41999262229289713,0.15518862714623619,-0.0016458846610238407,-0.03722569292760977,-0.013889552533659847,-0.06075412538164643,rohrwild_nonlocal_exact_post_borel,-0.30488443165966705,0.12380605606790715,19.606063983989984,4.758447845752598,5.2120361649183495,-0.05491940998342879
lattice_fperp_s,theta_scan_25_45,5.222327623913691,2.546391685364369,31.72512138456404,-0.17974474755795306,-0.24332704905857133,-0.3917473972371717,0.1787088159468833,-0.0015587800210032725,-0.028729687747279603,-0.02578840357532481,-0.07714188206908686,rohrwild_nonlocal_exact_post_borel,-0.3014870876618381,-0.02493517698769729,19.173110541320032,0.19280425965050807,3.916524787622526,-0.05414594223810709
lattice_fperp_s,theta_scan_25_45,3.844630978831182,2.5106234785164205,33.939989370299415,-0.09987524880092531,-0.23990114089850648,-0.44494541357835043,0.2329249542209414,-0.0012524401860794074,-0.026628241355018064,-0.011114490406368652,-0.04613447586230937,rohrwild_nonlocal_exact_post_borel,-0.25479023396613115,0.05108384679070224,13.599220016876632,0.8095909745610347,7.437328484988577,-0.05720685132377203
lattice_fperp_s,theta_scan_25_45,5.648972268172991,2.5728197210195396,36.793581754287864,-0.20906503585000763,-0.24506103333005186,-0.3905286423818315,0.1651894301642403,-0.0010445075829774002,-0.018677313529483243,-0.03332064495900838,-0.08489980465032707,rohrwild_nonlocal_exact_post_borel,-0.3214606368138139,-0.020643600727949463,21.8422901737013,0.13222399724384462,5.57418760737378,-0.05574357177111153
lattice_fperp_s,theta_scan_25_45,5.0497866374285625,2.5405548315730906,34.175593333994705,-0.17450854433693255,-0.21156572799908582,-0.385680479171389,0.20090758342902973,-0.001355708765806098,-0.02543712349092049,-0.024360067259102832,-0.06424557327600935,rohrwild_nonlocal_exact_post_borel,-0.27305940488263747,-0.02553136728650028,15.680456892923322,0.20229482979281505,4.94226121552853,-0.05893228004880225
lattice_fperp_s,theta_scan_25_45,4.2506138411907815,2.527140473686905,36.749954623616915,-0.14892037662270885,-0.2158078307655496,-0.3896479346206282,0.2078010776818903,-0.0015776227270780125,-0.03238335109973369,-0.017960333628758565,-0.056032398835697134,rohrwild_nonlocal_exact_post_borel,-0.26201957983038615,0.00979990707555084,14.340123107329346,0.02980723373902285,4.415930313330087,-0.054172029730399286
lattice_fperp_s,theta_scan_25_45,3.2013321466937437,2.5995052897624977,30.275348617255766,-0.14829517300164635,-0.29259777929692354,-0.4664961891259475,0.2114437640747826,-0.0014862700965506512,-0.03605908414920806,-0.011066465305959328,-0.046817610902253906,rohrwild_nonlocal_exact_post_borel,-0.3274550286619082,0.01944538477655594,22.59316886815193,0.11735481890780129,7.0352875514735596,-0.05851034656115723
lattice_fperp_s,theta_scan_25_45,3.2577661394359496,2.529147029724224,27.95572014551457,-0.09701058669680435,-0.30095805454320657,-0.48441895708789345,0.24181565532129973,-0.0023831267862530862,-0.05597162599035977,-0.010081975462044824,-0.04721619863860704,rohrwild_nonlocal_exact_post_borel,-0.31131680570907583,0.05539540602601821,20.328736771230254,0.9516268502311158,4.420098302787376,-0.05522313778586085
lattice_fperp_s,theta_scan_25_45,5.934008864770934,2.5914185917309918,44.848799161539624,-0.22344931200208928,-0.2639097254388871,-0.4463929981847373,0.1996905609002146,-0.0009334528192856821,-0.016273835335078687,-0.04089783242050873,-0.08340412658683127,rohrwild_nonlocal_exact_post_borel,-0.34468918018753164,0.027700311858951637,24.897275701970525,0.23811469368503116,6.262862867372953,-0.0505228197811965
lattice_fperp_s,theta_scan_25_45,3.61176954380081,2.5539506248886705,30.40144623203425,-0.09434184774358194,-0.21777514138751464,-0.40449514515999524,0.22335471406130078,-0.0015611977611762154,-0.03507351252764394,-0.00947808434738492,-0.045089725639360825,rohrwild_nonlocal_exact_post_borel,-0.2355734687891658,0.028836387510662864,11.698211594400929,0.2578687350716258,5.538076105763215,-0.05855275285913694
lattice_fperp_s,theta_scan_25_45,4.42385345581878,2.5217702837329266,39.387860253155246,-0.21465824006212644,-0.25705272448226957,-0.4485213905127938,0.2150040687214432,-0.0011093073217990682,-0.022426095369119804,-0.025521377379987945,-0.061012019470795556,rohrwild_nonlocal_exact_post_borel,-0.3348828225996333,-0.002785375742987345,23.431646402884542,0.002404795564692625,7.122417075973501,-0.055604092078855596
lattice_fperp_s,theta_scan_25_45,3.3992732121276656,2.511523944550737,36.13549262252681,-0.109829904789898,-0.2423096421300602,-0.4595743869383872,0.28076348474980545,-0.0026489141699281554,-0.06084982577155029,-0.011299084067644665,-0.042156559275347213,rohrwild_nonlocal_exact_post_borel,-0.26046160203592505,0.0541878632189471,14.243683258521841,0.9111600947609031,3.821156109874337,-0.05762660904574374
lattice_fperp_s,theta_scan_25_45,4.216359922064749,2.5337801061156595,34.60647639191228,-0.12622445774222968,-0.23063249417425477,-0.3996103613787649,0.20389917703999894,-0.0016118752879228687,-0.03330943454756591,-0.01568794638716769,-0.05737122520836387,rohrwild_nonlocal_exact_post_borel,-0.26151470177129726,0.02709283777729886,14.404375084592512,0.22776897142391206,4.753441983186444,-0.058027203427215755
lattice_fperp_s,theta_scan_25_45,3.669805279839365,2.5390549733797223,25.495098314513154,-0.15347404285479233,-0.28644173263681744,-0.4429177046274609,0.20281998226406828,-0.0019880702755471595,-0.044355939997877666,-0.016488669944953266,-0.05589943865597173,rohrwild_nonlocal_exact_post_borel,-0.3246090690617438,-0.015234838661589797,22.262251629459673,0.07201484271615151,4.354961671447211,-0.05451052143938867
lattice_fperp_s,theta_scan_25_45,5.5182960619800765,2.5445216990110584,35.04043341514993,-0.18904466741796924,-0.21307576557484306,-0.3888816692321695,0.1961705306350909,-0.0010673385378745786,-0.019297288439889957,-0.03312082554240077,-0.07483045368949215,rohrwild_nonlocal_exact_post_borel,-0.2829959798367668,-0.03244138638690344,16.87376208193869,0.3264981619705665,5.518312955269717,-0.055970102831417366
lattice_fperp_s,theta_scan_25_45,5.5580131811409315,2.5190900494251665,28.33784233275788,-0.14891824136861942,-0.22170108793525065,-0.3882502347441132,0.18823343475195625,-0.0011913944989400261,-0.02049289344415371,-0.020990064694422234,-0.06914497524305512,rohrwild_nonlocal_exact_post_borel,-0.2658202926125874,-0.025837705768015612,14.879846027257543,0.20704628491141533,5.392932246145426,-0.055895965184729335
lattice_fperp_s,theta_scan_25_45,4.79486430306507,2.5789676612427535,29.88825902032812,-0.2239985451121775,-0.24835985706268987,-0.37074391041455534,0.14354431655395716,-0.0010188586815328246,-0.020141404520558865,-0.027211672760440807,-0.07993145974536447,rohrwild_nonlocal_exact_post_borel,-0.32694845221855734,-0.07044626607891777,22.3264023113956,1.5400985849816773,5.683128722556498,-0.05362798539609665
lattice_fperp_s,theta_scan_25_45,3.8048217715854804,2.558201399327011,39.930368227335485,-0.13483399752383418,-0.23002605837455456,-0.414705518624758,0.22406899452350842,-0.0017031224216284447,-0.037686411851676566,-0.01585058319714486,-0.05124678138881152,rohrwild_nonlocal_exact_post_borel,-0.2629337775683164,0.04424955404573508,14.587740655402515,0.6074694504653606,4.725101874370761,-0.05654488895626598
lattice_fperp_s,theta_scan_25_45,5.6004449988775065,2.526500713719602,25.301352203168744,-0.17433406415675234,-0.33992171741325716,-0.4050463015782478,0.08433250755137352,-0.0010291573335924186,-0.0181787660527905,-0.03487747308190035,-0.11192720803735248,rohrwild_nonlocal_exact_post_borel,-0.38182061735858247,-0.012335155228039407,30.773762064230503,0.047196771721448566,5.885700947374981,-0.05429046455620551
lattice_fperp_s,theta_scan_25_45,3.6176961387745474,2.5251580746161957,36.074816465116896,-0.1842905583657815,-0.20572289632136379,-0.40646839975832183,0.2300965974693512,-0.001253392654826462,-0.028097701377566772,-0.017850712313296706,-0.04311744967092968,rohrwild_nonlocal_exact_post_borel,-0.2747931458745765,-0.027814509774142182,15.901671335466716,0.23999578104348163,6.5426302025586835,-0.05552851596648992
lattice_fperp_s,theta_scan_25_45,3.8608450936586225,2.5483502806538723,31.94523559222707,-0.12946068236536296,-0.25876379590843646,-0.4245889484296128,0.21911575161769253,-0.0023229802853607837,-0.05096761881115546,-0.015526404595860428,-0.058441137196361445,rohrwild_nonlocal_exact_post_borel,-0.2880738497898873,0.027059701008728843,17.33850801202588,0.2270439141029639,3.3997054015342365,-0.05469025017280976
lattice_fperp_s,theta_scan_25_45,4.528209407063359,2.5584702592348134,37.52595488499263,-0.17259181671262094,-0.22030958328216463,-0.384539741716098,0.18623557694566018,-0.0010337696042053966,-0.020971648907521373,-0.022555123764364186,-0.0644476254007493,rohrwild_nonlocal_exact_post_borel,-0.27985182912731055,-0.002683545457512815,16.489934669574698,0.0022340267158440295,6.546134311433485,-0.05798068615283057
lattice_fperp_s,theta_scan_25_45,4.720088727473307,2.539929508733772,35.52206503977526,-0.22475176098102256,-0.21049848944880933,-0.41833347565359347,0.24456480392347824,-0.0017973099850240213,-0.03493250773367013,-0.02546929954257471,-0.05528230633414837,rohrwild_nonlocal_exact_post_borel,-0.30190746657072076,-0.060620539037114535,19.14022595886064,1.1401336923468641,3.7677865687936394,-0.052481523178909494
lattice_fperp_s,theta_scan_25_45,4.627082086455847,2.570335075022109,26.770094885671437,-0.17300922822974787,-0.1868542704748737,-0.36526044577124184,0.20534594302260076,-0.0012727024442452208,-0.025667065281987405,-0.026360139206832733,-0.05938802952924234,rohrwild_nonlocal_exact_post_borel,-0.24475278546985946,-0.07030494614246711,12.5937262227565,1.5339148439564312,4.652997021561884,-0.054686617806106994
lattice_fperp_s,theta_scan_25_45,5.2906487290937925,2.513564166195996,25.574252195613656,-0.1477975982630906,-0.1965888787451019,-0.3562390978603368,0.18047264631277068,-0.0011101730116434678,-0.019712254185892307,-0.023874924523613273,-0.06449354020373398,rohrwild_nonlocal_exact_post_borel,-0.24112973108921942,-0.048453793282208724,12.219686244398359,0.7286139530095178,5.201850056854649,-0.05363932745547935
lattice_fperp_s,theta_scan_25_45,5.0723500817196285,2.5192509065881508,37.554176503536816,-0.1579007058687988,-0.20445994832195596,-0.36875720571847737,0.18361257499096978,-0.0010006267971856338,-0.018314690797262802,-0.023057741696042383,-0.06280563422213654,rohrwild_nonlocal_exact_post_borel,-0.25833348678404694,-0.0005594530172164103,14.10224942589102,9.711244290884038e-05,6.193725381445483,-0.054850339867719956
lattice_fperp_s,theta_scan_25_45,3.2782618830989887,2.5321037636797343,41.19467667594924,-0.17819423726445469,-0.2771324835307817,-0.4493171093901948,0.1963000329756223,-0.0009912234348367476,-0.023124183681372448,-0.014590862586444767,-0.04505729980480254,rohrwild_nonlocal_exact_post_borel,-0.3258977800432181,0.04843796636009781,22.35021151145168,0.728352583956067,9.479217206171064,-0.05262323541158206
lattice_fperp_s,theta_scan_25_45,4.27366435748189,2.5283485245593362,40.73055307595373,-0.19013679881113377,-0.26054010811159173,-0.42746977938177233,0.19857651852072397,-0.0014599245796424343,-0.030186922670900937,-0.024685066848804012,-0.06390508639339068,rohrwild_nonlocal_exact_post_borel,-0.3214985287571989,0.02591999621724489,21.72666021503363,0.20852748942160235,5.013303040855247,-0.05335413030042682
lattice_fperp_s,theta_scan_25_45,5.347850717722047,2.5372517467665325,29.188127952184768,-0.22468144658606204,-0.2496594950880289,-0.3963566200263007,0.16981760845754434,-0.0012152978579847008,-0.021905185661287886,-0.03266718958637482,-0.07762534521299105,rohrwild_nonlocal_exact_post_borel,-0.3275308902071364,-0.07439846697167737,22.684063298513294,1.7174060763875465,4.744048987634182,-0.05045335102940282
lattice_fperp_s,theta_scan_25_45,4.229824467838157,2.5902314070070642,32.60273538777167,-0.18542517809019526,-0.330394516807555,-0.5041183652161941,0.2024433182435887,-0.001289207465121937,-0.027430262369827773,-0.02315320779467783,-0.06979466233300591,rohrwild_nonlocal_exact_post_borel,-0.378242280443377,0.02181308532216586,30.191934893394023,0.14749637042075855,6.5037622561482085,-0.05332672132122631
lattice_fperp_s,theta_scan_25_45,4.6723475110722505,2.53376667121936,34.52931788323299,-0.2080830297911823,-0.1998538526751672,-0.37613427248101183,0.19606841373298983,-0.0009525218042572766,-0.0188354721228879,-0.028000261446256197,-0.061076834329773254,rohrwild_nonlocal_exact_post_borel,-0.2825941084666149,-0.0581436116537713,16.72483193077243,1.0486083210742099,6.612305494805647,-0.05555675123913003
lattice_fperp_s,theta_scan_25_45,3.4831316222819555,2.556634243080131,26.758557989793793,-0.1677047437761544,-0.23426448558547494,-0.3841690401857728,0.1796316195060189,-0.001238748866300759,-0.02848831603942028,-0.01513029006365183,-0.0500768733020583,rohrwild_nonlocal_exact_post_borel,-0.2846835124428351,-0.04427220386272801,17.055040116459217,0.607768862377899,6.168348313202015,-0.053915806655657296
lattice_fperp_s,theta_scan_25_45,3.9458825020326493,2.5071081386405267,32.33530146268661,-0.15898727812404462,-0.21055410879615366,-0.388202242813963,0.20997720900019015,-0.0014619459351565625,-0.030867129047224332,-0.017353260325853766,-0.04910588959578724,rohrwild_nonlocal_exact_post_borel,-0.2629420059386723,-0.021713793984056817,14.544812267526787,0.1464337490418032,5.033812721391428,-0.05363926710452904
lattice_fperp_s,theta_scan_25_45,5.983722734557994,2.575535964455114,28.411570368029935,-0.23289466636349554,-0.2093293773291303,-0.37921234315881475,0.1915707511462801,-0.0011821851058207236,-0.020505600210774994,-0.03706583103667843,-0.07919067761983892,rohrwild_nonlocal_exact_post_borel,-0.2949278885630661,-0.10524378547589858,18.21700791096814,3.4345515215853917,4.611140252659734,-0.055952114761711635
lattice_fperp_s,theta_scan_25_45,5.134537678438408,2.556153678972544,30.866886275142143,-0.16044561730964346,-0.21150520293622863,-0.38842692761702724,0.2006843270724883,-0.0011966760110195466,-0.022565926380670117,-0.02865052552795682,-0.06906105132599363,rohrwild_nonlocal_exact_post_borel,-0.2638637983595735,-0.029208610001609625,14.600407070324886,0.26484268690132556,5.0114017878349495,-0.05453756595484301
lattice_fperp_s,theta_scan_25_45,4.200611123284638,2.5996181553608313,28.940958383939027,-0.1718788225127685,-0.2662231334991964,-0.45730117472850706,0.2298194453430135,-0.0017072330245790004,-0.03703417108912382,-0.02411835620912175,-0.06539812785695441,rohrwild_nonlocal_exact_post_borel,-0.3161504289558956,-0.02158686428154677,20.833259454829772,0.14453835540415644,4.479220707458368,-0.055251971850118674
lattice_fperp_s,theta_scan_25_45,3.3216998872961008,2.581399709789487,25.45104649269172,-0.14715664014794674,-0.28544056078778374,-0.4917881141950894,0.25489913290521715,-0.0019486954841579451,-0.046602884013753565,-0.014405897034961744,-0.04809035527657474,rohrwild_nonlocal_exact_post_borel,-0.3209784097239826,-0.010210336602673828,21.671486596596157,0.03236031170533241,5.131648237677782,-0.05529876822741911
lattice_fperp_s,theta_scan_25_45,5.3756193932954375,2.5898598804376523,34.727239902222685,-0.2676885999032134,-0.2376007836688476,-0.42446285118025706,0.21865783202471598,-0.0016126556007850666,-0.030183108912521385,-0.03677051609680135,-0.07548472105656075,rohrwild_nonlocal_exact_post_borel,-0.34777199207860865,-0.08465199610091526,25.350649652134017,2.2251296233912186,3.704409186554475,-0.052798855744653136
lattice_fperp_s,theta_scan_25_45,3.773617696022856,2.503999815923297,34.68951520245526,-0.14302463713134816,-0.23755884267080096,-0.4321068863682965,0.2356052262294785,-0.001822826329260261,-0.03923435620272274,-0.015600005026318456,-0.04648728960542976,rohrwild_nonlocal_exact_post_borel,-0.2767318094731439,0.017599891572500442,16.043597688781823,0.09613065860350446,4.67885529561963,-0.05368435122700381
lattice_fperp_s,theta_scan_25_45,4.254870268756265,2.5623238747389387,32.77898996343066,-0.19057646268993933,-0.22163008720758887,-0.4378832710951283,0.24287291557781782,-0.0012147407699863403,-0.025404990920291994,-0.02634212468172174,-0.05240000614772115,rohrwild_nonlocal_exact_post_borel,-0.28951694801740796,-0.040239538985167106,17.727153136691825,0.5021681744685629,5.8329886781429785,-0.05081942073726411
lattice_fperp_s,theta_scan_25_45,3.5510621293629137,2.5576747625189156,30.515439068837104,-0.15674840123442707,-0.24739826460293501,-0.38924795655256,0.17853803180415823,-0.0015291353174620229,-0.03515920453707125,-0.016846143019933518,-0.056112805999546836,rohrwild_nonlocal_exact_post_borel,-0.2927239338722048,-0.009416005335271121,18.034121623177306,0.027509925638682774,4.935593204941689,-0.05454067828388585
lattice_fperp_s,theta_scan_25_45,4.877887491003147,2.5149155777775416,43.95291110766325,-0.15620968094936594,-0.23646244096568358,-0.3812626704509571,0.1625970586689536,-0.0008881807920073571,-0.016908648391672675,-0.02147884547736956,-0.07367677658991836,rohrwild_nonlocal_exact_post_borel,-0.2786517617903322,0.051663779003244134,16.288504150837763,0.8288712447979903,7.400425422102057,-0.0570901213279863
lattice_fperp_s,theta_scan_25_45,3.9215538102253324,2.5465131701464117,30.788001983134418,-0.1787624240081671,-0.21955161395309414,-0.40558434900729146,0.2159233254268968,-0.0013157363812025377,-0.028574853991496913,-0.019388526138017392,-0.051134171087136734,rohrwild_nonlocal_exact_post_borel,-0.28011143646498804,-0.0411885735150557,16.32839976590048,0.5268020651174253,5.85142569229273,-0.056100074559413265
lattice_fperp_s,theta_scan_25_45,3.7327918612306847,2.5608743938821563,30.338876454107574,-0.15884645846909623,-0.22993662283840047,-0.39400490865857124,0.1959595956926058,-0.0013628170210322214,-0.03052849285140279,-0.01867382958494778,-0.052631537558118315,rohrwild_nonlocal_exact_post_borel,-0.27868296173859985,-0.020948859804419448,16.385530892246663,0.13633408027833055,5.573189518957392,-0.055683362387596774
lattice_fperp_s,theta_scan_25_45,5.1159204326842165,2.5394378283672197,39.956255144945025,-0.16605999094239945,-0.26713169524563685,-0.36721889046443856,0.12368099754777337,-0.0012035066399331972,-0.022390295689038536,-0.02464771192318214,-0.08829304438529699,rohrwild_nonlocal_exact_post_borel,-0.31140993969501596,0.04426186457599937,20.2139846182618,0.6081576826645226,4.964884202391699,-0.055680188835780006
lattice_fperp_s,theta_scan_25_45,3.546760733396494,2.540567670073531,33.72798226403117,-0.17852395781140395,-0.2784109308437005,-0.46611952746584334,0.23377767932687182,-0.0019441578440356655,-0.0441249248606933,-0.017538952806576677,-0.04992670723632523,rohrwild_nonlocal_exact_post_borel,-0.33067519891263736,0.006112507668006251,22.999750084181382,0.011592466281315569,4.5600511742046,-0.05187098325669359
lattice_fperp_s,theta_scan_25_45,4.271122961535071,2.546398116197969,35.567549482056975,-0.15320834063493516,-0.2208804803709714,-0.42272678952178305,0.2278867303906018,-0.0011905804668566533,-0.024849840772933486,-0.01993736432319304,-0.05572526400181852,rohrwild_nonlocal_exact_post_borel,-0.26878640663264264,0.0038535514182467395,15.184625156773825,0.004609271918357952,6.5941265629819785,-0.058785829359285585
lattice_fperp_s,theta_scan_25_45,5.608373831789382,2.5229959111440565,30.097758666844825,-0.1527511003027953,-0.18303864400995212,-0.3659761153650159,0.2018834968131638,-0.0010314316800185933,-0.01791459377808151,-0.021207052735028913,-0.06373874794697437,rohrwild_nonlocal_exact_post_borel,-0.23496088090881728,-0.0403661775161977,11.56641969341803,0.5052233259372034,6.127052769675464,-0.06062612007569019
lattice_fperp_s,theta_scan_25_45,3.1267940626358,2.592466621469203,32.55261281171875,-0.1221432758308913,-0.24480306994253884,-0.39576422254044363,0.2189134193787722,-0.0026569951494985504,-0.06529527163136883,-0.010751042295249001,-0.04710855434947568,rohrwild_nonlocal_exact_post_borel,-0.2720660475200245,0.028767840913501028,15.54840467616021,0.25690137593322826,3.160008341980323,-0.05505316052068038
lattice_fperp_s,theta_scan_25_45,5.42021735594583,2.5990431886384404,25.574913427847626,-0.14325687361290756,-0.2725480368560045,-0.4386817213919023,0.19746799403171061,-0.0015866725388676266,-0.029747636956945225,-0.027780108301960923,-0.0865621348093514,rohrwild_nonlocal_exact_post_borel,-0.30768690429021894,-0.011564305413995779,19.904826325547056,0.04149291775164567,4.285378609444691,-0.05903146533705232
lattice_fperp_s,theta_scan_25_45,4.5028062631851755,2.5873371638483693,37.62323046951971,-0.1594759609970724,-0.2352180102241115,-0.44176146419095924,0.22748788855390883,-0.0009668752910094256,-0.019977559296051745,-0.020927670441510275,-0.061889047577809955,rohrwild_nonlocal_exact_post_borel,-0.28365729656170885,0.017280988890475496,16.94437582114289,0.09268262935171748,7.9431956651623254,-0.0585061532860081
lattice_fperp_s,theta_scan_25_45,5.699685604577905,2.519571546406359,44.189699490157096,-0.19089323187375068,-0.20439823207266938,-0.36961997954488346,0.18163473132601263,-0.0009018379072831122,-0.015511145946515446,-0.03225669200393057,-0.07163034457054307,rohrwild_nonlocal_exact_post_borel,-0.27962037088597375,0.005595662179656763,16.400969378755303,0.009717138978102714,6.128452184291451,-0.05303151838537433
lattice_fperp_s,theta_scan_25_45,3.2894478240467455,2.5662448081946883,28.61411725416262,-0.1625599563540198,-0.22976400418089601,-0.43842341075706487,0.2557172576996171,-0.0018876636083767521,-0.045170187515071486,-0.013748796143697794,-0.042772842471921604,rohrwild_nonlocal_exact_post_borel,-0.27955306966155463,-0.03266983730999601,16.4279562561416,0.3314294501354595,4.94843472036776,-0.05723212659706961
lattice_fperp_s,theta_scan_25_45,5.408245137477328,2.5549839521857742,39.54606632463001,-0.19912184319628515,-0.21585943427759088,-0.39837621437454085,0.20061909760232813,-0.0009496774761202848,-0.01715264002925792,-0.030623101767212436,-0.06821999459049388,rohrwild_nonlocal_exact_post_borel,-0.2932325594916846,-0.016108068117661606,18.114677197196833,0.08049134145913596,6.347878542110911,-0.053571634651520636
lattice_fperp_s,theta_scan_25_45,4.761883204623046,2.5375855012681146,36.17930416572336,-0.17128149330153716,-0.3155540968399482,-0.39941527061099896,0.11274472663878103,-0.001408745962015368,-0.027474806905714858,-0.024196283614091638,-0.09165094798599481,rohrwild_nonlocal_exact_post_borel,-0.3558168225004488,0.04802214911646513,26.48196676652,0.715288477277723,4.77893029706609,-0.0561188332342621
lattice_fperp_s,theta_scan_25_45,3.2611776575662725,2.5781548240076995,42.815919635533675,-0.14065350043976613,-0.23682465430468916,-0.4210547041027457,0.2364399057064474,-0.002090770647620494,-0.05011908526077039,-0.011575943033188851,-0.044107758356768986,rohrwild_nonlocal_exact_post_borel,-0.2693150750740629,0.057781609620593866,15.25749821852417,1.036564284616377,4.286524363747339,-0.056269594541110496
lattice_fperp_s,theta_scan_25_45,4.38150601624483,2.5119579052966174,28.684744833105423,-0.15832576065086423,-0.2236807159658882,-0.37771843132768135,0.1962074252680766,-0.0019929934681316326,-0.04017671643815186,-0.019820653241513497,-0.062224124892651354,rohrwild_nonlocal_exact_post_borel,-0.2722240469607766,-0.031530579394993236,15.613579234690642,0.308822339009231,3.361350303062159,-0.05487985517265416
lattice_fperp_s,theta_scan_25_45,5.25069476098891,2.5800798437583885,34.535132085644605,-0.2608336904008866,-0.33085566766709584,-0.4452345492438637,0.14959681346207443,-0.0017703387078882337,-0.033447593177418355,-0.030221838179169465,-0.09863818788961311,rohrwild_nonlocal_exact_post_borel,-0.4204214700821295,-0.02730337652317716,37.17892932759797,0.23143215727475241,3.7797982694662795,-0.055220915962304364
lattice_fperp_s,theta_scan_25_45,5.131517764795608,2.542152121670046,32.79283823439738,-0.22737381867701112,-0.22716972787346065,-0.37311990795252176,0.16589708774893724,-0.0010103972773490976,-0.01893651039252701,-0.03652861184584492,-0.07570621355498702,rohrwild_nonlocal_exact_post_borel,-0.3141130408566337,-0.06810239530051224,20.77982920380831,1.4392412635985787,5.274454908084538,-0.04994824075757602
lattice_fperp_s,theta_scan_25_45,4.479402411377377,2.577764837709498,29.389493658676386,-0.1903698505876046,-0.2411618680831706,-0.42533491159447084,0.2078576143474549,-0.0010857736998157118,-0.02259879713633888,-0.028609292347012,-0.06641826122179707,rohrwild_nonlocal_exact_post_borel,-0.30354811554015854,-0.0475212392739294,19.306995225931573,0.7011349851614992,6.597886541640106,-0.05735511106558998
lattice_fperp_s,theta_scan_25_45,4.704165886336787,2.5446247398465403,39.95189552893224,-0.1702789990317911,-0.2996986414898247,-0.399697331307954,0.13415231231330416,-0.0016535991315153155,-0.03250002336365964,-0.02431405502953229,-0.08531834666029278,rohrwild_nonlocal_exact_post_borel,-0.33908781324077497,0.06191662243456558,24.113185325064592,1.189333741517397,4.009591051451622,-0.05481138132499347
lattice_fperp_s,theta_scan_25_45,4.388627128616873,2.5448290710686705,42.64226290062824,-0.1520251799375856,-0.2320063248921774,-0.40664352358672085,0.20006854587659798,-0.0011992459956892227,-0.024232101186365356,-0.020686557524443715,-0.057789117686520966,rohrwild_nonlocal_exact_post_borel,-0.2736480043774683,0.04533607642109058,15.680341383681279,0.6378400856567613,5.944386625256326,-0.0540754751194821
lattice_fperp_s,theta_scan_25_45,3.1504261935302496,2.5694850864685845,35.98398118679974,-0.12691594447621526,-0.2898453561502483,-0.45555600242937944,0.23448059340059937,-0.0027187046960950355,-0.06605124242537322,-0.011038586337461995,-0.047831508209696304,rohrwild_nonlocal_exact_post_borel,-0.3091080519775855,0.0676032517470598,20.16391031273575,1.4182727399962543,3.687412490606137,-0.05654694100900014
lattice_fperp_s,theta_scan_25_45,4.637242720545561,2.5535791205733953,43.63028866107695,-0.20764808680290445,-0.24624905024626037,-0.42284849979392786,0.20767937007969314,-0.0014650997250257839,-0.029614820806999873,-0.029465059708478535,-0.07056510504505883,rohrwild_nonlocal_exact_post_borel,-0.3215144875677788,0.019615223274804083,21.760315815358922,0.11933244732783833,4.58334109446506,-0.05429532056551956
lattice_fperp_s,theta_scan_25_45,5.366619146061889,2.50429685953462,30.593114492110914,-0.19391214809601753,-0.22670520872986527,-0.41738298715719513,0.22186168119874977,-0.0016634423870255136,-0.02952046038439443,-0.027613168892977963,-0.06617190012158769,rohrwild_nonlocal_exact_post_borel,-0.29383782344886916,-0.05154130727188429,18.161134128357055,0.8246567788396597,4.045206867733119,-0.054907733626524215
lattice_fperp_s,theta_scan_25_45,4.316470112288966,2.5829598385057775,40.22996730188003,-0.14692904098907944,-0.23125447208133493,-0.3994714524620807,0.1984377838800252,-0.001370658658981084,-0.0288501448402983,-0.020418337600228105,-0.06373747392098657,rohrwild_nonlocal_exact_post_borel,-0.2714483157393867,0.03718313899925235,15.535550806035523,0.42909255936115104,5.024106728223689,-0.056054637670214194
lattice_fperp_s,theta_scan_25_45,5.20161315311784,2.5160949988387986,35.67949122448506,-0.187520538853484,-0.22520712141964983,-0.36213906052099215,0.16991852836149918,-0.0017196829271598868,-0.0312669063329969,-0.025502134929415436,-0.07388155494819003,rohrwild_nonlocal_exact_post_borel,-0.29230546868393126,-0.02096933493206654,17.78044533009698,0.13643324465755952,3.4690378202173293,-0.055586689985697144
lattice_fperp_s,theta_scan_25_45,5.482176439878778,2.540564681844615,37.08737923546332,-0.1755525832903881,-0.22130099670647949,-0.39116670290484834,0.19144098390632328,-0.0011393213232326056,-0.02043595638472179,-0.0263929867658335,-0.0738414743513907,rohrwild_nonlocal_exact_post_borel,-0.2823993942513956,-0.006589595560785144,16.62083417615093,0.013477034862369607,5.600406509524498,-0.05860837432321864
lattice_fperp_s,theta_scan_25_45,4.699326648232248,2.5723187608743796,42.732677758815825,-0.2230759130772222,-0.2936622720699393,-0.46700616518398835,0.1920633198023866,-0.0008844676635478111,-0.017834959024789678,-0.028447754955556986,-0.07660729673443555,rohrwild_nonlocal_exact_post_borel,-0.36707763722243447,0.035417527916417835,28.362202443880562,0.3893920296779912,8.664431193537531,-0.05692025848288825
lattice_fperp_s,theta_scan_25_45,4.590591835488972,2.5174293449404206,25.2064247189891,-0.12592694800013965,-0.17756893263591758,-0.34597573714665397,0.1924511811797922,-0.001160402819852452,-0.022883973849203352,-0.018100557811430107,-0.05750299906207555,rohrwild_nonlocal_exact_post_borel,-0.21429055810409292,-0.0383129061482589,9.652409491088846,0.45568237288066205,5.395284458521428,-0.0579230597789198
lattice_fperp_s,theta_scan_25_45,3.2397378026792176,2.5304831182921226,42.89233491324241,-0.1134126295602,-0.3360494378556999,-0.4616949761999637,0.174759273773864,-0.0020000708267014777,-0.0471136646028987,-0.011832428295969394,-0.05504514243070581,rohrwild_nonlocal_exact_post_borel,-0.32339245890845814,0.145632986469523,21.954525282280485,6.581743441426636,4.831889894472266,-0.05296564221193296
lattice_fperp_s,theta_scan_25_45,3.956026485496996,2.552614093940845,35.01841606781356,-0.18253832153564395,-0.2441218599613186,-0.43985643057353263,0.2206276332462476,-0.0010956422188295562,-0.02379742041520401,-0.022241962291794166,-0.054147210283603184,rohrwild_nonlocal_exact_post_borel,-0.3046756396839022,-0.00940616410811529,19.622874787145626,0.027463736521046146,7.144146054790047,-0.05347035465121323
lattice_fperp_s,theta_scan_25_45,3.442920537061312,2.540380152244292,29.209024301290896,-0.13909614846219293,-0.3371137213286749,-0.4739873816591406,0.1875809374969224,-0.002114623499626858,-0.048592653666829834,-0.01379890716024296,-0.056665523688188585,rohrwild_nonlocal_exact_post_borel,-0.3621266253770043,0.043101123165721386,27.543457542466783,0.576545470878746,4.654323682192114,-0.055138544651316554
lattice_fperp_s,theta_scan_25_45,3.621777706329204,2.540441046285942,29.644488987000745,-0.18360424465255515,-0.21672586552764472,-0.3833685327276755,0.20106769016221318,-0.0014542408858384515,-0.032970782076343956,-0.01883333792906501,-0.05090865174672195,rohrwild_nonlocal_exact_post_borel,-0.27917261769562496,-0.052376225256450845,16.34944247076759,0.8509371391558296,5.0516452380510986,-0.05431435791891381
lattice_fperp_s,theta_scan_25_45,3.1948232965727597,2.517660542261588,28.08089386450192,-0.1264179078736863,-0.265720951240495,-0.4330349489233871,0.222039753443886,-0.0022206262828104663,-0.05250512947818334,-0.008908331669383809,-0.04565411290552921,rohrwild_nonlocal_exact_post_borel,-0.2939484590436549,0.013543071482277513,18.139867795851345,0.056922107242865255,4.504335288456303,-0.05773629201377845
lattice_fperp_s,theta_scan_25_45,4.607398046001226,2.5821786626739613,26.34139940045855,-0.20832429265959787,-0.2760176131347036,-0.4203042173134895,0.1673604764210786,-0.001082233832808204,-0.02199163840948458,-0.0277385906694211,-0.07511309458736526,rohrwild_nonlocal_exact_post_borel,-0.33979502761966235,-0.06421894485004855,24.278844047341227,1.2807410204225198,6.496195009223264,-0.0566619369842291
lattice_fperp_s,theta_scan_25_45,3.69749306237481,2.548119702552288,32.878161633254074,-0.168879741661024,-0.2962278474962988,-0.41725890926165177,0.16526557333127218,-0.0018979400552301387,-0.04233657151068907,-0.018383309568535924,-0.061813355905094264,rohrwild_nonlocal_exact_post_borel,-0.3404572045152454,0.01897884794841509,24.343482481492803,0.11172335802759231,4.144144271091297,-0.0531009668194948
lattice_fperp_s,theta_scan_25_45,3.5039364976780467,2.5242459942961264,31.987279002908572,-0.11528419424311986,-0.20705021268381027,-0.41314241053268946,0.2580998347462573,-0.0022147204037694327,-0.04979291649360874,-0.00990677565093082,-0.03969198195203104,rohrwild_nonlocal_exact_post_borel,-0.2366825021559169,0.01190080618743311,11.767290346290691,0.04393313892496292,3.8865098944104237,-0.054450196756449354
lattice_fperp_s,theta_scan_25_45,3.4003738608907286,2.517038466794775,32.33958067632923,-0.0888984102244757,-0.18740483971964902,-0.40024083824432866,0.25596330397470135,-0.0017983748345344493,-0.04132893061548718,-0.00853649067415936,-0.037941873390346464,rohrwild_nonlocal_exact_post_borel,-0.20589191480898172,0.02514002201823845,8.931899756528763,0.19615457128423677,4.985920981375374,-0.05861963877682444
lattice_fperp_s,theta_scan_25_45,4.88185214435648,2.5602764510147513,44.35640459438209,-0.22677206674963715,-0.2674782730849255,-0.3905381529749978,0.15182719130907707,-0.0014060046856641307,-0.027361306733340602,-0.0285727773130416,-0.08336204342192297,rohrwild_nonlocal_exact_post_borel,-0.3497890341583922,0.02485615442772654,25.796644506247244,0.19164456728837698,4.235891826468012,-0.052540288381032245
lattice_fperp_s,theta_scan_25_45,5.9753144584964115,2.5372392263722716,43.212827678859014,-0.16525647109624622,-0.312307917293768,-0.42342705570868916,0.13951335290678887,-0.0015890083510935228,-0.026805206140774186,-0.03426314992962797,-0.10013728683499097,rohrwild_nonlocal_exact_post_borel,-0.34076761071278067,0.0933989932100892,24.3874646442454,2.7054415704721744,3.862181286741194,-0.053552925285062565
lattice_fperp_s,theta_scan_25_45,5.913200197503531,2.527963511394145,29.252940505589702,-0.17141419615256004,-0.23511624807945644,-0.40814109945417854,0.19606023543057924,-0.001286395858858477,-0.02174898819699867,-0.03264160802946258,-0.07799114882116219,rohrwild_nonlocal_exact_post_borel,-0.2888963841952013,-0.03466058211466573,17.5725898923927,0.3727273146768815,4.62771368091009,-0.05325470319131476
lattice_fperp_s,theta_scan_25_45,5.572138386543961,2.5788436639342716,42.87638848496457,-0.2410597281228632,-0.20479911062732498,-0.3999870377630563,0.2144237927887706,-0.0009998388838883864,-0.018236026769150947,-0.037034695481037536,-0.06991290204095826,rohrwild_nonlocal_exact_post_borel,-0.31410317509401964,-0.0373050081392253,20.79572445564338,0.4318610379762221,6.007158944642417,-0.05696591683605431
lattice_fperp_s,theta_scan_25_45,4.423504781959641,2.5607576681398765,41.29672104712234,-0.17906175382672393,-0.2506856827866986,-0.4138899242322065,0.20739677230545908,-0.002064765279586225,-0.042127765580365024,-0.022508782765917362,-0.06402043561142008,rohrwild_nonlocal_exact_post_borel,-0.3065139880473497,0.03091275414848596,19.760683109129996,0.29654625168061305,3.3700380159997927,-0.053614806221159717
lattice_fperp_s,theta_scan_25_45,5.995474115178952,2.563180314179891,32.295372522158004,-0.24814503294641024,-0.22561260796652668,-0.39098253532287147,0.18509139938257319,-0.0010809929394676014,-0.01864047908676076,-0.03826314648722269,-0.0836306675524943,rohrwild_nonlocal_exact_post_borel,-0.32329140341933604,-0.08921700916635143,21.935605792248204,2.4708925171264857,5.006952600440915,-0.05357223174133985
lattice_fperp_s,theta_scan_25_45,4.169630347980079,2.5976736986275517,28.86310868823871,-0.21987826602102864,-0.32365588367727277,-0.48025839189087577,0.18624535403044615,-0.0013071210170824549,-0.028335724799760684,-0.024647207345548754,-0.07302744205527402,rohrwild_nonlocal_exact_post_borel,-0.38958922678540236,-0.03632928956204484,31.910738688169367,0.40956671820109347,6.316678866888606,-0.05603617403605934
lattice_fperp_s,theta_scan_25_45,4.961842861979241,2.5502056587228172,26.406968341936942,-0.2197778880096518,-0.30741060052273983,-0.3908541755684542,0.10881292048446083,-0.0012486437808161522,-0.024120701657930312,-0.03054701161297473,-0.09926068994593322,rohrwild_nonlocal_exact_post_borel,-0.3730795861253923,-0.0601266977992351,29.252647347015294,1.1216155034784552,4.754989496033841,-0.05319006247516077
lattice_fperp_s,theta_scan_25_45,5.9635222479864805,2.561703193033573,30.80058335129164,-0.18270802176709774,-0.18551299222339918,-0.32721831805750845,0.1589544355239253,-0.0009477682209264997,-0.01630134146888954,-0.03279289673837503,-0.08041481763321254,rohrwild_nonlocal_exact_post_borel,-0.2529031902869167,-0.06194568463117378,13.476448280492194,1.1906443737352543,5.054852951798406,-0.05581077213707602
lattice_fperp_s,theta_scan_25_45,4.545187651845236,2.5266388026849773,28.03613306707795,-0.16571379792949578,-0.24696537096080748,-0.4419406986601822,0.2345849777588604,-0.0018906576680398491,-0.0377189923914458,-0.02422821609243796,-0.062394526860619026,rohrwild_nonlocal_exact_post_borel,-0.2958744913638166,-0.030186795759566884,18.29181546981979,0.28298270792330427,3.8556399758009174,-0.053147123244289565
lattice_fperp_s,theta_scan_25_45,3.4541324119814556,2.5135675358507608,41.9783274878794,-0.11997764345433606,-0.20795635031599755,-0.3969520044235887,0.2254652334141211,-0.0015337739711819265,-0.034935805335348,-0.012066796387529354,-0.04311002209889894,rohrwild_nonlocal_exact_post_borel,-0.2348412909243753,0.049900367158755426,11.601969805103765,0.773084998633176,5.415189301743717,-0.05522703133548246
lattice_fperp_s,theta_scan_25_45,4.781932024731524,2.524441129636861,37.92065830601566,-0.25506294694879944,-0.22649755368592198,-0.41035160036416807,0.21997046688898383,-0.0017829400281222031,-0.034333480182615575,-0.026334937709017767,-0.06204109523003773,rohrwild_nonlocal_exact_post_borel,-0.3354293885076708,-0.06201108011705053,23.59367836814936,1.1931160968952799,3.780063983909862,-0.05368802574885375
lattice_fperp_s,theta_scan_25_45,5.930782077146339,2.508406678693513,25.056236116651274,-0.17533373164023996,-0.2295635225541074,-0.33608564354527565,0.12660654014247855,-0.001142210492127721,-0.01894220865918255,-0.027337618309407133,-0.08918417398529113,rohrwild_nonlocal_exact_post_borel,-0.28221505306815803,-0.06161162357931023,16.781220047724293,1.1786417254099228,4.601306391036576,-0.05538022629257162
lattice_fperp_s,theta_scan_25_45,4.904310301875964,2.541773131145217,35.93818950608652,-0.15437787079871462,-0.2233207872527103,-0.3727041534184499,0.17348578487364452,-0.0011947302549371794,-0.022907688452967697,-0.025073340875218723,-0.07152550025475014,rohrwild_nonlocal_exact_post_borel,-0.2714180621904677,0.006077542948127235,15.433814412372366,0.011463574477850855,5.040441752667108,-0.05459048817812658
lattice_fperp_s,theta_scan_25_45,5.100873005394853,2.5211938865277443,32.11429267940484,-0.16946511311557125,-0.22834127408043106,-0.38335639665750026,0.18179577220657783,-0.0013815269613486096,-0.02539912266815998,-0.02528076423074011,-0.06974987544870095,rohrwild_nonlocal_exact_post_borel,-0.2834919526191506,-0.022146665937092344,16.87335565890727,0.15228412658216955,4.487876898898226,-0.05388745889590947
lattice_fperp_s,theta_scan_25_45,3.847376172026595,2.57104900530063,37.249832440707465,-0.17952814175349985,-0.2253050764685068,-0.3984733227228914,0.20868521193641218,-0.0015302798476421456,-0.03398668583438544,-0.017932842984197943,-0.05454969758501434,rohrwild_nonlocal_exact_post_borel,-0.288010577843154,-0.006529794361003982,17.462346875642044,0.013223438948371294,4.835995646345379,-0.05556467714437135
lattice_fperp_s,theta_scan_25_45,3.0303371308774665,2.5018097242402857,25.374017357817504,-0.13522138675246706,-0.22866971401696895,-0.39504775962497884,0.21498465397662403,-0.0019435662019825595,-0.046663042166631606,-0.00988162340644219,-0.039447733407384486,rohrwild_nonlocal_exact_post_borel,-0.2645556860305787,-0.02418575061379097,14.79153833033664,0.18144181795418737,4.702163917686017,-0.05461924100289669
lattice_fperp_s,theta_scan_25_45,5.7911258744294845,2.5834685688738217,33.84692394199014,-0.22383759710429185,-0.22630437178157783,-0.37662506341291224,0.16607433225603238,-0.0008374984124219305,-0.01491614221227604,-0.035845708748740907,-0.0864091245399167,rohrwild_nonlocal_exact_post_borel,-0.3126244188407813,-0.059857424847228696,20.53376156101093,1.1120374348786668,6.333683264801515,-0.05444083619550436
lattice_fperp_s,theta_scan_25_45,4.603068684672341,2.5616058205981616,27.666524295555806,-0.15848993723238367,-0.2229145962801381,-0.3898413409496599,0.19976197545925461,-0.0015557740730911315,-0.03127945671664176,-0.024709220422907942,-0.06494308608404475,rohrwild_nonlocal_exact_post_borel,-0.27101845718654394,-0.03686425508385198,15.451164822172002,0.4216636876514024,4.173543026917745,-0.05537632167994233
lattice_fperp_s,theta_scan_25_45,4.010742765612571,2.571416946205709,32.1811635735766,-0.2260881156951657,-0.219086871954397,-0.39057680665591404,0.20408390575076799,-0.0014243259067403683,-0.031169645142510576,-0.025647106412099937,-0.057199894160569906,rohrwild_nonlocal_exact_post_borel,-0.30584227565427163,-0.07466857400519646,19.73704790105836,1.7309487069347862,4.730580202842681,-0.05381187087600813
lattice_fperp_s,theta_scan_25_45,3.4376087344971062,2.5322478711206986,41.13525459955205,-0.16117910788174578,-0.3098553579164274,-0.42365780754923865,0.14945655426635943,-0.001480709740616941,-0.034173394892931204,-0.016793162462359214,-0.060964730391440354,rohrwild_nonlocal_exact_post_borel,-0.339400147614133,0.08244141827126389,24.333226862533536,2.1081211411657597,5.626074201983949,-0.05290699380013566
lattice_fperp_s,theta_scan_25_45,5.482951543969751,2.5994861857794973,31.66173138538091,-0.22457570406529312,-0.22496280153435144,-0.41197467559920803,0.2135267975247001,-0.0013607666737498257,-0.025154156786093715,-0.034733647408093496,-0.07378295265907078,rohrwild_nonlocal_exact_post_borel,-0.3093602836295864,-0.07306657131156465,20.19429640168565,1.6565002943466125,4.364737755067405,-0.054441395110253546
lattice_fperp_s,theta_scan_25_45,3.108325335108253,2.5059566100395507,39.776584620856966,-0.09948974809156845,-0.22937137354148077,-0.41753752783420456,0.24061612202905847,-0.0021389279403295183,-0.05031103979600514,-0.008674767090691777,-0.03600557303283402,rohrwild_nonlocal_exact_post_borel,-0.23993534503193134,0.07028845694733468,12.095887203148399,1.5331823636447488,4.488139551559428,-0.05374535805562802
lattice_fperp_s,theta_scan_25_45,4.621566715161112,2.5161793388790454,27.919374773326965,-0.16250610207396618,-0.23185953043777716,-0.4303885589331205,0.2240227811877522,-0.0012279437815612912,-0.02426580891084757,-0.023664503902480205,-0.06204476322004364,rohrwild_nonlocal_exact_post_borel,-0.28096279518265166,-0.035028314108049005,16.67000311678503,0.3807734007901061,6.031793054474066,-0.05613497233279422
lattice_fperp_s,theta_scan_25_45,4.3098941581491115,2.549356273965425,26.93952348979275,-0.1707698866287578,-0.25075927099435286,-0.3953475443567469,0.17585672725319215,-0.0014464398224210912,-0.029822014068377006,-0.0217192429644287,-0.0660963578071642,rohrwild_nonlocal_exact_post_borel,-0.3009154432158463,-0.03863239835978166,18.92284446837306,0.4634657985053327,4.643947900093938,-0.05307039026421581
lattice_fperp_s,theta_scan_25_45,3.2975013732231586,2.5403413668925405,38.98415100309131,-0.12419078960427503,-0.202571610983395,-0.4040373202414087,0.22640139647586452,-0.001019261778054311,-0.023916425439796465,-0.011555101495075541,-0.038437110741351685,rohrwild_nonlocal_exact_post_borel,-0.2355920629484499,0.030902907219788403,11.676389540362505,0.29637226822330043,8.87570861270852,-0.057823131680579495
lattice_fperp_s,theta_scan_25_45,5.324214259600462,2.5843863405191505,29.192544137393913,-0.2897546006124216,-0.2430110712636518,-0.42316301024549186,0.20257441614729008,-0.0011384753185192493,-0.021284001846930762,-0.03633434064803842,-0.07564716602277664,rohrwild_nonlocal_exact_post_borel,-0.35347182031524915,-0.13442388766806224,26.272533462851904,5.607695257700074,5.219689323669622,-0.05169585861862795
lattice_fperp_s,theta_scan_25_45,4.601747529152027,2.526269490480988,27.945915843985393,-0.14618525305800564,-0.24362730642219702,-0.37578488428844975,0.15630988318276984,-0.0011676236273875091,-0.022984681689129642,-0.02476220511480827,-0.0709440648038884,rohrwild_nonlocal_exact_post_borel,-0.28372596259861527,-0.014965653799864767,16.964236411299403,0.06948404948620503,5.355395264206317,-0.053225430909382296
lattice_fperp_s,theta_scan_25_45,3.847368240579138,2.593674824613305,25.260038212733832,-0.2525101686864766,-0.2775134971816742,-0.46719104461341954,0.23982685853927863,-0.0021428649200083134,-0.048006446187524865,-0.021476787499766708,-0.05698616782898737,rohrwild_nonlocal_exact_post_borel,-0.3587307223777827,-0.10994269066377327,27.10606182043773,3.751986536361298,3.8506788475103626,-0.05357204653884355
lattice_fperp_s,theta_scan_25_45,5.6918600901035745,2.5728858173912603,27.96361628716018,-0.20103940188378713,-0.2599711432268054,-0.4110797496253921,0.17581777347486982,-0.0013137785678457438,-0.02339538850843734,-0.037276059457630066,-0.08664639602870021,rohrwild_nonlocal_exact_post_borel,-0.3238878951816604,-0.05566388214306299,21.927477201430282,0.9621404493747917,4.306264228830911,-0.051723451178517406
lattice_fperp_s,theta_scan_25_45,3.523231013843442,2.506081556713381,28.15114878180048,-0.18786531157104153,-0.25501955805079096,-0.39413604069172586,0.173785115492994,-0.001489757257229355,-0.033178875594829724,-0.013582485043809957,-0.050346100766008144,rohrwild_nonlocal_exact_post_borel,-0.3134869836086892,-0.045323960418642575,20.771280808883734,0.637463663941674,5.515887119915034,-0.05399992418610483
lattice_fperp_s,theta_scan_25_45,4.700666206644858,2.590985924368509,30.278857540667072,-0.20623029459947503,-0.2536603448100207,-0.4303908317594099,0.20088069247281773,-0.0011380418317088756,-0.023012163691719708,-0.03422028466118643,-0.06999273233009227,rohrwild_nonlocal_exact_post_borel,-0.3230395918988993,-0.050198874544330585,21.96456282828902,0.7823510028537884,5.652379787045367,-0.05189468292149389
lattice_fperp_s,theta_scan_25_45,3.1579685742130135,2.520671856450774,31.061341985006564,-0.157299528391037,-0.28544393188672307,-0.44287054429849193,0.20184494118930493,-0.0018003808870579246,-0.04261794789047808,-0.010628902087354954,-0.04600019667164171,rohrwild_nonlocal_exact_post_borel,-0.32567522142703115,0.012531162414121111,22.179969464813418,0.04870258792618514,5.4130220087425664,-0.05386052890105505
lattice_fperp_s,theta_scan_25_45,5.162390049667859,2.5631485416773203,33.84184208249312,-0.17107171827072415,-0.21729456702544647,-0.3709200526111259,0.17748274432840846,-0.0012038261712693484,-0.022653432571459655,-0.029438994747432896,-0.07435082693474918,rohrwild_nonlocal_exact_post_borel,-0.2757503226268929,-0.021076556218669287,16.034675639072766,0.13791840813918113,4.635490278969647,-0.05331876694928144
lattice_fperp_s,theta_scan_25_45,5.033051252964675,2.568943542412007,31.08895679233442,-0.17677902928855493,-0.2503887100036657,-0.40801151243401973,0.18981889503035546,-0.0015946403993456289,-0.03060145220065582,-0.024136503915923105,-0.07740329916293309,rohrwild_nonlocal_exact_post_borel,-0.3057076183091288,-0.022094872736985433,19.60679256842083,0.15142775633829936,4.058117168481652,-0.05580035546299107
lattice_fperp_s,theta_scan_25_45,4.941243828279858,2.559304679564399,31.97796733225657,-0.18938773494870376,-0.2540392498605305,-0.4273094676159734,0.1978786275864791,-0.0012024573728389393,-0.02340595245819723,-0.03070945708111607,-0.07417692544868451,rohrwild_nonlocal_exact_post_borel,-0.3157876938890456,-0.026111051433060695,20.978294934843948,0.2115639293942849,5.724667209957158,-0.05684722416874702
lattice_fperp_s,theta_scan_25_45,3.5415032818925836,2.5212647035942064,25.235359522645,-0.13399408666320137,-0.3446694896063832,-0.3963024115826033,0.08545148955544721,-0.0014387336071406845,-0.03237983397208637,-0.014561590427200604,-0.07178284880741236,rohrwild_nonlocal_exact_post_borel,-0.3689023711303211,0.02573932595576385,28.548037854439826,0.2055781739958169,5.585828566340242,-0.05435076861139647
lattice_fperp_s,theta_scan_25_45,3.2811928927877627,2.523250558021606,37.910365405725685,-0.10483964858994846,-0.21555980288556306,-0.4320644399353881,0.2580109049589141,-0.0017125250160231666,-0.03979374289306585,-0.008290268028007246,-0.03661407403290484,rohrwild_nonlocal_exact_post_borel,-0.23448726140167975,0.049730320498333674,11.512174072886278,0.7675552393878231,5.880051326723075,-0.058406842051965675
lattice_fperp_s,theta_scan_25_45,3.3838346988192787,2.533454133459379,43.94781879570152,-0.13422356690587703,-0.15917029052341553,-0.37854400737967103,0.25833345691779597,-0.001611473216612544,-0.037348266844927897,-0.013117932381334884,-0.033453651278783275,rohrwild_nonlocal_exact_post_borel,-0.20774972852558904,0.013827421877884799,9.0214797041412,0.059313116757436946,5.0076984834244245,-0.05615909590523582
lattice_fperp_s,theta_scan_25_45,5.287232363103385,2.5750450263376496,39.52892749277708,-0.165407461705627,-0.28765485243487376,-0.40476384449121927,0.14260783570190896,-0.0013050908541900504,-0.024193752791373334,-0.027694054949194573,-0.0896066658683695,rohrwild_nonlocal_exact_post_borel,-0.327145658521125,0.055503699228132086,22.586099579263507,0.9562531577084171,4.851157353992164,-0.055907392270532
lattice_fperp_s,theta_scan_25_45,3.1694899934207714,2.583823928319661,27.926376568338835,-0.1914418252282142,-0.24907865048736647,-0.4569316860457388,0.24710335711044776,-0.001548808350968395,-0.03770151320110701,-0.014421660602961104,-0.04156329594832494,rohrwild_nonlocal_exact_post_borel,-0.3097326878880818,-0.052495796297817074,20.137167594787783,0.8553066333381508,6.112415355381551,-0.05391946123697073
lattice_fperp_s,theta_scan_25_45,3.8668752825463475,2.566667023835754,41.51504232142233,-0.1560118702769605,-0.28731268067127774,-0.4813777239698152,0.2411334247009908,-0.0020568282792339703,-0.04501155312321942,-0.017887160136144005,-0.05371697980330069,rohrwild_nonlocal_exact_post_borel,-0.3185417526194506,0.07361679142668136,21.54914321426922,1.6816600903776182,4.390827242379064,-0.0545442843970148
lattice_fperp_s,theta_scan_25_45,3.6426971407996773,2.504168893258737,42.37998440526473,-0.16881134822658325,-0.24320193876517496,-0.41776911707287034,0.2175832918240403,-0.001869725656277203,-0.041146387860067746,-0.016964152984495332,-0.04860660441246289,rohrwild_nonlocal_exact_post_borel,-0.2934373879531634,0.03922949987498378,18.038373462926383,0.4773838766548095,4.276765231174175,-0.051454532014241494
lattice_fperp_s,theta_scan_25_45,3.79099101493247,2.5212104345967776,30.98012715578247,-0.13296269570703728,-0.2441643026423654,-0.4516419175267726,0.24815402129874736,-0.0017867026155873947,-0.038889703798752805,-0.01521526921935155,-0.04834126600337417,rohrwild_nonlocal_exact_post_borel,-0.27777457711454007,0.011686292968826256,16.250571217340024,0.04236644449746111,4.957935241039323,-0.05514242382158748
lattice_fperp_s,theta_scan_25_45,4.36173527793596,2.5145681546865903,33.656702383660615,-0.13965921385539085,-0.25537388977321435,-0.4548553990274089,0.25107974002948846,-0.0024491340734816847,-0.04914909670181223,-0.01796858116226941,-0.05656734780727539,rohrwild_nonlocal_exact_post_borel,-0.2899676860880285,0.025283603725778606,17.690341103836452,0.19844542858499445,3.355292217891312,-0.05475029997094484
lattice_fperp_s,theta_scan_25_45,5.02651308473686,2.578525031786268,29.601468098387297,-0.19228620072580715,-0.21663961358889558,-0.37898383500506466,0.1835067624399776,-0.001035981694551558,-0.020126559329256957,-0.03130872208226882,-0.07326992275147828,rohrwild_nonlocal_exact_post_borel,-0.2833467924739393,-0.06017724121494579,16.83158745593708,1.1237963936087434,5.724479012322055,-0.05647244195484307
lattice_fperp_s,theta_scan_25_45,4.278369849481482,2.5140565108596076,36.49591386715084,-0.13896494092015838,-0.23065426595928495,-0.3871803417933691,0.18896394986286036,-0.0015316909679691459,-0.030906183060807127,-0.017589367218249788,-0.05705128001458957,rohrwild_nonlocal_exact_post_borel,-0.26807434475111247,0.025471374058369384,15.114800469529525,0.20118811676827464,4.755551996807726,-0.05554014715089819
lattice_fperp_s,theta_scan_25_45,5.133840257304154,2.5713917101474384,41.47303044059265,-0.24924044690001312,-0.2571667715231291,-0.4183303217831368,0.18464158168500738,-0.0011668992979655287,-0.02231113212703418,-0.03737054536491503,-0.07982673048112951,rohrwild_nonlocal_exact_post_borel,-0.357750545413976,-0.01643459773010225,26.870814842988374,0.0838234379783542,5.1083763957560455,-0.05171554515047876
lattice_fperp_s,theta_scan_25_45,5.529147944701625,2.5688234301013564,38.45071629037747,-0.22853200592592995,-0.2461371639532908,-0.40323205124988454,0.18152873738962028,-0.0012827544322371843,-0.023151095660789364,-0.03516326837372103,-0.08005491167375944,rohrwild_nonlocal_exact_post_borel,-0.3348713035370723,-0.02591507821482386,23.62312818878855,0.20822931158815453,4.541161808612293,-0.052993655071233804
lattice_fperp_s,theta_scan_25_45,3.1137155151714397,2.5478601746604475,43.10900655347953,-0.14409062558470578,-0.24800848602958805,-0.4368072315023681,0.23696075757478213,-0.0019192335307843048,-0.04624277857121784,-0.009608583472767208,-0.040586688898059955,rohrwild_nonlocal_exact_post_borel,-0.2795296833969838,0.06429209612434666,16.416451174456185,1.282708497313988,5.123932356866316,-0.05570863517207872
lattice_fperp_s,theta_scan_25_45,5.5093808637527095,2.523001979028804,36.47934925045413,-0.15214253309557396,-0.22250724827568102,-0.371321323233267,0.16907872591885378,-0.001087223747019961,-0.019177427214247852,-0.022965968718019425,-0.0774269230418196,rohrwild_nonlocal_exact_post_borel,-0.26936542890701554,0.009954477469608689,15.218925472438317,0.03075912912856619,5.511010664976285,-0.056470432983456775
lattice_fperp_s,theta_scan_25_45,5.243801585560082,2.597520518716998,39.36858113209816,-0.2011414591104879,-0.278233074994135,-0.46667315969527995,0.21487450140748693,-0.0013127189889679998,-0.025121697717373954,-0.032134545417323496,-0.08030959234615878,rohrwild_nonlocal_exact_post_borel,-0.34268221952784483,0.02098635302423918,24.792690246870652,0.13668816445302254,5.488834011464621,-0.05797857297986301
lattice_fperp_s,theta_scan_25_45,4.889599735673502,2.557678848893576,32.15370953810476,-0.21640475689446909,-0.27583588157537925,-0.4081294214180885,0.15930655894381937,-0.0013264998865973893,-0.025686519214512683,-0.030039827681852118,-0.08018127050374334,rohrwild_nonlocal_exact_post_borel,-0.34869809185116374,-0.03641556137667387,25.63524051159816,0.4116606429776225,4.7846205390576095,-0.05319984913175629
lattice_fperp_s,theta_scan_25_45,5.83855846141383,2.577356657439849,36.166629726066866,-0.18193616236740448,-0.2447232860795451,-0.40897285002323847,0.19384628228373343,-0.0015987249957458225,-0.027997993344294272,-0.03142313829956969,-0.08231628494043955,rohrwild_nonlocal_exact_post_borel,-0.30493312814732526,-0.002457902527839978,19.57408075465732,0.0018754999098254059,3.8488565103686305,-0.057075123762381254
lattice_fperp_s,theta_scan_25_45,3.566913685316198,2.58541820492872,27.812947374513556,-0.1169328391074795,-0.2648589203817963,-0.43605655459727205,0.2043244999932665,-0.0013714161000328415,-0.03175544967775785,-0.013325813812088983,-0.0542674473233276,rohrwild_nonlocal_exact_post_borel,-0.28882052884224096,0.02015536372370018,17.58229620433735,0.12608857303615625,6.531491131643375,-0.05878633470051175
lattice_fperp_s,theta_scan_25_45,5.427247016932946,2.552599924649234,38.96567062034269,-0.18105676584901473,-0.23729465544274303,-0.37436761165042076,0.15886962636045285,-0.001132941814472285,-0.02066372833830288,-0.028845761763617184,-0.08517754516593942,rohrwild_nonlocal_exact_post_borel,-0.2983604131429859,0.00844806667479922,18.60945804723126,0.022152886162601124,4.946808910344363,-0.054338959248551325
lattice_fperp_s,theta_scan_25_45,5.9878359064742614,2.5585941882288257,35.6821922206059,-0.22212059133137702,-0.2359204742523194,-0.3943280236089342,0.17913669511987923,-0.001127250667121325,-0.019601895096143056,-0.03996063009729235,-0.08894878833601215,rohrwild_nonlocal_exact_post_borel,-0.32119035940181684,-0.04281098331236566,21.66402189266634,0.5687263327805322,4.941759570360034,-0.05558711841316122
lattice_fperp_s,theta_scan_25_45,5.704911850332902,2.5485285662949875,26.996335601735137,-0.22663811759939909,-0.2771330603200362,-0.3750356399091753,0.11573190198288351,-0.0009597110925990737,-0.01686961130114534,-0.03765012514097999,-0.10014617878360361,rohrwild_nonlocal_exact_post_borel,-0.34981404803342114,-0.0761426376599812,25.66692588522637,1.7980670584772824,5.446549691440145,-0.051492808364910096
lattice_fperp_s,theta_scan_25_45,5.97527910878672,2.549950986320962,37.23563400268002,-0.2174813068854964,-0.23127790965322553,-0.41059567154210624,0.20432356203431531,-0.0013814085339264907,-0.02362439161150811,-0.03719305219262582,-0.07877969091564152,rohrwild_nonlocal_exact_post_borel,-0.3157294914520826,-0.033203592661010195,20.848078136907432,0.3419082754849254,4.259396279193185,-0.054337837960236626
lattice_fperp_s,theta_scan_25_45,3.6857643932201514,2.5135786338129824,37.15053054851275,-0.17155990391202197,-0.20882171945285186,-0.3793631138809342,0.20145966934733567,-0.0013359989612230464,-0.029582275958030292,-0.018155391126503995,-0.048930320206480464,rohrwild_nonlocal_exact_post_borel,-0.27004863377708144,-0.010632334676802191,15.313489195913236,0.0350470814081957,5.459602225753753,-0.05358436299006968
lattice_fperp_s,theta_scan_25_45,5.522573784126515,2.5422546374669106,27.38632437051731,-0.20067109071649697,-0.22542602171226667,-0.38382494306352566,0.1802664126055044,-0.0011608064873395569,-0.02070668476690587,-0.03087475322630837,-0.07736983869517429,rohrwild_nonlocal_exact_post_borel,-0.2924677123022065,-0.07448768472090993,18.024215685796552,1.7226924410067836,4.849553918122954,-0.05267700262441773
lattice_fperp_s,theta_scan_25_45,4.165952546765137,2.579696745825542,31.542520676105312,-0.13747023102538802,-0.25006904263644,-0.45693691140794185,0.2495598192837606,-0.0019121199293914402,-0.04077983058286728,-0.0172369625500917,-0.05626868995374067,rohrwild_nonlocal_exact_post_borel,-0.2850368493576158,0.013659612423602085,17.18934716460975,0.057915324041602566,4.448145599821482,-0.058539964358281585
lattice_fperp_s,theta_scan_25_45,3.5537369105719137,2.540890305998566,27.37307715167594,-0.23688818326717545,-0.26251598079722993,-0.4128304288477158,0.19014377999356905,-0.001660984144544538,-0.03816834779853858,-0.02248010414364822,-0.05638494667738043,rohrwild_nonlocal_exact_post_borel,-0.3420395229319214,-0.08966390744362009,24.58241618037571,2.4939766967859653,4.67132146777739,-0.05297961620793851
lattice_fperp_s,theta_scan_25_45,5.720268719320432,2.599441192184558,42.02038888335221,-0.21659089269649462,-0.24153404314973212,-0.405873536071203,0.18972532926507846,-0.0013312600897828818,-0.02405457625382471,-0.03584616780531764,-0.08469506008440349,rohrwild_nonlocal_exact_post_borel,-0.3244221145075974,0.0007748662726348443,22.065917953294583,0.00018635936723889281,4.297382888696165,-0.054782987345553494
lattice_fperp_s,theta_scan_25_45,3.050664954283018,2.596623444418273,35.58751925118171,-0.15923924538079356,-0.262049223428913,-0.42275039957122995,0.21103042165073527,-0.001949156616246936,-0.04838008889217135,-0.012594559222812034,-0.044695763025918586,rohrwild_nonlocal_exact_post_borel,-0.3057742629922434,0.02300071435176132,19.606783084049372,0.16408171017903717,4.708838630644486,-0.05504898619389968
lattice_fperp_s,theta_scan_25_45,4.915758049140367,2.5823015360927095,38.246710914673166,-0.22557234036560625,-0.24178172798695793,-0.42065761456644435,0.1983368919519236,-0.0009473510430971996,-0.018513654329339952,-0.0299291352564958,-0.06987669910491871,rohrwild_nonlocal_exact_post_borel,-0.32952417871345563,-0.027479089679222912,22.812080711249838,0.23432847551103797,6.9538486237149195,-0.054871135225067355
lattice_fperp_s,theta_scan_25_45,5.182466152876227,2.536793709702177,37.21452162696343,-0.25987863782711995,-0.2461821532632293,-0.41630725000523305,0.19269419948155755,-0.001164036707496757,-0.021405066032057073,-0.027560757068010745,-0.07125097263622153,rohrwild_nonlocal_exact_post_borel,-0.3532285739768056,-0.05807007413902496,26.317896982094314,1.0460644779097072,5.689947335207054,-0.05439124599707496
lattice_fperp_s,theta_scan_25_45,4.367675775236407,2.515478992186853,38.65126787649114,-0.15850310064696155,-0.20179259092880591,-0.3418303380422741,0.16420782174173762,-0.0011365099818066021,-0.023033564646462883,-0.023375299022141978,-0.06256324457576533,rohrwild_nonlocal_exact_post_borel,-0.25658998052777376,0.002250458001808786,13.857456260572432,0.001572413454650355,5.162348463418409,-0.05339772841423768
lattice_fperp_s,theta_scan_25_45,4.120751094381061,2.525790537093645,38.096926718737464,-0.13628427710383925,-0.24186308678064367,-0.4220053267718954,0.21484475052424973,-0.0015909819097237375,-0.033111528623274294,-0.016503439769235476,-0.055460663265215385,rohrwild_nonlocal_exact_post_borel,-0.2744250736711019,0.04197661102789871,15.866320325285496,0.5469679642421473,4.913798535873308,-0.05469921052122679
lattice_fperp_s,theta_scan_25_45,5.447899045388814,2.594356312868296,33.348850030137655,-0.20595071282165206,-0.26125142240443283,-0.4392093677941971,0.206174909097196,-0.0014425428636532704,-0.026774420843778443,-0.03102433238376028,-0.0801884118156915,rohrwild_nonlocal_exact_post_borel,-0.33145185353236906,-0.028419546267365897,23.323636774064315,0.25054486723228014,4.722653044169468,-0.058469541018511074
lattice_fperp_s,theta_scan_25_45,3.2982567329379098,2.5238547324300553,33.95591195591861,-0.10465613711160873,-0.21930503520491115,-0.44654345876553525,0.2718077029192535,-0.001845242929639185,-0.04272403642899015,-0.008907030023510995,-0.035847895235327755,rohrwild_nonlocal_exact_post_borel,-0.24036261332234518,0.035685005509372425,12.116922409223848,0.39506662796312475,5.560657662186405,-0.05756348567638203
lattice_fperp_s,theta_scan_25_45,3.5254814009625544,2.516075381996387,38.59251113494571,-0.13420791809094554,-0.2153814514161235,-0.35865247025177216,0.1686633628910118,-0.0010772249063668237,-0.02431511914899625,-0.016214487790305203,-0.04948000055628047,rohrwild_nonlocal_exact_post_borel,-0.2520584472811141,0.029452912362884373,13.308064565099297,0.269098240996168,6.80752489085439,-0.05476276284944809
lattice_fperp_s,theta_scan_25_45,4.361988100993108,2.509624887880955,29.512216230180968,-0.14237628183892181,-0.22555360871775895,-0.42555879229136706,0.23499689209418384,-0.0016615084976041214,-0.033330200022971615,-0.01867490959331738,-0.054088057308662646,rohrwild_nonlocal_exact_post_borel,-0.26642403742228665,-0.012793291972280255,14.876922845033087,0.050779312311648124,4.613811729793765,-0.05465409059419441
lattice_fperp_s,theta_scan_25_45,3.095425117467581,2.5629747102737515,38.53999701044403,-0.1261440355147731,-0.2872746466362114,-0.49027493169965247,0.2659957356423346,-0.0024909297475452395,-0.06050452083134826,-0.01053037989670466,-0.041568134627182424,rohrwild_nonlocal_exact_post_borel,-0.30329399216505737,0.08032306401336158,19.299136543171148,1.9991723793646419,4.352765449778024,-0.05497890713575028
lattice_fperp_s,theta_scan_25_45,4.238357115335598,2.5419071952800887,39.81162016643935,-0.18065428096747838,-0.2246918326276549,-0.3852443424876385,0.19028671236724398,-0.001362446491725941,-0.02837175601553449,-0.023483719396865797,-0.060124144118280376,rohrwild_nonlocal_exact_post_borel,-0.2882645635778196,0.005092177013801824,17.404176692106724,0.008048869940525668,4.870598277221741,-0.05349321070549806
lattice_fperp_s,theta_scan_25_45,5.350248426969566,2.520826610161044,42.91175672834692,-0.15773979286292156,-0.27526529995175814,-0.39696280815717805,0.14700580810526623,-0.0013374676010375435,-0.023970832298808708,-0.027313917847684565,-0.08581799022443642,rohrwild_nonlocal_exact_post_borel,-0.309005664544474,0.0718910765630674,19.928021407609645,1.6035364578985731,4.700809195001168,-0.054577618076028636
lattice_fperp_s,theta_scan_25_45,5.812789663054401,2.5939606113607443,29.627467299503017,-0.2431965077516683,-0.24322092869373926,-0.3780891342195071,0.15543330797439492,-0.0010789425555619999,-0.019486159893065156,-0.042948172372410706,-0.0959628436203579,rohrwild_nonlocal_exact_post_borel,-0.3316480420046015,-0.09116215098255599,23.151091539217184,2.5789117947568414,4.776694976527738,-0.054575586463023164
lattice_fperp_s,theta_scan_25_45,3.3479676480790275,2.52306154893819,40.21974820749779,-0.16328492704006342,-0.27777255572840587,-0.40295382164935617,0.17100614073310358,-0.0019109713747374353,-0.043913903437415865,-0.012272285970771273,-0.05061677771857832,rohrwild_nonlocal_exact_post_borel,-0.31753625740783586,0.054683501586802186,21.246967101983103,0.9286257356803431,4.51153532045202,-0.05398760194905567
lattice_fperp_s,theta_scan_25_45,5.351799582978739,2.597455901074681,43.3450888713683,-0.21075654434081995,-0.3330521146930549,-0.44843030253747557,0.1380048397904072,-0.0011527732817164067,-0.021473878664270106,-0.030244228785060796,-0.0970882210462245,rohrwild_nonlocal_exact_post_borel,-0.3868677971553638,0.07533484989137557,31.594320937070954,1.7608859704158302,5.752276642566919,-0.0542805793651828
lattice_fperp_s,theta_scan_25_45,4.738559832379409,2.535619760004225,39.91204995476157,-0.12102501082241325,-0.23277060876511244,-0.41572182415917347,0.20910671999830127,-0.001291951857141204,-0.024863552747098998,-0.0172204205371808,-0.06107333015670338,rohrwild_nonlocal_exact_post_borel,-0.2561930672313293,0.05651833199989072,13.754625458227686,0.9907336500399998,5.804147776133887,-0.05767833004824795
lattice_fperp_s,theta_scan_25_45,5.746120937528782,2.5080259868821377,38.538574809810356,-0.15386781477941683,-0.33427533675282883,-0.37070987046147313,0.06095631883350793,-0.001362742432388567,-0.023159042692475124,-0.025312688479703423,-0.11763385178304518,rohrwild_nonlocal_exact_post_borel,-0.35733246443572136,0.08791367951862765,26.88419195567848,2.397625782421775,4.262276123360508,-0.05506721522419952
lattice_fperp_s,theta_scan_25_45,3.87121615143251,2.5513564459547258,40.18900452130001,-0.15563900251448268,-0.2549747468655768,-0.45691305889165873,0.24030786105702315,-0.0016860524443112932,-0.03668349658662989,-0.016360074462624708,-0.050729549931294304,rohrwild_nonlocal_exact_post_borel,-0.29521585426867564,0.04564230528012568,18.292452563062334,0.646398224021883,5.216943610716657,-0.05568293217056853
lattice_fperp_s,theta_scan_25_45,4.195056201208117,2.578328735172187,30.74622720646722,-0.180661559077053,-0.2571173207932834,-0.453857714399657,0.22312078750072536,-0.0011790413188525358,-0.025201352575499263,-0.021273053260564327,-0.0602731481922089,rohrwild_nonlocal_exact_post_borel,-0.3133377122599109,-0.023820026360039964,20.63797980066729,0.17601433285682083,7.020670636393842,-0.05846823537218559
lattice_fperp_s,theta_scan_25_45,4.745957004902551,2.586289861922547,43.79735794382862,-0.2449950593021484,-0.27549846489593727,-0.4559435569763327,0.207917750165109,-0.0012980760073400407,-0.026174582077373505,-0.03267607180659499,-0.07406703533978223,rohrwild_nonlocal_exact_post_borel,-0.36841613136811147,0.013839703401287512,28.59342874706673,0.05945758112867964,5.394206140039564,-0.05404787505400656
lattice_fperp_s,theta_scan_25_45,5.824971398487374,2.529645608680789,41.61463751457559,-0.14978013397151357,-0.2609810218225521,-0.37505700812911813,0.13180878320310913,-0.000976519634248319,-0.01675627726229478,-0.03191556286614564,-0.09524535273061263,rohrwild_nonlocal_exact_post_borel,-0.2945884052263825,0.0613421045469148,18.25969084672087,1.1677030967724975,5.623188697608358,-0.05356302094227984
lattice_fperp_s,theta_scan_25_45,4.210099990617082,2.5061919608330454,31.283447468380942,-0.1214821581347755,-0.240434471906064,-0.3643268422732842,0.1593756096470604,-0.0016640415614718636,-0.03381919771836837,-0.016257130750189495,-0.06309883305624266,rohrwild_nonlocal_exact_post_borel,-0.2685597475366521,0.02103121558256106,15.1208979551766,0.13728413505944942,4.124290960393786,-0.055098250321656314
lattice_fperp_s,theta_scan_25_45,3.9266781282707712,2.52347108693206,36.66696747007537,-0.11800033685783311,-0.22501158443563232,-0.3657458214838682,0.18022152099257416,-0.001760482142651756,-0.03772680180168657,-0.014222829371779242,-0.0575068134653424,rohrwild_nonlocal_exact_post_borel,-0.2509517169758394,0.039718111431360656,13.196609435858408,0.4893458178950225,4.1135418297681134,-0.057284785983044414
lattice_fperp_s,theta_scan_25_45,4.034817421320025,2.542832493350904,38.45964566034209,-0.17696509852147824,-0.23917212383515327,-0.42190449740819125,0.2129861121255747,-0.001350666825091395,-0.028903071727445318,-0.016936130982852123,-0.05628917437370044,rohrwild_nonlocal_exact_post_borel,-0.2973486657918071,0.010184393274349057,18.555029194902726,0.032183334500954,5.995687513359575,-0.05793766513462448
lattice_fperp_s,theta_scan_25_45,3.2456788692128367,2.584108691574605,39.18894459782657,-0.17904913109045567,-0.26033238297425326,-0.47383314088886663,0.2555995314539831,-0.001677439482073351,-0.040421334057296365,-0.013787870622979193,-0.0427739218079891,rohrwild_nonlocal_exact_post_borel,-0.31491241223277755,0.0257237942581115,20.86444841708465,0.20543076915809572,6.013008606023042,-0.056372267898512164
lattice_fperp_s,theta_scan_25_45,5.971334096714818,2.599213625721505,43.96388087726988,-0.20749568784645572,-0.24050764859150908,-0.38569421066712617,0.16652136912175414,-0.001139062204685847,-0.0201957448414512,-0.03794085932023168,-0.09476677037983396,rohrwild_nonlocal_exact_post_borel,-0.31715650514762017,0.017610813395132124,21.106995362125936,0.0963230771160821,4.699184001912018,-0.055979722813616885
lattice_fperp_s,theta_scan_25_45,5.659496330811809,2.5025143563311514,36.26824594231679,-0.22412980935232898,-0.23861109292731153,-0.4181305173410356,0.20559434461139117,-0.0014463686760898512,-0.024628551521577165,-0.030777345628492884,-0.07084195017590851,rohrwild_nonlocal_exact_post_borel,-0.324969358967511,-0.039551748893347394,22.179507267302515,0.4850979544129099,4.379650360496112,-0.052096134220126177
lattice_fperp_s,theta_scan_25_45,4.276668357836976,2.5574336622998555,32.549773110834,-0.14100734014741148,-0.25418798097052364,-0.4101803122570034,0.1885850219662997,-0.0014993839239671267,-0.031093306755852822,-0.01794198968137764,-0.06429437321412082,rohrwild_nonlocal_exact_post_borel,-0.2901277146770508,0.017902760166826057,17.714307590245415,0.09939141007076419,4.787169016819787,-0.05434895563114297
lattice_fperp_s,theta_scan_25_45,5.940953145750428,2.5542109543483766,26.996766230948875,-0.20245467715997198,-0.31564714806482325,-0.4089193533330857,0.1122918545703826,-0.001046523950506466,-0.01797312535161363,-0.03908184752731442,-0.10792965490778403,rohrwild_nonlocal_exact_post_borel,-0.37315407450847426,-0.03710869255483082,29.321273342402648,0.427277086871651,5.376311296116242,-0.05204623409297285
lattice_fperp_s,theta_scan_25_45,4.224979977388641,2.5772081599978494,38.94018112338311,-0.16950738022342082,-0.2600100671126943,-0.40542644415589274,0.17544504481310402,-0.001350369944558182,-0.028678297825347417,-0.02414672067932183,-0.06824141143275606,rohrwild_nonlocal_exact_post_borel,-0.3087733584492905,0.03157530779107515,20.054035789107093,0.3092520742242889,5.049943540353456,-0.05383855717780374
lattice_fperp_s,theta_scan_25_45,4.742838080111589,2.570217466238267,31.7302980652803,-0.2659233568067445,-0.2894683651377591,-0.4148881034345929,0.1474775728861844,-0.001056380760183669,-0.021001453829166888,-0.03123352972780707,-0.08228956785550434,rohrwild_nonlocal_exact_post_borel,-0.38605723923203317,-0.07393898935903057,31.389273171738385,1.697052586610935,6.046391743707659,-0.05263201910684344
lattice_fperp_s,theta_scan_25_45,3.635862187741191,2.523323386662117,26.109985980970343,-0.1130371886101326,-0.25433625767702034,-0.4737753005689166,0.27193336927249095,-0.0022864132517258513,-0.050207913128868825,-0.00917856210290779,-0.04285719896678539,rohrwild_nonlocal_exact_post_borel,-0.278128646150136,0.01043044432068059,16.34981366575518,0.0337588638565751,4.441238757015715,-0.05667500363135591
lattice_fperp_s,theta_scan_25_45,3.5445484068712085,2.5444704255739152,44.22175871495414,-0.10333246756271797,-0.22108221429861272,-0.4109712890509076,0.2386592785104903,-0.0020364852978732575,-0.046733718460322204,-0.011922242714093846,-0.04806290969523157,rohrwild_nonlocal_exact_post_borel,-0.23050555821002433,0.08013820540830048,11.1177380297385,1.992222457253621,4.2201682892345875,-0.0585327732449194
lattice_fperp_s,theta_scan_25_45,3.68247802678978,2.593713924079383,28.987268952329575,-0.2098309544000489,-0.2813984230228768,-0.40568778510604564,0.15657319574730238,-0.0013332999075373194,-0.0309505337565963,-0.02259344399267799,-0.06909153074863308,rohrwild_nonlocal_exact_post_borel,-0.34783419803445015,-0.04717491475273963,25.339678605155818,0.6908143806987821,5.641937764872348,-0.05659431416036488
lattice_fperp_s,theta_scan_25_45,5.623778159164508,2.58530353316929,33.14846063632213,-0.18728189518526836,-0.23025081214231077,-0.416889727433315,0.21517871272505426,-0.0014961944715074394,-0.02704360296254261,-0.02952341509586066,-0.07650621133485737,rohrwild_nonlocal_exact_post_borel,-0.2951866653540415,-0.03089947173562463,18.338437660899093,0.2963386455059583,4.143115344112364,-0.05618704103557497
lattice_fperp_s,theta_scan_25_45,3.7108917120429465,2.5911942875869984,41.925707604625316,-0.20960230440652936,-0.28838876016591153,-0.44848649489483744,0.20297947641186184,-0.0018032685697947327,-0.04107847311314126,-0.021597658974721153,-0.05933269142295912,rohrwild_nonlocal_exact_post_borel,-0.35461387539684786,0.03674510006229259,26.421418961369298,0.41899353932974787,4.419980878688679,-0.05250455525502035
lattice_fperp_s,theta_scan_25_45,3.2364024577074604,2.5377803067626155,26.613545092292004,-0.11702737664294825,-0.22332145814531487,-0.4560644090551689,0.2862400891178207,-0.0021844601865426746,-0.051312678021423995,-0.010130766007628392,-0.034952207698003286,rohrwild_nonlocal_exact_post_borel,-0.2520849907695687,-0.0045867178664666525,13.323571685746504,0.006530015701812898,4.687393074604376,-0.055947290401644215
lattice_fperp_s,theta_scan_25_45,4.3211504683342365,2.5228070136582494,40.15704851884132,-0.16067823848853038,-0.18909944591417632,-0.3750626146632103,0.2179482344211187,-0.001487623911021478,-0.030497441761063292,-0.021054141449668825,-0.053892908366387424,rohrwild_nonlocal_exact_post_borel,-0.24814383832005737,-0.0008557292882487577,12.9282866046035,0.00022732262955362618,4.411410607805753,-0.05463833408005602
lattice_fperp_s,theta_scan_25_45,4.852862090642995,2.5595702117356742,36.79087528241435,-0.18503578581082317,-0.26040790308723005,-0.46652855542101734,0.244603863251405,-0.001891117808868872,-0.03659209310874881,-0.02382128812745802,-0.06500376524690726,rohrwild_nonlocal_exact_post_borel,-0.3193588218888537,0.007775660915990745,21.46650449294792,0.01877351895120858,3.982234199393674,-0.05431126732282952
lattice_fperp_s,theta_scan_25_45,3.0449125529174395,2.5945456175957933,38.16015834752855,-0.16523172586280738,-0.3327828736583977,-0.4631614882230134,0.19162705192851737,-0.0023724828987166224,-0.058875954465185086,-0.011904247253339462,-0.05185190164115797,rohrwild_nonlocal_exact_post_borel,-0.36375312498873175,0.07569430819338466,27.805416714496875,1.778482130344448,4.21859483362838,-0.05465268709047308
lattice_fperp_s,theta_scan_25_45,4.630978285730403,2.5927118431358105,35.18179250889373,-0.15031565112795917,-0.25286333980298326,-0.42421228187942195,0.2034011699203162,-0.001506875792494371,-0.030545352051383104,-0.02169513391036409,-0.06876229286476433,rohrwild_nonlocal_exact_post_borel,-0.2932800585958262,0.02283573559949613,18.184077036409267,0.1616928693591971,4.8225784542133106,-0.0581652634556585
lattice_fperp_s,theta_scan_25_45,5.485573039895921,2.5933932258747396,39.742518042052964,-0.19038243712737604,-0.23011744077530746,-0.390296149153507,0.17741709579115827,-0.0008842968478099924,-0.01635409056514871,-0.029294299169165268,-0.081763443458292,rohrwild_nonlocal_exact_post_borel,-0.29866196862520866,0.0007330842047870989,18.78662404560968,0.00016684097117307894,6.699434304697671,-0.05739431422399724
lattice_fperp_s,theta_scan_25_45,3.5662035409699544,2.569274113559433,39.34099386805925,-0.14992548782595702,-0.22066224779854046,-0.4033059181227433,0.22435325566634784,-0.0017345366984786708,-0.0399750486436663,-0.016177611872832294,-0.04888135756534773,rohrwild_nonlocal_exact_post_borel,-0.2657001994776366,0.02393498487360661,14.764274388417185,0.17789111531928045,4.484209186857615,-0.05480248607610225
lattice_fperp_s,theta_scan_25_45,3.796889861409788,2.5678962893080515,36.380452291672555,-0.19814537660194123,-0.2775062138167999,-0.4695426847707874,0.22496389303599282,-0.0014167491554456363,-0.031510672926559714,-0.02022382424971799,-0.054539621904339045,rohrwild_nonlocal_exact_post_borel,-0.34094799032946166,0.0050751222607879065,24.449225524827753,0.007986744751178162,6.039866579489902,-0.053386152875997954
lattice_fperp_s,theta_scan_25_45,4.413358841719477,2.5455705121023713,29.294830544282956,-0.18836138168210634,-0.2612811878716333,-0.38670530110268014,0.14732213897302562,-0.0010221765773970803,-0.020875849164581666,-0.025853002059760672,-0.07263856618257168,rohrwild_nonlocal_exact_post_borel,-0.32003276493624955,-0.036426619553056455,21.53151037429778,0.41203065756432683,6.405830520141134,-0.0541574143834148
lattice_fperp_s,theta_scan_25_45,3.9154421674664786,2.5681310262602506,44.207879581262894,-0.18027690367556365,-0.27610111880788213,-0.4468527559717047,0.20830529277924256,-0.0016421523286484427,-0.03591150328677159,-0.019083105123320555,-0.05893698857896838,rohrwild_nonlocal_exact_post_borel,-0.3236138860567893,0.0632901458130416,22.180235697241976,1.2429792329628433,4.871609494091027,-0.05335173371857098
lattice_fperp_s,theta_scan_25_45,3.632745760509086,2.5318397988048704,34.56727956813372,-0.11052195864405975,-0.21354522132944623,-0.40771714859916447,0.22451306660277623,-0.0013091274278250152,-0.029032011905232965,-0.011798213350211629,-0.04377463428222509,rohrwild_nonlocal_exact_post_borel,-0.23855329753291724,0.030149446617357592,11.9455015298868,0.2819791110572105,6.271678709592007,-0.054311719296945
lattice_fperp_s,theta_scan_25_45,5.2593386425479745,2.5750820191645136,29.38104898397766,-0.21606616762468867,-0.3031119030474472,-0.46454239322579355,0.18105771089374553,-0.0009819838470060836,-0.01864523686839312,-0.03968231679438621,-0.08673058522500655,rohrwild_nonlocal_exact_post_borel,-0.37012990328851914,-0.03956348382911351,28.749021986149604,0.4856589382141529,7.090133055709701,-0.05580677098927038
lattice_fperp_s,theta_scan_25_45,3.08017054816619,2.567963082387071,39.329969733553746,-0.19113834149355788,-0.2658491646327792,-0.47763948598810385,0.26799491905499967,-0.0022093301924462727,-0.05399526750722873,-0.012312854935133241,-0.03959196169779995,rohrwild_nonlocal_exact_post_borel,-0.32677738918896715,0.020644172051618198,22.304319778597936,0.13224545800122317,4.737255000440429,-0.054705219228961884
lattice_fperp_s,theta_scan_25_45,4.188372726462471,2.5309435575762014,40.087189564425955,-0.1462947116277226,-0.23184465406227717,-0.43199759972756285,0.24147167173659603,-0.0019137808475913243,-0.039404945223719005,-0.01886428860522491,-0.05078957327592247,rohrwild_nonlocal_exact_post_borel,-0.27158318081652155,0.03737194355497267,15.496096950735796,0.43370916767055734,4.127354035880971,-0.0540449682808739
lattice_fperp_s,theta_scan_25_45,3.1623861815571583,2.5920948086328996,42.46703370608118,-0.12691515163753012,-0.26066577709890654,-0.4480421009555983,0.2548371082026964,-0.002659918855042224,-0.06480086549096235,-0.012120719269134647,-0.043135493233194454,rohrwild_nonlocal_exact_post_borel,-0.277973043801647,0.08237165765845525,16.234582112555206,2.1061429538883414,3.564134936594854,-0.05470801709304811
lattice_fperp_s,theta_scan_25_45,4.901123165994495,2.5473010265589617,32.6492150990109,-0.23270540185275018,-0.2845095359686231,-0.4262184239645046,0.17807823161065728,-0.001804421852619633,-0.034564921762156066,-0.02914772154333107,-0.07753099108418358,rohrwild_nonlocal_exact_post_borel,-0.36509720537414475,-0.04244420733764215,28.03099233139117,0.5584516495960673,3.615836185498503,-0.051471716234469216
lattice_fperp_s,theta_scan_25_45,4.20181933792048,2.516055041973473,41.13059985930872,-0.1762574962307325,-0.2482848176932255,-0.388596879485541,0.16813679063015766,-0.0012852282920532434,-0.026539500545788918,-0.023379428159475097,-0.06333069447041399,rohrwild_nonlocal_exact_post_borel,-0.30294938812185057,0.030556896293329,19.39450582005708,0.2896226923716064,5.37773241179358,-0.05359229158869641
lattice_fperp_s,theta_scan_25_45,5.284193041875023,2.528661322324087,37.8890993326871,-0.14224079480565352,-0.20364370540818352,-0.37292622885348437,0.19504652100044773,-0.0013540803000786,-0.024409917255068286,-0.02187072258726161,-0.06550446322195197,rohrwild_nonlocal_exact_post_borel,-0.2480708632903754,0.012808171051596567,12.962040221791044,0.05093839359857665,4.706923347687666,-0.05810498763472661
lattice_fperp_s,theta_scan_25_45,3.3498054520097087,2.502083271689459,30.618319528956267,-0.1604600021273773,-0.2323716301530018,-0.4326639043506134,0.24623156270420213,-0.0019261585323207715,-0.04401312997426975,-0.013419716621215046,-0.040197056740044194,rohrwild_nonlocal_exact_post_borel,-0.28169913990155293,-0.01973781551759686,16.694137570191344,0.12086001952870458,4.670758147285742,-0.05229462062042987
lattice_fperp_s,theta_scan_25_45,5.732996293349847,2.525978825191285,35.754790937872784,-0.18924016948908873,-0.2259608010620661,-0.3677841903178669,0.1584310230635034,-0.0009082568341559428,-0.015699376973546605,-0.034331939573124456,-0.0806068984567435,rohrwild_nonlocal_exact_post_borel,-0.293949215011481,-0.02154029616796732,18.10878346941393,0.1440943001522932,6.178935165782823,-0.055135206066425156
lattice_fperp_s,theta_scan_25_45,5.251963278300142,2.5235790840307284,38.18177667992149,-0.1969491387142067,-0.206098811098761,-0.3696431701347476,0.19135324197601258,-0.0014533398922366972,-0.02635554304778921,-0.028365632583131385,-0.06727237373426674,rohrwild_nonlocal_exact_post_borel,-0.2837504683567525,-0.027410853396313883,16.992013687887038,0.23329701165911268,3.9968522388489887,-0.05360045334232371
lattice_fperp_s,theta_scan_25_45,3.673745770294853,2.5701594193033546,34.707191509744675,-0.1237983032460811,-0.2257835379766931,-0.40895849313266514,0.22079982944753535,-0.0015949971318715216,-0.03602987715969182,-0.013659896771503135,-0.04912714236351395,rohrwild_nonlocal_exact_post_borel,-0.2560990693358126,0.02678605221401864,13.692298738762844,0.22277982584082828,5.155162912539151,-0.057454364198149394
lattice_fperp_s,theta_scan_25_45,4.511021364515732,2.5009387968300563,26.494902674627323,-0.15135019614189701,-0.24238832289448314,-0.37238447097195504,0.15276460016067966,-0.0011069419493976698,-0.02166151013381017,-0.0200676222783122,-0.06701409392263591,rohrwild_nonlocal_exact_post_borel,-0.28445133608194584,-0.027320657916433927,17.017900135747908,0.23173519474274212,6.164027976932374,-0.05605243839457741
lattice_fperp_s,theta_scan_25_45,3.3775886974491733,2.502688786047425,32.641096076152124,-0.19497980724102315,-0.27815361941840383,-0.4875134211431557,0.25303189692662315,-0.0018265879092453237,-0.041845507292626025,-0.015753401323673342,-0.0447313780485208,rohrwild_nonlocal_exact_post_borel,-0.33939084860919094,-0.014156733650034226,24.224537391954716,0.06220790785950935,5.4048140972016885,-0.052144715650257835
lattice_fperp_s,theta_scan_25_45,4.630923110016244,2.5142102723518174,36.31382177704032,-0.10853322581744355,-0.2353112409060078,-0.4484901087987759,0.24942939325413988,-0.001777553420190027,-0.034472971941181735,-0.016416931171907952,-0.05675758012728209,rohrwild_nonlocal_exact_post_borel,-0.25388457179881013,0.05189860697167366,13.54863523575762,0.8360948801845068,4.543670726350493,-0.05643472260238366
lattice_fperp_s,theta_scan_25_45,3.364971661184363,2.5517686173882654,36.91629720484926,-0.1418616760351555,-0.24812217684364654,-0.42821269028498904,0.22864084051616937,-0.0020072475922983967,-0.046543079482528484,-0.01102535904761829,-0.04430391062347336,rohrwild_nonlocal_exact_post_borel,-0.2835859992771359,0.03561363198441711,16.81653494580946,0.3937235703487441,4.421656385601104,-0.053735093386111016
lattice_fperp_s,theta_scan_25_45,3.2616605037541118,2.508135794987048,34.05681563571063,-0.11830856573816811,-0.19370408550261659,-0.3844953903686051,0.23504784104063062,-0.0018380531171336124,-0.04241848305750852,-0.00898683449916113,-0.035865647492446265,rohrwild_nonlocal_exact_post_borel,-0.226735013813176,0.010460543894383723,10.798125747040386,0.033960893305606726,4.669156763110135,-0.05458577339227694
lattice_fperp_s,theta_scan_25_45,5.548230740888227,2.5632815994479627,29.465868651152892,-0.2038717411445505,-0.24534320830901477,-0.4027935520382507,0.17750921401818845,-0.0010505158929286333,-0.019008354396023865,-0.03844040671257517,-0.08219800185665489,rohrwild_nonlocal_exact_post_borel,-0.3138933180501191,-0.05681515276893978,20.598146159297936,1.0015086232658599,5.427035412854983,-0.052660533732360945
lattice_fperp_s,theta_scan_25_45,4.9047942627147485,2.557938883350122,28.731315754559454,-0.2332817743832312,-0.25550135482538777,-0.4182461496718729,0.18542539428310262,-0.0011138228962724267,-0.02156677654034506,-0.029987272419551736,-0.07291796256707513,rohrwild_nonlocal_exact_post_borel,-0.33618414946110475,-0.08174072563973897,23.751949227277475,2.0725844263338784,5.98326030829871,-0.05479929962659648
lattice_fperp_s,theta_scan_25_45,5.334726414051249,2.513138321443247,34.76243550029958,-0.14246156044173633,-0.2074525701104626,-0.3968099966709746,0.21420202070142755,-0.0013083793806746606,-0.023536214760240894,-0.027270281511699322,-0.06653386509849697,rohrwild_nonlocal_exact_post_borel,-0.2516551321312281,0.001248807809486066,13.286296821263262,0.0004841535619828716,4.616282401071753,-0.0525106364234392
lattice_fperp_s,theta_scan_25_45,3.8578596991539302,2.5476190245847117,38.90213870795075,-0.1323859779190985,-0.22738368653666538,-0.4051090728989205,0.22298547635715854,-0.0019745692822797237,-0.04328552071262371,-0.012966806155117304,-0.05299865467930577,rohrwild_nonlocal_exact_post_borel,-0.26009181529251235,0.03976978338445114,14.266142212252225,0.49098152834545133,4.163917826924326,-0.05955126305403864
lattice_fperp_s,theta_scan_25_45,4.790206947508766,2.537894385249342,28.406022224236043,-0.1933063671127279,-0.20223768832854908,-0.39296780613605153,0.20989150163934434,-0.0009401185716121604,-0.018221265260229675,-0.027584819059755853,-0.05992249092016204,rohrwild_nonlocal_exact_post_borel,-0.2698470428588995,-0.07382416682295406,15.369803525932722,1.691322417289809,6.467801586612618,-0.0512758625198952
lattice_fperp_s,theta_scan_25_45,4.751312075757726,2.5520343868986832,25.33009251490378,-0.15996167818154727,-0.22501470765380774,-0.4148808838672226,0.21510298592168964,-0.0012284028622850294,-0.024008406845989715,-0.02443185648759308,-0.06197183555288595,rohrwild_nonlocal_exact_post_borel,-0.2718181642715979,-0.04831400127503527,15.483607381746301,0.7241279751820009,5.548119970523047,-0.054470048195830414
lattice_fperp_s,theta_scan_25_45,4.162447031786793,2.5230569175158846,37.64439503839053,-0.16860480177994427,-0.19121235803735726,-0.38730877463202085,0.22753931838774188,-0.001453955745332663,-0.029988946047745595,-0.019433650068867905,-0.0471842022453484,rohrwild_nonlocal_exact_post_borel,-0.2543820066182782,-0.0167194425241715,13.56322836467699,0.08676143648111742,4.780704737766982,-0.052899996916658
lattice_fperp_s,theta_scan_25_45,4.260428290229011,2.529027021316217,37.645119471568215,-0.18476644452174928,-0.22017547906670953,-0.3484601116343245,0.1504205226094649,-0.0010278089671562304,-0.021108081074693672,-0.023337368245487877,-0.06384860855369487,rohrwild_nonlocal_exact_post_borel,-0.2871865041262843,-0.011823385775121986,17.31475063714331,0.04337920103706698,5.737591763641675,-0.051567853934979674
lattice_fperp_s,theta_scan_25_45,5.414456406675574,2.5054671078745727,39.42705650241511,-0.19040192125262667,-0.19455558235587295,-0.37848742062635626,0.20660909331336672,-0.001208290994279292,-0.021468964048604093,-0.03311656477251053,-0.06353806487829547,rohrwild_nonlocal_exact_post_borel,-0.2712046725587902,-0.023511525361058383,15.489409293977248,0.17155820635850147,4.94350394562607,-0.0546307013326492
lattice_fperp_s,theta_scan_25_45,4.770078113358048,2.508161401659624,35.0422512536399,-0.19951377075904816,-0.2386641345528232,-0.39451566799910404,0.1897482016626758,-0.0016853715522100465,-0.03221129666418492,-0.024329814205473754,-0.06732600862633367,rohrwild_nonlocal_exact_post_borel,-0.3099580982908705,-0.0263114261918502,20.184734611484732,0.21453633973624975,3.9291189892775487,-0.0539954909269796
lattice_fperp_s,theta_scan_25_45,5.433061578359458,2.5512342736237272,31.195629187913095,-0.18466270634532592,-0.24897077232755555,-0.4194967653269255,0.19244921139554996,-0.0011547697444909656,-0.020768448651689024,-0.030450346989051223,-0.0744503015303789,rohrwild_nonlocal_exact_post_borel,-0.30861875832280716,-0.029003837667597177,20.060226747548885,0.2611694728724123,5.596217839576165,-0.05452309709496182
lattice_fperp_s,theta_scan_25_45,3.4612822972091597,2.5571516062613204,38.732564895276184,-0.18527961891189654,-0.22852698213310366,-0.4098684276363053,0.22714627050226635,-0.0018968051427809274,-0.04390801985628374,-0.014774407718585852,-0.0464297436700838,rohrwild_nonlocal_exact_post_borel,-0.29419505295554527,-0.0015458212980146713,18.127513077191157,0.0007413373055104559,4.27496671008095,-0.05389640824627519
lattice_fperp_s,theta_scan_25_45,5.830970722585053,2.5923409800985113,31.94825720266927,-0.2589208788700804,-0.2947118203780371,-0.42396507393439253,0.14900786862884166,-0.0010405761925717807,-0.018714038879914484,-0.039922752354860584,-0.10409341599106824,rohrwild_nonlocal_exact_post_borel,-0.3870795430327494,-0.0637534779517882,31.43772881257113,1.2610450489618852,5.646891577136843,-0.05529141114261046
lattice_fperp_s,theta_scan_25_45,5.33393633404058,2.5816449803705837,36.02932273472456,-0.20421444531299085,-0.23104030192312583,-0.3906271742118901,0.18003611007206202,-0.0010388675299261968,-0.01941037025337158,-0.03399773488304188,-0.07830068726629122,rohrwild_nonlocal_exact_post_borel,-0.3069647815494774,-0.029253780533519486,19.71264162163231,0.2654360700715551,5.549928818983589,-0.05449373344535875
lattice_fperp_s,theta_scan_25_45,3.9754631713247033,2.516021434530165,36.1449103973866,-0.12356929353213225,-0.19372964843033608,-0.3777598811251113,0.22562129509469614,-0.0018809471138081565,-0.03971011528611276,-0.014935828491457253,-0.046106281940585955,rohrwild_nonlocal_exact_post_borel,-0.22932689287320157,0.014481822747672887,11.063207766385043,0.06511183592922007,4.062078188964175,-0.057629536864543356
lattice_fperp_s,theta_scan_25_45,3.1347585415693673,2.5135859018281113,39.27068774949158,-0.16050574192980457,-0.20227190156781802,-0.39043048760352217,0.22065788949034892,-0.0013163316900112359,-0.03118297176463357,-0.010846699590081277,-0.03670488615826805,rohrwild_nonlocal_exact_post_borel,-0.258189363836862,0.003777268565322414,13.958600621580574,0.004428408611003268,6.517024354169647,-0.053250849272327413
lattice_fperp_s,theta_scan_25_45,5.674871565284431,2.516435085963136,35.7748881927953,-0.186371312047563,-0.2184839319651229,-0.4056763656467297,0.21240707743737605,-0.0013800575398288247,-0.023834586215940423,-0.031098067466682353,-0.06980156379716106,rohrwild_nonlocal_exact_post_borel,-0.2862134779436809,-0.02348062019310057,17.187427070292866,0.17111031841932095,4.4988745667734396,-0.054372219717957644
lattice_fperp_s,theta_scan_25_45,4.253814070248068,2.571556408129415,40.174603554650105,-0.17526799245409108,-0.2688592355606565,-0.44161546661977535,0.21919579060641284,-0.002102953591535761,-0.044336605955758224,-0.02283879389150885,-0.06401027728111286,rohrwild_nonlocal_exact_post_borel,-0.31849924125851736,0.0395270925176219,21.273893284894722,0.4846379033073344,3.62438872606975,-0.05504327997643906
lattice_fperp_s,theta_scan_25_45,3.5141480124216398,2.5003530254659503,44.656240976933624,-0.11520662059959938,-0.1855766752189873,-0.35271757938374565,0.1992059876710354,-0.0013710959459299133,-0.030693987560347108,-0.012767094831135254,-0.04298834884911174,rohrwild_nonlocal_exact_post_borel,-0.21298061962564785,0.048482197549086406,9.575927896006514,0.7302027924871258,5.268684901072029,-0.05371941691765149
lattice_fperp_s,theta_scan_25_45,5.659744794224601,2.537549086181981,39.81919222600851,-0.21260810655594267,-0.27150449461090465,-0.4311786907041238,0.18976657878294131,-0.001607505090902005,-0.028484877598820194,-0.03257016695006661,-0.08816484278887061,rohrwild_nonlocal_exact_post_borel,-0.3446814214546634,0.010564812881377339,24.880631205995694,0.034632626102126564,3.7887219101806098,-0.05218289062928173
lattice_fperp_s,theta_scan_25_45,5.579085288058039,2.587150017349065,25.627361608681255,-0.20320523014791203,-0.3134301948717132,-0.4196526690852261,0.13467667466843006,-0.0014757921116299426,-0.026978408343287238,-0.0369988932165801,-0.10393989410797783,rohrwild_nonlocal_exact_post_borel,-0.37048642672165927,-0.047651445222601396,28.671748915897158,0.7046522692042327,4.002488631506942,-0.05376112058282592
lattice_fperp_s,theta_scan_25_45,4.935044940176281,2.5104833091707723,43.02461644477666,-0.17455558077457406,-0.26744812639060395,-0.38887562349520055,0.15082771428423333,-0.0014951916662118152,-0.02790502551342488,-0.023844440009317132,-0.07767539864662922,rohrwild_nonlocal_exact_post_borel,-0.3146222507850619,0.05487249220087376,20.779646671123547,0.9342010197644481,4.3472910960935724,-0.054287421687730306
lattice_fperp_s,theta_scan_25_45,4.883941837652186,2.5631173263762324,28.372564328518024,-0.16840791078143863,-0.3174033470131476,-0.4513983680399136,0.16560242053625118,-0.0015469725465483408,-0.030060426962936745,-0.026686676607469866,-0.08315362426310832,rohrwild_nonlocal_exact_post_borel,-0.3593035920984468,0.0026528878737225037,27.02875987465844,0.0021838598382840435,4.849847719255967,-0.05704474452314165
lattice_fperp_s,theta_scan_25_45,3.8105054257496187,2.5408869743599016,40.557209357365586,-0.1731432601470458,-0.20005669776347146,-0.3710683706045182,0.20289954677230326,-0.0013799832956285223,-0.03050789063562799,-0.01834799291121139,-0.05090654515469076,rohrwild_nonlocal_exact_post_borel,-0.26457345705659785,-0.0014685623899351186,14.709353870875166,0.0006690673484224754,5.236812019140166,-0.05708342856561431
lattice_fperp_s,theta_scan_25_45,5.037725565802089,2.527839078393514,37.63795310810881,-0.13216150342463595,-0.19105414041875718,-0.36522452503132713,0.20125840859904998,-0.0013769229435611754,-0.0257111010429189,-0.023425391465093794,-0.06261361008718264,rohrwild_nonlocal_exact_post_borel,-0.2320000115218105,0.012014250392347922,11.301793109761435,0.04479286045535815,4.29342237769011,-0.05438005708446422
lattice_fperp_s,theta_scan_25_45,4.965866951729623,2.539461410302799,36.33157998562162,-0.20102321075851498,-0.24093258821557392,-0.38587702663737306,0.1658794777626445,-0.0010532628444923826,-0.019881776496352983,-0.02607377469312898,-0.0722872182984197,rohrwild_nonlocal_exact_post_borel,-0.3131934084231345,-0.01920240214705707,20.478790403867077,0.11439270184623433,5.984332867764162,-0.054586758711933386
lattice_fperp_s,theta_scan_25_45,5.145042051168923,2.517446373349958,32.46393148014537,-0.1751391381215426,-0.23600774523037035,-0.3601203014164832,0.14226969000335743,-0.0009388596185156748,-0.01721827419872897,-0.02891550895121766,-0.07850630511796663,rohrwild_nonlocal_exact_post_borel,-0.2931358863486944,-0.02108851927579311,18.049642426063443,0.13790058148773982,6.019275809658461,-0.052928063369489214
lattice_fperp_s,theta_scan_25_45,4.81531775010001,2.5009474690377584,30.410786916131695,-0.16611681214810456,-0.2190127425587271,-0.3859565876763209,0.1972989724188268,-0.001525712813472156,-0.028829414487760857,-0.026569425317461964,-0.06307379768142946,rohrwild_nonlocal_exact_post_borel,-0.2729683043894004,-0.032398788250790636,15.692668572868547,0.32563637352169755,4.041705248254103,-0.051107621480338136
lattice_fperp_s,theta_scan_25_45,3.968793085116901,2.5622647054222827,43.5650210702413,-0.2131263589899192,-0.17749381768343353,-0.3878359496495394,0.24101696477062634,-0.0013478300366922265,-0.029327002767828247,-0.0210708056863999,-0.04443785810445058,rohrwild_nonlocal_exact_post_borel,-0.2754925820472809,-0.03210510004753242,15.960159356644663,0.3199003126645373,5.261865959863479,-0.05528811925279986
lattice_fperp_s,theta_scan_25_45,4.4576373308039186,2.5560521104549423,32.127381233852105,-0.2120594483614359,-0.18803248923924692,-0.3801461977393496,0.21731027188198285,-0.0011828284872864962,-0.024013734894593585,-0.024964291282374755,-0.0531773668830757,rohrwild_nonlocal_exact_post_borel,-0.2720125997502402,-0.07959002592020951,15.561463454209436,1.9663623011955405,5.27138387239829,-0.052570193301003876
lattice_fperp_s,theta_scan_25_45,5.515467628094379,2.586498442389197,29.226791167687814,-0.24118326076078453,-0.2519373560638889,-0.42179001591883136,0.19531229096664945,-0.0013143325911301007,-0.024145298520576865,-0.034716496592721136,-0.08142618501557274,rohrwild_nonlocal_exact_post_borel,-0.3376261991953621,-0.08746625788588981,24.01869819474847,2.373906744010719,4.735150135732959,-0.05576948364893881
lattice_fperp_s,theta_scan_25_45,4.839044532280335,2.5229952655022148,29.641555005080004,-0.24586506284524742,-0.24397419634709336,-0.3886682657920095,0.16463659838771288,-0.0009936737186006833,-0.018948855224195982,-0.02779447949226206,-0.07057206873788205,rohrwild_nonlocal_exact_post_borel,-0.3336449326038576,-0.0930273968187591,23.274187157408242,2.684887424816955,6.430934657479532,-0.05376083868288705
lattice_fperp_s,theta_scan_25_45,3.065493326979169,2.597022154374198,31.124774714692993,-0.15755759705910366,-0.25458783333989893,-0.42710010985949526,0.2135404461651594,-0.001586720413186076,-0.03944144923237707,-0.014021990328497257,-0.04447816080382073,rohrwild_nonlocal_exact_post_borel,-0.2993803776811875,-0.003278831379096181,18.81231547622389,0.0033377725586694385,5.746730322021043,-0.05492716798153731
lattice_fperp_s,theta_scan_25_45,5.954356242959105,2.5570895500492403,27.60734540543946,-0.19716873374732444,-0.2949567887391182,-0.4157602758377217,0.14047966671767964,-0.001080327228629984,-0.018595852390446165,-0.03511925341614525,-0.10085948152391551,rohrwild_nonlocal_exact_post_borel,-0.3527441334223211,-0.03803410478704397,25.882054644691063,0.44883942310213776,5.537981552218651,-0.054867419296724985
lattice_fperp_s,theta_scan_25_45,4.990434457254219,2.5038131260826524,36.06190914024861,-0.16475253278769694,-0.19046135680944323,-0.38196719797047,0.21134459960861116,-0.0010084785890410038,-0.018830279858543405,-0.0229695871903718,-0.05989383913066317,rohrwild_nonlocal_exact_post_borel,-0.2509484922560383,-0.021066080130775655,13.205755195542343,0.13774391698316157,6.368072810288797,-0.05583888100562813
lattice_fperp_s,theta_scan_25_45,5.385298289040742,2.594900889101859,30.266395372211047,-0.18103382647351204,-0.2534258082083712,-0.4202781496583264,0.18965687160121378,-0.0011605576864491458,-0.021643972464809463,-0.02935898423591722,-0.08132361477392655,rohrwild_nonlocal_exact_post_borel,-0.31012654574892273,-0.02862537712501184,20.294868178107308,0.2541524483997653,5.411783446254634,-0.055618873429850176
lattice_fperp_s,theta_scan_25_45,4.928840270974668,2.5431988253899136,30.144909981042268,-0.20436993938574363,-0.20872480559058368,-0.3882250695302497,0.20851084521174346,-0.001444060737428143,-0.027566520534649266,-0.028132279216793524,-0.0626781540191527,rohrwild_nonlocal_exact_post_borel,-0.2831287340179469,-0.07191131042300747,16.726861799308104,1.6050482027158828,4.322051887842508,-0.054234279717478434
lattice_fperp_s,theta_scan_25_45,3.099746564427624,2.5923264452035975,30.102909502399655,-0.1379665384800805,-0.29307530857669695,-0.5014680057002446,0.2904766714758327,-0.003207862402117593,-0.07887611195016742,-0.010757799061696265,-0.04297579930684277,rohrwild_nonlocal_exact_post_borel,-0.3227448170726749,0.02763485643580066,21.920972371704067,0.2369261305641925,3.3302488092235523,-0.05442849020285484
lattice_fperp_s,theta_scan_25_45,4.599211693218481,2.541190408000275,39.05697538858387,-0.16501368785075474,-0.16556050835375152,-0.4067924967921766,0.27890495954035255,-0.001804192604191535,-0.03586877849773585,-0.02301447816043312,-0.04503776635165776,rohrwild_nonlocal_exact_post_borel,-0.23253495868526364,-0.023817894401094483,11.368391131624774,0.17603118059550765,3.876996566313555,-0.05593118275446623
lattice_fperp_s,theta_scan_25_45,5.294972234036111,2.596461944760897,37.29163075992592,-0.22790592052299252,-0.2256013337792692,-0.39922551744402396,0.20002932144484287,-0.0013333772582157777,-0.02507176052187237,-0.031221098017563766,-0.07264222274953236,rohrwild_nonlocal_exact_post_borel,-0.31756170703828535,-0.044627711518159224,21.167698572247648,0.6182356088271983,4.616122366006651,-0.05662296432157986
lattice_fperp_s,theta_scan_25_45,3.7801798700918576,2.5396161055262434,37.89117732983183,-0.21555754759746532,-0.24667897555193596,-0.4088225517258852,0.19811001378818618,-0.0015544281046119045,-0.03441200950962507,-0.019989136901225932,-0.0567043150756631,rohrwild_nonlocal_exact_post_borel,-0.3270614028225173,-0.018612148971927894,22.63499405935978,0.10752869342731118,4.706617234543778,-0.0518656097360137
lattice_fperp_s,theta_scan_25_45,3.0964701131907715,2.5421317185314525,26.739265559822456,-0.13998035371325052,-0.25538456345757543,-0.5063093620747762,0.30967700477910026,-0.0023451924815549117,-0.05640701368034464,-0.009059219356316551,-0.03521449374290249,rohrwild_nonlocal_exact_post_borel,-0.2910560883868507,-0.01010584440058665,17.941142201827443,0.031673287848139976,4.903708672732356,-0.055424207200057696
lattice_fperp_s,theta_scan_25_45,5.721069667415026,2.5907168005248806,28.36755352483572,-0.19606291067829004,-0.22555439221855084,-0.3752078623929341,0.1713636177023067,-0.0011409608774668924,-0.020569186650456636,-0.03166579157382379,-0.08528361602061421,rohrwild_nonlocal_exact_post_borel,-0.29162390383025055,-0.06535248662084532,17.883770083778685,1.3242649088391576,5.0515942240547576,-0.059573463379480725
lattice_fperp_s,theta_scan_25_45,5.415366155177133,2.582117529813077,41.64026019125831,-0.32787874021452573,-0.19479296871974755,-0.3928328355622304,0.21901430978346778,-0.0010697186456471647,-0.019904724295337756,-0.03956650366099589,-0.06712653934733576,rohrwild_nonlocal_exact_post_borel,-0.36343442147691996,-0.11560359091764211,27.807209221354245,4.144878042236682,5.1883180949191985,-0.05313437314913669
lattice_fperp_s,theta_scan_25_45,3.6332153538883154,2.5209263139398925,26.175359063757206,-0.17376858433159179,-0.24789209733003406,-0.43156672726671275,0.21686741302860438,-0.0014328026952732653,-0.03175998039665247,-0.016976029808890833,-0.04794458227806038,rohrwild_nonlocal_exact_post_borel,-0.2991230935262853,-0.04659815166456456,18.83772411225222,0.6740284868634315,5.813157229694032,-0.052265769764620225
lattice_fperp_s,theta_scan_25_45,4.912326825342725,2.5518682967548796,36.745318894661835,-0.21062557169659601,-0.2649609236860315,-0.3638528051866967,0.12262247931949655,-0.0011677740429202426,-0.02256282377591113,-0.03190760415847761,-0.08757690165340594,rohrwild_nonlocal_exact_post_borel,-0.33832257429006657,-0.01025954476647517,23.988888090026737,0.032650410831281874,4.759709132373809,-0.05255040787265168
lattice_fperp_s,theta_scan_25_45,4.556090274652154,2.564404367428931,40.67821072985469,-0.1899619612935307,-0.22388543914148834,-0.43272231293693486,0.24045506251963605,-0.001509187989712499,-0.030109000734477004,-0.022286019114417202,-0.05408095976947777,rohrwild_nonlocal_exact_post_borel,-0.29360986177489945,0.0018669939974179928,18.06105163983049,0.0010805400339979293,4.93656485199571,-0.054905942064273155
lattice_fperp_s,theta_scan_25_45,4.1710929511294825,2.5401857624779156,40.27694905926907,-0.14507557551197772,-0.26725464402917265,-0.4237369480629606,0.19673756720581362,-0.0018397025171135108,-0.03841556065491221,-0.017936844476156844,-0.06321468519987579,rohrwild_nonlocal_exact_post_borel,-0.29768505759459724,0.0620932673499526,18.487199943553144,1.1965100539841773,4.1309674669394445,-0.05439132976866318
lattice_fperp_s,theta_scan_25_45,4.135117400337036,2.5276545146643294,29.07037896798533,-0.13337838354058132,-0.1852150356466064,-0.38445734477721993,0.24015950207922096,-0.001881545520932542,-0.03903564742767488,-0.015845180763816108,-0.045966502764611325,rohrwild_nonlocal_exact_post_borel,-0.22668866768228918,-0.026582899952803565,10.77494981769808,0.21932405252650897,3.842940132022785,-0.05543966004488389
lattice_fperp_s,theta_scan_25_45,4.706497624989921,2.5443230915600834,34.82126049849889,-0.18068823520457827,-0.2448561558557536,-0.37799763641447814,0.1577807649912201,-0.0012030877744919491,-0.023436196658003575,-0.023318173809500915,-0.0712829694563652,rohrwild_nonlocal_exact_post_borel,-0.3041878471695891,-0.008516398072707071,19.30768370984983,0.02252988990789488,5.238033578764156,-0.0539967196458772
lattice_fperp_s,theta_scan_25_45,5.834361760992978,2.5492871525284055,44.364098044864775,-0.16862235775699647,-0.33082928918330495,-0.41476075115540345,0.1053562890697875,-0.001162088992205389,-0.02026273810548359,-0.032103764358017234,-0.1129931756788077,rohrwild_nonlocal_exact_post_borel,-0.35441685035091797,0.11077099938338705,26.394488146064536,3.8062946326538794,5.337691404922964,-0.05653828638847233
lattice_fperp_s,theta_scan_25_45,5.484133792735866,2.5629462257663156,41.75478445066298,-0.16561722890187688,-0.24916658709916967,-0.4495089267197549,0.2231732691426694,-0.001201135560568429,-0.021629793961515747,-0.03267919868995202,-0.07098956166977553,rohrwild_nonlocal_exact_post_borel,-0.296170508319384,0.04238023876316027,18.505066392265118,0.5569907623419474,5.559802893740655,-0.05349569382021881
lattice_fperp_s,theta_scan_25_45,4.612732458285646,2.5700699160829057,35.668474969454294,-0.23348539579334238,-0.2549271128230845,-0.40306874970705736,0.17267472916560905,-0.0011566356256996874,-0.02337645665593655,-0.027723162560861183,-0.07336879747336945,rohrwild_nonlocal_exact_post_borel,-0.34324793176933055,-0.04103803403142506,24.733990124388775,0.522647572092462,5.584895019678035,-0.05401450224078558
lattice_fperp_s,theta_scan_25_45,5.429353199346769,2.5630079638838352,39.057697800746965,-0.1753521043127719,-0.22168670077373012,-0.4067146817548956,0.20314949742457378,-0.000950913946234169,-0.017170602497174104,-0.023089148576540663,-0.06989419078643777,rohrwild_nonlocal_exact_post_borel,-0.282632175265506,0.0035223985502626787,16.71794751080997,0.003847618623548276,6.732855504621927,-0.055708816875295906
lattice_fperp_s,theta_scan_25_45,3.508282423272406,2.572037857382302,40.681721656724534,-0.12191110593125369,-0.22434922708862423,-0.43790359074937507,0.2470870332855036,-0.0013898471708845561,-0.03214282245386817,-0.012735203371609279,-0.04365991485564824,rohrwild_nonlocal_exact_post_borel,-0.2496020635881043,0.05379315288402778,13.150793695820031,0.8979245150836777,6.536729438046573,-0.05757633625565836
lattice_fperp_s,theta_scan_25_45,4.314144537086863,2.574669866245499,27.56386096452092,-0.21200909665436604,-0.25594164216615317,-0.4251855441390257,0.19732686392728363,-0.001285037469994608,-0.02679792448441649,-0.023042590854697783,-0.06296007534598806,rohrwild_nonlocal_exact_post_borel,-0.3249955938756679,-0.0695114754577217,22.07099783198047,1.499164393160985,5.733140174732892,-0.05523562814541601
lattice_fperp_s,theta_scan_25_45,4.392151152895221,2.5773889709812696,42.46740032951988,-0.23929010309241153,-0.28182647211837497,-0.4207477034972173,0.16570888321373847,-0.0012213916670955874,-0.025566260167800642,-0.025626849790468132,-0.07626848510104198,rohrwild_nonlocal_exact_post_borel,-0.36945421340070894,0.013765828167224547,28.882639962960372,0.05885506401259986,5.769678980053203,-0.05573096659586627
lattice_fperp_s,theta_scan_25_45,5.5181536248262075,2.5878660826062276,25.003346599093618,-0.18482882192529557,-0.2316991944342628,-0.38235160619427,0.17012217728680248,-0.0010039200520112293,-0.018465845474784064,-0.03164195458235498,-0.08450094905061839,rohrwild_nonlocal_exact_post_borel,-0.2881068838974492,-0.06957466181506505,17.424145019205035,1.5008641841951542,5.5530631127711185,-0.055134902139236344
lattice_fperp_s,theta_scan_25_45,4.407959718066346,2.5722037793732735,26.43314335534609,-0.19670246602723374,-0.16543064057025436,-0.36383829152328434,0.21971115620015694,-0.0009795987343612146,-0.020323906512765753,-0.022745201964879516,-0.05074671885350334,rohrwild_nonlocal_exact_post_borel,-0.23569833588774952,-0.10249610451341722,11.648578823888926,3.2607385179708954,6.459008869626791,-0.05714916789165808
lattice_fperp_s,theta_scan_25_45,5.641220361006293,2.5112146838226406,39.11344117413363,-0.15255731507741743,-0.2363655451143931,-0.42260510230734727,0.21566699076264925,-0.0016130564533558655,-0.027814377116339207,-0.026678865055130112,-0.07121287299368337,rohrwild_nonlocal_exact_post_borel,-0.2796376352638844,0.0307440765819591,16.399249737267027,0.29340962953242494,4.2382556925671855,-0.05671548109699236
lattice_fperp_s,theta_scan_25_45,4.500013085548151,2.5556338911463503,32.909937210343685,-0.20064199898081625,-0.24391035513795584,-0.3811204611159512,0.16540019778969586,-0.0013183143674436685,-0.026871777444256832,-0.026376138668048017,-0.07180164302510349,rohrwild_nonlocal_exact_post_borel,-0.3137818218213664,-0.035922714165356334,20.709157066745448,0.400600874502684,4.842980001313927,-0.055181626440460436
lattice_fperp_s,theta_scan_25_45,3.056465702260163,2.5113671040908216,34.35787277647623,-0.08512523430786857,-0.23194180503454748,-0.4426260463425216,0.25949690525914243,-0.0019575890968479594,-0.04685507485432034,-0.007425798509860198,-0.035798492511864205,rohrwild_nonlocal_exact_post_borel,-0.23951590278345883,0.06062539692635628,12.09505246628492,1.1410328518732962,5.435412716238803,-0.05706195163361047
lattice_fperp_s,theta_scan_25_45,3.6567438338857863,2.598337481106134,30.945223711546493,-0.16933623273057868,-0.24003349375229172,-0.4505217592883439,0.2505438763634038,-0.0016697205316974764,-0.03838589029565416,-0.017884474055669102,-0.048636813835721805,rohrwild_nonlocal_exact_post_borel,-0.2929427587074992,-0.021803163971224185,18.03320492469907,0.14759404632436351,5.109689159831903,-0.05558191786162434
lattice_fperp_s,theta_scan_25_45,4.00936579897587,2.5986777853399294,40.980495601779694,-0.1419076048557724,-0.25200028706687694,-0.4477900617249892,0.23653653222370874,-0.0017880671339608634,-0.038958690431635586,-0.017605804891367823,-0.054216567663172704,rohrwild_nonlocal_exact_post_borel,-0.2833066016546463,0.05813159602648112,16.89663472382383,1.0478476628445657,4.584213324299066,-0.055980731455174314
lattice_fperp_s,theta_scan_25_45,3.431831095892613,2.546063848883995,38.11029233776126,-0.13364645070098047,-0.2309706768343438,-0.44310796556971355,0.2606244511971682,-0.0020177685675878223,-0.04646939389421065,-0.011986131221562007,-0.04140424458947537,rohrwild_nonlocal_exact_post_borel,-0.264216856374494,0.0373935843409601,14.668081246319225,0.4337230475723626,4.6359813967862165,-0.055976859956358906
lattice_fperp_s,theta_scan_25_45,5.43637255575029,2.5218585679590286,44.134938389113415,-0.18534554002686432,-0.22148617010384045,-0.3830099357604558,0.18132207096792108,-0.0010576275931958607,-0.018740677718109847,-0.028027664125848024,-0.0720817597204336,rohrwild_nonlocal_exact_post_borel,-0.2880264968373358,0.021209193165453305,17.355224213156003,0.13957179907540046,5.685316842403981,-0.05434021781457035
lattice_fperp_s,theta_scan_25_45,5.0062516133515045,2.508220915401078,29.094948467491665,-0.1552674613238251,-0.22496307204051472,-0.4088588177281844,0.21242240013913646,-0.0014529698356231793,-0.027073684615843654,-0.023527816486766617,-0.0651793998925192,rohrwild_nonlocal_exact_post_borel,-0.27207622705592716,-0.026284881564559437,15.668233778069158,0.21433237398497623,4.772540159066136,-0.05646214469431033
lattice_fperp_s,theta_scan_25_45,5.475136989847172,2.5416397903120838,43.13072115822328,-0.1922523674475313,-0.2591297624930284,-0.4130604323272492,0.1808408509521035,-0.0014243421922349956,-0.02548583892564773,-0.027563152811997383,-0.08068033382804425,rohrwild_nonlocal_exact_post_borel,-0.3205480639545674,0.036853022859087925,21.47596820114324,0.4212709229953657,4.578459471510275,-0.056262310389860425
lattice_fperp_s,theta_scan_25_45,3.190066202868432,2.572000095341113,43.1587974209808,-0.1405896028200432,-0.31104696155858547,-0.5043140559701593,0.27125728930048404,-0.003111065807488171,-0.07487912908142197,-0.011571904827027758,-0.045502839916809576,rohrwild_nonlocal_exact_post_borel,-0.32306301916964436,0.11020859476882751,21.900567681066267,3.767320456036028,3.4534134546697137,-0.05456570120777567
lattice_fperp_s,theta_scan_25_45,4.5155566151994275,2.553290177496922,40.79904791690483,-0.17832457393803974,-0.2011035720508123,-0.3903043956753026,0.21237427234838782,-0.0010877705250352814,-0.022085678198862247,-0.024533139238944946,-0.05814199293477622,rohrwild_nonlocal_exact_post_borel,-0.2687553009062242,-0.00359006916152832,15.13531368756009,0.0040016818418327485,6.114031480517744,-0.05604328742652713
lattice_fperp_s,theta_scan_25_45,5.091441628299295,2.5338730433024987,32.05031733929131,-0.16386618579229875,-0.20195218108596566,-0.4132507527224877,0.23482961223851645,-0.0011958262175046069,-0.022335214384489824,-0.025701476193922348,-0.060091052201467134,rohrwild_nonlocal_exact_post_borel,-0.25812896864576707,-0.03172137823877516,14.083155417185186,0.3120240523363689,5.498379725060369,-0.05445351980132663
lattice_fperp_s,theta_scan_25_45,5.177301014428599,2.5395600701912993,41.223322599687314,-0.17285984329695106,-0.2449226568355775,-0.41658819235705086,0.1971488779978808,-0.0013101130852040542,-0.024173229391203397,-0.02541131582517716,-0.0721638153709874,rohrwild_nonlocal_exact_post_borel,-0.29813166381178335,0.0313870082814901,18.736139445005144,0.3057287555613851,5.003116292944963,-0.05399130914225987
lattice_fperp_s,theta_scan_25_45,3.7242139622148778,2.586945407757554,44.29874873467687,-0.18772060102592358,-0.22511079044682403,-0.4043931871055809,0.22036930604096563,-0.001731299552676987,-0.03935560982953171,-0.019105396649438822,-0.05236100413907131,rohrwild_nonlocal_exact_post_borel,-0.2922175935412179,0.02286416519594539,18.020650586246443,0.16219908617662807,4.257071988172016,-0.05404437123140992
lattice_fperp_s,theta_scan_25_45,4.926925518476379,2.533635962805945,42.268242790869174,-0.15002612588249925,-0.21854393922282325,-0.3983264746476442,0.20834334613999986,-0.001426730313800257,-0.027134080401378633,-0.025020239649599475,-0.06472563069156863,rohrwild_nonlocal_exact_post_borel,-0.2626313323008409,0.035973255513309446,14.504552089497764,0.40154343330274694,4.562544900316392,-0.054850698691377965
lattice_fperp_s,theta_scan_25_45,4.449581542423705,2.5316924179775655,34.674307326581285,-0.16094433811968498,-0.1944005601958436,-0.3692734146221869,0.1987647287001672,-0.0011308610909033518,-0.0227610131829205,-0.024366434290570636,-0.05567296231697159,rohrwild_nonlocal_exact_post_borel,-0.2514378441056993,-0.02176392264090636,13.30922280368823,0.14696568636287952,5.603663062439653,-0.05408721297618043
lattice_fperp_s,theta_scan_25_45,4.636943413833222,2.551209598362154,30.684524080572604,-0.19759325434658873,-0.28290295315274355,-0.3779325466555934,0.12459792995912003,-0.0014199733682231093,-0.028148363088047093,-0.02726701271182017,-0.08226961165031951,rohrwild_nonlocal_exact_post_borel,-0.34412769223152195,-0.025559861212964385,24.89914090267033,0.20282921325778122,4.324895154001496,-0.05307380622403427
lattice_fperp_s,theta_scan_25_45,5.904448644884209,2.5709391329781965,32.80822249109134,-0.21797859330526223,-0.2507860557762871,-0.3907261382644704,0.1587707704814348,-0.001022804697531304,-0.017807883295720233,-0.03637710051183485,-0.09008726374600769,rohrwild_nonlocal_exact_post_borel,-0.32888997180940516,-0.04732546200911897,22.754259663148126,0.6948820032658318,5.562104194252576,-0.05580006890807122
lattice_fperp_s,theta_scan_25_45,3.007271940169705,2.519115142246085,44.5183690740071,-0.12987040063685354,-0.2866806406940265,-0.5055370022039174,0.2652027301113795,-0.0018455024174019966,-0.04450086618408657,-0.008098164039259535,-0.037588743988098826,rohrwild_nonlocal_exact_post_borel,-0.29546772420578726,0.10840172813644249,18.418610052325377,3.645842592107083,6.455801578101817,-0.055133899068781765
lattice_fperp_s,theta_scan_25_45,3.5411739620581018,2.508795220351576,42.95619567276779,-0.11130156779776963,-0.1967181936928647,-0.3485405239281562,0.1892051412116026,-0.0016046088360191443,-0.03577820214029198,-0.009702385754020161,-0.04607825805115494,rohrwild_nonlocal_exact_post_borel,-0.21981833871147607,0.05259262961814823,10.138668186638826,0.8582230001729458,4.511082103786413,-0.05441830457634128
lattice_fperp_s,theta_scan_25_45,5.732175661447708,2.5968444827624917,26.90236996633993,-0.22730136841763005,-0.2504983224931457,-0.40040132384281996,0.17342437378788841,-0.0012367359939969985,-0.02228463644421713,-0.039114382376971416,-0.08731262553978364,rohrwild_nonlocal_exact_post_borel,-0.3262365102221888,-0.08935916883261003,22.346292385181453,2.4774855676037855,4.605922821003671,-0.05513199892421484
lattice_fperp_s,theta_scan_25_45,3.2616512577674412,2.5806827577343214,37.45127088682856,-0.15654417852776134,-0.32887485663200233,-0.47316785713128134,0.21027741381086495,-0.0026499413456611723,-0.0633344719659248,-0.012001515709496067,-0.05296631219794792,rohrwild_nonlocal_exact_post_borel,-0.35627654154218746,0.07570850085947847,26.766343184264883,1.7799637101873607,3.72258721144818,-0.05459190608794517
lattice_fperp_s,theta_scan_25_45,4.933080939709496,2.518412310100878,32.211458889408455,-0.16404900297367242,-0.2398245582066614,-0.3999472918831134,0.1816725955804324,-0.001093864114385896,-0.02045599778959451,-0.026506006722824865,-0.06738686730321544,rohrwild_nonlocal_exact_post_borel,-0.2903579222291967,-0.010962257724577429,17.73162954105432,0.03728291630376561,5.912087732757849,-0.05257039462488855
lattice_fperp_s,theta_scan_25_45,3.3568544962782694,2.587621186306837,25.452407908838474,-0.17058925373516023,-0.2635271869340663,-0.45575339445451285,0.24515766871780684,-0.002135090717031811,-0.050796370480328444,-0.013543206957447927,-0.047353089804622224,rohrwild_nonlocal_exact_post_borel,-0.3112625628385623,-0.04077853256888041,20.35756238783604,0.5161447565455294,4.424862878994701,-0.05660262127272971
lattice_fperp_s,theta_scan_25_45,5.998715570515898,2.5552784419242127,42.75533601614215,-0.20125934194680287,-0.24824535750341406,-0.41143128731568546,0.18165895556139025,-0.0010325422546277802,-0.017440483494491062,-0.03278418361448836,-0.08210395115571417,rohrwild_nonlocal_exact_post_borel,-0.31890521419048146,0.02074956879024553,21.366264086478058,0.13374413253269,5.797482674702651,-0.05401918532077379
lattice_fperp_s,theta_scan_25_45,3.3988833649841106,2.539761305203495,37.43339971012645,-0.13864977027054706,-0.2908685947322288,-0.4515674604788018,0.19992654864851347,-0.0016312347263031687,-0.0375964481756373,-0.012556039534769392,-0.05051525536300283,rohrwild_nonlocal_exact_post_borel,-0.31524395388696175,0.06670493036719381,20.88053363594557,1.3808176207713312,5.716083964308906,-0.05398020165329908
lattice_fperp_s,theta_scan_25_45,5.928485499844023,2.505089452977925,40.46453241769877,-0.18273722927823172,-0.2687061292106069,-0.3496391758220293,0.09910111820863222,-0.0010241209192935865,-0.017143950677916173,-0.029034606347375105,-0.10478907479671801,rohrwild_nonlocal_exact_post_borel,-0.32302602887956117,0.03535623715744249,22.04534200550105,0.38818091988766207,5.20150500960299,-0.054986672019519546
lattice_fperp_s,theta_scan_25_45,3.9396236540275495,2.5096681210030076,43.115632249990355,-0.13892485481678796,-0.2346872163681902,-0.39323199185083096,0.19033722835119385,-0.001423960085624407,-0.030368492782928646,-0.01769697581419947,-0.0552132976533797,rohrwild_nonlocal_exact_post_borel,-0.26626737726660155,0.05899058074032357,14.84435560070759,1.079939199174424,5.526941356616698,-0.057663086163724425
lattice_fperp_s,theta_scan_25_45,5.630867451758807,2.5672207037944386,40.36518164159416,-0.17768704207799346,-0.3160158766652295,-0.42763635356635304,0.1364188619025108,-0.0013196200335241488,-0.023478764967863087,-0.03163121965997037,-0.09778153713123988,rohrwild_nonlocal_exact_post_borel,-0.35586287351954915,0.06928444614290796,26.654725576305356,1.489807410880576,4.881771450577447,-0.0554499306569239
lattice_fperp_s,theta_scan_25_45,5.391097323719198,2.5562481672920447,42.359167632642254,-0.17872884508556536,-0.2348409132522706,-0.41390948998338006,0.2035811007805551,-0.0012709565818961122,-0.023241567467549577,-0.03237073487742873,-0.07415206139669579,rohrwild_nonlocal_exact_post_borel,-0.2939555321093663,0.026161034862555166,18.087738445107604,0.21243061869694269,4.829976393083841,-0.05364230706545864
lattice_fperp_s,theta_scan_25_45,4.344813480706146,2.5336746922283275,27.41252784996677,-0.14957800757687678,-0.24065984349781686,-0.37665596646370236,0.16102742608855117,-0.0011626607545183402,-0.02386864236814732,-0.022224455628045422,-0.06836046918900156,rohrwild_nonlocal_exact_post_borel,-0.2825020922017991,-0.02198427903453047,16.681344680904775,0.14994266616902072,5.7427616350342605,-0.05595887542945937
lattice_fperp_s,theta_scan_25_45,3.2680874398345536,2.521713665947225,29.274943154428808,-0.17645193632208528,-0.2427923754064297,-0.41761344609553347,0.22103846648701136,-0.0018912168553400618,-0.04432617894256759,-0.014852503370862923,-0.04384205072449987,rohrwild_nonlocal_exact_post_borel,-0.2980688902933536,-0.035190339961396824,18.63698359374265,0.38423008542069154,4.598964088855298,-0.052948755355760595
lattice_fperp_s,theta_scan_25_45,4.081850393051952,2.597580444048832,32.11033951789612,-0.19031162312444236,-0.24174776408785356,-0.4219346947006359,0.20770124191832706,-0.0012065649355670785,-0.026307746369977684,-0.024812054225530178,-0.059196611797047945,rohrwild_nonlocal_exact_post_borel,-0.30592706212949444,-0.03269752275865423,19.751424843341237,0.33162120003232654,5.8853278143614896,-0.0534232058063467
lattice_fperp_s,theta_scan_25_45,3.481648113560813,2.529233155423851,35.37210106925349,-0.10402280269492775,-0.23138592291873433,-0.43058389904039673,0.24119851052207397,-0.001793155016051035,-0.04020737938436058,-0.009302438320223325,-0.040409000671873085,rohrwild_nonlocal_exact_post_borel,-0.2488914979891167,0.04912444436526338,13.044030187269094,0.7486241625264026,5.129011866571456,-0.05460628800356779
lattice_fperp_s,theta_scan_25_45,5.74019813365461,2.520610716776296,30.43836049554091,-0.16362099205410102,-0.21075698739413556,-0.320073213324545,0.12770591116556995,-0.0010077085748251653,-0.017381976660335342,-0.029960146831455474,-0.0881669101227261,rohrwild_nonlocal_exact_post_borel,-0.26460155143042174,-0.03429804304670862,14.676001839895651,0.3648495676405894,4.892882358843289,-0.05569299714115393
lattice_fperp_s,theta_scan_25_45,4.0213481239836995,2.5792724964881333,39.97732539964726,-0.2044804881269753,-0.2576350338518555,-0.4349094218651316,0.210112701160357,-0.001433145912029914,-0.03140516723505098,-0.02450101239196768,-0.060519184572078694,rohrwild_nonlocal_exact_post_borel,-0.32880093173788894,0.00883334482452064,22.801959762270947,0.024227010424140227,5.379838193400175,-0.055606221874535074
lattice_fperp_s,theta_scan_25_45,4.563377420689271,2.571840702856719,36.4041667741217,-0.23074567378819164,-0.23781500448839554,-0.41465234794321054,0.20299119166626475,-0.0012250574895565146,-0.024928790721893246,-0.023513670222059708,-0.06615091796402052,rohrwild_nonlocal_exact_post_borel,-0.3283479056120657,-0.0445779677862522,22.69206362704082,0.6165445556117269,5.751523756021964,-0.05697431762988738
lattice_fperp_s,theta_scan_25_45,5.074638698934755,2.597186535242283,28.463979516177012,-0.218960343498968,-0.21757106048157546,-0.40674586168929594,0.22170078465701668,-0.0015957274740236156,-0.03093025597527248,-0.029810468157675574,-0.06853441335324369,rohrwild_nonlocal_exact_post_borel,-0.295628251708577,-0.08879603130767534,18.47994036543408,2.445516207569562,3.8930298889650907,-0.05552717730354222
lattice_fperp_s,theta_scan_25_45,5.224587970608309,2.5739349037839543,42.349473582048006,-0.187814797863538,-0.24690830533275374,-0.45579531655339217,0.23376915148430463,-0.0012497452164828239,-0.023632395047183324,-0.03288265851945991,-0.07150194579878218,rohrwild_nonlocal_exact_post_borel,-0.308999116947121,0.02752553840914715,20.055560264102176,0.2349588914897034,5.41271971529873,-0.05423344517306882
lattice_fperp_s,theta_scan_25_45,5.884008560176668,2.573040408677271,34.588203896277484,-0.21984343374057452,-0.24013418355541633,-0.4322425699294756,0.21679176248806392,-0.0013335186585843866,-0.023349857455420307,-0.03479702430437115,-0.07937101197991835,rohrwild_nonlocal_exact_post_borel,-0.32249070893206805,-0.04466882719710624,21.96423134709932,0.619659043150746,4.665955827212611,-0.05546567130305422
lattice_fperp_s,theta_scan_25_45,5.471797459866622,2.571552346879223,35.50093908051249,-0.1909787070066864,-0.24110510632517662,-0.44973725074296494,0.23592683302042322,-0.0014211468125342555,-0.02587354179010068,-0.03130118879887195,-0.07076171977304385,rohrwild_nonlocal_exact_post_borel,-0.3071895617355059,-0.015463246320495672,19.82322463421073,0.07418702868407231,4.723378127967787,-0.05472407601396462
lattice_fperp_s,theta_scan_25_45,4.691035881300011,2.5585416929187477,25.90453003175827,-0.18264478621597427,-0.35279555054920325,-0.4335041232752525,0.11321676812369957,-0.0015721999636261173,-0.03093599543402413,-0.02287187130629159,-0.09004354744915197,rohrwild_nonlocal_exact_post_borel,-0.3971403561706054,-0.010166411356965388,33.18508827175634,0.032103395085132186,4.668155452125505,-0.05550891622425897
lattice_fperp_s,theta_scan_25_45,3.4450074994893987,2.5987789647155672,27.90682486736544,-0.18019160597718356,-0.34014119204465887,-0.4890056426601597,0.20271572575932895,-0.002204919414675386,-0.051646355729152715,-0.014896220375074487,-0.05647576913456402,rohrwild_nonlocal_exact_post_borel,-0.38492212701005923,-3.909283711100997e-05,31.05770664268942,4.742152479931258e-07,4.2396845806058545,-0.05244884653322815
lattice_fperp_s,theta_scan_25_45,5.369864778741915,2.523399115234545,40.47602765928804,-0.15702355846069174,-0.2592126201300996,-0.40863630431288706,0.1726313330987741,-0.0012366585618263759,-0.021970990354160242,-0.021767725403668947,-0.07690256146510402,rohrwild_nonlocal_exact_post_borel,-0.2991059178805968,0.04881833912757849,18.66083073987376,0.7395243791867943,5.571407999408545,-0.0573019392324378
lattice_fperp_s,theta_scan_25_45,4.5730755584315395,2.518759844087934,35.40517123503486,-0.17354859173201415,-0.2546259594986171,-0.4462466824829119,0.22109382940473182,-0.0014298570698866783,-0.02804324935055038,-0.023953362560104653,-0.060887994421927015,rohrwild_nonlocal_exact_post_borel,-0.3080855827670066,0.006063549609813035,19.9798096186527,0.01141547711736769,5.210293983120789,-0.052433549833689454
lattice_fperp_s,theta_scan_25_45,5.1277695675314545,2.510330134607285,34.78312219763881,-0.21265555953442453,-0.2078140569631583,-0.37239455212050593,0.18842437996674444,-0.0012376660194563694,-0.0226062187899405,-0.02859987862464404,-0.06535496908650332,rohrwild_nonlocal_exact_post_borel,-0.2919952470361804,-0.056105659078794765,17.942467212162878,0.9768520641958542,4.7430969004396974,-0.0524392680195368
lattice_fperp_s,theta_scan_25_45,5.646601273581804,2.5906134632741065,37.603799619147885,-0.21636756305116983,-0.24716886677915406,-0.44684482567247746,0.21734829012890947,-0.0009291475919230467,-0.016743183643663038,-0.02893980049197795,-0.07630054314568424,rohrwild_nonlocal_exact_post_borel,-0.32784632203576275,-0.02059514926423478,22.481624235428068,0.13151354694849568,7.292765969287836,-0.05725124089186362
lattice_fperp_s,theta_scan_25_45,5.643995154683417,2.5496363773730737,39.91133454850117,-0.19795771053343555,-0.18337744054407484,-0.3721884756421387,0.21339208967106493,-0.0013281780556163422,-0.02325287651738474,-0.029972497478209237,-0.0635978057630756,rohrwild_nonlocal_exact_post_borel,-0.2676674505750425,-0.03418591468415515,15.101378830855483,0.36259489789450644,4.186488742064498,-0.053580464535882076
lattice_fperp_s,theta_scan_25_45,3.05480222270938,2.5972866744454035,26.657363862895117,-0.1269023500774535,-0.2542249675374345,-0.4693417557158385,0.2598341448572481,-0.001738662578312087,-0.04297869410053199,-0.0106735562184602,-0.03828358999409038,rohrwild_nonlocal_exact_post_borel,-0.2841375082475868,0.000645741002821304,16.97333715237506,0.00012943802872220946,6.056814985360918,-0.056394547536093645
lattice_fperp_s,theta_scan_25_45,3.2511039524480814,2.5103774714002336,35.305118275472594,-0.1435321787232124,-0.24982324868728117,-0.40209657489795775,0.1988915880737946,-0.0019292072881260172,-0.04468905457499198,-0.012586547808981172,-0.04382688982149653,rohrwild_nonlocal_exact_post_borel,-0.2868288751980517,0.027245885309891887,17.335602706821646,0.23042855745743313,4.403207229735066,-0.05168110394291099
lattice_fperp_s,theta_scan_25_45,3.1460640007801297,2.576370503190875,41.650690213515155,-0.18612382257295737,-0.22389021866841324,-0.42073844549440875,0.24038335758106927,-0.0017231642990406526,-0.041811966456033134,-0.01266860406063253,-0.03916192896487151,rohrwild_nonlocal_exact_post_borel,-0.29098867621985786,0.009720990503769178,17.881487442789386,0.02930999332499714,5.1342538981328,-0.05358990481677745
lattice_fperp_s,theta_scan_25_45,4.17933905796697,2.5702689190736634,38.164285726126955,-0.24891603419332187,-0.2508622479451642,-0.41198617129894927,0.17929865771434142,-0.0008138094811394516,-0.017360924879416935,-0.028016484644405995,-0.06425796678087886,rohrwild_nonlocal_exact_post_borel,-0.3510482932335515,-0.04069588849555242,25.864369196157206,0.5139604310428714,8.208288875597313,-0.051500794519488816
lattice_fperp_s,theta_scan_25_45,4.896512542113391,2.5162202866972514,28.602819633662644,-0.19770057718498338,-0.244613410309343,-0.39369942252879164,0.1632130935271256,-0.0007070476836044215,-0.0134200336240725,-0.025132042483067833,-0.07254233554249437,rohrwild_nonlocal_exact_post_borel,-0.30940684569660426,-0.056468066714917,19.995385630946426,0.9902828090594363,9.62228292666301,-0.05737749349639671
lattice_fperp_s,theta_scan_25_45,5.408979801244248,2.5940706070964596,30.565271758631557,-0.25638220004363504,-0.2609833560687762,-0.42938349729613995,0.19092280203208126,-0.0011507059000685983,-0.021371954904648927,-0.03676837194660313,-0.08136175747358575,rohrwild_nonlocal_exact_post_borel,-0.35509520151296076,-0.08804284472122592,26.380740327103254,2.40494773563078,5.106122015286149,-0.05097629786295226
lattice_fperp_s,theta_scan_25_45,4.887765156672388,2.590411635035864,39.95129370564651,-0.18769595925218482,-0.27251327757373184,-0.4131576484547226,0.1667431070105078,-0.0012538760788185035,-0.024844860050698636,-0.029205328846588826,-0.08325471472046504,rohrwild_nonlocal_exact_post_borel,-0.3294324796111085,0.031104677314710255,22.949707954200356,0.3002508023246787,5.07837723702025,-0.05496126107222033
lattice_fperp_s,theta_scan_25_45,3.2092158586199226,2.514009486841954,39.06641792269287,-0.12231682919162928,-0.20438147149415437,-0.3679088770286577,0.19809176500456294,-0.0014117908359872339,-0.03315256863407238,-0.011825548985360241,-0.04042191303917491,rohrwild_nonlocal_exact_post_borel,-0.23577164444368381,0.03383672959863583,11.557664111869563,0.3551483060092805,5.735243598853958,-0.054503096080397245
lattice_fperp_s,theta_scan_25_45,5.532029921906445,2.5930163486302322,36.34591869594267,-0.2735856305146805,-0.2746763090537435,-0.4508606832197923,0.20205092749625164,-0.001329339256877602,-0.02453721407332529,-0.03645851552374717,-0.0857675079481493,rohrwild_nonlocal_exact_post_borel,-0.3833819672415789,-0.05757116616397295,30.952611562378394,1.0282172092738686,4.721174976702093,-0.05331062225012633
lattice_fperp_s,theta_scan_25_45,5.632407688150739,2.543055793531283,43.08442109891619,-0.157750630565956,-0.20349755020929516,-0.37210763505547306,0.19248841338605086,-0.0012907766188456529,-0.022587551921027366,-0.027041861726940238,-0.07144121837296062,rohrwild_nonlocal_exact_post_borel,-0.25637958159253477,0.023791269986660382,13.776897360292624,0.17566075496599837,4.342488366745158,-0.053777491046094
lattice_fperp_s,theta_scan_25_45,5.801014905037167,2.5186946847395206,27.81896273264348,-0.14307005517859483,-0.3073963930850441,-0.41293329473554696,0.12941038675214778,-0.0013378339504162868,-0.022535651151228537,-0.02439604772742987,-0.0952296749516363,rohrwild_nonlocal_exact_post_borel,-0.3386373820099704,0.01692059916003258,24.21090335059665,0.08883525710686076,4.929984877616765,-0.055924979024559535
lattice_fperp_s,theta_scan_25_45,5.44878353801859,2.540917085564155,33.50033419271356,-0.13888158472976037,-0.25833798979359546,-0.39309224005616966,0.16147664146840002,-0.0014263537199785724,-0.025296037485847217,-0.022845394758843285,-0.08106266613071017,rohrwild_nonlocal_exact_post_borel,-0.2920781140046579,0.026776610448813826,18.00849551175846,0.2224573855305914,4.47340349774569,-0.05617089658047239
lattice_fperp_s,theta_scan_25_45,4.354936039853287,2.5676971134614863,34.34651885114343,-0.2318564444450171,-0.2522148037950197,-0.42038918144759135,0.20002513419663812,-0.0014793687364262297,-0.030371387807640208,-0.022731524191070482,-0.06161029069533437,rohrwild_nonlocal_exact_post_borel,-0.3390513671504103,-0.04913133946355694,24.217216532381606,0.7490995671996897,4.67782136089974,-0.051595865983586287
lattice_fperp_s,theta_scan_25_45,4.871303024932041,2.5153171850582785,27.863994276014136,-0.13267977097433864,-0.2613477696038919,-0.3578755332612929,0.12639735353084533,-0.001501266336212102,-0.028368323537232187,-0.02354057711411229,-0.08314032355200292,rohrwild_nonlocal_exact_post_borel,-0.2930581028294239,0.00485042974907407,18.08676696245972,0.007299832040883822,3.9093310327793738,-0.053380247934901814
lattice_fperp_s,theta_scan_25_45,5.345289409846242,2.506916586414153,38.03787340064641,-0.1954170437551159,-0.31273147681391095,-0.3731988354081813,0.08051475972811527,-0.001073055929761719,-0.018974345204083202,-0.02291684371120046,-0.10026960863755408,rohrwild_nonlocal_exact_post_borel,-0.3667209525624719,0.03878840718400087,28.173084819754706,0.46673341359780157,5.861505279322628,-0.05648555778570968
lattice_fperp_s,theta_scan_25_45,3.8175870926628717,2.594663926400622,41.40614340602555,-0.16167191372260384,-0.23173397283967276,-0.44169468310200544,0.25300016466734476,-0.0018326797651002438,-0.041206774639911875,-0.016133202638595596,-0.049890130037362104,rohrwild_nonlocal_exact_post_borel,-0.28073834284794785,0.032006635402293496,16.554835245390475,0.31762938339682956,4.717392654281956,-0.05902376266522868
lattice_fperp_s,theta_scan_25_45,3.616960452760572,2.5028084657314134,44.758680196052,-0.1449738771506715,-0.34800778276227884,-0.5084457696791927,0.20770450122859305,-0.0020472252329230066,-0.04521928907875623,-0.015825361377825645,-0.05583080120516898,rohrwild_nonlocal_exact_post_borel,-0.3491922586651401,0.14209717944967581,25.68694506790375,6.268653117828941,5.122467047676333,-0.054976730890116204
lattice_fperp_s,theta_scan_25_45,4.0704434457676495,2.565329017545045,31.478289747056984,-0.15120403841031885,-0.23917442057018515,-0.388295049384728,0.18275677345312266,-0.0014972234163860758,-0.03213892122219372,-0.018918323605836146,-0.0617143538464928,rohrwild_nonlocal_exact_post_borel,-0.28293209163949445,-0.0040615523108389895,16.86448637460266,0.005120391218481551,4.712717527621678,-0.055796023185738015
lattice_fperp_s,theta_scan_25_45,5.377541077038351,2.553050763050267,28.389731781128457,-0.13489086634554118,-0.22508247027003847,-0.403532538776096,0.20312431910854886,-0.0012863472668405605,-0.023387903335650752,-0.027192815660915796,-0.07170398754735649,rohrwild_nonlocal_exact_post_borel,-0.26214875193382925,-0.01164886714874254,14.431854463221859,0.042092670549248146,4.793571822372561,-0.05427249149673949
lattice_fperp_s,theta_scan_25_45,4.630261586460446,2.568416124759364,26.039394560987414,-0.19951815617423632,-0.2697687803582853,-0.44538552553001864,0.20649319448885672,-0.0014588256588163294,-0.02941762365830702,-0.024009531669182488,-0.07103652404414051,rohrwild_nonlocal_exact_post_borel,-0.3299714860389249,-0.06084001890554716,23.03101106628954,1.148395335053623,5.084078310637421,-0.056226343725494905
lattice_fperp_s,theta_scan_25_45,5.179941655650372,2.5856353554505596,40.39814534565079,-0.2576768597795288,-0.2576501732514078,-0.40704515364892196,0.16833003109292918,-0.0009395273908422434,-0.017995523304572828,-0.03315025000009783,-0.08403854284832164,rohrwild_nonlocal_exact_post_borel,-0.3632150309730252,-0.02925435211355329,27.719053295835792,0.26562369501306404,6.526201136215075,-0.05557080573347132
lattice_fperp_s,theta_scan_25_45,3.4260228132424295,2.531451969665713,35.80110110420404,-0.13652772268063598,-0.2581540062036696,-0.5052788036848351,0.29262512667861706,-0.0019140114839694133,-0.04358631771348206,-0.0114659187232547,-0.03907250345230442,rohrwild_nonlocal_exact_post_borel,-0.28924153930715124,0.040282029722875395,17.61735205553753,0.5035211471109903,5.543630120614102,-0.05415424780963681
lattice_fperp_s,theta_scan_25_45,5.282586458070003,2.568723056009909,26.78274165573357,-0.18902687048570552,-0.2793962494563506,-0.44199620232102915,0.18554517100645943,-0.0011795138941148996,-0.021765704247666,-0.028319113619877722,-0.07797957063068703,rohrwild_nonlocal_exact_post_borel,-0.33460020860230755,-0.042849998590283295,23.501623357271168,0.569416410623485,5.984467870544653,-0.056442442003635886
lattice_fperp_s,theta_scan_25_45,3.515633591006207,2.520162267111201,43.13047284450011,-0.17014944455167044,-0.1950979707854686,-0.35319157850236815,0.1863965639590983,-0.0011923434800976233,-0.027110612762101124,-0.017979388238947052,-0.04734048937108612,rohrwild_nonlocal_exact_post_borel,-0.2587069718317916,0.009206215915028015,14.15475005175058,0.02631559981894875,5.604705973670171,-0.051360646368522375
lattice_fperp_s,theta_scan_25_45,3.5462035856881466,2.5854166507004868,39.690862611658076,-0.15865780916761277,-0.2579762322114397,-0.4889254092613211,0.2808215944327185,-0.002067064683243767,-0.04780535269959335,-0.01578908502690987,-0.04549615586997707,rohrwild_nonlocal_exact_post_borel,-0.2998391091453868,0.042667849990105144,18.969832854657845,0.5647543586849892,4.575225708684076,-0.054567456270195915
lattice_fperp_s,theta_scan_25_45,3.417756360504214,2.5802093334517067,36.18782114751012,-0.16348227317161235,-0.2889120840271629,-0.46460202375673193,0.21574121081838776,-0.0016352121295280318,-0.0384160589592907,-0.01486387241150241,-0.05176149154436846,rohrwild_nonlocal_exact_post_borel,-0.32970236326439867,0.038639327066430446,22.90168929019112,0.4632195218681284,5.625774744915672,-0.05428532482454625
lattice_fperp_s,theta_scan_25_45,4.845122030802134,2.555379028425749,44.396163920738594,-0.19286145591251222,-0.22078744443887066,-0.4138706167823443,0.2164961894016896,-0.0011346332325872272,-0.02227838382562871,-0.027323002923396716,-0.06503148749794026,rohrwild_nonlocal_exact_post_borel,-0.2926858038411988,0.016663043790753396,18.03928461376758,0.08620245026061582,6.191966514294331,-0.05895127625033484
lattice_fperp_s,theta_scan_25_45,4.46976673050577,2.598440687612554,31.851833369163383,-0.2453686752331869,-0.27570921124908043,-0.4363677117567463,0.1828345779752573,-0.0010114464275101616,-0.021164631040081205,-0.028606465204270203,-0.073585067308639,rohrwild_nonlocal_exact_post_borel,-0.36367876103647867,-0.06292149651948112,27.742193641601524,1.228294536743788,7.006276888426371,-0.05546685304407938
lattice_fperp_s,theta_scan_25_45,5.029432741363585,2.5541378686432887,35.391189649429016,-0.21829467317845186,-0.3326384380047263,-0.47231796706780543,0.1630447024309435,-0.001164235767208825,-0.022200937600655495,-0.030266046186370035,-0.08751171809943603,rohrwild_nonlocal_exact_post_borel,-0.3975990948227983,0.014691990076319494,33.352839823679986,0.06698096642290749,6.191681327283638,-0.05322505656725183
lattice_fperp_s,theta_scan_25_45,5.006737970334496,2.5752046818615724,29.517631259606695,-0.21034076220368997,-0.2989561681406137,-0.4720087058398668,0.20290057389006919,-0.0014709725896942612,-0.028377063601121733,-0.025869249773191386,-0.07757683913980816,rohrwild_nonlocal_exact_post_borel,-0.363785967931022,-0.03574627603314204,27.80429038308011,0.3961296384490657,5.422257782842133,-0.059576410153974836
lattice_fperp_s,theta_scan_25_45,5.244869325798292,2.5169993603915084,42.702646275144474,-0.20188024693166925,-0.2574603711403465,-0.40974109723721275,0.18178699386213493,-0.001532692126041895,-0.027973575639226717,-0.02896496263589013,-0.07872010038915432,rohrwild_nonlocal_exact_post_borel,-0.32611721401574717,0.026249562501574508,22.28385094075511,0.21379488794487325,4.1650423395130485,-0.05390893116646311
lattice_fperp_s,theta_scan_25_45,4.0568665357522775,2.568767867571823,44.24742338265179,-0.1485215532031225,-0.22289032004224688,-0.39805061157256943,0.2200689239756517,-0.001993838621971362,-0.04291479382335778,-0.01810388474968333,-0.05552393019684755,rohrwild_nonlocal_exact_post_borel,-0.26329590210544385,0.04913262122952232,14.605416034569915,0.7486148344468017,3.6727609645736545,-0.05641504137750875
lattice_fperp_s,theta_scan_25_45,4.65805035921121,2.5252178729309533,32.89359138264831,-0.1783728952339059,-0.22101292185530738,-0.39124392367860084,0.19814060409665335,-0.001351128459664923,-0.026558473813695006,-0.02325747406274625,-0.06362859907504817,rohrwild_nonlocal_exact_post_borel,-0.2824511131225546,-0.029748446631312264,16.720140722643695,0.2746143876039266,5.091008645115304,-0.057364724134022556
lattice_fperp_s,theta_scan_25_45,3.3103761869157315,2.5289538930112747,40.111733748722784,-0.09559404639642152,-0.24826391717058185,-0.4114065974180643,0.20817067500150782,-0.0018604377894820576,-0.04316755696454335,-0.009799069717979928,-0.04417273840462223,rohrwild_nonlocal_exact_post_borel,-0.25145898810122347,0.08684222232549951,13.365029172908384,2.3404100140786683,5.101485970992273,-0.05823554599871861
lattice_fperp_s,theta_scan_25_45,4.880177450130305,2.5004104486521985,32.612008200444706,-0.1914921462765322,-0.2313815922812261,-0.42893431760237377,0.22628917850402916,-0.0014533801453283075,-0.027283073037553188,-0.025097422344714345,-0.060511083042647615,rohrwild_nonlocal_exact_post_borel,-0.29810602805336833,-0.036598898486603595,18.641724032120013,0.4155942495030567,5.024165391089231,-0.0549887021116635
lattice_fperp_s,theta_scan_25_45,3.3464737903924906,2.549488741677302,34.03690477412398,-0.08671746240559505,-0.24811835664379642,-0.436342051794787,0.24009740385063172,-0.002132067666893967,-0.04974164103274714,-0.009017999623854925,-0.04438737166036923,rohrwild_nonlocal_exact_post_borel,-0.2541481156452272,0.06701770291247067,13.67219663581557,1.3935637080796428,4.474566751118216,-0.05705975533272236
lattice_fperp_s,theta_scan_25_45,5.966593240890919,2.536878124210133,41.49367692239674,-0.1849194332797541,-0.2322762988305016,-0.4110667853340253,0.20418011436319028,-0.001419876675414642,-0.02396975118425192,-0.02896416786285798,-0.07832990557956135,rohrwild_nonlocal_exact_post_borel,-0.2964976859207199,0.015381743937539716,18.533228969227153,0.07343388573050293,4.1681173146472785,-0.052876422314619635
lattice_fperp_s,theta_scan_25_45,3.838976023469591,2.5312261469936073,26.594344272740265,-0.14703236971770023,-0.19556731348544232,-0.3639972477328022,0.20608945996723513,-0.0016518651740689287,-0.0360076605458064,-0.014791037298530103,-0.050084637305824575,rohrwild_nonlocal_exact_post_borel,-0.24069808684543187,-0.043926334216102036,12.174752997685356,0.5987069817280772,4.269881904668331,-0.05581761224920048
lattice_fperp_s,theta_scan_25_45,4.967625238735305,2.544117327233458,44.40413163304273,-0.24369973304674025,-0.24482724077382506,-0.4209640578376946,0.20555632868818693,-0.0014627816316590664,-0.02795672999265827,-0.0280338675290681,-0.07046705580046383,rohrwild_nonlocal_exact_post_borel,-0.3454303465335236,-0.002795246984933747,25.1650907397897,0.00242412231266911,4.604880146209376,-0.054989952206451774
lattice_fperp_s,theta_scan_25_45,4.677468507333064,2.5666503340213693,38.63837700692529,-0.18999142575886854,-0.2575909349255126,-0.4551764112280243,0.22115337033816024,-0.0011248188578175658,-0.02244307517783091,-0.024693688676302342,-0.06467833943161608,rohrwild_nonlocal_exact_post_borel,-0.3198361040981501,0.012437770419356675,21.403480733440254,0.047993046723809614,7.001148438720025,-0.058116465894511055
lattice_fperp_s,theta_scan_25_45,5.841623417948875,2.5635804143840564,35.51757434690658,-0.18359741873234364,-0.21979720265650016,-0.377661035312674,0.18388432267652294,-0.0014132578642401914,-0.024607232156108952,-0.03628792139199167,-0.0803417868511799,rohrwild_nonlocal_exact_post_borel,-0.28556256058463403,-0.021745032838543593,17.15986181869947,0.14663123588958799,3.718195156690485,-0.05240205808848934
lattice_fperp_s,theta_scan_25_45,3.044291021420666,2.588332546404694,41.19425305784402,-0.14470970781060474,-0.23989419367579357,-0.44374865553567033,0.2566751161815989,-0.0020471867972218995,-0.05077346752450019,-0.01101401758913978,-0.039570226518592995,rohrwild_nonlocal_exact_post_borel,-0.27582365409762677,0.04910636958911234,15.990621220540735,0.748258805343046,4.778951817517312,-0.05580342517125971
lattice_fperp_s,theta_scan_25_45,5.373657724160213,2.5356453162158488,44.55934040929629,-0.14768914943094721,-0.23788065482058393,-0.40818324909589926,0.1964699842641903,-0.0013787803941887422,-0.02478860959468625,-0.024456433375994423,-0.07306056918039205,rohrwild_nonlocal_exact_post_borel,-0.2731214462064846,0.06167630354994379,15.707271092186257,1.1806569976341625,4.755146006970611,-0.05590534880779167
lattice_fperp_s,theta_scan_25_45,4.012222825430311,2.592901591525209,34.56211958272497,-0.13119480253862773,-0.22960780947882548,-0.4417171107660184,0.25416550230441504,-0.0018377434662795946,-0.04021845755094248,-0.017551077259982086,-0.05227510829511327,rohrwild_nonlocal_exact_post_borel,-0.2635114318736781,0.022215932541715416,14.599511595578484,0.15316997949489072,4.383806630929934,-0.056606876838332515
lattice_fperp_s,theta_scan_25_45,4.31635000525895,2.5957987473746926,37.98691301036591,-0.2192194229609812,-0.26826376147512976,-0.4296878328092751,0.19994732970411108,-0.0017301272833637042,-0.0367931310866021,-0.023980501943002185,-0.0701191927923059,rohrwild_nonlocal_exact_post_borel,-0.3463579400788941,-0.007666711709469393,25.268727456766072,0.01824636539111192,4.171252510699605,-0.055841303774672134
lattice_fperp_s,theta_scan_25_45,3.025632551636491,2.5945658696638394,37.773018226075834,-0.1335236957109291,-0.24653900977976503,-0.4319143583216264,0.23892124687078006,-0.0020667281142097544,-0.051479170214708936,-0.01129679939201694,-0.04144765994115369,rohrwild_nonlocal_exact_post_borel,-0.27666309307602455,0.04547079930129734,16.13740421476754,0.6416070796102316,4.569454452188502,-0.05523034878647779
lattice_fperp_s,theta_scan_25_45,5.9931535984085995,2.5916261196924544,41.60045490923985,-0.21352894209510753,-0.2586207605781896,-0.4149207424630432,0.173867350492319,-0.0009574792306443569,-0.016609889376821015,-0.036166398851911315,-0.0890300492816301,rohrwild_nonlocal_exact_post_borel,-0.3351634772271485,0.012031228004811101,23.49724017002917,0.0449154829991472,6.086084225423518,-0.05459728044894652
lattice_fperp_s,theta_scan_25_45,4.970082026281196,2.537468065602081,34.589089389995,-0.1641811762668713,-0.283799017490389,-0.44912995620221297,0.1874093697928948,-0.0011065346302410028,-0.020971896450829856,-0.02775492235391461,-0.07526674847148704,rohrwild_nonlocal_exact_post_borel,-0.3268394937053786,0.025947761431294125,22.573900895232224,0.20903038574572155,6.437779213199998,-0.053632502401901476
lattice_fperp_s,theta_scan_25_45,5.902100629611751,2.5419122970504353,30.0918449504736,-0.16644937694546943,-0.19474033589273967,-0.36988541054331386,0.19136115310814775,-0.0009016485182648488,-0.015314429939308717,-0.025568838134577703,-0.07157541867723188,rohrwild_nonlocal_exact_post_borel,-0.2519494297976381,-0.04637540656206755,13.399352433926316,0.6675922799632072,6.354205282020081,-0.05651558142787183
lattice_fperp_s,theta_scan_25_45,5.172826231779624,2.5889815734671835,38.29706129671153,-0.22515636727112487,-0.23501195932165833,-0.4056706302180125,0.20175445019373867,-0.0015472861725977858,-0.029548493124786676,-0.03148448790979878,-0.07556723988235885,rohrwild_nonlocal_exact_post_borel,-0.32397743521082273,-0.031058528959878706,22.175953571049885,0.29936553410957023,3.850175275702228,-0.0536209945629705
lattice_fperp_s,theta_scan_25_45,5.498610106719067,2.584537168207172,27.130273337462746,-0.20231544590848094,-0.2574139884433205,-0.4196011028569957,0.18836271496497728,-0.0013615749396045814,-0.024814025611697484,-0.03270212043397576,-0.08131421911192066,rohrwild_nonlocal_exact_post_borel,-0.32135015760659824,-0.06267038619363917,21.688643879489995,1.218582229845067,4.433821122612743,-0.053147895266845414
lattice_fperp_s,theta_scan_25_45,4.100855626371322,2.560332719372014,25.92381548464244,-0.13429128977516389,-0.25227930022244927,-0.4190101634773301,0.19976940820431932,-0.0014829690839599475,-0.031555575865478525,-0.018595468769961192,-0.05996239119687857,rohrwild_nonlocal_exact_post_borel,-0.2856028666252376,-0.010488012473890376,17.11972146346383,0.03411633865080399,5.12420096313733,-0.05537520663997808
lattice_fperp_s,theta_scan_25_45,4.382309919738402,2.5865151746706263,36.203404875652836,-0.23491019024707163,-0.27762877230257527,-0.44420109700933125,0.20713851205785958,-0.0018525060870783394,-0.03871368126402521,-0.024868568196225155,-0.06874584515814472,rohrwild_nonlocal_exact_post_borel,-0.36277621081929984,-0.025572515631855225,27.791604644230148,0.20297555802314132,3.963996348053605,-0.054415841044069525
lattice_fperp_s,theta_scan_25_45,3.494874923226035,2.580215348965702,38.39837470779761,-0.18527207376264473,-0.23929461755247577,-0.3981242258372256,0.19236648048410257,-0.0013680288563948058,-0.0321688433429579,-0.020490824503898636,-0.05388734897137012,rohrwild_nonlocal_exact_post_borel,-0.302615060997021,0.003432224302951481,19.13832196547422,0.0036537162211505796,5.596508709011978,-0.05512660352639796
lattice_fperp_s,theta_scan_25_45,5.6501549154932045,2.576743274541222,28.943017821241,-0.179630778132095,-0.3378367114115218,-0.4377760845529633,0.1296594669418645,-0.0015594106977159555,-0.02816068310270703,-0.03225584060876723,-0.10781579719858575,rohrwild_nonlocal_exact_post_borel,-0.3825718270496613,0.006297394507085163,30.67520674549317,0.01230366097611552,4.271164508761465,-0.058089505069322825
lattice_fperp_s,theta_scan_25_45,5.177274819761368,2.5408010941451464,40.95245283427202,-0.2063407289583429,-0.23236475018922578,-0.3740700896583869,0.15975965705267903,-0.0009174145458248185,-0.01713690303769311,-0.03268704971932598,-0.07867691121930429,rohrwild_nonlocal_exact_post_borel,-0.3107367705003039,-0.0035402000795298483,20.319936437824236,0.00388888912294123,6.26389427470487,-0.05424748749103473
lattice_fperp_s,theta_scan_25_45,4.429241982391682,2.5385889633122916,26.343153840968377,-0.14700091366819934,-0.19756289143244551,-0.40302022858292824,0.24219008567282735,-0.0017259224085703108,-0.03500682611377429,-0.020659647161740485,-0.05323182436720026,rohrwild_nonlocal_exact_post_borel,-0.24227758046374587,-0.044067433497615854,12.384881942047405,0.6019425651407441,3.9823864721975473,-0.05412865877456691
lattice_fperp_s,theta_scan_25_45,5.408261436884142,2.5189711920504867,27.063977029732158,-0.12248278007040732,-0.20642779052088073,-0.41047540265194005,0.2234908574671082,-0.0010370449297983184,-0.018406200406250534,-0.021517461198360604,-0.06266565035818823,rohrwild_nonlocal_exact_post_borel,-0.23955159176900287,-0.015149224206057105,12.078059452745492,0.07123480093503701,6.750990365083439,-0.05868884558194644
lattice_fperp_s,theta_scan_25_45,4.5355666049297305,2.574396407153714,30.497068679187063,-0.19086674164980336,-0.2477760455521589,-0.3984796730143596,0.17045967212107294,-0.0009251515289926167,-0.01883089312987963,-0.02560248171212075,-0.06979028810132606,rohrwild_nonlocal_exact_post_borel,-0.31036127933693153,-0.03871638032953845,20.269944805973502,0.4651276522439963,7.1381507812356295,-0.054926019112573894
lattice_fperp_s,theta_scan_25_45,5.47318395925034,2.57703100929262,28.075748990504582,-0.20266387786324047,-0.25843988522819955,-0.3990224800087865,0.1576647646124285,-0.0008784015564142978,-0.0162037682754273,-0.03103125654267031,-0.0901736195315651,rohrwild_nonlocal_exact_post_borel,-0.3234096856982647,-0.05718388640063772,21.851640304439115,1.0146250969190374,6.808772177376908,-0.056339722935492435
