scenario,ensemble,observable,mean_keV,sigma_keV,median_keV,p16_keV,p84_keV
lattice_fperp_s,theta_fixed,Gamma2460_keV,15.88174297188765,3.505401543323799,15.359939685875787,12.562638972314272,19.621732213586693
lattice_fperp_s,theta_fixed,Gamma2536_keV,1.0476132051738032,0.9614129110632504,0.7319075333834668,0.1917807069320598,1.8712964393843032
lattice_fperp_s,theta_scan_25_45,Gamma2460_keV,15.897013727465776,3.51765483142201,15.596253516798058,12.322048775156986,19.469372878036996
lattice_fperp_s,theta_scan_25_45,Gamma2536_keV,1.29589614889436,1.4954364915928153,0.826913777884151,0.07842399552492745,2.676416404613221
