M2_GeV2,s0_mix_GeV2,mb_GeV,ms_GeV,ss_GeV3,m0_sq_GeV2,mass_low_GeV,mass_high_GeV,theta_deg,theta_matrix_deg,Pi12_normalized,s01_GeV2,s02_GeV2,sqrt_s01_minus_m1_GeV,sqrt_s02_minus_m2_GeV,m_eff1_GeV,m_eff2_GeV,f1_GeV,f2_GeV,pole_fraction1,pole_fraction2,d5_fraction1,d5_fraction2,accepted
6.931588763238862,46.04675451678308,4.208650212293292,0.11543645147063236,-0.008599311666303702,0.8999973543681588,5.73545058438482,5.828464108396062,38.38533452383548,39.754193976913605,0.13964879130903118,43.8,43.175,0.882706258724899,0.7423044920037416,5.735664330188146,5.8288458329960875,0.5113756511979144,0.08700068256581947,0.7904263198985081,0.5662732205986337,0.0029435701658112484,0.03195625786507543,1
6.7081273524308145,44.102351084035206,4.145996272974685,0.09283087011253426,-0.010307686353751459,0.916672763576953,5.73424598375786,5.828740811921639,38.48927595743059,39.588482983564425,0.11463054681625416,45.525,44.0,1.012975666669818,0.8045087687891606,5.734090973790561,5.828494379840343,0.5580667513376473,0.0953269996512528,0.850162668267363,0.6235536497981082,0.0036076162059801744,0.0381795661269407,1
7.177463130537595,46.44451038559712,4.205789607698346,0.0945546869832367,-0.012620720900043876,0.7312161943433833,5.790516083511521,5.828642440739346,38.41642216031522,39.34872165993576,0.095323942633602,44.4,42.45,0.8728164160715517,0.686724010965424,5.790685893361808,5.828432196700708,0.5363395516852586,0.08450270602315176,0.7889039684389462,0.5164609327786207,0.0028441622407140606,0.03643527566960608,1
7.176697480486374,43.7319579084639,4.165444295942157,0.08609654011555877,-0.00972921437051389,0.5301575037685907,5.717766392787265,5.829250526579195,38.335202556246465,39.517341957878386,0.12538463239497138,43.625,42.6,0.8871560140241881,0.6976170222530929,5.717777508892001,5.828962661845164,0.5338575031937438,0.08916708895856568,0.7812123038504726,0.5314291430127014,0.0014536776878977733,0.01924198119594464,1
6.653793786933839,44.41401592054179,4.179925928376063,0.1117580192382182,-0.008197404154200864,1.3,5.750805619408423,5.828610554234221,38.49058450921646,39.91664448399938,0.1474347311930614,46.175,44.425,1.0444132880293644,0.8365976195590026,5.750831474189643,5.828549302531373,0.5479902692302331,0.09334573960711441,0.8573275971379255,0.6360783640039075,0.004502936842048527,0.04436856964039593,1
7.266391704541313,46.53785932648794,4.159489301291283,0.09971244235551964,-0.012508560638538058,0.8966008768581126,5.724435951827452,5.828452234941168,38.67537681546949,39.25401427308955,0.05768546980977872,42.875,42.9,0.8234644750269453,0.7213569225839578,5.7242387986708705,5.828731583766066,0.5222282838998454,0.09092343339221326,0.7581429310150173,0.529055196214088,0.0031196135142688257,0.0383819814198975,1
6.722802816773187,46.77085365633643,4.20000076196062,0.09116904783487885,-0.009309443821154229,0.4087744753314273,5.762969873053126,5.8284190909818,38.55162602474317,39.48007219333679,0.09732009676630873,45.5,42.575,0.982398908562895,0.696533016122129,5.762982234723556,5.828555975928273,0.5446719916884002,0.08488218017521765,0.841090061327259,0.5650028778313785,0.0015718932346100024,0.017946617242296015,1
6.97309683393979,45.49907084680486,4.164161646336957,0.09724935431287912,-0.01128847986426658,0.5671364330197693,5.779775198627933,5.828728577689093,38.444510388339815,39.40999200314812,0.09909127625735119,45.7,42.775,0.9804023138342961,0.7115313559832686,5.780029368174966,5.828443647271119,0.5629072626341804,0.0897245535191693,0.8334158302580738,0.5570519478231525,0.0020603091160533715,0.02554459180114396,1
7.04428849762525,45.93599771206499,4.1543684843182795,0.08287029549703132,-0.013827347244191037,1.2726854246916917,5.724739983571283,5.828342972729129,38.45768632399497,39.22150622735716,0.0770610121707233,43.35,44.05,0.8593317049813258,0.8086744296889172,5.7245869008856785,5.827849680405766,0.5335141176863084,0.09499877532384243,0.7871667484978622,0.5874315988939369,0.005555376123761688,0.06122214910045951,1
6.681144382322752,44.03373986082691,4.14267395812728,0.0718219862768842,-0.013234216449846936,0.7515173550365665,5.745714779894872,5.828986681555745,38.44193650324495,39.301775053939686,0.09105050166465144,45.3,43.675,0.9848126882906643,0.7797196971540856,5.745901980201394,5.8293589366327065,0.5655422581220854,0.09406571083688849,0.8505606567511743,0.6154437062051573,0.0038507313763759625,0.0418779854093813,1
6.796194465343588,44.92989626507725,4.177065090166297,0.09505571882044872,-0.013083704590732017,0.8060008762185299,5.770899207429342,5.828778431308705,38.62374408387684,39.471791969854074,0.0877037244062802,44.8,43.275,0.9223810048432624,0.7495952278870082,5.771087450000283,5.828746810631782,0.5450280647983023,0.08960990362005317,0.8272334007035363,0.5834306761709439,0.004144297879732754,0.04427751489653697,1
6.699865577995309,44.53705661697792,4.1588663928828495,0.07844989212705183,-0.010388438476231816,0.6911373857606987,5.729496492784499,5.82892009675389,38.588159614045175,39.455009378301966,0.09226489820975539,45.15,43.4,0.9898784781484373,0.7589475400463508,5.729355204397002,5.829232576414708,0.5536089306136756,0.09160592577102865,0.8440248717555654,0.5998813675425413,0.0028000480640714416,0.0307365646118637,1
7.227683527656597,43.84255978431719,4.186395191931279,0.09838640680239684,-0.010647978411729483,0.9752974762379918,5.750658263384272,5.828524887681332,38.51921600287269,39.651613173374685,0.11830306673981425,43.95,42.95,0.8788213542026169,0.7251000634430458,5.750317217359142,5.8289317932997475,0.5310520177911092,0.08839583867997587,0.7792710786017965,0.5302480143671192,0.00298176340769874,0.03736034377451266,1
6.854815346699474,42.49129364048428,4.151271414364299,0.0935424457832138,-0.01010933978484366,1.1097012887624471,5.757509745711343,5.828681330168668,38.595072834572626,39.761043006215324,0.12365035916676093,46.2,43.95,1.0395484414752287,0.8007982874182211,5.7577086723223,5.828588530804653,0.5684576695782212,0.0948547973103858,0.8512293789663788,0.6037729881129633,0.0037874050189509053,0.042326889516239016,1
7.006191984164218,45.99216952357409,4.17180539124301,0.08915578671904534,-0.010186095177681332,0.9355872490897743,5.768047172278337,5.828645667521055,38.52216832452416,39.40489319210511,0.09084446984731387,45.7,43.275,0.9921303401838921,0.749727991674658,5.767911712945962,5.828239755046074,0.5609819839330409,0.09058788690575563,0.8310183873567437,0.5640445400943531,0.0029736003340503584,0.0362093408371698,1
6.527179480313613,45.73788522759831,4.140421208053058,0.09675247889412725,-0.009102064837274638,0.7162469816648477,5.780914656117607,5.828917465149823,38.29857182285701,39.534696634656996,0.12710485544566,49.075,44.2,1.2244404383797454,0.8193905902880418,5.780940995103351,5.828995323433856,0.5969680254343184,0.096449445643079,0.9078029344127434,0.6537641301426999,0.002691287573143987,0.02860220871227029,0
6.955347833929158,43.86883873290208,4.219468730779887,0.09118091378460705,-0.010285163185688952,0.8355975793818472,5.741923874800894,5.8288629465541115,38.42653051895254,39.73829731337403,0.1406668323085617,43.575,42.875,0.8592123910248617,0.7190374803002859,5.742092478188487,5.828533417904495,0.5134051332369269,0.08438435902703428,0.7849851519221995,0.5474785943344649,0.003228651548230241,0.036575637096624564,1
7.006774586637578,46.514168329851564,4.214253749698159,0.07337090131740479,-0.009465925644387942,0.5951646950704389,5.746423079956067,5.828926695121576,38.43774367305812,39.35953261741446,0.09800982600129106,44.25,42.45,0.9056442678689685,0.6864397565831935,5.746102111234545,5.829092249016176,0.5310547185664828,0.08313784624475468,0.7984717909775609,0.5272467829784552,0.0019178404755982265,0.024213137949495527,1
6.567210221306086,43.287302810220055,4.219786355542549,0.09903365087614448,-0.008860008907973917,0.8447967025041019,5.73903184709823,5.828580593654526,38.61923676308504,39.98326297074611,0.1482035909283561,44.6,43.425,0.9392912957273696,0.7611841972921125,5.738837780309011,5.828378742792197,0.5190421254286227,0.08556480808161283,0.8315523656029226,0.6025648283532499,0.003731503300922204,0.036289163929963675,1
6.854630555156197,42.06315545728592,4.177637608395078,0.08616671655401671,-0.013473873616148116,0.8925164285399881,5.760875911321669,5.828601112331192,38.65631039137494,39.67046486949971,0.10926319840304634,44.35,43.325,0.8987036549873029,0.7535717811744167,5.7606988194969775,5.828268153740098,0.5412105373508966,0.08963557119792506,0.815849896955819,0.5766610291033629,0.004521168098602745,0.04893917796927651,1
6.998930724923447,42.62037417695174,4.179725249970585,0.10108748341999693,-0.014272925265738902,0.5851701098795207,5.767212342491837,5.828841819584335,38.535878590024765,39.62309100579662,0.11475622145460501,43.525,42.45,0.830135609526458,0.6865246321204346,5.767341310385978,5.8286108895788,0.5277555307900409,0.08686826660509624,0.7871782338682369,0.5394419644221737,0.0029563120051929125,0.03436743719563286,1
7.0360449842399735,46.80279858300148,4.217711168525373,0.10123126760666687,-0.00850509923246689,0.5866996142837549,5.798178490673407,5.828728503433054,38.61291571884764,39.568249403404394,0.09894220698322567,46.0,42.375,0.9841514924518613,0.680879779712714,5.797964772478841,5.828214712166235,0.549605504826341,0.08300790913310431,0.8261020672167666,0.5221578789802976,0.0016562292821470266,0.021068138094590575,1
7.09407547609946,43.01637142414221,4.185338340037911,0.09527894180510328,-0.012249040696032366,0.6121813532333849,5.756403753187692,5.8285847320461786,38.58645446900291,39.632916298781005,0.11136207172439803,43.75,42.425,0.857974524473784,0.6848628957466474,5.756319073817246,5.828401660533318,0.5298098166669964,0.08624725436782643,0.7849380567213335,0.5257847830099985,0.002417917407273082,0.02976455119129847,1
7.159450521705962,46.1049487213675,4.186279401065097,0.10589197642365908,-0.00799563005544618,0.7192152842994138,5.709433327081827,5.8287464049310245,38.50871800421523,39.57549172933545,0.10907811839424171,43.225,42.75,0.865138902348769,0.709602010379986,5.709088586413216,5.829281952037631,0.5137511953527379,0.08783059960736446,0.7673936863581486,0.5322389030310919,0.0017626009809846197,0.02158257320426346,1
6.6014484285198565,46.816468822142554,4.169702804155001,0.11488212340704762,-0.009894005436742893,0.4293265350275016,5.7290704349049255,5.828723760966892,38.462698739756874,39.5667451602947,0.11167802702888271,44.35,43.1,0.9305091314040466,0.736335263901049,5.729283540123081,5.829031298250068,0.5282359121100341,0.09009392694629764,0.8310249075222713,0.6068845518936775,0.0019549247998132554,0.019753601876713576,1
6.965577695830351,43.66302546807936,4.22660262914508,0.08603806600128616,-0.009673251308163546,0.8026880149866952,5.721757102888802,5.828751477724059,38.26454474646063,39.7588494383413,0.16193902123476273,42.95,42.85,0.8318678482355759,0.7172396618971977,5.721453688952669,5.829141219141713,0.5018562529557274,0.0836768954241598,0.7696436888161732,0.546462451668972,0.0029459334567997052,0.03348741687125512,1
6.540433748023441,45.66777104165297,4.201050872839356,0.08297041163391074,-0.011312527845084883,1.1785234473727713,5.741985317875479,5.828886473596461,38.56744579310097,39.57185930150889,0.10550954030676142,44.775,44.375,0.9494270890831586,0.8325698236406529,5.741866594486482,5.828415829971706,0.5320516334654869,0.09002318493091127,0.841102650596712,0.6362783433305026,0.006514871281250116,0.06051585604783533,1
6.540524863610668,42.83098531383727,4.173361664348437,0.08597444622068703,-0.011201022532505102,0.9113477995351671,5.731251441333099,5.828369248023195,38.48420679336712,39.73073037407828,0.1341515107380182,44.85,44.075,0.965762818768189,0.8105312633566824,5.731410847405654,5.828653405814273,0.5405802871912817,0.09207920896304238,0.8462755576428895,0.6362593724413833,0.00475755971297037,0.0461168605368618,1
7.115380607244586,43.51827541354996,4.178449060307423,0.07550515616176907,-0.011806192630732707,0.6812933647288056,5.778687636109762,5.828737976233046,38.647180637029265,39.44537239302924,0.0859596421041735,45.3,42.55,0.9518398320757742,0.6942981266871273,5.778603038069379,5.82912646570232,0.5614647601639285,0.08704317633264011,0.8173545373972698,0.5248110635729134,0.0023446002378552846,0.03107351186744283,1
7.048755762980253,43.398820383552774,4.127399153553584,0.10705743587553666,-0.009961593938585046,0.6068759928008483,5.72437189845123,5.828690957690039,38.676042890030686,39.614763786066426,0.09684734530827525,44.5,43.05,0.9464601336119367,0.7325589232396608,5.724064763693652,5.8289830928713435,0.5512692910593002,0.09480831279992287,0.8118292265095773,0.5640282205717866,0.0017714862808001894,0.021585832946318308,1
7.019299379165641,46.04708707542097,4.17756260390402,0.08768556711944132,-0.008744476703187192,0.8300505826802157,5.726005143070037,5.828789673669095,38.50956878614574,39.44406199210916,0.09702530515101461,44.375,43.075,0.9354511541670769,0.7343650555750667,5.726246045876078,5.828576648966197,0.5379237742982155,0.08933804103437515,0.8049789677879577,0.5552912787795701,0.002311029467442985,0.028029736234485302,1
6.987876421650616,44.90677203180824,4.19618357332902,0.08670091761962183,-0.010545628476306523,0.8738377952538408,5.741704276963871,5.82833702875446,38.573205974574115,39.53433171780541,0.10137209309032859,44.025,42.975,0.8934294820495827,0.727194986269188,5.741837139306827,5.827880906702532,0.5289872146660903,0.08688782753377704,0.7970218469833,0.5493882620620176,0.0031838390422145686,0.037098425646283135,1
6.704039938781117,44.07865651421394,4.186746176934731,0.09243520614592049,-0.014316705567171803,0.7445615000330363,5.745551704781344,5.828426395459637,38.674896250275815,39.50849825039334,0.0875111998685351,43.175,43.125,0.8252168956184596,0.7385363728222121,5.745668087129233,5.828095337701058,0.5180198974714486,0.08780698607106036,0.8007132505809467,0.5849095345305745,0.004835034388889036,0.0477674583937287,1
7.050568158510011,45.52067907553289,4.200757182479417,0.07707202416315578,-0.013042236624899402,0.88120891396784,5.739629026767114,5.828785776174212,38.74450905496522,39.32025640955619,0.060491057801995804,43.075,42.775,0.8235257024770481,0.7114741574981496,5.739961878086473,5.82839170969035,0.5178787136973914,0.08545869003488109,0.7728510620710926,0.5308707118390362,0.003957370180329028,0.045778226092194896,1
6.63062030647343,43.60328450458927,4.157249068146637,0.08872336734486509,-0.01133796477861983,1.070843784069035,5.720917258099441,5.829201150411264,38.310610377763666,39.633390997829935,0.13870617046094044,44.6,44.5,0.9574058847261586,0.8416308816519029,5.721025465271173,5.829341653965728,0.5417737223028459,0.09552907062263821,0.8381808885667218,0.6457963278944364,0.005137534449014588,0.050511291424184736,1
7.244167370348819,42.94317851522035,4.1825987356334045,0.08935542263002808,-0.008936720463919322,0.6507431903150321,5.727602069008388,5.828647401761409,38.53800723986604,39.697800386155905,0.1249455924939404,43.775,42.5,0.8886657611206186,0.69055500344124,5.727915197596901,5.828642430550847,0.530543156020034,0.08703281857633725,0.776245374061563,0.5140987376660863,0.0016072842350832123,0.02147339194107388,1
6.720154934932532,47.199554331307255,4.160974277540745,0.09930071112523682,-0.011946230683882444,0.8194131481167817,5.7484660365081135,5.82878042242664,38.42044173752651,39.342268692578,0.09251670300194424,44.825,43.7,0.946681460000085,0.781817129988724,5.74874622301186,5.829041584202478,0.5453578912146273,0.09284071710925242,0.8346709934590164,0.6123289052156183,0.003944894302034622,0.040979191888590116,1
6.6890538921452665,43.548352566143805,4.200965823221914,0.09975988705304861,-0.00847905543056523,0.8152836302442108,5.772409053840109,5.8285816928486245,38.496065253834985,39.8999538617828,0.15057841880540063,46.375,43.4,1.0375101820980088,0.7592859439516166,5.772499779442955,5.8283203952441225,0.5511917922077684,0.08774241342772225,0.8565016324761741,0.5957927129391997,0.002895842616217306,0.03113018783217816,1
7.144100078936226,45.38816960317516,4.160366790096381,0.09443159345441168,-0.009717228963727079,0.800740002275704,5.7253192164967315,5.8285938697458235,38.69467829757005,39.436129571130934,0.07627085996475774,44.025,42.9,0.9098145425167221,0.7212152877793025,5.725253739271649,5.828475586286285,0.5386060765878992,0.09065771054964081,0.7918965456802579,0.5395193009245544,0.002240411389432149,0.028011842940863816,1
6.519694638806732,45.12260097250977,4.179764748762648,0.08233103895764185,-0.009138196212713738,0.9408745804605937,5.771289733587355,5.8288786828822,38.436955206964925,39.611508402489896,0.12485558983516734,47.725,44.125,1.137038573608244,0.8137864449110115,5.771354813551462,5.828572255228556,0.574150366633035,0.09160001034713158,0.8893500665953827,0.638756324330727,0.0038235357999563757,0.03944303397181337,0
6.729464181383254,45.49504138605101,4.204296483706265,0.09320500194669487,-0.010339803972166956,0.7056430190591081,5.789702020343243,5.8285646491592225,38.42212364488449,39.59500371365173,0.12326789802366397,46.2,43.1,1.007356166843329,0.7364943757087188,5.7898199634274725,5.828924108399069,0.5538651790545761,0.08632870795420486,0.8513594574779239,0.5821362100475963,0.0029993657816750957,0.033306398626447895,1
7.279705117833903,46.0741631942112,4.1777719990861195,0.09771542129272838,-0.014594235786523206,0.8237918524803339,5.735411155783668,5.828774230694998,38.61553383682964,39.245444941290884,0.06331029359651666,42.225,42.625,0.7626654827302239,0.7000081979052997,5.7355031404097145,5.829111037316211,0.508258051138558,0.08793984645541886,0.7384251646307674,0.5156084346675918,0.0035553847664171303,0.04301020678354089,1
6.618902167967522,42.51382196516213,4.212326943955926,0.09549417762744375,-0.009052386285791232,0.8623123511789321,5.7772837870568745,5.828574767198717,38.60506974195992,39.99738247262943,0.15260359697320072,46.35,43.425,1.0307996436892557,0.7611900237479219,5.777397996082976,5.82819340190253,0.5480427634870477,0.08635260701906869,0.8592393737517316,0.5985138877858659,0.0035338922139661654,0.03662726033628027,1
6.8001537865191715,47.81122468010552,4.1570505489331095,0.08375289201272125,-0.012772004649955506,1.03895593743703,5.717663793626538,5.82877039447543,38.31071709660749,39.156114334780064,0.08475578311941288,43.65,44.075,0.8891508700370343,0.8101301169044479,5.717867645296143,5.828640529650212,0.5334398341942137,0.0944073837739139,0.8096266901329444,0.6152862516499319,0.005027097556229907,0.05224891495950045,1
6.618298911404533,44.54536601484715,4.205420810562326,0.07866872482161925,-0.009922929622145076,0.7319048468701617,5.7538536208248585,5.828867512945163,38.47877415739586,39.621500857015455,0.12383138279514166,45.4,43.275,0.984098590344348,0.7495061462505506,5.754059712013019,5.828920611897736,0.5423828867881069,0.0863064161565285,0.8464409904959673,0.5956126214007124,0.003254550573456032,0.03457766199327909,1
7.092492428778908,44.88978551049176,4.17524774127296,0.0871699912390515,-0.012262915861316693,0.8827544491953981,5.74733084772309,5.828889579298067,38.53448133399224,39.39884789197576,0.0897051119600019,43.925,43.025,0.8802629841287084,0.7304549001449816,5.747581001395202,5.828533202796371,0.5365158299279673,0.08936252840839957,0.7914662231832178,0.5464644616650961,0.003364435026229196,0.04059895533677542,1
6.602028127550911,46.796075462143456,4.1970229310205145,0.09611702562557202,-0.010651542119047492,0.8531889529006671,5.76617325214113,5.8288856572532115,38.42172330705563,39.53063622291193,0.11422032852914121,45.55,43.675,0.9829007584176512,0.7798207214566188,5.766051630972336,5.828774614713542,0.5430084047848006,0.08877315919190719,0.8495166832175579,0.6151383122123589,0.004173654908802654,0.04199309001869619,1
7.242922139542291,44.974902652652936,4.150175012278327,0.07091792711024988,-0.009581943286754636,0.7026282788124157,5.745402566332811,5.828690608236396,38.60257027732627,39.25283382221212,0.06849245843585944,45.25,42.7,0.9814094572040437,0.7058330928454204,5.74557357464521,5.828226443456932,0.5690696635150414,0.09075614687756094,0.813251838615749,0.5241893106053666,0.0016487658625647496,0.023550499438115668,1
6.769174324144907,45.736971247665224,4.203152467003898,0.1020421091797011,-0.011725649639077984,0.7832165009506492,5.7856946738011406,5.828903389671149,38.60644583935282,39.57802569893421,0.10036089734236016,45.2,43.1,0.9373998517875037,0.7361556351967922,5.7857183732312505,5.829130038925359,0.5401830993898005,0.08647599116720482,0.831295275651175,0.5759058478664606,0.0038287172950309764,0.04071619867995579,1
7.248227184816211,47.24114084477815,4.230469377517904,0.07392649680448096,-0.010176830031595313,1.3,5.751796351003413,5.828883835505596,38.551252055204856,39.328007363045515,0.08096672308349612,43.75,43.025,0.8625819266580637,0.7304606439374526,5.751911218469906,5.828890560609356,0.5205299154372234,0.08384378016797256,0.7681316142976594,0.5147637316408425,0.003947709015651916,0.049528962815557916,1
6.900753454658082,46.61827685535296,4.200785841646258,0.07700991694814519,-0.011155857162565461,0.8232479156421147,5.722429551588804,5.828795130415119,38.597063928571245,39.324039846592875,0.07616071157100826,43.275,42.95,0.8559441076069092,0.7248298207092585,5.722385565173928,5.828492216644342,0.5174035404149341,0.08598795506952106,0.7878683076468314,0.5543041481634844,0.003469563575017537,0.038801930070984425,1
7.1090019361249,45.41250082373479,4.165739171738593,0.09228266566939614,-0.011248695527269308,0.7085195819573262,5.765715790799996,5.828955368592717,38.56474107843072,39.37640177049694,0.08352408413489233,45.0,42.8,0.9424881416993731,0.713215524925733,5.765973457897178,5.829244590606638,0.5548486960552901,0.08965573320102797,0.8124934823620933,0.5406558121537889,0.00233607181885482,0.029808178821994557,1
6.695107805391099,45.44842702230613,4.17217152204441,0.08674496048337203,-0.009979294612788047,0.9046379127046797,5.74733140403973,5.8286190450596544,38.51500469855276,39.51447723001171,0.10454058710152139,45.7,43.75,1.0128461084224991,0.7857592326018219,5.7472320534848915,5.828724064213245,0.5545307913577135,0.09155022866526685,0.8506508437387363,0.6100870096214135,0.003601102272050334,0.03840289789046041,1
6.599478618219777,47.40715202520653,4.1704633579456765,0.08949875814210562,-0.01188210920173739,1.1046365047019673,5.749492763501972,5.828612357865695,38.44149766117774,39.358893994044045,0.09286501195344564,45.325,44.45,0.9828916580829992,0.8384709624476185,5.7493381669537165,5.828464703933411,0.5489517051762004,0.09377106403587285,0.8504885900414223,0.6424582324446912,0.005787387548265874,0.05604595466991019,1
6.930154214888078,42.049858357314896,4.210334401105121,0.08205584115495643,-0.013123356537761303,0.7077076552116014,5.760685733118492,5.828607041050169,38.34021878130561,39.70701869274954,0.14994406709626307,43.575,42.675,0.8404505327072638,0.7040034631816567,5.76100935820663,5.8290522872654575,0.5218823051031526,0.08430873805021037,0.7895712169251481,0.5465337506548974,0.0035269432082382594,0.040577058582393286,1
7.020391401019785,47.69240243060117,4.191856343713869,0.0953283720075326,-0.00847865932377848,1.0007303435746553,5.75631393845768,5.828934906323978,38.503120470586246,39.425884753404446,0.09379543950850552,45.25,43.225,0.9704980850791749,0.7456373231066182,5.7565827012896795,5.8290240215581495,0.5450681017660339,0.08855439576494568,0.8182712173485873,0.5574889124893079,0.0027348189212709003,0.03285605143070442,1
6.671052847980013,47.509742189369426,4.15155346131642,0.08824315641423379,-0.011132889181353639,0.9225651913338968,5.756658342677546,5.828656555488479,38.45388106922965,39.27712501426734,0.08324954752996164,46.25,44.05,1.0440769116901762,0.8083608469295678,5.756870296413406,5.8286622804706925,0.5682358493016488,0.09470039760471566,0.8633541058455441,0.6275397301384902,0.00402335201038021,0.04252860444610887,1
6.893596428150635,47.27459839120237,4.2068125898673205,0.08156005656591402,-0.013913599943890778,0.664110210721307,5.789751674845279,5.828478698921938,38.417175051970155,39.192402901479625,0.07992117939395393,44.5,42.575,0.881080357217888,0.6964734081819914,5.7898376933181535,5.828757706708224,0.5391425492025727,0.08414923283478269,0.8115057680718927,0.5464352951681828,0.003521180366404012,0.04110538900714297,1
6.812851962901918,42.87035694329447,4.194131006004002,0.1083303872970189,-0.008848335001814218,1.025526700508176,5.78418582938952,5.828670442424707,38.57578551827568,39.990596625517064,0.15033737645957443,46.475,43.55,1.0330716837164653,0.7705719383338598,5.7839665722142275,5.828472270618821,0.5552135604353831,0.08923510141881513,0.8507590813021513,0.588559016148567,0.0034439363029368304,0.03759995437993901,1
6.657709946734038,44.32949959407559,4.205943968665535,0.08188794484733457,-0.009478382127986388,0.5665250532196092,5.706314001722907,5.829141916012326,38.49758598333108,39.65489099458388,0.12585326207293182,43.375,42.9,0.8796559344368386,0.7206672415127997,5.706272980091408,5.828631707427503,0.5113811718391434,0.08518193506668334,0.8057920787932293,0.5800332118136549,0.0024552940351669616,0.02576034840460076,1
6.7472663161757715,42.56620969792017,4.208168715982274,0.1033802775303059,-0.013211650547107438,0.9162413986988143,5.769115406347631,5.828374794425861,38.520218675323484,39.85450746544929,0.14157575454017993,43.875,43.4,0.8547052433982536,0.7594928423743799,5.7692022983692866,5.828132188373225,0.5191466432671273,0.08694685776287274,0.8066335259460795,0.5878816722665511,0.005427510146640736,0.05356410174054887,1
6.887453323188537,46.775236033074584,4.181666471362741,0.08023146147278042,-0.011582636922501457,0.5889129518433455,5.762897570781485,5.828803296771837,38.45751593947263,39.24251294607727,0.08145196797829872,44.975,42.725,0.9434427128605556,0.7076330411725635,5.763012703315799,5.8286467045259505,0.5503222210993084,0.08726743635815021,0.8251193189535719,0.5569460451825067,0.002417157267925175,0.02907967496899259,1
6.801465285875417,44.674352776559346,4.153176981558353,0.08908647679466114,-0.010798692871829914,0.7856548413895333,5.7420539181240535,5.828957713464053,38.42062102818413,39.47541555915874,0.10981620435633484,45.25,43.55,0.9847581054128014,0.7702846672945141,5.742056901355765,5.828577448533354,0.5563043434818148,0.09320041939023746,0.8390013399512889,0.5997046145477399,0.0030523137185349794,0.03422555462982153,1
6.928903348305555,47.525965850310186,4.164760877145663,0.09506831866706848,-0.01342471013486373,1.088471615121707,5.735494156057027,5.828690584682252,38.63197941708759,39.225541636158,0.05893024335306343,43.5,43.75,0.8599588230794328,0.7856876929792245,5.735227311196032,5.828184242296799,0.5288149356140162,0.09277620301193329,0.7951312605846496,0.586633027869494,0.005228625883412196,0.0548248742281093,1
6.739181126006907,44.579673428766355,4.191740709523675,0.08313073847316586,-0.010005759892085726,0.7106360020245136,5.7527886234662216,5.828702158501799,38.53369768763408,39.581680631906664,0.11223167307111734,45.275,43.125,0.9758813788447851,0.7382606097800499,5.752896897951666,5.828434508775689,0.5458168374441896,0.0874526166640516,0.8382196644937208,0.5811245999882093,0.002849548180828631,0.03166562973263815,1
7.085444959425358,45.24624014698108,4.174830852413963,0.10927009710814478,-0.012227486606665597,0.7492158712776611,5.711323055670734,5.828750551831937,38.48801968347659,39.50706802115642,0.10316642419601892,42.2,42.85,0.7848296518939524,0.7172405877893198,5.711526099527488,5.828729090532261,0.5015570576179014,0.08919289347813028,0.7510783930361661,0.5463602345754902,0.0031154628016726,0.03487593665704391,1
7.028410498143111,43.17790190671723,4.183162333862801,0.1024649737594461,-0.00905152508428998,0.8525418621898003,5.7846968992035634,5.828727394975632,38.476278313819456,39.82081107267837,0.14227629249944843,46.2,43.1,1.0123612879830084,0.7363316298923088,5.784980845760594,5.828900592537098,0.5610702817791703,0.08914333122796078,0.8351405642558549,0.5567188017057554,0.0024134418459329588,0.029786469589481085,1
7.229318360533658,45.77459646772703,4.113728189767436,0.09742741951791471,-0.012159909573988631,0.6220862063232206,5.706252122525546,5.828866138080373,38.62976142772787,39.16845302231638,0.05369372728093969,43.25,42.875,0.8702210964574064,0.7190342887740249,5.706099300592297,5.829396807865183,0.5421725813033957,0.09568975418013574,0.7780311013113154,0.5437610073443652,0.0019378219701406529,0.025057707453625472,1
6.741184981667448,44.64665517475567,4.2180096514058265,0.06946528874489633,-0.009542898093505954,0.42366079131499723,5.725630171656496,5.828585250890411,38.496187500762936,39.53600456489179,0.11476109061895255,43.825,42.375,0.8944151454089395,0.6810230322553572,5.7255860667786935,5.828432057964739,0.5203515994715341,0.08204600808983255,0.8081987998409339,0.5496862687590705,0.0017185142164102146,0.019767244426280042,1
6.569113810351211,45.09013597578547,4.1532034955325985,0.1021109765476324,-0.008820468392143252,1.1705964847297372,5.756152306615401,5.828700444988342,38.518466574388874,39.70711834980464,0.12228837940946524,47.4,44.65,1.1286134846080014,0.8533651039269037,5.756153196394402,5.828613080663986,0.5720195184732204,0.09649142073932142,0.8840534694632735,0.6556639562653944,0.004337636434849954,0.04307174838290718,0
6.738348568237021,46.743660660081424,4.178124377300605,0.09546061562027593,-0.013591723405537314,0.9837103788323822,5.747101135798915,5.82854234718859,38.36346355322223,39.34910643356108,0.09927804580068571,43.8,43.9,0.8710557073108038,0.7971651622023881,5.747025992667077,5.8285572571678665,0.5279550399772537,0.0916138624221126,0.8119175649714737,0.6126016094086849,0.005655963515923975,0.055976060244649344,1
7.262552473564912,46.91672937140385,4.195203207140251,0.0982921588285166,-0.012042431377200706,0.6274400604469578,5.778246571901277,5.828543875368279,38.474772126108206,39.299209013230644,0.0834294978222086,44.125,42.25,0.8644185558919348,0.671456124631721,5.7781109728137645,5.828450603384059,0.5345368085924945,0.08495479694966873,0.7789058130615005,0.5041908310837802,0.0021601360818336163,0.028823539764496017,1
6.780022180389129,47.20476851175151,4.164743806866126,0.08733864906888145,-0.010839207173269104,0.955650083492961,5.694998535031148,5.82859818546377,38.4058085602556,39.31265383191647,0.09223148419347844,43.225,43.825,0.8795736943994479,0.7914471316016654,5.6947645688740804,5.8290397923281665,0.5211668497140864,0.09278683306806139,0.800781019500882,0.6071839606401183,0.004060793931449496,0.04197659525473611,1
6.659594744964895,46.54027896132799,4.233409576642898,0.08235524590298429,-0.0109763393782893,1.138219000077435,5.768479641516016,5.828493429685609,38.431699334859346,39.55889422721015,0.11859356299492756,44.925,43.825,0.9341317898590713,0.7915518873798266,5.768766539610807,5.8282465810555415,0.5279869217020825,0.08537954387884068,0.830708549990454,0.6021532623067631,0.0058136825079078925,0.05782950119901173,1
6.682448529859425,45.90225919173087,4.162501806120996,0.08098283781126892,-0.008256533461215809,0.6194342219412665,5.745330775980101,5.828377800937155,38.40526411284215,39.453319108348595,0.11042337493586127,46.675,43.45,1.0865796449783005,0.7632835981336434,5.745528555528834,5.828006883498867,0.5696358351789436,0.0916025061260336,0.8681266954189155,0.6061553616503773,0.0019459196562839941,0.022238798669131737,0
7.2743162198392595,46.034181004891074,4.183944732139826,0.08794036255641739,-0.01159012101887974,0.6098969550294133,5.696172692059366,5.828635810564695,38.732427538592304,39.285193823354916,0.05702990217837192,41.8,42.2,0.7691192580384794,0.6675168969999916,5.6958251401894735,5.828651006800111,0.498912379083517,0.0855556422428596,0.7285312562477584,0.49768160972896913,0.0020873258491462903,0.026329412298098157,0
6.975445910442805,44.28624787454033,4.173786164111608,0.0926393230925885,-0.009296774526569036,0.6050090492847078,5.789480342027509,5.828996992865267,38.56924723304351,39.595117176655684,0.10839009465959952,46.775,42.8,1.0497447602775765,0.7131739006531825,5.789260517776849,5.828539030007672,0.57434416487845,0.08872982011344366,0.8500304299673341,0.5520205219147744,0.0017654102171848099,0.02247035501735928,1
6.709116592973675,42.787837301844185,4.241308290083852,0.07577942676923309,-0.007220935794735585,0.8878970604042264,5.754201627792081,5.828578328037005,38.56967928793002,39.96235822117658,0.15790073100700627,45.525,43.075,0.993020022635597,0.734576401207157,5.7543832802182715,5.828756887409704,0.5330841973126934,0.0822114300052168,0.8375879916918942,0.5683662674866816,0.0027667615666358185,0.03066295960782446,1
6.760025355425453,42.79537024252434,4.161453205739277,0.08577286123311818,-0.011281013683330055,1.1996766072170841,5.752976993162313,5.8283840491779,38.39584874799473,39.69225402037553,0.1374586739373561,45.725,44.35,1.0090493303593577,0.8311955171310723,5.753155679735225,5.82811807359449,0.5600828196218931,0.09477798989238359,0.8485929837152045,0.6250134623810065,0.005045608763779305,0.0532427688676329,1
6.681464082736039,47.82011531668502,4.149479534983857,0.08593992810135821,-0.014634735818509154,0.7057737782164097,5.745529050916157,5.828666535791662,38.710905302503434,39.05677395190045,0.034716387537694744,44.125,43.375,0.8971360768770547,0.7573034003680839,5.745775336255962,5.829048073257018,0.5451899873270055,0.09240394908707146,0.8280082519570807,0.6024124051608607,0.004312181455511577,0.044036371632593586,1
6.615256169824269,43.947580517059,4.1573048156203605,0.10705581384213073,-0.008230389081426561,0.6100591041402225,5.731911471680682,5.828467179978198,38.468404075194734,39.80362852887045,0.1399530587166872,45.8,43.625,1.03565825459477,0.7764552268332547,5.731636277728746,5.8282655867200726,0.5511125224066775,0.09306344049405632,0.8573689860462137,0.6224878368525835,0.0021102883065424786,0.022015860636004247,1
7.022007686564699,43.366854874268434,4.14956974966841,0.1036126229600477,-0.00993464131616355,1.2531195292119777,5.725251827459013,5.82887565528412,38.501988001622564,39.7256068589181,0.12621724671825116,44.425,43.95,0.9399563463342098,0.8006039623027688,5.725288028387451,5.828785765025954,0.5425678292230899,0.095621194112011,0.8087588132933649,0.5903058951092282,0.0038565501356164714,0.043504746210037575,1
6.50707869152731,43.25766397502782,4.160351973207788,0.07743451613708667,-0.011745626036116683,0.9354773314772431,5.742197717119856,5.8289293548928915,38.4212615926216,39.58383599258236,0.12468083854324062,45.75,44.35,1.0216769121144855,0.8306502114160805,5.741984528527004,5.829122450638767,0.5589107590755473,0.09412216646914903,0.8653889621417327,0.6505006306583677,0.005007960371792644,0.04920300715696476,1
7.292376667643829,42.849024734494755,4.1394447215846295,0.08229806657535163,-0.010776369989784696,0.7254774481906628,5.747631105694852,5.828584434662752,38.34317170964639,39.46569316533506,0.11880092494183846,44.875,42.875,0.9512493977922789,0.7193159921916452,5.747311467038552,5.828230396203655,0.5653654563463777,0.09292984162389253,0.8034992291323344,0.534113061739098,0.0018530621688023735,0.026373825190343498,1
6.688884471292292,45.65348247721244,4.165065207500189,0.1001901079133607,-0.012321645524365822,0.7888894284665041,5.74162916287811,5.8288324239946,38.40146683473235,39.46618463403958,0.1084990442456532,44.275,43.65,0.9123170346801484,0.7779822396689724,5.7414418867725905,5.828924024144824,0.5360249179073846,0.09220474199617804,0.8260646444401916,0.6137182676881378,0.004120018166782797,0.04170371913418572,1
7.274532681296926,46.65886535593421,4.222366457099233,0.09877599418077905,-0.01094324857776789,0.924043010592336,5.79735124336033,5.8291389176567145,38.42507724202753,39.46488090492852,0.10623527001834208,44.725,42.6,0.8903239879887526,0.6977286311755737,5.79750577176125,5.82893076319015,0.5349193478954613,0.08369925680627431,0.7854699123335789,0.5080239350195372,0.0029419702931555514,0.03849806590419283,1
6.8291573850108245,42.02166826437883,4.199242691743533,0.07784273945829852,-0.012794125210916373,0.5706779243361303,5.754343063374747,5.82899777260072,38.41208546066618,39.65614687023489,0.13762900815618345,43.85,42.55,0.8675901890825752,0.6940383303194535,5.754365498450703,5.828734544907998,0.5293650394033134,0.08474185772453556,0.804892970266757,0.5537787589714119,0.002897793565217185,0.033227065314238316,1
6.870995247649728,46.75870854483528,4.192037170758936,0.07582119992982057,-0.008864141396558115,0.7520047718058509,5.7223397846040225,5.829029166505517,38.441107496790615,39.36764155893558,0.09748324950738847,44.325,43.075,0.9353625217476216,0.7341255627386447,5.722048727841445,5.828908436944188,0.5340611075978823,0.0874400810667518,0.8128295610756675,0.5662633912184242,0.002411397377631828,0.028161240062374172,1
6.861640798554742,46.304510047351016,4.153794000085988,0.10931726773071923,-0.007867717568318708,0.6394063675113654,5.7295677361366275,5.828653905423569,38.39710781932885,39.5667381754588,0.11836435189323156,45.25,43.375,0.9972442874002274,0.7573160307361766,5.729324881741739,5.828548014219978,0.5485814564487426,0.09314870131524346,0.8330327023912745,0.5916633494740269,0.0017372210326968875,0.01989025830199679,1
6.711653380339181,42.171382142076425,4.145795004695886,0.11676402790869442,-0.01222412887767698,1.134477621585483,5.7067709955137715,5.828290739284446,38.57967369064125,39.90006798715114,0.13561216317601188,43.225,44.475,0.8678012339168246,0.8406672003040168,5.706592195469101,5.828669641942428,0.5190668283938671,0.09715012135191384,0.8056427149231898,0.6384451714672064,0.0058651308633565335,0.053846390469395954,1
6.9603900231573865,45.212684305377834,4.162463197551491,0.09563728790577974,-0.0074388384190479445,0.8221999533955694,5.785811068685088,5.828640385916183,38.43764118063681,39.591601250475044,0.1198593490443826,47.75,43.35,1.1243264118575391,0.7554313026364259,5.785547398548577,5.828571784917532,0.5862266260991658,0.09203083694826096,0.8666031008155687,0.5758401019953747,0.0018478076365444874,0.02336588216184263,0
7.102763984155611,45.25865304695359,4.153519056417173,0.10916341379740457,-0.010421444489383815,0.7133806800268991,5.771103283950998,5.82875123581503,38.49525489076067,39.50781599283254,0.10231818683805523,45.475,43.0,0.9724121197535123,0.7286872884869702,5.771018980188816,5.829119839042988,0.5601359614864181,0.09203631861563152,0.8217243979068046,0.5542744767915097,0.002149612712297586,0.027043089219037333,1
6.8444422046762865,42.223572520049,4.147299904473384,0.09487364444616066,-0.013083121706717802,0.3868470315833902,5.7632054646745425,5.828896514099138,38.54948490736809,39.57319691350818,0.10926179209172276,44.875,42.525,0.9356750388125885,0.6922230216861092,5.763148177296021,5.82869642843285,0.5568322641533334,0.09024567342209987,0.8301074285319531,0.5645683022278677,0.0018068568712428224,0.021368808149707635,1
7.161651079191961,43.40197206324742,4.187662457238394,0.09875593344919407,-0.006494745752435939,0.9636282577570218,5.76375668005224,5.828561874798396,38.393170377580276,39.853872351203584,0.15553343156840405,45.9,43.05,1.0111971943294886,0.7326880061313039,5.7636017598550175,5.8281023852808875,0.556084610899586,0.08881882586859124,0.8212533310315563,0.5418964453154533,0.001748326393822343,0.023035856173148496,1
6.504512300333893,46.531051383381524,4.1565836889535674,0.1156545566698064,-0.012637601889382188,0.32196598184078556,5.754957507943485,5.828728787217709,38.49280850258296,39.43353675833201,0.09462356459992832,44.525,42.775,0.9177480902378106,0.7115311464546528,5.754860116555175,5.82849939696668,0.5384638474511657,0.09014328886811042,0.8426266510002077,0.6106086261201895,0.0020278513688869525,0.02008170042575733,1
7.270894062281196,44.75161557716997,4.156730927630535,0.08778534225750845,-0.011185517319298309,1.0515645279761408,5.736987171203336,5.828783657932086,38.324656950329405,39.38355133242532,0.108743934839724,44.05,43.3,0.9000302312147106,0.7514898926127538,5.737046899247254,5.829087993497312,0.5446110801766497,0.09275032528551583,0.7849960904322232,0.5458679738374302,0.0030264419081646563,0.039488519067059864,1
6.567054784022136,45.15061819269445,4.117874487725063,0.09517969342652192,-0.00984692125053032,0.7234538833390024,5.7340611284770695,5.828204476054455,38.5261383743572,39.46970072771046,0.09689700017979752,46.825,44.175,1.1088183823721467,0.8182231358284877,5.734141195074285,5.828679129663007,0.5785292270150413,0.09870069164166809,0.8811685420464788,0.6497509159040378,0.0028436527410325486,0.029608107613952724,0
7.042425617900277,46.0938559545939,4.191382944578779,0.09528215081655411,-0.010657864166054836,0.7706585614675344,5.752004497663524,5.828733545813213,38.45914079090552,39.45049923303473,0.10198067570528188,44.175,42.85,0.8944231142194186,0.7172575938080437,5.751966720746693,5.828726546066069,0.5319474519728697,0.08725935033404776,0.7960985912567126,0.5449208697130196,0.0027149224522958113,0.03256329269918259,1
7.162879083638493,45.01555837491115,4.14137512498673,0.10282345177667145,-0.008107564883975139,0.6723560151035756,5.728629297232196,5.828731445924668,38.36523405590138,39.51982786501575,0.11775002886582374,44.875,43.1,0.9702512062549351,0.736327578943273,5.728686942590293,5.828834657623672,0.5540442935528662,0.09385128488325,0.8093940870171604,0.555765068464213,0.0014501843208212786,0.018997193016395495,1
6.740742209247156,44.321157950965365,4.186501219474767,0.08773742111029696,-0.013089183159375468,1.1284908654381038,5.740327290044801,5.828895472617318,38.494070043712355,39.55967750783669,0.11124530793861122,43.8,44.1,0.8778295530649176,0.8118876137362792,5.74033977671606,5.829385765437043,0.5261330471895155,0.09117775209089361,0.8112387149903608,0.6124930707296216,0.006246212603751232,0.06111196920557983,1
7.077731859346539,43.97964782992102,4.19047584229136,0.10581810836482178,-0.006734923700181868,0.9100746478212458,5.73431117913203,5.828753916710903,38.490440529678025,39.86000619706052,0.14426573787441221,44.675,43.05,0.9496247870483758,0.7324959642187974,5.734413912048234,5.828385700788022,0.5331867829498568,0.08845038556148166,0.8026128276885909,0.5486950600287351,0.0019160436786280377,0.023349379706355845,1
7.153539553229085,43.16097668532585,4.158755374541514,0.10009653328210912,-0.008828897454466416,0.6772118705405816,5.726494663052268,5.828521356888808,38.48580156486058,39.70694015345667,0.12858764914603865,44.25,42.875,0.9255726847727672,0.7193790699655898,5.7267768795362946,5.828585146357758,0.540591424192271,0.09100156004427619,0.795296287397866,0.5430008480377889,0.0016900106009345862,0.021626056179569454,1
7.271568312864733,42.31578549334781,4.159058302703107,0.10123362877938374,-0.010080527049670841,1.2413513167605226,5.7434268313949906,5.828608668796815,38.213017630118365,39.79219363606778,0.16474511715354756,44.4,43.6,0.9199056681880817,0.7744209388908558,5.743164114191155,5.828497631968962,0.5448020031089118,0.0939947271859833,0.7900229739162785,0.5583125188673936,0.0032292472969273987,0.041172013375650705,1
6.897382780767434,46.90680061825448,4.22162965272772,0.10050618349560432,-0.010735067195710412,0.5288003375618072,5.764513948759135,5.8285274089271635,38.581528741656605,39.502155404425025,0.09520967634125772,43.975,42.3,0.8668509182950066,0.675317607676476,5.764699903013408,5.828927027197625,0.517926187374445,0.08208862899410417,0.7960352457909439,0.5334521950098383,0.0022607804597029723,0.025869080105607945,1
6.9794005592349215,45.713845787974634,4.139260797247193,0.08988451588908296,-0.01060035001362048,0.5587122874227312,5.706337364525564,5.828700810611815,38.54708331494854,39.29777327141859,0.07695771216654762,43.75,42.95,0.9080409131359124,0.7249241405125622,5.706541138803732,5.828744511230807,0.540051108053928,0.0928051543993725,0.8017869799342494,0.5647477278595274,0.0018716193878871828,0.022498855001206124,1
7.020865546848679,44.62968325120746,4.196921579733342,0.06757038525670589,-0.009960589026372412,1.0997382661886768,5.765778063411873,5.828470774936977,38.37415856195253,39.46165024100312,0.11686249520587708,45.525,43.35,0.9814435870158045,0.7556009136156314,5.765692130380972,5.8283950379341425,0.5566430393448013,0.08795738144131844,0.8251760996399783,0.5578583910087929,0.0034355609512231526,0.042776073145805754,1
6.890763264580142,45.52631102310752,4.204491639771354,0.09590459245250316,-0.012520846459959562,0.4094078687699355,5.711224798288416,5.828755463853956,38.715496323031594,39.44870865349961,0.07677674474258003,41.75,42.0,0.7501991933716265,0.6519852345539041,5.711433637262419,5.828625260157751,0.488417373980748,0.08245762793415033,0.7506475620981353,0.5257161536357143,0.0021563584614019407,0.023470963806839353,1
6.703027153438594,46.718563299238824,4.172100486491111,0.08188118702963146,-0.01147060044579594,0.9258372300776486,5.761652541134136,5.828759046246051,38.65454986773061,39.32343239813104,0.06906262555691794,45.8,43.7,1.0059171851413158,0.7818385061693132,5.761582388031965,5.828858677240592,0.5595712809121335,0.09119323052481271,0.8522912941447183,0.6044814138608362,0.004229087678555765,0.04490250108179741,1
6.85902051827938,43.57843395464356,4.190757867315154,0.09555915626636644,-0.009680839906119811,0.7685664186257096,5.751367087727612,5.828740898208765,38.49680847716784,39.7535993706479,0.13400788666886768,44.875,43.125,0.9475134157595191,0.738221870073084,5.751396606642727,5.8290879035612715,0.5387022172676174,0.08800951112747812,0.8221121747032589,0.5714614465122676,0.0027682519848706453,0.031261520491461095,1
7.1773535019748,43.01528446323712,4.120388016036395,0.07777575173576592,-0.010986582928028463,0.6172691072292243,5.73966747661051,5.828773236371532,38.516407519402414,39.36231463509784,0.08955556015072699,45.225,42.9,0.9852860548274585,0.7210359211535939,5.739910702116852,5.828287002822263,0.5756450247624844,0.09473951895628174,0.8209037497429418,0.5467538647980479,0.0016777037129659025,0.02327709386790714,1
6.7314580154393,47.10066879124964,4.158525917720629,0.09374404441344061,-0.014852851643493842,0.6766438908021073,5.750367191227048,5.828761478273929,38.39024252886062,39.159067954780056,0.07707809180615044,43.7,43.25,0.8602303611883162,0.7477117407090237,5.750363207918874,5.828736172397803,0.5354867765299103,0.09142068315884755,0.8140400841822135,0.5983030364092102,0.004174179407973174,0.04332161187923506,1
6.713532499169149,43.82661813162677,4.185161571692144,0.10643779230111981,-0.009794776316274746,0.8869112206682256,5.784566325425694,5.828421201030431,38.40232102487859,39.83027772819571,0.14946130890635545,46.6,43.675,1.041852940924711,0.7802851776793993,5.7848319475313685,5.828734853036243,0.5590640587588038,0.09043420262311415,0.8600208646486803,0.6079207864278048,0.003516281633709468,0.03742232231005472,1
6.62425712589252,43.751651508619204,4.190041037693734,0.0994367990868894,-0.009104993069422904,0.8189960910225816,5.746819884921166,5.828794622414527,38.523324951684764,39.83948204524282,0.14020648659009716,45.45,43.6,0.994841631352104,0.7742349852731438,5.747048123577814,5.828820349411581,0.540502623678618,0.08933816215956068,0.8472013289815424,0.6107669988581478,0.003308241090194072,0.03375862943913646,1
7.14645243549064,45.39306654984887,4.173240356312405,0.1069648977021936,-0.010779722065627863,0.5104726419799889,5.720273660375226,5.828731110731098,38.404850550573485,39.49167774740403,0.1107570577913826,42.9,42.475,0.8295354971498998,0.6885535999440462,5.7206043165349145,5.829146381523044,0.5146378816535743,0.08814376010611165,0.7634195982965303,0.5306271624537967,0.001712736905945095,0.021065779755007185,1
6.883181108531729,47.70911925351839,4.241617041838977,0.11055641029709475,-0.01386942071340654,0.6520734440495423,5.7207384266677686,5.828499025939178,38.64861940774196,39.44740851593643,0.08075191909066383,40.7,42.225,0.658916736426864,0.6695776125747139,5.720932978955341,5.82837255953882,0.45592203231859213,0.07987326730787939,0.7131974865801813,0.5275620332927314,0.004435067034152305,0.042662037695959304,1
6.653417877324136,45.90142300044113,4.186154817741932,0.07884744414730552,-0.01339668612481717,0.6237533942757147,5.731172716465826,5.82902451774686,38.56760714301447,39.28994506811337,0.07586816329660938,43.275,42.95,0.847200942729887,0.7246004333775176,5.731001524979516,5.828873323953324,0.5216331844782747,0.08706612271943345,0.8080332039811644,0.5850853780146443,0.0038206402825736296,0.03917311952460835,1
6.669731402591792,45.914219341561754,4.197229381351701,0.0817959310400687,-0.013759183320503396,1.0115425214802973,5.7111321888882225,5.8286596382880225,38.46075624851589,39.38306080868403,0.09571134131640649,42.325,43.875,0.7946344838414419,0.7951610114578624,5.711236607457784,5.828479471147537,0.5006012742022143,0.08907509140768717,0.7841473660820164,0.6106390517112474,0.0066182319547582235,0.061496564672552004,1
7.103243159774396,43.3401350399661,4.158570670518041,0.09782035829266883,-0.008322020220135002,1.0029579900555867,5.732205978032655,5.828690298428047,38.428433514656355,39.72578685905227,0.13618624759423542,44.875,43.4,0.9666745254544757,0.7591773383721945,5.732239889574161,5.828951742051102,0.5491100339835493,0.09286283939507098,0.8110327072243583,0.5644024757379696,0.0023927966448135693,0.029688328284868656,1
7.2095088717864115,44.99925676099876,4.192787621837812,0.08878306814574365,-0.010856251434529457,0.7358305174938443,5.794822160757773,5.8285692063554775,38.31386466542248,39.461431352471784,0.11981636885184473,45.525,42.625,0.9523994896699044,0.7002132222448205,5.794721818310103,5.828879330293614,0.5579902830327279,0.08651261776596132,0.8115637462303451,0.5230895389600049,0.002223863419348672,0.030316377126228207,1
7.209073641366546,45.827375471144116,4.188540061015055,0.09963054131537953,-0.008588308108821205,0.6279460777060476,5.776305074700445,5.828661017051838,38.53732866097151,39.52326205107615,0.10172673579667,45.45,42.5,0.9653564415728253,0.6905413881508116,5.776186410931807,5.828662798097529,0.5526777346101728,0.08659533627902466,0.8098568952904476,0.5176645590494955,0.001498241330977477,0.020299610747880694,1
7.277751264882598,45.52474533128944,4.148059761267424,0.09067398863109755,-0.015326413265861703,0.5784065262767876,5.797375010716602,5.8286045538281686,38.4082575888021,39.10407127573443,0.07023428678630535,44.85,42.35,0.8996392493846859,0.6790832075814093,5.797059290127879,5.82843039357059,0.5661613158235985,0.08995126801405608,0.8016732694241487,0.5176952752079704,0.0022598745948812526,0.03172230161935505,1
7.09257086935633,43.39929413256479,4.173084129003053,0.08924525826125572,-0.008368791502949897,0.7080529983653477,5.742139414866569,5.828750900997614,38.41789623488664,39.67609283445379,0.13446563285763516,45.0,42.925,0.9660645176328,0.7229664311222628,5.7421815233983855,5.829147469863107,0.5498690231113236,0.08946838473150509,0.8125990728978935,0.5465607528443489,0.0017365378929044529,0.022396509499958677,1
6.715911369647853,42.88458786058248,4.183357073798143,0.08269555394264193,-0.010890435678727559,0.9287616779635556,5.7709549365298605,5.828818868362772,38.25686177492212,39.70941836993631,0.1565337572304108,46.1,43.8,1.018743142177322,0.7893379747469469,5.770955229715664,5.828792086649543,0.5600970607242547,0.09066407238900798,0.8544302752522955,0.6109394475055214,0.004001860086814585,0.04358297619223189,1
6.860456405278087,47.32389297732902,4.218630040308247,0.07687503280632708,-0.013752710629102593,0.7746016501568304,5.730220287362798,5.828563423071463,38.42695503176958,39.21695139096998,0.08203114755653353,42.25,42.775,0.7697797126372024,0.7116965106008983,5.730049588856632,5.828043222357082,0.49791455051250666,0.08354618787084173,0.7643180972147746,0.5520382205227183,0.004520514676922908,0.04798653256271425,1
7.158383400438699,44.453072938495914,4.144027148003338,0.10136735810372867,-0.013000773569263843,0.7831127674888464,5.796609105674781,5.828485225807661,38.633403912552524,39.40181136070926,0.07803820105175843,45.875,42.975,0.9764994863972518,0.7270467892159864,5.796534271063283,5.828801133205446,0.5750692466568236,0.09271264520781711,0.8276117667191331,0.5466723738767316,0.0027662554376230632,0.03569799564557512,1
7.245140008701501,42.16740734206081,4.18190168266389,0.09033967795617964,-0.010543836456858352,0.8769330456919197,5.757295400006595,5.828357790235059,38.37964573257849,39.74941354719716,0.14731086347125563,44.4,42.85,0.9060370995764773,0.7176333493861975,5.757203018539778,5.828325276639983,0.5422308618022866,0.08847555299662513,0.7891018275379058,0.5280829575466471,0.00252745213071806,0.033370751289893016,1
6.906335073527293,45.97997334745578,4.175803852518139,0.10872640693180907,-0.013235297243676345,0.4732189403448919,5.711366724139182,5.8286750046619,38.657997527478265,39.39844987416393,0.07499701874618366,41.85,42.375,0.7577908717151649,0.6809332784838684,5.711314138381002,5.829048109967784,0.4959227861883696,0.08695520952914469,0.7561787684952834,0.546397905686592,0.0025119548176981243,0.026696947268903346,1
6.637354531327411,43.541243744814594,4.1463966923842905,0.08480659288500686,-0.013247673919240673,0.962800695276608,5.750141716846386,5.828392328654731,38.43676495172438,39.489623127837476,0.1101453846793081,45.325,44.275,0.9822427047385851,0.8255538689035271,5.749971017742634,5.828816372029934,0.5600363041929363,0.09574323264090193,0.8519931339149223,0.638467083508295,0.00524334118949683,0.052808207051218345,1
6.915180104133451,43.81583533896315,4.21316305240377,0.06998844328757196,-0.012374998453538682,1.0720412474152494,5.750265260669089,5.828562491953495,38.39954269471129,39.53543520831559,0.12288424165118486,43.85,43.4,0.8716679917882333,0.7593051448467465,5.750367545393703,5.828096101909991,0.5260508963077762,0.08624571597157266,0.7972621876645479,0.566062104616682,0.004964780486354763,0.055163789654592926,1
6.711905887642865,45.73062358393354,4.151964574716639,0.09380051110619296,-0.00979995303694785,0.919961344949759,5.722212944160943,5.82840650690362,38.610428233710145,39.4912536873728,0.0906177591051863,45.05,43.875,0.9897167336589909,0.7954141428422652,5.722495229652458,5.828420318852877,0.548524871189651,0.09423074170833248,0.8411275751316577,0.616153129145677,0.0035025050529805864,0.03664619912258077,1
7.045992471329926,42.25839492582018,4.164222774835682,0.10977324194311733,-0.012006866080255325,0.5433701756384414,5.767148633894801,5.828821712968254,38.49607408136691,39.763638562090556,0.13329142430921703,44.475,42.6,0.9018093056936616,0.6980458358640345,5.7669437287372665,5.82874099264029,0.5431634688872227,0.0893468329476586,0.804920610176588,0.5453019261633271,0.0020913336024166065,0.0254601023858294,1
7.020039427354127,46.572002853165145,4.139377395534018,0.08729167690920911,-0.009590593874432243,0.589915154463564,5.7606521437768246,5.8284912297628235,38.39479731767815,39.24151151233966,0.08621969867613265,46.3,43.075,1.043758190704775,0.7346634994813384,5.760671696665586,5.828881394352575,0.5793361494642875,0.09336919700372615,0.8450121407081864,0.5667410437801165,0.0016093307862760401,0.02105341682075777,1
6.858703281116918,44.84399042039227,4.222338313319537,0.09030505658894442,-0.010639928832942186,0.9634798655074888,5.774311860400517,5.828872134234088,38.335548685200706,39.669893829424744,0.1412039264647928,44.875,43.275,0.924568643086614,0.7495015249616248,5.774523917401357,5.828737516982967,0.5322103590033194,0.08534948432367918,0.8173755023184197,0.5706101179163935,0.004027558098064044,0.04451977816365573,1
7.266631311346926,46.325742715992746,4.21681921131812,0.08692592737975742,-0.010931894293499562,0.7744680682162179,5.742550661065594,5.829042952905354,38.59833403826872,39.38391620777804,0.08172362411779623,43.025,42.325,0.8167938183774544,0.6767237198243103,5.742195439493331,5.82927170728306,0.5108670276797903,0.08283407916513119,0.7515639700139054,0.4962488719448991,0.002548839421563833,0.03276823342773116,0
7.053158648768431,47.558797802935416,4.208921910059811,0.09542986067509177,-0.009082989194220695,0.6185771122347088,5.757002190539412,5.828628414880663,38.50164716716746,39.42095134844276,0.09436255093525014,44.45,42.5,0.9100811297739018,0.6905739903219859,5.756849469201348,5.828854092338894,0.5303100750392125,0.08428800619017471,0.7977758423752096,0.5278886756734416,0.0018705044700381384,0.023218438375644444,1
6.832133006850155,45.58963297770435,4.184145363870267,0.10168990099985972,-0.010429866864121569,0.5278588532986476,5.721605064570136,5.82876148115031,38.575440413009545,39.54620175836392,0.10056354370297942,43.375,42.725,0.8643648715896095,0.7076748567940907,5.721297554679262,5.828981310285031,0.5166530009224797,0.08729530354414237,0.7949921410429941,0.5632348913118811,0.0021866884394684885,0.023889796730085747,1
7.273902460542262,44.9233575165028,4.1993409151162515,0.07135733862122318,-0.013638907471982521,0.6708880198325375,5.756843306307069,5.828817744816096,38.449641352320405,39.24196042370617,0.08401397783221505,43.225,42.2,0.8177289231235267,0.6673349627485905,5.7569584872079504,5.82936989423518,0.5263718509737259,0.08379151228178747,0.7610531869144617,0.4964584209443807,0.0026166788929803094,0.03541028809085344,0
6.60467368493447,43.99695238466862,4.196722714113604,0.07623889805727319,-0.007849476182960679,0.7178028194429078,5.724456135163616,5.82917456260419,38.431684700684166,39.71530365691155,0.1409126132177654,45.325,43.45,1.0079282864213548,0.7624868364666089,5.724364606922342,5.829213304938097,0.5406721685317709,0.08782602507631694,0.8475557037810187,0.6049800498736486,0.002466607390739352,0.02643086829290923,1
6.6735138626009824,47.17798618196156,4.174344509592006,0.08890952105195046,-0.008023069883998922,0.9930157114184576,5.772221756621632,5.828749534690841,38.515667814576794,39.48847722045563,0.10047143875316325,47.75,43.9,1.1379157239209947,0.7969579747001374,5.772097190542893,5.828540585184167,0.576936100348654,0.09189861985241954,0.8815205349548196,0.6165450789306585,0.0030916088684120498,0.03389929708592507,0
6.931728950379613,43.74724789261236,4.161760968029355,0.10652496040969657,-0.009412705148579266,0.7456541767896618,5.7755393004779085,5.8286636448647675,38.5123286028459,39.729334917483115,0.12665556368400796,46.325,43.225,1.0307078299163441,0.7459085845658286,5.77564514847056,5.828484560275675,0.5662008886373235,0.09169564007704013,0.8458649969057378,0.5754925110900877,0.002293538947228028,0.02730335723569724,1
7.218675159173896,45.14574411254945,4.231449291668651,0.08534866517068283,-0.009144453432550114,0.446432901400892,5.7872613855049115,5.8286212560475805,38.56792443037959,39.565424390664,0.1071572528383733,44.9,41.85,0.9134848415954702,0.6405363398067667,5.787165698729449,5.828800304641808,0.5371747120067799,0.07965263646255932,0.7928011816244211,0.4826135865003823,0.0012206462820528192,0.017127409622936296,0
6.963678911824649,44.50942470307179,4.142690410349856,0.09075378152870658,-0.016633736242795877,0.9256394558851119,5.7696717218623785,5.82831913725652,38.472509331358616,39.23266777453256,0.07686268579894294,44.075,43.6,0.869228789517499,0.7747104704311507,5.769780887476528,5.8287634806174475,0.5509246485951669,0.0945296380067036,0.8085070138194363,0.5862516384700264,0.00513501196691888,0.0567721337657722,1
6.979164151585165,42.653435324297966,4.120983809887491,0.093550365892572,-0.00944738546076418,0.8642694510584223,5.764060876221028,5.828467765420106,38.59699744248984,39.63256737966443,0.10889471803124348,47.1,43.6,1.0988830984883684,0.7745618422675653,5.763854453451673,5.828778671938969,0.5919226660118079,0.09719915337700856,0.8616434711378589,0.5881698372453333,0.002307954899997935,0.028819072170608653,0
6.88466801339548,45.05600431124111,4.205870725344178,0.08931884882627175,-0.01344511426146485,0.6714370883575127,5.712547790885423,5.828694244067165,38.56068698689084,39.44612231679205,0.09296017420334392,41.7,42.6,0.7450059254997532,0.6981733047651231,5.712634100439046,5.82893399259936,0.4888060016988309,0.08438282222640756,0.7504322436478094,0.5467224905953374,0.003810146114205222,0.03984428435451249,1
7.186311351024551,42.624947191165845,4.177256258252854,0.0883252488831751,-0.014244238997163736,0.7421459430655493,5.771860925262204,5.828440212108519,38.47138188693925,39.52734312167451,0.11213309747106792,43.875,42.6,0.851959724483681,0.6984273367237694,5.772002747744274,5.828521814115857,0.5390064788356124,0.08769948181958465,0.7834306403495009,0.5252306700931779,0.003119355186746841,0.039706310372048394,1
7.13802866290626,45.34641504603263,4.127144938814382,0.09206773738390339,-0.008968061382530436,0.9923704848081054,5.739135933013213,5.828644380077719,38.42468571835814,39.372671803333574,0.09632868934484914,45.675,43.575,1.0191922626280734,0.7724918857480363,5.738968137880494,5.829160474023199,0.5729742291356377,0.09678918992864677,0.8287654363912109,0.5728722267651929,0.0022856736285586246,0.029758231481182274,1
7.145896099052665,42.612483808923265,4.127686182927165,0.09345347954112235,-0.01450780490814116,0.8826308313315392,5.75862245673263,5.828860493899067,38.46379782273911,39.4410532210072,0.10090303178952598,44.425,43.35,0.9065857170605929,0.7552111946535414,5.7584492587274925,5.8288586540403875,0.5599458710167753,0.095752550000799,0.8053081626938621,0.5648867705276562,0.0035098147669227688,0.043504208163970694,1
7.094803820427596,47.653205384941494,4.164442955940372,0.07785475686620238,-0.014046089045115534,0.6583182705262238,5.783505872190445,5.829087346118974,38.66679022328704,38.977273679478984,0.03141969031899569,44.975,42.55,0.9228344114515954,0.6939487568011993,5.783240277006222,5.828704639999643,0.5623385324691599,0.08845307602145591,0.8147383092245638,0.5304665441728701,0.002740706229457594,0.03544723893815449,1
6.992427617905027,44.11214896332965,4.173386519424968,0.09730512496564943,-0.008577568834185641,0.8542933810400792,5.748785413275342,5.8284828087661475,38.37161015991949,39.689365886947094,0.1381737986078548,45.3,43.275,0.9817420549101943,0.7498908504295656,5.748652771848893,5.828418369815433,0.5503266817399298,0.09071420945490116,0.8236817735597671,0.5692182744975639,0.0023332284199033405,0.02818803845869661,1
6.793771349719043,42.96287668266243,4.217900381416527,0.09864382922631114,-0.01261365200539993,0.5581347776371838,5.746180292733696,5.828587992106814,38.36468146664932,39.76799666358516,0.15087261890648404,42.8,42.45,0.7959906007847541,0.6867784595979556,5.746056982199539,5.828137835235425,0.5012089329898346,0.08296621871952682,0.7791201815627403,0.5541680244710677,0.0031578653095891323,0.03344475308898341,1
7.2403436383861,45.88331647332291,4.200665673184938,0.07842270950223072,-0.015021445649649863,0.6235554835165436,5.719801872683792,5.828502731758699,38.50850184901992,39.15472241624013,0.06715534910997462,41.375,42.05,0.7125382924505113,0.656094402990691,5.719809404886807,5.829056641896402,0.4915774131538687,0.08309464350360127,0.7177837924966629,0.49472991757364987,0.0030098996665284153,0.03718553259782841,0
6.87550528574122,44.196639136737254,4.18602646801658,0.08911887742583081,-0.013388082578351217,0.3,5.7430765742393595,5.828388266537005,38.610580517446685,39.41716503174221,0.08581981292883413,43.025,41.85,0.8162679052036887,0.640769329317342,5.743026617334081,5.828475894359457,0.5191393747466545,0.08364960905901113,0.7856672870282086,0.528398129243945,0.0015752799952344963,0.018477678447755243,1
6.764841744988825,46.467054892636654,4.126711521377996,0.08342988060176493,-0.00999975645170814,1.042121890711846,5.743643709832727,5.828721513288095,38.48259544764814,39.28263479087716,0.08139663584561511,46.75,44.25,1.0937534557559445,0.8233458345369398,5.743620138360789,5.828469034989575,0.5828236841717144,0.09823421261303972,0.8688159028207003,0.6279049114578437,0.003525608772684522,0.0394828812988286,0
6.774837042149034,47.98354029862414,4.176748688366611,0.12473484488899363,-0.0134998762341921,1.08209003882756,5.729183054025807,5.82870104623363,38.53687316414646,39.46331790079414,0.08941307740256355,42.575,44.025,0.7957690530781223,0.8064327127798236,5.72890617038035,5.8282404308487825,0.5008700132432699,0.09266277912120725,0.7803173705959752,0.6136477254577333,0.006494813839847494,0.058682887844251456,1
7.092407321073244,47.30433803071707,4.228499959224958,0.10354280838764067,-0.010535976760770158,0.7847018576038379,5.794928026441293,5.828932962165992,38.40735957026253,39.501107768978855,0.11145207143255108,44.8,42.575,0.8983521858313113,0.6960191449379369,5.795166393751863,5.8292835483957655,0.5304352088175989,0.0828803133568123,0.7976173012173069,0.5245796665017154,0.002800147104362162,0.034279432899195064,1
6.871116052667266,42.600571947906126,4.20702875084574,0.09937756567894257,-0.011983144185535435,1.0344631548853878,5.761386088449123,5.828713995195146,38.515322569386754,39.86565462563012,0.1439263223187875,44.05,43.45,0.875631313968924,0.7629474038756525,5.761505721466867,5.8285643766346835,0.5227465928364564,0.08744605351275099,0.8021603725870806,0.57614154838416,0.0049189436552146085,0.05145208772270173,1
7.012319604259323,44.54902149720325,4.184366354450378,0.0870680840072409,-0.012478123376278384,0.7644105245727276,5.795262130066576,5.828720308492081,38.634916370586524,39.44716240846962,0.08528034693968839,45.6,42.8,0.957515076387077,0.7134505850263686,5.795414489776638,5.828835393985601,0.5603564773317417,0.08740410079351142,0.8272165140882767,0.5434423773622657,0.003088346389255992,0.03796888334703171,1
6.795429315226994,46.33019283864572,4.127298369966914,0.08573404829192045,-0.00807720941899591,0.8138205306385411,5.728522624435362,5.828416090328216,38.62222808208348,39.351492024761995,0.07491854273677981,46.6,43.75,1.0978966419150433,0.7859621873332605,5.728783867798456,5.828472914551393,0.5785984238133074,0.09658909050877064,0.8646931047286396,0.6082641737765508,0.0021610277676697596,0.025167838758637463,0
6.824925437453147,45.843972456668325,4.182676436370516,0.08644661844172408,-0.01267843593785979,0.8984164213746894,5.7468103569043345,5.829005831885277,38.48457315125621,39.37291670982615,0.09174661834210637,44.025,43.45,0.8883234021091191,0.7626555671855222,5.746553985854595,5.829373617888376,0.5329828467137662,0.08960969391133172,0.8106275794345857,0.5855155432759848,0.0044253500559382885,0.04725618410985523,1
7.055372637096206,46.32622690150259,4.1583648722795745,0.07554651562880532,-0.00912375140798875,1.1158536432604471,5.737678057633175,5.828913577902558,38.38337688997027,39.28260569668684,0.09288586199225715,45.375,43.6,0.9984187350205644,0.7741160297851133,5.7377405283635285,5.828622671507391,0.5623720766204441,0.09310485721989048,0.8255530993365897,0.5723976603826759,0.0029167068562976047,0.03667145324177094,1
7.0019693515752985,43.99646176557792,4.137946753149068,0.08540777019138676,-0.011118849823921728,0.5882190852340572,5.733273781582302,5.828977874136183,38.6160582611694,39.39377363420901,0.08155131247310414,44.7,42.925,0.95253207859641,0.7227394579836934,5.733473700202954,5.829321494744352,0.5577431307363196,0.092755698713312,0.8191827289627772,0.5600612063918134,0.00197413044464734,0.024552051880331414,1
7.020663065005899,46.20479227859497,4.181856274528104,0.09578517163985516,-0.009795594309435413,0.9027524689852967,5.7553870120407415,5.828335087519683,38.34252435725681,39.468146278671625,0.11515925574031385,44.925,43.225,0.9472244193343462,0.7462371419109131,5.755615718828376,5.827944481809433,0.5444712663493845,0.08965980011966945,0.8137156944604871,0.5631373319440732,0.0028401185437662035,0.034119595956267616,1
6.951530378538728,47.39978908521994,4.15935545516061,0.07128192818965094,-0.006968150954920939,1.0789046821328243,5.7152344809902935,5.828760195275176,38.43286816456446,39.26560120684278,0.0863792012901649,45.5,43.625,1.0301343006257273,0.7761622115362767,5.715334367980467,5.828839826073677,0.5604013187402513,0.09285120178749068,0.8345703611955767,0.5817751759765468,0.0022907849971515242,0.028275172514885424,1
7.21189702909198,44.591431614543,4.1139818991865695,0.07948966363242184,-0.015323074947846318,0.6036515921882964,5.77070966040662,5.828686248236881,38.369901259379695,39.028889848709376,0.06718890274326353,44.975,42.75,0.9356306232354203,0.7096621670741294,5.770865017425495,5.828476556649575,0.5792518590720316,0.09485082934174753,0.8149561575424593,0.5434071996653411,0.0022740268941585464,0.031756300474890385,1
6.655394248872054,42.58799420115721,4.207278764026687,0.07743584813784316,-0.00944832073197354,1.1296455748309124,5.751799948313863,5.828730503159984,38.537518100895035,39.85719157737065,0.1458617106352802,45.625,43.9,1.002828094739285,0.7969770062309944,5.752003030460263,5.829063183290656,0.5440188962990361,0.08813161029550345,0.847699587084325,0.6083045433051081,0.004605072051234991,0.04758972792503855,1
6.906746754590425,42.973939375294314,4.186280540790928,0.08263544308949583,-0.012839374957281201,1.027949745372761,5.709401580750643,5.828763746045934,38.408087231204924,39.612645940150294,0.12854254123285563,42.525,43.575,0.8117179550346041,0.7723725197798217,5.709621615885801,5.828816710603378,0.5084252167679623,0.0897811465758503,0.7730136913582434,0.5806933889405277,0.005025654056523255,0.05263178602658814,1
6.55994962442861,46.85524442677304,4.187385526231808,0.09731755752230614,-0.009920543818819993,0.7885589166261319,5.765511057376176,5.828858064608272,38.540471757601644,39.5424659829768,0.1033276238300456,46.2,43.65,1.031547129810396,0.7779565990553001,5.765729129567883,5.828585314352988,0.5521300297011982,0.08957374947278272,0.8637218743583491,0.6192144333111067,0.003602818717241012,0.03635895632514418,1
6.697059623711188,42.2894830962578,4.188420886990558,0.10072639925266823,-0.007572403072444621,0.7866547626001984,5.752582344685081,5.828752582311311,38.499881625775544,40.02749025700399,0.16614821415595377,46.175,43.475,1.0426365627527066,0.7648048793325932,5.752799684218091,5.828600829534388,0.5501969619690902,0.0893459387933288,0.8545312600536485,0.6003017605373677,0.0024212413550123253,0.026183518431748914,1
7.001127701652684,46.7208002464353,4.209161582130707,0.07502907692106389,-0.011407348686265603,0.8268576550739855,5.726927541862887,5.828665731308266,38.508471053864284,39.29211608346813,0.08210737734743712,43.05,42.8,0.8343223390668131,0.7135051622101836,5.726642524795435,5.829132870770923,0.5135115713207566,0.0847584638949883,0.7743227442955112,0.5387284098887024,0.0033651815698144652,0.039151592696838974,1
7.009521679522287,44.765878961500164,4.130453480673829,0.09202628156571588,-0.009364249518655209,0.6831838794100287,5.734111171609292,5.828661375612015,38.44660533723591,39.42441462083045,0.1007660849215381,45.45,43.3,1.0075503446639784,0.7516121749328253,5.734017661805237,5.829002435519538,0.5671940429410975,0.09519707291419083,0.8324227703991988,0.5764278907075054,0.0018472866883653685,0.02319862404903384,1
7.275102202449609,46.292133249211986,4.137942288783691,0.07270351260616208,-0.009684492391863067,0.8073629161176118,5.7436074236807055,5.829020425874531,38.3479690381702,39.11003554533421,0.07816094907649075,45.35,43.05,0.9906334392525471,0.7322294550551689,5.7437010633431616,5.8293400053999775,0.5740847620087848,0.09356910750606386,0.814653300331402,0.5396622393499273,0.0018147335126342324,0.02619046907410421,1
6.893152718722358,44.88596043451919,4.161185313185765,0.0877625295951009,-0.011972322506316482,0.8318969269804738,5.719205941985941,5.828885355392528,38.61401634501171,39.40970903034027,0.08261550812211549,43.55,43.3,0.8800364387726258,0.7513881951523116,5.719073931200922,5.828406742302394,0.5310166896347369,0.09146897194764743,0.8001473183852814,0.5770516574603325,0.003560903248125488,0.039187432920224544,1
6.9543531118342585,45.51482267757436,4.169505364379105,0.08383000646990535,-0.01211181850107364,0.5735192977667447,5.767921559032055,5.828787703791174,38.523927092289924,39.30040811534175,0.08084983952641671,45.05,42.675,0.9440081187878793,0.7038228004406522,5.767759387160673,5.8292566518081275,0.5559294313102274,0.08842167683312253,0.8237251492123068,0.5508804322016987,0.00230066088523497,0.028350721334026066,1
6.9768286036285705,44.91720471798675,4.143223686689597,0.10247448538110109,-0.008315345846240173,0.8332041261201685,5.750790573756726,5.828594350393233,38.481217723637286,39.57904560630042,0.11250216649596831,46.175,43.475,1.0444283336810614,0.7649631112506707,5.751013183917737,5.828756511440002,0.5691423713036587,0.09459791351420178,0.8437013848672792,0.5827616924089692,0.0020867498871455902,0.025416823507506132,1
6.8166655407667935,43.347377827856725,4.185978443932982,0.08534077874534297,-0.010638442818288213,0.7777098843454074,5.769336395812968,5.8290958318605695,38.5604758309863,39.66219239350016,0.11868945757940923,45.675,43.175,0.9889917998283178,0.7416727685392344,5.769448006342276,5.829347472930499,0.5549901954784059,0.08833941279348154,0.8407750143875804,0.5757131998041942,0.0030810035980063017,0.03512339715823653,1
7.0464589352858775,46.43442611238736,4.203715297092318,0.07537858916692872,-0.011393051628110688,0.5772972693637085,5.730522684461084,5.828732590720062,38.47615528384715,39.266708352225635,0.08317839879605461,43.125,42.325,0.8364400838207651,0.6770340820096026,5.7306393303369,5.828784342435915,0.5174762409480529,0.08370891972863204,0.7737162403825664,0.521619018979349,0.0022394363695879644,0.027718841609325487,1
7.1752748229232015,46.90721655824689,4.187891086037492,0.10699320975058527,-0.01303644582777721,0.9468966519160159,5.800279199070057,5.828901628337836,38.703169404913574,39.35804875378742,0.06518058845697781,44.9,42.9,0.9004670280303246,0.72090752918729,5.80032970001022,5.828448394202247,0.5460761654596726,0.08796159098924396,0.8009416581461692,0.531301398468432,0.0037235501237014115,0.045282554177534275,1
6.739969144405709,43.29010272954788,4.113553997508218,0.09501490264988224,-0.011285074020358641,1.2306419012892242,5.7282691648816515,5.828702826234284,38.67492639491582,39.58509431280922,0.09364431534034429,45.8,44.725,1.0393005613938007,0.8589724051147982,5.728423783012725,5.828508501460189,0.5706983119698353,0.10130781802749599,0.8569540751820166,0.6453103105432084,0.004900098428522291,0.050347352019774604,1
6.909707225902026,45.820023908103856,4.171735907995497,0.09873127070849241,-0.0067650756079344,0.8972205863064374,5.7831080054571435,5.828363540185525,38.588861848159404,39.62801206090502,0.10769904122079933,47.775,43.35,1.1288381748888812,0.7557081483670833,5.782852264956936,5.828173424776175,0.5808204815062576,0.09094211267915826,0.8684392996502374,0.576402855403537,0.0019452424948438486,0.023773998315810126,0
6.922122718355386,44.49345264527905,4.188589411508068,0.08621906455655527,-0.012683032397283883,0.7421074063704654,5.754647301785937,5.828563319554732,38.54634468014094,39.46306382195692,0.09659415533582236,43.95,42.875,0.8748323158009521,0.7193371072996655,5.754606910806239,5.8288931125941374,0.5322588837868755,0.08712377528355199,0.8014558844608831,0.5554310150459048,0.003435332000918103,0.039160888796891974,1
6.831241612346921,47.05611223575442,4.188954432947505,0.10214136925992666,-0.008984739750212729,0.682071341238226,5.748111680684124,5.828295063296547,38.45455945330964,39.519020307206716,0.10877552763525254,44.95,43.075,0.9563644360605696,0.7348596659476145,5.748148300607006,5.828227572729406,0.5374335059153,0.0881662992599643,0.8248914819483334,0.575161416079425,0.002327231919020235,0.026121845730383855,1
6.640723708300779,42.104780467452116,4.154899147698658,0.07449270811844268,-0.012049768033267155,0.8014944403959476,5.779956747110288,5.828838657293807,38.707711081504705,39.59872678962699,0.09745266974540026,47.175,43.65,1.088449181487701,0.7779760063697649,5.779754983484955,5.829014573692055,0.5846289211227075,0.09257517213693321,0.8790780448397955,0.611783048011215,0.003812164077257284,0.04141411164636114,0
6.902703654348651,46.83549211091319,4.146464680686249,0.09582336017609032,-0.014906200405026668,0.8996751586892264,5.7307987917936245,5.828843958409442,38.39118340828566,39.15825682396299,0.07593752738308078,43.1,43.65,0.8342602330743167,0.7779707052541305,5.730917394365765,5.828574292095237,0.5292192440509058,0.0944216072383376,0.7917894387434435,0.595302579975622,0.004828834949870045,0.05100333372159886,1
6.908761277361782,46.022487050483456,4.1724878973255075,0.07630276471238234,-0.008901963544840057,0.9466199596990356,5.743000064632191,5.828818093268211,38.48234902420299,39.383569181337485,0.09451629614750169,45.625,43.425,1.0116279784209574,0.7609466976784276,5.743269841509643,5.828310376957674,0.5590408874594062,0.09071061876152219,0.8369736113300089,0.5769533396065442,0.0027720239160380802,0.03322705483154985,1
6.6020047784172515,44.77188975757863,4.222446409826109,0.09218768899817417,-0.013427222749673076,0.7685938620711016,5.754471737912797,5.8287665005870934,38.55317525320515,39.600094852981435,0.11077897627858363,43.2,43.125,0.8181989521491966,0.7381962676947555,5.754462396724566,5.8285125133404785,0.5062437072548688,0.08413076538921174,0.8019594593357299,0.5893242253296161,0.005372152422122334,0.05091730752379728,1
6.625252861504742,44.19098874528221,4.239591486942218,0.07958249783405678,-0.011474997223977388,0.824884599831311,5.7285797270205645,5.828588130638085,38.48237167160554,39.695352986923254,0.13243438253464807,42.9,43.125,0.8212294305045615,0.7383746376437639,5.728553869058966,5.828323603929896,0.49659288726662776,0.0823739967948195,0.7920828474314058,0.5818809409434977,0.004847369056131195,0.047240803818100155,1
6.913034443887419,42.13552426828901,4.156885503690813,0.0936326810401363,-0.009454848066264844,0.758160757703925,5.782452218541622,5.828829267141806,38.25854839032865,39.789648303218236,0.16394331803752601,47.075,43.425,1.0786701386241502,0.7609355238048323,5.782252792937395,5.828442235678013,0.5809456235047542,0.09283905773908456,0.860279600923614,0.5873585473931084,0.0022722873373816244,0.027950324158175145,0
7.103489939880235,46.9403935540508,4.219169443291545,0.09133455593665939,-0.00911647269793292,1.1403573818622368,5.721238009953435,5.8288073986972995,38.599813898645095,39.50038519275092,0.09305998297744468,43.1,43.05,0.8438210149145062,0.7324424822324005,5.720885190649693,5.829004734717631,0.5056034225182815,0.08514372633369559,0.7640020318212475,0.5344923604440269,0.003514187047200925,0.04048125188062591,1
6.661091575711999,44.96385384059647,4.188353713790899,0.08436019377472409,-0.013594207466705303,1.0677477465260643,5.7350882531063245,5.828745017928103,38.32428326322918,39.47316586743578,0.11942489959879346,43.5,44.175,0.8603647260301353,0.8176825939548396,5.734937052660676,5.828367973818312,0.5214605637959476,0.09108548278713013,0.810851426594851,0.6253348325384895,0.006601336903350814,0.06287798151517082,1
7.061239729855551,44.88136337636711,4.2096006359450415,0.08674621974310447,-0.009329647069441742,1.0892279155072548,5.742879783793373,5.828446509213056,38.45967618059218,39.62154443750134,0.12292224638133559,44.15,43.175,0.901666852358713,0.7423220911867476,5.743108578385616,5.828838892929221,0.5265193905809972,0.08646391801072928,0.7920012648806379,0.546928162562989,0.003352124389204516,0.0397618597970427,1
6.740258148863659,46.57535458868467,4.202696071375648,0.08634378427982425,-0.009707469105232054,0.550633831039936,5.78307662328819,5.82886800271306,38.74265482159297,39.46268795446717,0.07590879201030258,46.275,42.65,1.0194964193185552,0.7018287441892186,5.78306681658513,5.828347382347267,0.5567835261502344,0.08467084519511442,0.8529045070280176,0.5601679229487839,0.0021502239581242125,0.024718653733820078,1
6.996964422581018,47.891581556421826,4.1419151876829154,0.10726492152242252,-0.015539381480118908,0.4474417266679975,5.766428674510561,5.828888696147179,38.64729537168144,39.03034253663163,0.03734920279258869,43.65,42.35,0.8403859891530114,0.6787990652623987,5.7663578474250405,5.8290934917397275,0.5412021818661477,0.09041711688499024,0.7961346020027701,0.5449928018027765,0.0023308340944867955,0.02747997986406098,1
6.709742839484524,45.612428304703826,4.175463224777967,0.0847576392564171,-0.01590897930700837,0.686890277346693,5.722747751842535,5.82857923368379,38.61802994199364,39.21450688042717,0.0615304343635009,42.0,43.025,0.7579929465653255,0.7307652457592582,5.722483185398687,5.828848171925793,0.5057640150778472,0.0884701967296376,0.7778835052045308,0.5839677690002228,0.005018692840625508,0.04888600738219986,1
7.069685680297684,44.42063028076869,4.1724370618688775,0.1012164157154253,-0.010727728756035958,1.0537889026767722,5.730090618694991,5.828779812980963,38.507286209409315,39.6123469542208,0.11377135597781739,43.725,43.4,0.8823975665496526,0.7590878238192778,5.73034485335107,5.82832761010016,0.5277346621928823,0.09128858620456201,0.787733350473021,0.5634030269142509,0.0036042104654752504,0.04133851453933627,1
6.551463387131978,43.69767096888255,4.151679750553492,0.10006345028115372,-0.010013915096282662,0.9270083394695732,5.7441399549927,5.828449413942884,38.344631230045955,39.73999979519426,0.14556678034023368,46.25,44.4,1.0565952993750223,0.8348830856401879,5.744387777177158,5.828725269733739,0.5604312701784067,0.09585535568737233,0.8693595978889346,0.6537679233428343,0.004043887002887346,0.040075274673543,0
6.998927068393668,46.08242408515224,4.163185098997864,0.10189634637826799,-0.009209114071789355,1.1473678323148606,5.781236167742431,5.828632264919355,38.59165696300345,39.518253831472755,0.09385143877963287,46.7,43.65,1.0525036575655236,0.7781823987442174,5.781092175947228,5.828746360407344,0.5725665664364018,0.09300843316183063,0.8480935232358185,0.5787239819739295,0.0032317775963645345,0.03853334315460583,0
6.9018926376824075,46.13963968019142,4.156575864787486,0.0914865811440737,-0.011726384744727833,0.5867350382655877,5.823204049865889,5.828744476942607,38.474607341198755,39.295249595457676,0.08392494964264993,48.025,42.925,1.1068031651375705,0.7229728551772698,5.823318550026976,5.828593548151284,0.5981847053422069,0.09079953290315758,0.8746727544772585,0.5692642403860743,0.0022014946019031693,0.027787772822922923,0
6.81717848838449,42.37170039316356,4.189230067269559,0.10747316496256208,-0.010968709103000825,0.8452998580546757,5.739401552139816,5.829032089005532,38.55922965796374,39.92010537684624,0.14465638397184724,43.825,43.3,0.8806437649256198,0.7512414615393084,5.739586360568985,5.828834828249351,0.5204119561546321,0.08883373214850071,0.803648746090506,0.5820709447509885,0.0037570793472978693,0.03897739761801937,1
6.504905101140057,43.88056132632193,4.185516632083212,0.09010047024852232,-0.010011368677804961,0.8679792820420899,5.786490268081832,5.828952733471755,38.5054462977728,39.746387604590325,0.13277874074111967,47.65,43.95,1.1164076740870943,0.8005268841151345,5.786266261600004,5.828974132481563,0.5715953416014237,0.09047999555901029,0.8880005120234816,0.6339339360999279,0.0040321729565136934,0.040747768084199665,0
7.167296258834095,45.0301473791275,4.217751737800823,0.09850345084325547,-0.010600543295411022,1.1095680258871414,5.769392075734579,5.828690708400361,38.42728700643147,39.650340476286146,0.12706633443932216,44.15,43.05,0.8751545604175064,0.7325591725293386,5.7692620897321545,5.828406072788778,0.5243354790050897,0.08560998109047069,0.7817193201505912,0.5331612684066048,0.0037267260930148394,0.04481211955119034,1
6.866197746630019,44.39932230224738,4.2022711011869305,0.08629419722303694,-0.010712787172208775,1.0544095410508867,5.773135781181549,5.828821117088597,38.47454725267577,39.634423424981044,0.12299695621603263,45.4,43.5,0.9648164299876578,0.7666318620478627,5.7732100333865235,5.82848968171028,0.5465069205657205,0.08793305238128847,0.8302368986911843,0.5780494467511751,0.004187323233250046,0.04671128735848017,1
7.298239706097879,42.930283750163,4.217303675873868,0.11505900813757568,-0.010368649269236583,0.8422524075761721,5.731426093453274,5.828614304730642,38.64239101336326,39.93585426883635,0.13646936371772062,42.375,42.4,0.7781821896924939,0.6829139337092407,5.7315507597027375,5.828386161243865,0.491364052008324,0.08360330449528072,0.729647412741356,0.49907514582638024,0.00272888220036149,0.03286917676940254,0
6.556535665980874,44.23765153043627,4.169856930694027,0.07152608781538008,-0.015983740368580492,0.664349878693861,5.7354969032650125,5.828695285311048,38.526197850703255,39.237018060231584,0.07553733304919394,43.025,43.25,0.8238475761780357,0.7477779336719044,5.735315818251603,5.829028148928337,0.5266745028311622,0.08935032348646217,0.8136398151929201,0.6082863368486863,0.0051931849767992075,0.05046838908684349,1
6.7211989861506325,42.088876869892715,4.172536007270786,0.0934593312538501,-0.014388665585093677,0.7316935164144766,5.698712735558639,5.828332943689868,38.32511659116761,39.65822995009761,0.14184147271356742,41.65,43.325,0.7549683845463813,0.7538399498157409,5.69838165862711,5.828389171085351,0.4958086869027628,0.09022850897801907,0.7681932756909196,0.5994431523048952,0.0047936533705084826,0.04618432204431225,1
6.775328174710924,46.772001916230124,4.176624270070739,0.08609974511810939,-0.008338497690006037,0.6452964673125914,5.716383636652041,5.828747539804118,38.49079884407865,39.43357915892531,0.09820787225883569,44.65,43.2,0.9656819122632045,0.743923150257876,5.7166625997892435,5.82892594202788,0.5381168310617052,0.08947229389152456,0.8268249873304941,0.5846038328223947,0.0020483500051321772,0.023032664316197056,1
6.976365369668132,42.96340415993678,4.143419162676246,0.08277521504431486,-0.012094075185407727,0.9641771844203035,5.768989953387602,5.828735192015948,38.56828989523129,39.501562211853965,0.09856662483737534,45.975,43.575,1.0114967548067293,0.7724010738098075,5.769263031965805,5.828691494051247,0.5759366742746425,0.09439781091061442,0.8423153879889961,0.5810803259798903,0.0035307053654889797,0.04253483411326247,1
6.8194691729277785,43.06400664081098,4.163041512289508,0.10425656315888238,-0.011224754519208905,0.5760751297944565,5.768872705206565,5.828765484266762,38.28253224688487,39.71110957472013,0.14975947921416063,45.45,43.1,0.9727888110667049,0.7362935406011788,5.768602387239625,5.828566306228098,0.5548839634654249,0.09103855057777989,0.8382227712906994,0.5871903836698382,0.002378717846296781,0.027137208706852343,1
6.5135226723385165,43.14044225716597,4.165769019422257,0.07982355232542686,-0.012520867858229414,1.0682993662300806,5.720846912525906,5.8283023620100485,38.56656616903593,39.61512003151032,0.11195132346293363,44.325,44.525,0.9368553938257378,0.8444032361712468,5.720701992104775,5.828092272778945,0.5371607257985895,0.0940161962943559,0.8407986474679293,0.6512345508167475,0.006381132837107456,0.05883870057684048,1
7.0377445928405455,47.487244395554434,4.191978126899906,0.12277572891670087,-0.00991453998607263,1.3,5.728040679332816,5.828806533291679,38.468802914452866,39.607558942293636,0.11171979000409833,43.275,43.725,0.8503329798628974,0.7836816519529641,5.727996020977577,5.829078031809493,0.5073756592605849,0.09076273510974912,0.7738343992368197,0.5753239128743832,0.004538360676647787,0.04756754188480958,1
6.609842103183767,44.19272583007073,4.18620863256538,0.07228138562208858,-0.012300347992415856,0.9253388845142148,5.713904243893848,5.829042890919266,38.42491064588383,39.4876001444929,0.1140384808583585,43.475,43.85,0.8796532177500564,0.7928903615380563,5.713758689212361,5.828575259788145,0.5224994334956361,0.08993761912764277,0.8157597691677712,0.6181658396075722,0.00524110255318138,0.051420933312426365,1
7.0526443774548,47.121972936429394,4.178951790541544,0.10087060058438477,-0.013866399045246322,0.849510437613449,5.717057751184296,5.828712806625466,38.624894238583366,39.25785604703718,0.06310052511468785,41.975,42.975,0.7617538682409828,0.7268192083981813,5.71673938120132,5.82900245572715,0.49982146151101975,0.08884944382045887,0.7485502528592727,0.5484786864971666,0.0041863283326876765,0.045096401327759376,1
6.937649340064958,43.5487674224305,4.202633342741001,0.10883134655062762,-0.008132704899054344,0.46457143366926024,5.789104186786473,5.8284404102233625,38.6064668569128,39.89869337992612,0.13789796812953659,46.2,42.475,1.0079540004000984,0.6888443004517821,5.789393995089825,5.8281943628686,0.5521534318057104,0.0848848231097762,0.8372893828020699,0.5404225038309208,0.0013225898894750697,0.016201876995498476,1
6.920445081195777,44.49772407055497,4.150403652592392,0.10398070688001532,-0.009766349618421344,1.1870411615217913,5.712999957598038,5.828721076915969,38.35523259571796,39.643109055821675,0.13127319039979884,44.15,44.1,0.9315466785540476,0.8120620094376276,5.712785502325793,5.828385774230472,0.5361025103697133,0.09594132621471115,0.8100292173406067,0.607379377557429,0.003912673803412198,0.04235315880443199,1
7.022339515058019,42.401734065193324,4.15225845032488,0.09866385392884772,-0.014243389780139606,0.6069648054309453,5.761355219899426,5.828557037615328,38.54183043471615,39.55563168273893,0.10642287224512653,43.975,42.7,0.8700096471547161,0.705966663466489,5.761245184078652,5.828474953666007,0.5435709720640227,0.09059932908756342,0.8000508275459176,0.5511159778919754,0.0028001717860711194,0.03340690773058346,1
6.680467184964813,47.829705064063205,4.162052565215801,0.10430098970645324,-0.014987400313734871,1.0316608354320873,5.738412972768435,5.829091666382779,38.49270509830623,39.25566512020735,0.07467178914555345,43.2,44.275,0.8342577172935588,0.8248545311754789,5.73832701778586,5.829080744864678,0.5214481767391449,0.09443696479210932,0.8058905308719174,0.6321197966598859,0.006947984212255911,0.0634198794625667,1
7.290202983308237,47.64935979802169,4.183508896079492,0.09696540465478373,-0.01508719358493339,0.8322429578048327,5.749753463009034,5.828869121686287,38.40880409968781,39.10399043152905,0.06868693191796132,42.45,42.65,0.7656129886957359,0.7018276252159916,5.749943112859855,5.82923377725391,0.5114918894396824,0.08757301076926985,0.7418024356709109,0.5178043116108215,0.0036922373908316462,0.0453908331704761,1
6.985653787678807,45.67584930886226,4.1482617575132625,0.10008858863737206,-0.010657887515648844,0.5562307247281917,5.742326428702093,5.828352617172504,38.3348610727328,39.393147846945496,0.1075142644811508,44.7,42.975,0.9434794314766188,0.7271793978511436,5.742234540376121,5.828581101961628,0.5505250370761788,0.09226815037949336,0.8168773843150512,0.5682454850954001,0.0018712941004182227,0.022829862083320284,1
6.883150952144673,45.184375356741825,4.1677365572691745,0.10888728715654304,-0.013642479996765511,0.6584546512850037,5.777669472151049,5.828861282179616,38.543705396648186,39.4592272301948,0.0926781418561016,44.5,42.925,0.8931625599121178,0.7228560499402601,5.777482483348032,5.8290390499162505,0.5424997395143655,0.08979304657635685,0.8158706179478565,0.5698068235194316,0.0033370923535971436,0.036899835720071,1
6.933971819857783,43.21277487245142,4.179131285099559,0.09961642410376184,-0.00829920238225377,0.5813038225598677,5.732699939705367,5.828760440704099,38.488228186509296,39.807781981412305,0.140993592131027,44.625,42.9,0.9474946682383267,0.7210487168210271,5.732873059115226,5.829198722564344,0.5369120110346584,0.08867582521148652,0.8139243643514031,0.5606262518577709,0.0016588242228192636,0.019640195430979595,1
6.704992403952962,46.77251662048152,4.1841734038063,0.10993970125775432,-0.011996160605486274,0.7083504922562094,5.7471082411244785,5.82877636834426,38.551336624503016,39.493458387722995,0.09500250676608,43.875,43.225,0.8767124086214064,0.7457958610863358,5.747161619236508,5.829047635952348,0.522425909780155,0.0889025811977945,0.8130890574572671,0.5934673621781399,0.0037751548839670378,0.037745284929117294,1
7.12516174867399,46.16896372426903,4.099667038425506,0.08756378754596325,-0.01142869847772665,0.8181901437488518,5.744549801539538,5.828777772906979,38.36704723822826,39.09396758112256,0.07242252528033859,45.775,43.55,1.021172628474865,0.7704646078515882,5.744706480754151,5.828420385677463,0.5861491780472503,0.09959956188459063,0.8356784495987956,0.5802880932052841,0.002315518546102474,0.03071549158905398,1
6.883133512687353,42.29142104739839,4.127729436632592,0.07161149237990765,-0.013292520013369384,0.7697266524480436,5.765248725753395,5.828617076338399,38.400655761466666,39.38846321881922,0.10587982413090524,46.1,43.5,1.0244493529537877,0.7668359027980607,5.765344120905669,5.8285036577908595,0.5853617160861819,0.09548527388027868,0.8530184348489575,0.5934204376473384,0.0032065708581473867,0.0389763149079912,1
7.111351854365333,43.50740077860806,4.17338740401782,0.09846537555484312,-0.012286901016157262,0.8322650008229945,5.79167159301171,5.828902223871827,38.65813896844734,39.595897579257475,0.09794380176869778,45.4,42.9,0.9462806181574965,0.7209069336532989,5.791734916400658,5.828975143920662,0.5585631845882669,0.08925243763730581,0.8178789828749521,0.5407662386050609,0.0030585572842065827,0.03804110728220619,1
6.504995845703922,47.972237395625605,4.196367070118641,0.09736577036763733,-0.00998996516378237,0.3695004688920057,5.7267271172024214,5.829022224856806,38.476002698245445,39.44691163014998,0.10025366585423003,44.05,42.8,0.9102902852156252,0.7131486686616437,5.726541158871402,5.828907238812135,0.519872046921328,0.08589707853996127,0.829624197901492,0.5991010549062964,0.001896835067378185,0.01902266297391964,1
6.728776363374655,42.68576384583524,4.161232960003273,0.09638467212605933,-0.01153116349505185,0.8648716807621947,5.729681979051421,5.828787712648945,38.606373026938996,39.72980195229124,0.119078061062897,44.275,43.675,0.9242642185068375,0.779918666060885,5.729548179422618,5.8286217942534035,0.5370404824561814,0.09260441084150306,0.8245196909607998,0.606783029792542,0.004027073316280194,0.0412474878336254,1
6.964792662636795,44.62049344466614,4.167467906707448,0.09498710245721541,-0.012856403648347604,0.8240147781829162,5.7675739565273565,5.8285039122733995,38.15580904821467,39.452145658018075,0.13303990956398123,44.675,43.325,0.9163620096530494,0.7536689812322095,5.76733272742695,5.828268726644607,0.5481032102266945,0.09143142866880793,0.8150826691307286,0.5788294594115356,0.003546053454468288,0.04140685110952636,1
6.751060625331684,42.35950365393483,4.148736966425528,0.08282821206559866,-0.009430642488916913,0.8586056039369205,5.740438508407787,5.828391437914208,38.41947759803146,39.708154144609736,0.13928212956953326,46.175,43.8,1.0547803990300002,0.789765405195511,5.740410676766431,5.828031094531821,0.5688635447995941,0.09433530660598903,0.85827572987609,0.612360563972085,0.002898476833000795,0.032710338142739694,0
6.620912060599559,43.929889131729716,4.169337546417667,0.09803742340315669,-0.013788901961498696,0.5855020023414347,5.7812454585095905,5.829209696740769,38.450590633938766,39.52354343575546,0.1120239807952207,45.2,43.125,0.9418490670790538,0.7377530715410803,5.781036854521846,5.829325285773095,0.5520240605273944,0.08978109824078408,0.8464047226956849,0.6033539962774266,0.003610116535755059,0.037375477198009904,1
6.938295435466945,44.6643006929831,4.139936244273537,0.09910562029112889,-0.014610857241979285,0.3976323149172787,5.773233116590942,5.829030253347782,38.50844843378711,39.27280710970872,0.07802124320050412,44.575,42.4,0.903218036529255,0.6824979850921,5.773066839015912,5.828807846454606,0.5569763804604062,0.09073650645547968,0.8192361565117917,0.554344726757158,0.0019419006847996132,0.023594260084285678,1
6.5924030037243035,42.23387692978826,4.150156281102812,0.0797341000478914,-0.013160887599019387,1.0800170336406612,5.731071721321133,5.828923124006861,38.62443845246723,39.6190603523228,0.10641001549660986,44.75,44.525,0.9584723588086934,0.843782474174434,5.7311607359142505,5.829238072051657,0.5500310971222703,0.09588025165253897,0.8453564040963558,0.6453896885139363,0.006150668307828083,0.05887126071300781,1
6.665848550732247,46.82089340687864,4.173847174132937,0.09773095761494932,-0.0131601808541813,0.3583116316646585,5.7395679437573195,5.828471318102401,38.514516491157494,39.284343749119536,0.07868948050863497,43.4,42.4,0.8482996930429216,0.6830569203374814,5.739771771401728,5.828262954044036,0.5235080103177897,0.08688025111572818,0.8096486554065895,0.574193712821909,0.0021346499372776567,0.022585254519233964,1
7.152434360556714,46.186004413218264,4.196033275334253,0.08513863166742074,-0.010337103631458,0.9844284909572614,5.728382295091232,5.828681477491664,38.5389912379143,39.391670489777574,0.08834142629135881,43.4,42.95,0.8594853417090089,0.7249434736327132,5.728183420466377,5.828483581992321,0.5209951568840552,0.08707243481174697,0.7725191273586623,0.5326332552694989,0.00313965662043144,0.03827041811571899,1
6.59643139850385,47.70253841578267,4.174755191680599,0.09752775924300798,-0.013084488940604764,0.9207108772300736,5.7637573429694555,5.828462753265988,38.431169385576005,39.33092843012016,0.09015455318851304,44.975,44.025,0.942582940672585,0.8066710057474653,5.763872110185724,5.828534918240067,0.543648192479439,0.09207471419416455,0.8434042075804109,0.6311614029937935,0.005529926382558105,0.05328457011652162,1
7.174774996098645,42.34387067185182,4.187844521073924,0.09671137351845739,-0.012978784854604573,1.0153244340164937,5.762260020221196,5.828954293293696,38.59732431538007,39.73275501618068,0.12032526611439637,43.725,43.075,0.8502281650234478,0.7342004359504655,5.762332674034336,5.82936641639961,0.5287866402472149,0.08846813800240141,0.7781408186599259,0.5370514674730319,0.00403995961491274,0.04801007140067003,1
6.528056711308498,45.00027690009093,4.154480187313013,0.07749890993522622,-0.010888081312607146,0.8687778572366377,5.781219519648866,5.828807583167306,38.57059246759697,39.43983078880501,0.0918024590487648,48.25,44.1,1.1650024750760357,0.8119755031862912,5.7812490555988605,5.828475411109556,0.5915760233216701,0.09400147723075691,0.898421440736962,0.6399288254958442,0.004006695539762154,0.041916141282986416,0
7.234129512267428,46.13248656314246,4.159721766379087,0.11565152429938289,-0.01019363596037105,0.6408892599215327,5.74603014798937,5.828572928152941,38.52066254760864,39.46602695851702,0.0941447541517897,44.05,42.675,0.8909872544286763,0.7040375760788855,5.745700258901626,5.828766177831115,0.5360689123054885,0.0904744885649357,0.783733153099225,0.5305945244920011,0.0018054640625670558,0.023160736827393943,1
6.883788292036113,42.278604412300055,4.178116321372893,0.09073141487046789,-0.010182855414005765,0.6228527856286171,5.74265100162332,5.82888577060928,38.455146808012074,39.77401904523848,0.14312750817689135,44.6,42.925,0.9356721412022804,0.7228315615105965,5.742514698294759,5.828628763003161,0.5406968489710766,0.08859681876303514,0.8179283609637303,0.5660527605950372,0.002268491215944815,0.026461088543252638,1
7.009264765433794,45.26094753462221,4.212496052832289,0.08791283317421476,-0.008482229774976415,1.0801484184205492,5.742627519784633,5.829075591466617,38.4227899795318,39.6421385839775,0.12888004867642774,44.425,43.225,0.9225806540085904,0.7454966379639796,5.742616987286076,5.828950037642507,0.5281768631526843,0.08638175529375361,0.8004597602747651,0.5538835920465098,0.0031226153701342505,0.0366856272146347,1
6.770045879329559,46.331112322364746,4.1741218678055185,0.08788177750512574,-0.0119538166636112,0.6762350261064543,5.794841498775004,5.82856608346863,38.386998661432976,39.33236622284747,0.09741817443490929,46.55,43.175,1.0279145425912706,0.7422025169311741,5.794856443939022,5.828865750826677,0.57157423033555,0.08959146966388135,0.8590174724206221,0.5873370394042886,0.003038907128837884,0.03494095349385983,1
6.994549224564881,43.42417702523002,4.216315627756768,0.08934741324980729,-0.008285826717044859,0.32169609879838235,5.767649690875706,5.82842055574875,38.44086486354044,39.782002267895955,0.14687926624041006,45.1,42.15,0.9480036652766204,0.6638825795030234,5.767463171557194,5.828891802959542,0.5388500064595068,0.0822040549378287,0.8137389817675064,0.5213307688587907,0.0009122777504965438,0.011783064185067875,1
6.791916047423405,45.30008371929416,4.170945731621804,0.09612473953483637,-0.00910731987521611,0.918707787332888,5.744062687606652,5.828524625541133,38.455846434568755,39.5998126871922,0.11864333967443214,45.5,43.65,1.0013060940093688,0.7782900381224387,5.743905117344711,5.828088222930942,0.5505223472683617,0.09179798106602789,0.8405266281490853,0.5997758444121489,0.003108240193307631,0.03416073415599515,1
6.858083177921794,44.52009546148732,4.126380937076468,0.0952974423295769,-0.011192502847557158,0.5323415968311331,5.76129787106507,5.828842019285704,38.41349493936946,39.402591219413665,0.10174203828715801,46.225,43.225,1.0375990982969459,0.7457302101448926,5.761086585012961,5.828790746735918,0.5787207416547727,0.09516296000532642,0.8545816243928085,0.5918272215294168,0.001932274812985629,0.023258467532122032,1
6.7311209923794815,44.35045697265,4.2048984756903875,0.1002733779869131,-0.011899120754306634,0.5432753101732197,5.800382944885625,5.82813636685561,38.53232758114534,39.65533816639475,0.11866628105662641,45.65,42.6,0.9560954277579228,0.6987311819766786,5.800192291691114,5.828157366775186,0.5476524827890786,0.0845572714088249,0.8414577528667252,0.5654827882789714,0.002756470837214037,0.030524142522149286,1
6.867130963685119,47.14180625218971,4.182756463873989,0.09726368597424717,-0.008874425117235829,0.6077858621649427,5.743094246153325,5.828339980527488,38.466322575085385,39.45059675041216,0.10084019756427104,44.925,42.95,0.9595171852217623,0.7252849705968893,5.74310221845577,5.828204060329528,0.540670228148639,0.08833117597771294,0.8235983310838823,0.5682027431673178,0.0019551472290877357,0.022677915821118572,1
6.661618418359424,46.19254724138986,4.185089845349494,0.07059823823875336,-0.010297459467123043,0.6110253606934603,5.7076010783399145,5.82886481532245,38.47735372004086,39.33748154646271,0.09164653301386824,43.825,43.1,0.9124442387255209,0.7361942095454914,5.70781121749809,5.8287715336108015,0.5278302395962453,0.08771213575828153,0.8193375963001838,0.5893714542673374,0.0027023092169956658,0.02910166253931917,1
6.843859985868056,43.18078123002452,4.2184458530119135,0.0854186725375724,-0.007481206810501657,1.0138064594680034,5.690506550752388,5.828763125916924,38.491091814801855,39.90335386816269,0.15521226479890537,43.05,43.275,0.8707433301773122,0.7496105332787888,5.690703202901018,5.828575539026813,0.5009979577653412,0.08560781230439216,0.7826311894214775,0.5691493995126178,0.0030549330531417724,0.03271681839659044,1
6.94149366723994,44.03097504450013,4.183793831278691,0.09817402899260817,-0.012365700462565085,0.5779703610571046,5.7195295716458245,5.82853784512996,38.48488014260704,39.56399916331031,0.1131111275194209,42.525,42.6,0.8015899641394224,0.6983297037023286,5.7195590616287415,5.828952149608973,0.5069329478317041,0.08695348419029861,0.7689683811051805,0.5494117431851712,0.0026957087966869965,0.02998466113530049,1
7.286725466442037,42.40946804118425,4.159437595746319,0.09694307097939964,-0.011418399517660514,0.9969542095024906,5.746288250995715,5.8287574486475,38.48253620654564,39.68146345723307,0.12598781076827245,44.05,43.1,0.8907291514223319,0.7363015762204412,5.746052293903191,5.828226589553594,0.5421638748801116,0.09183357992281466,0.7824506263248283,0.5362323461300882,0.002960878873589657,0.038333882897269626,1
6.8042896942233435,47.46547205614672,4.179363817826136,0.09523082446111208,-0.013059480200202877,0.9226674668453764,5.7088065888933714,5.828770302726024,38.543237211969696,39.2920882432311,0.07525063940615577,42.4,43.55,0.8027216495465108,0.7704720780325429,5.7087922329279674,5.829022313895457,0.5046569166044761,0.09035794045695222,0.7776294172721695,0.5917177463735613,0.005042890236262256,0.049709820803776734,1
6.870166997685815,43.74021865665564,4.145921617636785,0.08607865757683035,-0.010972130942526246,1.1681517744967567,5.780640386396492,5.828698030584293,38.62549436887941,39.542311137892405,0.09586826883300247,47.2,44.05,1.0895852285305754,0.808319371833754,5.780594932515022,5.828252519933217,0.5870751009031231,0.09564498505589684,0.8667359820417967,0.6046991734972608,0.00413731266147632,0.047373011361408424,0
6.556302917331732,42.46682378572709,4.188404397752647,0.09970028473023333,-0.011057589105991385,0.6683184654899894,5.784380660562962,5.828529236783293,38.522973604621924,39.86882747702289,0.14507432557381036,46.35,43.375,1.023702770183168,0.7574406993764526,5.784516598537672,5.82899780257114,0.5559742934457751,0.0885618132178767,0.8658523553609634,0.6119887149206215,0.0034552069628955686,0.03519962317945965,1
6.846447271161058,44.65862667391019,4.188169695842412,0.09776842156499613,-0.009508273976438643,0.769530305148744,5.75915866789671,5.828619107275139,38.466420722702644,39.6709822127963,0.12641530874088763,45.3,43.175,0.9713688002888263,0.742149493124665,5.758960170599507,5.828415039947178,0.5448657877808785,0.08850883104335189,0.8307796942994471,0.5758555040601187,0.002712953581009426,0.03073002683930564,1
7.029923796181713,44.8260490916998,4.2149771869980075,0.09804162959489941,-0.00802148376295409,0.5181370315674393,5.744136734912795,5.828731987037983,38.553964018815975,39.72564130877251,0.12464334140638388,44.175,42.375,0.9022908769701479,0.680876296107785,5.744003746097206,5.828757600802562,0.5221189874801648,0.08326886750628208,0.7924081077818556,0.5241646950241706,0.0014308955866017138,0.017592122171927932,1
6.576778027416885,42.80888977208632,4.143434075913953,0.09021124874225361,-0.013556372232666862,1.0191464577540097,5.7370320235283,5.828770655910495,38.45981477519585,39.596984521649084,0.11890483262896755,44.75,44.6,0.9525120566015257,0.8495524869151048,5.737062481243451,5.829232960681664,0.5500072274370138,0.09703287175322313,0.8462791100381749,0.6550133873284318,0.006079203057885782,0.05753004988577422,1
6.754344534883396,45.92178645305002,4.173400406563301,0.10420266767580653,-0.013366541242308972,0.8629981373689515,5.744854857300714,5.82855839853696,38.377088710245566,39.448185746993474,0.1079597451284651,43.625,43.625,0.860067549510739,0.7763640082744931,5.745004418046592,5.828601149403747,0.5246981958787243,0.09140793746795799,0.8071509980525503,0.6051146519162758,0.004855060499960633,0.048504641592262615,1
6.622617372421858,46.47658437064329,4.160111615092853,0.09195315215368899,-0.010592628668012104,1.2263210862166116,5.720618386552834,5.8290060360533325,38.54094802969874,39.47297135623458,0.09491190357807139,44.875,44.625,0.9782621169342969,0.8511885718903613,5.720772004843292,5.828561601426171,0.5423739063395325,0.09555393641281092,0.8428156247949575,0.6458743439830559,0.00553766756264123,0.053230323095909485,1
6.713866334550079,42.805488745978586,4.175202730109528,0.08670444950675392,-0.012171720044818379,1.0832608186593573,5.752292550654435,5.828307848496057,38.34928219598119,39.69674474500936,0.1432221123799266,44.975,44.15,0.9540477329876058,0.8162387876560286,5.752233115776064,5.827841051230285,0.546117598030644,0.09258036974317475,0.8367452212322214,0.6219800841347725,0.005361666748752287,0.05475986470381207,1
6.819645187953272,44.10517800461242,4.205567296819947,0.0922490614176157,-0.009288960192008795,1.0637287376826743,5.6986462103337585,5.828743854594983,38.541723365738925,39.774521680596784,0.13143866556124484,42.95,43.525,0.8549787407906191,0.7686040974233128,5.698956192599606,5.829117647079034,0.5025485193965705,0.08769593003426131,0.7838963175700452,0.5824807779053475,0.0040711997776627885,0.04161707364138498,1
7.265258172649883,42.526697061341665,4.169520983363315,0.09035924109005604,-0.010108627974964082,0.6905741258406135,5.769569080260919,5.828777091181628,38.33378802155677,39.66973794502614,0.14282123235845715,45.175,42.675,0.9516659253016737,0.703833413050198,5.769537832064295,5.828297559168517,0.5585426729945745,0.0892005445494346,0.8050890277038809,0.5248282961637317,0.0017911123810380456,0.025027315318868034,1
6.5838172872199925,42.382995646327274,4.157034705849617,0.10603634506963586,-0.013912523612750154,0.7769205007586895,5.781472897763805,5.828822280119624,38.365032626868114,39.72487808684022,0.1416502849845794,45.55,43.875,0.9676011127949771,0.7949983696262608,5.781506380150416,5.828970588482396,0.5567663057013069,0.09364595092861021,0.8554386870817544,0.6348544783213323,0.004889416516691238,0.04786065357531422,1
7.147971700442372,46.50566521142527,4.14364208011613,0.11363664270077599,-0.01028078749915327,0.6825670392168426,5.786591244372401,5.828727127876781,38.56093845780037,39.39526135722959,0.08254448555364742,46.2,42.95,1.0104669428141708,0.7248978232475967,5.78633652512596,5.828896275180697,0.5734206081812019,0.09300957733552918,0.8326026127193655,0.5502073289130717,0.0019024152565153853,0.0247459640112475,1
7.179436013494999,43.54146200398848,4.173937669029786,0.08954139824319111,-0.010067768174594734,0.9618357077145847,5.755682726070879,5.82879504445313,38.479986846094434,39.61148657969317,0.11950340826241636,44.85,43.075,0.9413315340304091,0.7343596847910323,5.7560014571919895,5.828468986526754,0.5500062583871191,0.08997028954767375,0.803914245884285,0.5411420804954856,0.002701364954216703,0.034792410484169006,1
7.290493801017165,46.502000325514516,4.152134768640947,0.07846181878929784,-0.011374803717171476,0.7481357792735395,5.749711156150361,5.82857852698991,38.49427474535471,39.10653710867277,0.06244103486008855,44.575,42.725,0.926739996969836,0.7078578109544909,5.749700708537687,5.828545903414148,0.5584114116211046,0.09082488229231575,0.796192846568362,0.5231706391554847,0.002091470971927134,0.029352914254344425,1
7.006351735886675,43.380616657245284,4.154734010660596,0.10938442604363802,-0.007634551369076995,0.8967456184650437,5.752883837869815,5.828806934850461,38.50241687271527,39.82922571897714,0.13823359865681153,46.025,43.425,1.0312889193644814,0.7609578560961774,5.752888470894967,5.8288815407705235,0.5618826283547469,0.09338904631919588,0.8371002948951209,0.5761515686683405,0.002074568689493275,0.02512448368129574,1
6.973542004908607,45.84118913147135,4.19430822676855,0.08608801021940632,-0.01114268302802812,0.855717708717976,5.694093282778117,5.828768584004245,38.34313380403604,39.42189552401724,0.11211894102327784,42.15,43.1,0.7982098524736561,0.7362904408636961,5.693888232023259,5.828631415027625,0.4983914909321651,0.08763774062510342,0.7572617425527571,0.5595590912377154,0.003514126183348721,0.03862729967152097,1
6.71381547784349,45.935140409773595,4.193045513917477,0.07242465472706931,-0.008319130690316012,0.4483356245669312,5.721422046197466,5.828670775684713,38.47284424267928,39.445053079509655,0.10472417285095566,44.775,42.8,0.9699903607611722,0.7135001178337372,5.721510672398585,5.828347869712771,0.5384266910070027,0.08609245907481293,0.8319133023062294,0.5730756289874562,0.001503576799055199,0.017328279222188176,1
6.9845251227940475,42.20218654324631,4.17989614216561,0.09735956710548117,-0.01173434764294851,0.9941554122941566,5.770402237090706,5.82868273412536,38.589789315031936,39.80274605747963,0.12921482747433885,44.95,43.35,0.9340738796539876,0.7553889544272483,5.770629752011948,5.828540801725766,0.5465111395302016,0.09001509376226498,0.8168537713059221,0.5665045845830223,0.003917250247857619,0.04475973852544245,1
6.961680005111142,43.80639365124502,4.172821193523602,0.1020812112859725,-0.013905617205674703,0.7597206074270013,5.704151029920795,5.828711213759357,38.4910822519669,39.54206618136331,0.10851786442236835,41.65,43.0,0.7495300901842255,0.7287273105426433,5.703838587959658,5.828756275511082,0.49493700497283943,0.0895476833806116,0.7486249702190498,0.562699488694996,0.004026850178468028,0.04201209826295039,1
6.924270218197359,45.694946188214416,4.152755387247801,0.08491217056883443,-0.007469444194134436,0.8876017552762225,5.7801974292877745,5.828555595320124,38.31606593761072,39.45968867709313,0.1188398286389052,48.15,43.625,1.158822674444452,0.7763668114913296,5.78012410052764,5.829009833053664,0.5954679023973116,0.09381116462454088,0.8760246048454791,0.5905605640859601,0.0019802702397895135,0.02516606212210861,0
7.196925158119588,43.75185008544813,4.150583593046898,0.09143431474616115,-0.010311861613414379,0.8377824418815689,5.737369543326029,5.828887489770252,38.54749091160647,39.514427796607634,0.1009333455079581,44.475,43.025,0.9315883962624341,0.7304569896727964,5.737694121652098,5.828916550627853,0.5507505032433342,0.09224050958288392,0.7992884671945188,0.5427720600764198,0.002307680880932783,0.03001775264716369,1
6.75447075490351,45.30166430180241,4.133047600137031,0.09654661608120406,-0.011418520549512472,1.1534552239426707,5.737614517319814,5.8288294856577885,38.45021346261172,39.45193856370514,0.10120016668306767,45.5,44.525,1.0077542642962065,0.8438761125235068,5.737700733739532,5.828639593468119,0.5618513078235977,0.09860550855563288,0.8483571258102394,0.6376978232730767,0.004786304635753519,0.0496499325141343,1
6.539352809956644,44.41145034081809,4.21110909870561,0.10741489004808416,-0.014988268659891968,0.5311867609508913,5.760182891157925,5.828277924831668,38.556816688396104,39.594825079558866,0.10825436691332858,42.475,42.525,0.7571018195172199,0.6928416109535789,5.760260062770359,5.827817022291945,0.4973855856841914,0.0834169465017238,0.7912892481737951,0.5830746623885952,0.004547357937614774,0.04185242754055189,1
6.983830078276431,44.36423520799188,4.193416134906345,0.11551720939111366,-0.009052570988907422,0.8912288548129327,5.715721867765456,5.8284816669929524,38.480244102204416,39.83658119499607,0.14005444574656492,43.15,43.15,0.8531440922005409,0.7403842929730446,5.7159152749111515,5.828699011368765,0.5060838642325107,0.08842902754963243,0.7756563871672121,0.5620774032796357,0.0029343237308060107,0.031928100706666275,1
6.747399934739936,47.8879147498438,4.150544572990066,0.08805508570207618,-0.008182349429389935,0.9367239781041097,5.752669560040086,5.828378180495271,38.490176435316194,39.335310416195036,0.08587900182571362,47.175,43.9,1.1157363685579025,0.7973293288957075,5.752791768117284,5.828603813025861,0.5782684000607753,0.09455559130429617,0.8725060487226333,0.6147292271232686,0.0027089365038869455,0.0306991295268031,0
6.709211807370631,46.70660350828066,4.263135854662412,0.09037580620665207,-0.014088727156599423,0.5040018820924286,5.708262718740047,5.828822261601293,38.49150073856873,39.4390668585993,0.10008207336503695,40.125,41.85,0.6261670109199162,0.640335334253054,5.70853043859491,5.828893292664222,0.4439382131378314,0.07612901606108044,0.7093526457181203,0.5285787710197344,0.004128543898077538,0.03891897963030742,1
7.106239436868667,47.78760666160728,4.201534707881276,0.07658233311833744,-0.01413502271347269,0.8047289345870431,5.817201524923557,5.828902171356717,38.54148835120058,39.07073740198361,0.05405621778156782,45.5,42.625,0.9281672566924639,0.6998802572435814,5.817384536890338,5.829408309486705,0.5605354315277268,0.08495713920694428,0.817710684505743,0.5243641656990521,0.003525707191771063,0.04538603508379843,1
7.29691514693728,47.72297049681454,4.162237653116345,0.08589168860862455,-0.012322769841832481,0.43925697599318836,5.7121667578854405,5.828811627961844,38.54696120654766,39.020648797201716,0.04763453230388259,42.475,42.075,0.8051179527897041,0.6577128651700521,5.712374095183437,5.82860519884107,0.5192099210706536,0.08737227638795209,0.7479287903071042,0.5004252568689843,0.0014665461698705274,0.01986950267387049,1
6.56218722881689,47.737453093915185,4.18068783538164,0.08829093014475342,-0.00736095132342671,0.9051209532554796,5.7100974258723,5.828646539117527,38.4125959954676,39.512461410516394,0.1139599143413813,45.3,44.0,1.0204300423132358,0.804603041593273,5.710245449491403,5.8288228657240335,0.5390429111561374,0.0913981979314922,0.851056667379761,0.6317220016097808,0.0029725977031981126,0.03014121726580562,1
7.194380982348305,46.065549871925114,4.184687410929894,0.09285345800123172,-0.008712167268624397,0.4657522832041477,5.732089723608369,5.828784263828507,38.589987464049095,39.430375367996724,0.08716670731135202,43.925,42.3,0.8955041082434292,0.6750607527751322,5.732118953272041,5.829085890497905,0.5310732908193538,0.0860464510252162,0.7820764968097507,0.5117954392359783,0.0011698054743031546,0.015554601768923997,1
7.037032709738854,42.85642110276732,4.166917728324669,0.08772531347805697,-0.010791135872995655,0.7250699873951961,5.796821358505152,5.828705416127081,38.268382655462986,39.62414982456911,0.14452934657145183,46.675,43.05,1.035089062453249,0.7325444648026194,5.796723176244034,5.828822654614106,0.5791365720156115,0.09047450424022671,0.846040896684308,0.5600852226911779,0.002308340026393424,0.030065626245689852,1
7.137104810799405,45.488693926824475,4.196297760595111,0.0994312285426709,-0.011038878343886815,0.8545590865145948,5.759965965652817,5.828548497603596,38.55253087183198,39.52063763287809,0.09967399810476604,44.05,42.775,0.87705143676523,0.7117114360687653,5.760173850600499,5.828213071485791,0.5290139456824214,0.08662049386235497,0.7856735447273646,0.5308048003015282,0.002966070964089871,0.036136926166328485,1
7.00086603719194,45.01793134480904,4.2089192179282255,0.08316794277874129,-0.01151789485101403,0.6722076469585792,5.76023961139828,5.828840931363392,38.41919439882669,39.47191221110523,0.11168349798531116,44.025,42.55,0.8748941476151737,0.6941951715567809,5.760044282725177,5.828622565428037,0.5286062752859219,0.08414908559592132,0.7941366804782717,0.5343617077382093,0.002713855049187639,0.03287959635893996,1
7.072469775197238,47.22793831751629,4.176107706352542,0.10905818729676617,-0.007748499443021,0.5948121311665967,5.764361008784248,5.828666570720821,38.606610566264585,39.49706937462289,0.08981390063045615,45.675,42.725,0.9939671868570379,0.7077697672235796,5.76415268586172,5.828191797066843,0.5534353839760578,0.08867466590468184,0.8237430183993318,0.5412348359285966,0.0013945799681413244,0.017683416683502037,1
7.096567964991623,42.986940914584,4.158604772195123,0.08470380584947142,-0.009380861579492708,1.0472442741183683,5.739829757760929,5.828620794694773,38.4589107116255,39.63714753527714,0.12550106524124158,45.075,43.425,0.9739620173837249,0.7611439962518656,5.73961685196035,5.828584388495324,0.5566819357527822,0.0926370496316814,0.8165888369371116,0.5631529403219437,0.00278883943554894,0.035033415117890446,1
6.7680688659438495,44.93138944069288,4.1944485592289045,0.0990551672794478,-0.008130548461624983,0.8134134500641677,5.787483160409803,5.828258418624408,38.323202616936214,39.74733964490687,0.14962574681283922,47.175,43.425,1.0809227681881861,0.7615063723222306,5.787483595335984,5.8281487124272555,0.565345326154738,0.08877318984684221,0.8648087699445386,0.5930250259340805,0.00251414041636776,0.028621508721491433,0
6.5718864251962135,43.20858150131303,4.18090530247634,0.10195450704334018,-0.01097118512730397,0.6290135183306363,5.744345949875351,5.82882632407527,38.61899515266368,39.789860954727196,0.12471622074281837,44.675,43.3,0.939590016305055,0.75144722646957,5.744270165995903,5.829317382456976,0.5339327849206335,0.08910939743424223,0.838503102406632,0.6084138822943291,0.0032689975788877204,0.03235382227635217,1
6.880559663228812,47.203508790524126,4.138452425074838,0.10544609466199978,-0.011514274816821735,0.7343442511480938,5.772074616945493,5.828834248705728,38.53937867763911,39.290895823873306,0.074397706220181,46.075,43.425,1.0157821876725892,0.760930542240911,5.772299367453174,5.829221193499779,0.5710043417101477,0.09466937599755565,0.8483504919209727,0.5916932680638036,0.0028120409122932783,0.032373065160181236,1
7.176579920231642,47.6079723990732,4.175142081991748,0.0707755081827813,-0.013942248608830499,0.8819756622156009,5.724568775544214,5.828736336963319,38.483587872356985,38.97365193351035,0.04982148723854205,42.7,42.875,0.8099549255376024,0.7191640898910787,5.72433178356436,5.828315208676989,0.5226667207117968,0.08860941719174414,0.7610734303505665,0.5318644781381346,0.003673823019151974,0.045329919220733934,1
6.80680710514034,44.75339975935602,4.147230663666817,0.10110154422910045,-0.013404113905748324,0.6207380570741253,5.71700831733649,5.8286139757394855,38.44260494247134,39.40646444438487,0.09831411829561681,42.975,43.15,0.8385236976871573,0.7402519842265116,5.717053976081179,5.8283258685647645,0.5236182329752679,0.09256852059422953,0.7952663750609267,0.5902648949749313,0.0032465560061839416,0.03422310105083378,1
6.633692861822165,46.18282728616724,4.222543525251181,0.09409525170993607,-0.00874716747182708,0.8258111688674453,5.744272360406755,5.828711444822157,38.55609544541778,39.69331578023561,0.12017006413668103,44.75,43.3,0.9452717197230713,0.7515621057226829,5.744478048186711,5.829160403719962,0.5228438630053399,0.08496228091661027,0.8298533337527162,0.5913665731688987,0.0033868111609059717,0.03444834021052365,1
7.158697482073549,43.009304942600856,4.1406114939631005,0.09636270564539764,-0.011396728959901707,0.8768183352628364,5.761192304404957,5.828500394160117,38.41972235954837,39.56923690302884,0.11945091979533484,45.25,43.275,0.9656197191318983,0.7498732650355961,5.761382036599341,5.828936385899785,0.5651212958448283,0.09426740726238493,0.8174379646254969,0.5595312775501354,0.0026758168353609576,0.03443272880584769,1
6.851176113278953,46.65265766122653,4.2313802667789355,0.09334622443105144,-0.008921794797261798,1.0184186297263895,5.705007088572033,5.828707733854868,38.54512798231051,39.63066867611201,0.11359526463412058,42.675,43.175,0.8276034156597927,0.7420608665449357,5.704976575007613,5.828231021817377,0.49092239772742713,0.08405559212324272,0.7700885308732655,0.5623043145671175,0.0038620687452676243,0.03983163319769545,1
6.989688965737614,45.84738567418076,4.167601205334256,0.07637649739608275,-0.009565382956745102,0.569026811943447,5.756138009492436,5.828458634623904,38.37611527532927,39.3077395897207,0.09778471638125494,45.675,42.825,1.0021901861488498,0.7156226607146561,5.756057723914765,5.828618059983998,0.5648701684483678,0.08925759079429205,0.8334229479495822,0.5539398302987457,0.0016689473110033724,0.021685303575194,1
7.178508868701032,46.374139039852444,4.171172072041189,0.09436455275312938,-0.011253792733548361,0.8021188545159216,5.757419220422721,5.8286520549770895,38.51754666303224,39.316624387840804,0.08105878894148538,44.425,42.825,0.9077889533705026,0.7154292403614706,5.757542473653941,5.828120936614086,0.5444570431839845,0.08936189045793193,0.7956077770002918,0.5344417920084961,0.002575658836648068,0.03294617392807135,1
6.592644288480307,47.38507854238339,4.175308429142442,0.1037465173342458,-0.009122636699451677,0.5681005457174595,5.754486074139888,5.828860222542876,38.34562270464726,39.51676783246691,0.11928985306502543,46.025,43.45,1.0296866830944085,0.7628011765279226,5.7544745762284,5.829247833190762,0.5515565083377834,0.09056687771851028,0.8600283778732987,0.6174192540696424,0.0022827517811226205,0.02390742481372111,1
6.6525840438233885,45.284721469395166,4.217843665476815,0.0950457179765823,-0.010843108400881254,1.0703032630180114,5.730895219774703,5.82890566071375,38.45979911741168,39.705588913783544,0.13060170751637332,43.55,43.85,0.8683471609838644,0.7930275917435718,5.730962550952413,5.829299330522922,0.507724678508225,0.08722915582151398,0.8059867084338613,0.608855989338087,0.0055711260818020174,0.052738918470155716,1
7.254615738696197,42.07930336016379,4.1543521455205,0.1150976900589985,-0.011676638381952192,0.5260950110407341,5.765239691290882,5.828878935754796,38.50253902036163,39.77708635861763,0.1328974326526686,44.325,42.45,0.8924626150607624,0.6864875159499739,5.765504438129202,5.829052976167195,0.5444316712626082,0.09017122840856591,0.7890148882598396,0.5234076213244198,0.001656476763723366,0.021913506701472043,1
7.2933180248716685,46.413404965722926,4.184350296527768,0.09605356127803834,-0.012871328903012591,1.0539901418811513,5.7781098872006496,5.828534558951186,38.50465420588103,39.30708072669384,0.08066954205312518,44.275,43.025,0.8758363103576086,0.7308099204918621,5.778283602985608,5.82874912463013,0.5405594818788797,0.08887358544442335,0.7822402881502147,0.5266245885112942,0.0036985218341670993,0.047207274632482955,1
7.244373843164347,45.97756165267464,4.18730884600468,0.10349207425632453,-0.013069180703516977,0.6073084687806567,5.774985711948347,5.828843239452765,38.501152569241,39.35716648930549,0.08665936936873918,43.75,42.25,0.8393925657131289,0.6711567605472348,5.775058639423684,5.8289265193763,0.5299888785745899,0.08576634626589263,0.7730218918070085,0.508232323830692,0.0023263683767912615,0.030184699041685803,1
6.901450966346052,44.27561947795065,4.210582043705507,0.09720842613221939,-0.008720399631034811,0.6738909080036949,5.733288699220168,5.828604514422905,38.6107878914294,39.77175466730538,0.12411942474533583,43.925,42.725,0.8943051326316303,0.707831823521496,5.733375127189485,5.828932205724319,0.5177836964851286,0.08466624556793212,0.7971661660916988,0.5479036431129205,0.0022414730607297276,0.025399933789973364,1
6.795842713445764,46.881188947368045,4.1953254014671195,0.10351950178554575,-0.011435594999826475,0.9702862149625274,5.722768956403029,5.828625573071516,38.41971633088018,39.50581256391176,0.10983616164859976,43.05,43.6,0.8384809245266709,0.7744040346161549,5.722668217176361,5.82908689576586,0.5069404611283235,0.08915693260109715,0.7882827093782739,0.5938101021758171,0.004705977571470222,0.0467556573577628,1
7.063879699264251,47.67001607356328,4.183956688020935,0.09793702479553523,-0.011439333525815783,0.7699290149040057,5.743261693680983,5.828332911043996,38.494043198608026,39.28689511532911,0.07961082142830134,43.65,42.85,0.8635529699825888,0.7176582285772604,5.743165155076112,5.82885932359935,0.5258971816971018,0.08801243197613919,0.7848195560628676,0.5443611399323763,0.002894516013580228,0.03424894184100781,1
7.118494908904602,43.6741936519346,4.1290100682433275,0.09400138588092512,-0.011255589636466218,0.7254422394467821,5.7465785024997125,5.828686992068985,38.56300234912203,39.44878166628438,0.0916002223862742,45.05,43.1,0.9653511753202215,0.7363720327989558,5.746625989006683,5.8286694367227625,0.5653332523893988,0.09471354421497506,0.8185413615607929,0.5581772415699455,0.002214857940218184,0.028450123755059405,1
6.9583516212855985,47.33703395766274,4.168055048292585,0.10305034374080439,-0.011133583459807007,0.7331856314455474,5.725625997922555,5.828513589621464,38.278544473894016,39.3385491047669,0.10583232222272171,43.5,43.175,0.8698269812139046,0.7422550107783401,5.7256114510075085,5.828888400411325,0.5246646894437822,0.09094559922083159,0.7912860506550623,0.573722427111414,0.002840764216440283,0.03212428255590197,1
6.731242963877292,47.01436953078914,4.1802608443316895,0.09399706666352305,-0.014382432296499699,0.7910292218766984,5.753702570696281,5.82856856643232,38.519363932210716,39.262824782180985,0.07511502070588003,43.575,43.325,0.8474336951294745,0.7536043270732886,5.753501861574349,5.828326536670368,0.5262780172962163,0.08932157860689553,0.8078308065001177,0.5928099233569994,0.0049303217889655184,0.04960344118551711,1
6.8810678095236675,46.332866126634684,4.204495687614569,0.10134781644487993,-0.012414907692940893,0.5811809695181035,5.768135874851554,5.828346159756212,38.50465137497834,39.44901824980041,0.09694304952800546,43.875,42.475,0.855684774894331,0.688938550918933,5.768368628211125,5.8279830963828125,0.522697143102056,0.08440156734997543,0.7981248124804793,0.5466770507360267,0.0028650544147104636,0.03213181022604065,1
6.892791803415694,47.1793542561483,4.161769504482259,0.1030274906195453,-0.010085556686000871,0.8854750703583779,5.763872022956514,5.828591078267592,38.365944901842155,39.40593707401945,0.1040950956237703,45.775,43.575,1.0018504070578889,0.7725451875581637,5.763770789095192,5.8287114214962275,0.5588826688873281,0.09284535380725034,0.8394643150957654,0.5920373791497396,0.0030365772393479997,0.03474729046138806,1
6.628391759392699,43.31199395847139,4.2404101212357554,0.08243551499493351,-0.01485535444659983,0.9507940428690311,5.72584126884173,5.828646086550838,38.61194326874261,39.6778883856359,0.11540372442760705,41.45,43.4,0.7123261722862191,0.7592215502494035,5.725539609294169,5.828461654146831,0.47488899741487434,0.08298121777394764,0.7577446783999904,0.5874774310647781,0.007872003648688532,0.06872919264016944,1
6.61549981527537,45.27711937092383,4.21131694639907,0.09701316153586753,-0.006193705250482549,0.7940962510300185,5.755846723545503,5.828781502644959,38.511702778920366,39.85844249027333,0.14404290857083674,46.625,43.45,1.0724034183283289,0.7628798964258401,5.7556283205880865,5.82903800304114,0.5472614775094735,0.08675427994807627,0.8636176055862479,0.601944801614454,0.0021693668470571356,0.023093411030628182,0
7.245178800437398,44.68384484509644,4.1882237673917615,0.10435525593079988,-0.013991830505928152,0.8234107147648755,5.747198846865859,5.828622173415127,38.429055816551376,39.4763929427788,0.1067061588297735,42.525,42.65,0.7739206889193877,0.7020745734871516,5.747135649937434,5.82814465798091,0.5082074620040964,0.08721316508151097,0.7448609962235364,0.5217157370870992,0.0035408122802947175,0.04250069917380026,1
6.762140664252058,42.40868480342673,4.160564000400104,0.09635242505667245,-0.01197009742459748,0.9620513225783486,5.770510281588081,5.8289291019118465,38.583919460585236,39.74582850274036,0.12296748260549496,45.825,43.85,0.9989062368424406,0.7930041505454755,5.7702477157230945,5.829306844065107,0.5613931936484304,0.09330855354282667,0.8493188777859004,0.608915367027258,0.004375189728637308,0.046331878854341736,1
6.746354769436956,43.044265907038756,4.212494706735672,0.11272498051285941,-0.007745625807128428,0.9201437237241463,5.777801443492588,5.828389338290991,38.40237098199964,40.09700802227255,0.18074073945944563,46.225,43.45,1.0210955258694279,0.7632720607798076,5.778081271245175,5.82851711581895,0.5428749916899646,0.0871904882634544,0.8476622254251369,0.5921266213027857,0.002948500574002059,0.03153185153062666,1
6.924756085855078,46.36712494263751,4.200937476354978,0.07244464203196532,-0.015313332545377327,0.4949173263560059,5.76895712207865,5.828690263836919,38.517481826666405,39.0934562552876,0.06041032959160859,43.3,42.0,0.8113164284661902,0.652050434570941,5.769122224933475,5.828531999079052,0.5262646408366041,0.08242891200947253,0.787152935054039,0.523186701988877,0.0028854713050751263,0.03462627295309087,1
6.59223916681202,45.44466183929633,4.207508109055244,0.08382403181392771,-0.010877092175155336,1.287506515276921,5.733026683694171,5.829119213701382,38.58911887369839,39.62985143138371,0.10961114113399344,44.35,44.4,0.9265528826148008,0.83421328588169,5.732873466233695,5.828663439370954,0.523725644310413,0.089586832712704,0.8288849369123629,0.6295807946176728,0.0066840379055342,0.06209797667586363,1
6.611070702232722,43.66933241114734,4.124894355902824,0.09255547485099329,-0.010676259509017528,0.6442868101376255,5.749045100636048,5.828545635374217,38.46227205320671,39.54075227497852,0.11284892051514755,46.8,43.85,1.0920074499587802,0.7933876170831047,5.7491679716235735,5.828302994223997,0.5801524664122033,0.09694382613391823,0.8777127562648559,0.6350077052759148,0.0026850026934415096,0.028887489505666594,0
7.151832508667081,47.35483738413642,4.152991613713469,0.09322268600415652,-0.012420658622141357,1.0932419539981353,5.764457883573719,5.828949115969418,38.32527868231524,39.173125663702784,0.08386643587805162,44.9,43.6,0.9362883435266625,0.7740804917182533,5.764508908508512,5.82889227166252,0.5574989779727916,0.09410067323784224,0.809686754553189,0.5680426556722113,0.0037777470115242908,0.046683717495582124,1
7.185882487600519,42.51346203712877,4.1722596109922945,0.10700319710437795,-0.011779454195195046,0.7785770621208431,5.757868030986239,5.82863678181054,38.260730947744015,39.75711930556553,0.15621899695651378,43.975,42.9,0.8734968360679032,0.7211723757145858,5.7578335699393195,5.828732565938801,0.5342746270566125,0.08995130951566001,0.7840811795252786,0.5427075204329648,0.0026852017247023935,0.03351711172896706,1
7.096789369347066,46.10973397609867,4.155155031314843,0.09017262484022101,-0.011528280004554406,0.902762509863093,5.743566250786034,5.828609233306767,38.46273930455917,39.28425161652942,0.08332361190883987,44.425,43.25,0.9216419230071891,0.7478639856761857,5.743746101809587,5.828489769516628,0.5486291911785608,0.09239739234144861,0.804289537092221,0.5595871496627067,0.0030511593900575972,0.03748968277464219,1
7.000792282327811,42.889859328292644,4.203947713417385,0.09533380157313352,-0.010905646691002078,0.898399792731227,5.762178740484607,5.82879499338729,38.40090587666584,39.79887757960393,0.1495586474385256,44.325,43.05,0.8955235658670366,0.73245488754241,5.762219691156235,5.828476034378235,0.5301887068193881,0.08668107693294681,0.7996891641797738,0.5532252940787437,0.0034128640186955775,0.039604276992409426,1
7.177165561160347,47.47247950437438,4.194716581249776,0.10135337439620441,-0.012580304735199386,0.956510137693346,5.757577016484522,5.828850725898474,38.44540133601776,39.30792181580096,0.0859827613953726,43.425,42.975,0.8321877744621169,0.7266812891251737,5.757622130372941,5.82914822365171,0.5203419662493106,0.08761587358013423,0.7694568991996739,0.5357482740458137,0.0037713236840273704,0.04476704378957262,1
6.661445125413438,42.790478782496606,4.151885573764593,0.07788170126676547,-0.011732815237373816,0.9776086421812172,5.73982586306061,5.8285894570509065,38.3669637628422,39.58262665956175,0.13012723715643362,45.5,44.2,1.0055429185554106,0.8197185983869586,5.739832492632027,5.828382592942184,0.560713763871491,0.09495618379744378,0.8531284381593723,0.6327052320464499,0.004546174502678917,0.04757322919099689,1
6.921203767218165,43.140692344277284,4.152011432729201,0.06624562977740682,-0.012058154224114851,0.794385388814317,5.753565540214484,5.8284332302084545,38.582772925475616,39.37914927280255,0.08610982570104689,45.475,43.2,0.9899498634900263,0.7442374598535393,5.753534808653823,5.828016310573165,0.569928222782055,0.09174125787675884,0.8376853068973661,0.5704668919819588,0.0030471266491434367,0.03728526167365686,1
6.986813013099561,43.32461395980269,4.160381353470102,0.09731747055758284,-0.012804460629982816,0.7418650894441894,5.788152577890349,5.828786426594194,38.49441396902994,39.559020701116395,0.11106095002326495,45.6,43.05,0.9646246285633042,0.7324634543355062,5.788318688802754,5.828729169769945,0.5642809159287447,0.0910222968938196,0.831420863975104,0.563917404057733,0.003043349101364419,0.036668044582364036,1
7.257269507374677,42.59634869735306,4.155569697873106,0.09369792209713497,-0.010341646845151984,0.8076912143732795,5.690166506986386,5.828844364550964,38.377958779354586,39.65030889369262,0.1344245441768072,42.525,42.95,0.8309530287988611,0.7247805865734138,5.690415598256936,5.828820673606116,0.5165467144867879,0.0916741516768329,0.75216698333041,0.5369794474195942,0.0022793597390642593,0.02884118859423631,1
7.1420322989920235,43.4801015008115,4.1637303797047505,0.10301988685093691,-0.015859038941316198,0.8593191164072341,5.755486500064334,5.829070291523577,38.43443320706345,39.466717635650014,0.10529093519824306,42.825,43.05,0.7885947952742258,0.7321795894061234,5.755262616480775,5.829553591409647,0.5219370399805254,0.09093752169092667,0.7644838882622832,0.5495854775255293,0.004322386177975019,0.04953018033862653,1
6.792485886769405,44.05996272228812,4.173196431975706,0.1164415706210645,-0.012721280327279056,0.9959976680374629,5.780432516776071,5.8285583149318345,38.56766233652721,39.731983215822304,0.11822720841918824,45.1,43.8,0.9352208393762549,0.7895985281778843,5.780642595051974,5.828826418561356,0.5439643545861986,0.09218076936199117,0.8311863667955571,0.6044511112601936,0.005054591176182572,0.05103374079502768,1
6.96791069171596,44.563195552083094,4.16892081970925,0.07969803163827437,-0.010541125805450018,0.6547236943785321,5.747801424428958,5.8289948029028436,38.397465272567295,39.42255035233727,0.10852329139074902,44.95,42.95,0.9566746923157359,0.724630148221534,5.7477011554940916,5.829483423356616,0.5532817515378816,0.08955611737989973,0.8214755692734849,0.5597451121850024,0.002219946357555067,0.027524324353842437,1
6.862102581256451,44.00041613871902,4.147256872482811,0.090192193113078,-0.011859814011907716,0.8067137871684693,5.731671847234037,5.8282598194443125,38.43923944367712,39.47623335712589,0.10791696305873269,44.4,43.5,0.9316606523490352,0.7671931596921473,5.731575889020401,5.828110646360389,0.5472632070192353,0.09370731340061957,0.8207631354680058,0.593175256603591,0.0033386390441448952,0.03736992115463152,1
6.632842707987245,43.184808610923156,4.179732090169037,0.10590360039829153,-0.00879736996611738,0.9002421726296271,5.72726283403357,5.8284764912272955,38.52532036727034,39.92990492307319,0.14895235704269075,44.875,43.825,0.9716176694535612,0.7915688258381399,5.7270773303092435,5.828665076788624,0.532833849232871,0.09126324836499908,0.8377251286352677,0.6197960058806145,0.003491298894532685,0.034698006242859465,1
6.578492640690235,45.47433643548289,4.161808190978931,0.08937881276937841,-0.01125152928643218,0.8077847335275967,5.740171973646228,5.828760909520875,38.31113326249607,39.46923396475485,0.11999509230708941,45.275,43.975,0.9884980286647789,0.8026039575332664,5.7399947065288925,5.828664386483515,0.5503901864264035,0.09328772021202132,0.8521949344443381,0.6357249704176636,0.003995878841540441,0.0403866911000824,1
7.0822122435457535,43.78901176645829,4.226352617647096,0.07583806728934168,-0.01048546148185391,0.5575053820647751,5.733054644547961,5.828688928180149,38.405883626866796,39.5962366518299,0.13057193887505958,43.0,42.15,0.8243838797540395,0.6636142070716238,5.7332938123553046,5.828334477730476,0.5083187570624592,0.08101739880808179,0.7637106208484222,0.5083923929340639,0.0020160820784120444,0.025359335968571525,1
7.132588046889957,45.3607353088869,4.165767922913184,0.09036821269611568,-0.011620201471107459,0.5666157123764217,5.7240678441148365,5.828694766960623,38.528020599834896,39.333865718034914,0.08319716824503301,43.225,42.5,0.8505043853157597,0.6905076382420265,5.724112834540521,5.828381197409374,0.5273254206643828,0.08855748946566698,0.7752808026661556,0.5295735525554862,0.001989341157905652,0.025039246836971257,1
6.950705443973949,44.6879924085806,4.194223143341012,0.08874016985643401,-0.01366240530878064,0.7537487214878851,5.786145957936631,5.828773177201133,38.414221700298604,39.435601568019074,0.10672892378736286,44.575,42.85,0.8903051951835659,0.7172179624201238,5.786024423318979,5.829140534571771,0.542067848411587,0.0866173810184955,0.8104529543844498,0.5533633533561506,0.0036844874498208123,0.04295065399687368,1
7.2495998382194875,47.92941466964753,4.241449454243359,0.09009000530695647,-0.009828185251955142,0.9346797622376225,5.753224566661755,5.8286283659445255,38.62037341159868,39.39415326452108,0.07966730183259206,43.3,42.4,0.8270489838830848,0.6828998724953568,5.753129053476395,5.828094949627296,0.5062126756152514,0.08078955858708356,0.7536566482230873,0.4939452011949205,0.002901410963742647,0.03651643896331574,0
6.7385753925976015,45.969229358587896,4.1904070140439496,0.08739673700471139,-0.011470704241804165,0.8927981164189958,5.767289370579505,5.8283863680534775,38.66714065643018,39.455698317146,0.0821207155400733,45.325,43.425,0.9650950510054663,0.761378422893161,5.767306281811246,5.828855276067661,0.5474308478915654,0.08849908536144473,0.8389704818869695,0.5886611386244816,0.004169827722751648,0.04425038517635798,1
7.176175650318131,47.017537233395444,4.18092870875052,0.10148314369369892,-0.010373261304883882,0.47877346481777644,5.724747557331239,5.828471947939963,38.64353809045638,39.34117894109408,0.07063486367878276,43.075,42.225,0.8384071719129231,0.6696046905739284,5.7247905818693265,5.828131206181605,0.5170327671056463,0.08619211817865238,0.7645707854601898,0.5125650578538058,0.001516105041395184,0.019158623693888915,1
6.6405115287034455,42.13290157887586,4.222994583632423,0.10407262954550783,-0.013575702995337209,1.0879405750032027,5.720387929858086,5.828744377240605,38.56871363010304,39.976619256810764,0.15001282455807619,41.825,43.925,0.7468371319439226,0.7988494546111928,5.72050479365868,5.829119399070195,0.4786998388274307,0.08687175985581055,0.7665853790905525,0.6103328861569127,0.007937314538043033,0.06725011008734952,1
6.935275282192231,47.23310302530749,4.1691169708512525,0.10209816642107604,-0.012546086989962835,0.8625069802205861,5.789501949191932,5.828300988691853,38.46842823215646,39.30968499036504,0.08381324447767774,45.6,43.325,0.9632752572617216,0.7538719048137557,5.789514913102366,5.828645452612052,0.5590495031838951,0.09107649263234854,0.8328513155435974,0.5764537284225627,0.0036871972784131386,0.0422898388342221,1
6.807989172852672,45.96497374798326,4.1656664610230525,0.07687981074844942,-0.011896398446701692,0.8258826600477845,5.773225852263721,5.828926093329502,38.4096146397733,39.27493385529519,0.08995316164485463,46.1,43.475,1.0164722264434616,0.7646313683144017,5.7734347361615646,5.829002684724214,0.570072056977976,0.09134460452219242,0.8518815394440887,0.5920577515071255,0.0035017471451672267,0.040435813293196135,1
6.89859156478078,44.914667769237866,4.219793339938655,0.09025772264120861,-0.012533069367162038,0.5829025097717586,5.727450569684182,5.8288030191154885,38.58931139771145,39.524855914883055,0.09929095540019009,42.175,42.3,0.766777636962086,0.675041997488151,5.727158178938041,5.829024701758613,0.492696292436028,0.08200607253294671,0.7577074082965264,0.5319675747529685,0.0030644806028988737,0.03332548477936571,1
6.9608572580224575,47.5323110925202,4.147374386920502,0.08984520249135813,-0.012615666118953438,0.9350155526256637,5.714678222317419,5.82907033324875,38.623956769658456,39.14339330962858,0.05178713259872475,43.375,43.525,0.8712917138423268,0.7682776187695453,5.714873127453668,5.829324004036097,0.5326711669275037,0.09385377709649731,0.7940851879443935,0.5803474885228007,0.003941291389407936,0.04354653487530551,1
7.083386772227363,45.38416917365581,4.145796432797046,0.0970623421019554,-0.010445928372667952,0.5194123095740182,5.7105343447817365,5.828844809770314,38.61764012088132,39.37473630361387,0.07747720867562234,43.5,42.7,0.8849186343547233,0.7056788913115026,5.71071295447871,5.829080812514968,0.5337960357753733,0.0914321584308886,0.7875516778410779,0.5449567041914491,0.0016284695039447204,0.020131327582682497,1
7.160972563680698,46.60970694197782,4.174752164356152,0.10397033351754321,-0.013202228012291773,0.673256892572568,5.755544986931478,5.82862923283523,38.401206835179494,39.2903997975956,0.08886057097752512,43.4,42.6,0.8323226498687628,0.6982383159970587,5.7558444250925485,5.828758008677051,0.5262099711605002,0.08832052805886191,0.773564693119441,0.5322304815626636,0.00273723354568568,0.03361723049174597,1
7.0012524694811935,42.89125875580328,4.182696497724053,0.09294196572983002,-0.011452374766950331,0.9082432651717954,5.761759283125375,5.8287812244319905,38.465091663564664,39.703903720799836,0.13168930801339954,44.65,43.2,0.9203062657898702,0.7438894656300032,5.761871116454572,5.828766831536962,0.542393470540949,0.0892405806495991,0.8100258596087846,0.561301412157314,0.0034561546095838985,0.040476608215871415,1
7.106149171658856,43.510458666684855,4.182586763077261,0.10105441094159984,-0.01576034124135391,0.3602539756809347,5.789975959795321,5.828767861499963,38.516168370420615,39.42875903949664,0.09536075555284079,43.475,41.65,0.8035815018485835,0.6249132586050576,5.7901666627040695,5.829104415816288,0.5303500390738098,0.08367363928576275,0.7779970546390994,0.5035816861819263,0.0018843206394562422,0.024049539107896107,1
6.67987171996841,44.357043779796754,4.13282798681053,0.10317727387445312,-0.009959638438429213,0.8029932941925335,5.772666210163949,5.828630116867613,38.40018991377634,39.61009279649092,0.12420046171885916,47.675,44.05,1.1320423282176666,0.8083872855504337,5.77282464792294,5.828735881878956,0.5867813151052115,0.0971176376779958,0.8838382245968548,0.6341192321764763,0.002968149998443455,0.032315135615214124,0
7.216652282808293,42.051557814113536,4.131554096772195,0.09331813437371507,-0.011838996346482032,0.7955282011603069,5.767747363210716,5.829058266846204,38.317895357262124,39.589004831543065,0.13348852642446,45.475,43.175,0.9757680404937945,0.7417103335536002,5.767838417084251,5.829334626812286,0.5737691428019465,0.09497902274078067,0.8194954945637153,0.5545118518174778,0.0023471133226685725,0.031757378260319324,1
6.574963895270296,43.47459255144748,4.215231956314138,0.08324779609941765,-0.01389260708045277,0.8987620442309652,5.750516476140503,5.828725000285067,38.252961217840294,39.64201938975552,0.14880775526518297,43.35,43.7,0.8335552124121053,0.7818725521302978,5.7503504931740235,5.828355059971944,0.5123563942067727,0.0866879644875814,0.8092530057056205,0.6158437460922485,0.006432779469005962,0.06037657135633601,1
7.028996317552483,45.94544044385721,4.148913094610396,0.08290585225831203,-0.01194799985123335,0.7964579914542796,5.760518474460153,5.828780000795678,38.61942910711051,39.21805952514492,0.061327970355331066,45.325,43.125,0.9718659471248179,0.7381827674861707,5.76074893152281,5.828920797544447,0.5660728029495884,0.092271669755395,0.8272067295510166,0.5601372115108166,0.0028337757987972833,0.03520079986897566,1
6.924918851810541,46.30341640477264,4.151206714158386,0.08564568194638558,-0.01152491986052516,0.8399030993473847,5.744441571590736,5.82858576997921,38.58845511204192,39.25864347901994,0.0684375856328663,44.95,43.35,0.9600345451539578,0.7554859185733989,5.74462906278029,5.828086788166388,0.5563361132498865,0.09274339722448821,0.8265753650757158,0.5778657377908463,0.0031732975754320833,0.03701198707677743,1
6.979444174990606,43.08651898757987,4.150427859921787,0.09351639722198267,-0.010233025486979547,0.5761986440569757,5.76388204241835,5.8289027277242305,38.514244411525226,39.612328969581384,0.11630712950776813,45.875,42.925,1.0092265496536825,0.722814604395646,5.764113079683094,5.828587707442295,0.5686089349868434,0.09164115728844717,0.8384265560764548,0.5624098651312852,0.0018119581908836785,0.022743621275077747,1
6.7817058883489425,44.63301825471345,4.155024159379582,0.08673960137695391,-0.01445087011537535,1.0509554007735564,5.786901837722137,5.828592809478014,38.48443262187386,39.367144521550046,0.09054611190682593,45.9,44.1,0.9880520366595915,0.8121902768755831,5.7871669332182325,5.828102961695746,0.5699993776107276,0.09456297875379098,0.8509412933004138,0.615707234140301,0.005629171758534325,0.059591959681754375,1
7.102760621910291,45.022025720159,4.221057736931194,0.09578477571937018,-0.012306409665986284,0.6347152018203319,5.7844903324524175,5.828768751675764,38.37811000208665,39.53833935893018,0.12151887193976282,43.975,42.25,0.8468745346017243,0.6712312483242364,5.784396348654992,5.828278633857646,0.5238026484893302,0.08227598282815049,0.7821906557079931,0.5147904839280766,0.0026554468989843376,0.03300975760916385,1
7.123109509985373,42.68687289172315,4.202001507014015,0.0895566803445194,-0.013077577701534221,1.022842828915725,5.74091237474341,5.829005820942994,38.356736004516094,39.689972076648694,0.1419949934716318,42.825,43.15,0.8031689205951498,0.7398601390230031,5.7407790639561105,5.829213750080274,0.510526955755978,0.0872523767573558,0.7598719759725403,0.5444191019496949,0.004450324777107288,0.05098990996933521,1
7.256387376960266,45.88699935271219,4.169226517988537,0.11555690041600727,-0.011861500632258073,0.8330530490646267,5.750491201067599,5.828610159603126,38.66912912191432,39.467041002995686,0.07940271999137836,43.525,42.775,0.8468567509506961,0.7116497740692358,5.750646948010402,5.829138154784374,0.5260484226836188,0.08971629132818876,0.7693296591438358,0.5263109674422332,0.0028181488403527842,0.03462102851189591,1
6.5613568143722745,42.174323621580335,4.157756047455349,0.1036145190784222,-0.01173783377112802,0.3,5.769299781291825,5.828675713272589,38.33727960279501,39.75328789660507,0.15150093896026567,45.8,42.8,0.998269944983627,0.7134951802458609,5.769257128395279,5.828711584765947,0.5584960873409454,0.09012648540464115,0.8608641325041957,0.606090598237021,0.0015857842559344575,0.01701648659370921,1
6.918416680855406,45.669554829478685,4.160983975522579,0.06630201042068169,-0.012544350878874051,0.6956189220654847,5.73951360421145,5.828925946992593,38.80785109771636,39.14561262816152,0.03558260956808617,44.45,42.85,0.9275697161018632,0.717065192628664,5.739788028656847,5.829087952062753,0.5525261266025614,0.0894531732230129,0.8183925732647479,0.5538420657719716,0.0029212392389171525,0.03489666232372468,1
6.531729153282262,43.61220574540472,4.174443393173248,0.08657781166419239,-0.011271569176054756,0.6076175170228778,5.7267297489927955,5.8289755302814985,38.31195257922825,39.61978058810296,0.1400945670863626,44.375,43.475,0.9347265482443188,0.7645819313624056,5.726741093964026,5.828984449742885,0.5345782389140841,0.0902323445784394,0.8383113330568266,0.6230730720697222,0.0032572437260929396,0.032727525230293535,1
7.251738802361853,43.09674600391166,4.164540402643823,0.08750810534757547,-0.008234517790321043,0.49145990238756454,5.758082901224685,5.828143090926117,38.37773193701509,39.629652362348175,0.1341360177897148,45.475,42.525,0.9854325024798252,0.6929764448591298,5.757778414692813,5.827689684387304,0.5635127549362543,0.08909161035668137,0.8126940409190804,0.5214839111040689,0.001016296709427929,0.014644022283351403,1
6.799877548075868,47.07694139137674,4.162937538521915,0.11193521915411814,-0.008917698549004215,0.7327296618510191,5.729425518892414,5.828458592364565,38.420044205632735,39.532389932682996,0.11147583276424626,44.75,43.475,0.9601185612374117,0.7650988692793392,5.729658452180794,5.828629860981087,0.5378523271622669,0.09238677234536317,0.8264454277636801,0.5987730515891463,0.0024682595119961273,0.02666334062920778,1
6.795903251653395,47.88943079442181,4.156544801469309,0.09615874112993475,-0.009571112099189684,0.6059714420117878,5.7425847833224575,5.828707444566697,38.58941261169602,39.30987570842232,0.07275466521076539,45.475,43.175,1.0009306203820527,0.742061155833107,5.742717572552613,5.828320160353613,0.5555536640791227,0.09161617709021697,0.8420549949811632,0.5863755895577969,0.002107681848330936,0.02394371447338686,1
6.944503167526562,47.06789951443094,4.221908416559965,0.08035387294649102,-0.011975715184093481,0.561299177550826,5.749045821831018,5.828458775146886,38.48489813580172,39.29470991918139,0.08484344738538312,43.225,42.225,0.8255264075995781,0.669617863367006,5.748728195382616,5.828459398184652,0.5126471188717463,0.0815024601889214,0.7790969163432762,0.5248654255490491,0.002585675329777392,0.030499214804086835,1
7.0681603058726346,44.07508889251242,4.198919226483405,0.11421772197313376,-0.014746844557635254,0.8482110831374424,5.724876464850701,5.828730398660547,38.319627689782166,39.634739928550395,0.13369017396419688,41.275,42.9,0.6996857770456293,0.7210787588645786,5.72451888026107,5.828884784182301,0.47913667415621825,0.0870300659201938,0.7232632909852735,0.5477188456491396,0.004803120284060835,0.04955233261252132,1
7.241206172827958,47.08949037267433,4.1453455063473115,0.09916552008001858,-0.012095617332036918,0.8913281526671394,5.7163045122359435,5.828440050268607,38.539344675957246,39.18376850313304,0.06363840165282768,43.05,43.075,0.8449453686937565,0.7347146789755552,5.716385704513372,5.828174595250619,0.5286264960121615,0.09312664689880314,0.7666114633069954,0.5426400150553334,0.0029351939200796505,0.03639256123702243,1
6.684865591279148,42.99629430305086,4.173900256471528,0.09075803879289036,-0.012742575639890397,0.3929531868329931,5.775191023708711,5.828295515083562,38.391579237190044,39.57736058889411,0.12730529566682924,45.225,42.55,0.9497625077292575,0.6947405878366109,5.77520119019173,5.828413065814097,0.5529373829437172,0.08738568629050357,0.8427353418055535,0.5780730384499415,0.0020990778397711085,0.02364564872885703,1
7.198537648495885,45.67711347745703,4.224437193619495,0.10642227353435789,-0.01153197122570429,0.3,5.7236344142364635,5.82874351826,38.447639341647005,39.5378808107202,0.11306976823871234,41.625,41.525,0.7281095360455065,0.6152459292794665,5.723704290754826,5.828734513039012,0.4796005067060787,0.0795463143623104,0.7176997658323827,0.4822103021427231,0.001208620344952664,0.014974817337134442,0
7.1268384723921745,42.63448724176732,4.141892362060561,0.08380447299452463,-0.012366164238080098,0.6555233576296914,5.799419503738958,5.828807626316148,38.42321076156208,39.465490749128975,0.1105977020189553,46.675,42.875,1.0324909172194427,0.7190928005382498,5.79941505746354,5.829218890550663,0.5910926553333027,0.09234611666468837,0.8446254283987122,0.5483689351899356,0.0021413881209908854,0.029363246750095388,1
7.193910721596964,42.69086843615078,4.1525586684241125,0.06319693686422606,-0.011489883140165589,0.4950511772939986,5.750402877786678,5.828678735301296,38.359314912413936,39.34748911465042,0.10798888345589075,44.9,42.425,0.9503433493137035,0.6847688924915296,5.750541082668758,5.828357731318933,0.5667971257676439,0.08930035886081071,0.8101739452376203,0.5231995268438976,0.0014632955933365451,0.021170025794686114,1
6.88738942104113,44.819931987652794,4.211747821411397,0.08495147550727139,-0.010558976923089857,1.0047629750638853,5.793969251711745,5.828738452061852,38.594122153120516,39.60747494514436,0.10774706778576655,46.05,43.25,0.9920457792176736,0.7477347669211003,5.79399087672256,5.829056652479322,0.5544281468478072,0.08604587633968053,0.838866371383179,0.563422035841716,0.0038744179312480867,0.04451890576802109,1
6.837484555275761,43.149597155539894,4.199810141025121,0.11004601122468731,-0.008202562322950128,0.8593432416361468,5.777549885005261,5.828887581086751,38.4608332270907,39.99206777834122,0.1626674713068625,46.125,43.3,1.0139889685978014,0.7513859694580889,5.777495410804185,5.8293280216163375,0.5484562572337731,0.08801298543700616,0.8424972766619696,0.5796304984768853,0.0026584657367615594,0.029748768480060132,1
6.704638051219212,43.731179454028315,4.183793539815054,0.0901650283290279,-0.009971103696455012,0.8783429531028987,5.710616303198804,5.8286196343829655,38.51228416796963,39.714888998658886,0.12837100315882038,43.775,43.6,0.9056515269302032,0.7744099733047056,5.71053479033523,5.828919772740869,0.5220117708180834,0.0899206113086947,0.813472481519002,0.602446744997124,0.003719684325919083,0.03794976542752118,1
7.106490916234147,47.856855521601716,4.13447454730889,0.11637856492473149,-0.01395805891548609,0.7724068847652568,5.759804655870297,5.82867522650695,38.33254838939349,39.16183042224603,0.07942694172531062,44.05,43.225,0.8772127465477499,0.7458970029236465,5.759905614164173,5.829000335281867,0.5451400341436796,0.09500591452332374,0.7967447828175632,0.5693141653285019,0.0032070308192145174,0.03799831005003724,1
6.545114561381904,47.488076976772014,4.1630704689874065,0.08859008628783688,-0.00907477511843849,0.8811938705005067,5.702768874539549,5.828862632825802,38.51130025705036,39.42338727243133,0.0937078678975231,44.725,44.1,0.9849063568095335,0.8119204535277946,5.702560964348218,5.8292176857702875,0.5377070969572324,0.09340778835813036,0.845157563882256,0.6387964446176221,0.003607248770424399,0.03546619301154689,1
6.704808346488017,42.221528967422465,4.194863527681767,0.10381351092322513,-0.009777070781584605,0.7672920064261445,5.732848724260333,5.828857938761322,38.565792785297425,39.98209103130907,0.1529675273940148,44.15,43.3,0.9116979118917525,0.7514156117835178,5.7330005431681474,5.828911834112359,0.5216853400456417,0.08802904380138137,0.8173137530658243,0.5918905862666319,0.0032827881277666276,0.03346704619342604,1
6.803652843497413,45.50650580773735,4.182851547750277,0.08305409520703555,-0.010593459706494647,0.9389394610939864,5.740213028877943,5.82888933274177,38.47575852751133,39.46666681116353,0.1038020119188627,44.7,43.55,0.9455928313007682,0.7703530480167968,5.739963931990776,5.828929648460698,0.5409464196128448,0.0899185774994018,0.8251620780729599,0.5902875235693498,0.003783881525332693,0.041338396705816474,1
6.742354012636265,46.816730455886564,4.1647002776098505,0.08029199008599741,-0.008343087735286499,0.724639476886619,5.7873606522539935,5.828577606148462,38.501695903054454,39.373620083400986,0.09091871259527706,48.5,43.45,1.176833486338066,0.7630837929223366,5.7873755087107535,5.828837692980258,0.5941304302381892,0.09138182972860358,0.8891609302796851,0.5973022852837716,0.0021361907738985993,0.025480502133764123,0
6.95877848668639,46.36424604119165,4.187833082013387,0.09326690171447785,-0.013173011971211165,0.6935749052716764,5.740716959711578,5.82850160788756,38.52908340707816,39.315780047935114,0.08043967750786575,43.05,42.725,0.8205329212181223,0.7079347300568406,5.740905329977881,5.8286775046355555,0.516878556344483,0.08685283821217488,0.7792760267253328,0.5487782402355191,0.003368478835015117,0.03780548137132282,1
7.278939709309776,42.03003057909716,4.137963494741721,0.07922023503896078,-0.008366225004847792,0.88791170350958,5.739576048562957,5.828947734114901,38.42465852192224,39.627423196899635,0.12986238080006413,45.525,43.125,1.0076456018647209,0.7380150341669482,5.7398902159717915,5.828733596950466,0.573488989254261,0.0939975868993359,0.8169609122930273,0.5412001739121187,0.001715046349489587,0.024537811830703825,1
6.842863490888959,47.66713456245979,4.137109978541722,0.0703962695123492,-0.00867665017029059,0.8343142285352211,5.725183229223748,5.828904534030577,38.45880719351103,39.13470380935773,0.0694787650938175,46.1,43.675,1.0645148494834347,0.7798018446792536,5.725194459216105,5.829182103718604,0.5752519870801507,0.09512065535279508,0.854284348656715,0.5991964123142004,0.002307909154884779,0.027866156289479214,0
7.042614769130466,47.008598668098,4.170242874467719,0.07386981175928248,-0.012037420804952147,0.8596263338840899,5.74139256840997,5.828742373259,38.67921435822027,39.12638967480844,0.04599406918491053,44.2,43.0,0.906915487027895,0.7286961510430006,5.74144273779479,5.828798733012113,0.5449246394721491,0.0893963601490268,0.8028599552968791,0.547040286442886,0.003229665409845584,0.0393097135225503,1
7.1240364740075055,42.726678051754455,4.1674737780117255,0.09026865629653036,-0.01015320374692541,1.0627500810657475,5.7200234707424755,5.828570175976016,38.59776379585091,39.70002059598853,0.11732121824003224,43.75,43.3,0.8943548069190008,0.751703374568824,5.720259708650074,5.828868615014786,0.5325457527057772,0.09128877697550294,0.7867663341146619,0.5528598250377951,0.0032068437823374587,0.03849639770681735,1
6.796857340795737,44.175543775165295,4.146741009952752,0.0930469117008247,-0.007840669655216626,0.6579079339476646,5.751601617594542,5.828867010268797,38.401809433238824,39.6344582923386,0.12971168508744563,46.975,43.55,1.1022294278865186,0.77037537048977,5.7516230151702565,5.829359063038926,0.5770069387831456,0.09406586702405255,0.8668925260288469,0.6026923887360769,0.0017510966324616498,0.020671621204243373,0
6.870253284568127,43.52778265075878,4.148737661838584,0.07609889745276655,-0.01026798775352298,0.9557088160260517,5.7351561812127,5.828991985938222,38.23383017660658,39.499724534335506,0.13451792530766896,45.475,43.85,1.0083592224918103,0.7929412665191,5.735377538824482,5.828535724604154,0.5641222051030014,0.09471290217625737,0.8402637064890144,0.60372714853139,0.0032124111148824695,0.03772480309827765,1
6.520459380419172,44.854232662362875,4.135956116203372,0.06816223965755702,-0.01220281545075663,0.9483537982306796,5.762029969591533,5.828704352405687,38.59165680448409,39.29571269765181,0.07422068172342648,47.525,44.45,1.1318078584981297,0.8383789679076266,5.762213095886182,5.829145455233394,0.5913277038491668,0.09686502492544868,0.8926595142036017,0.6530990477204762,0.004815649566431348,0.049403269399019664,0
6.830302854943909,45.72897518868906,4.169385934168538,0.09601602722349008,-0.008154447387323745,0.9544787174858501,5.702308825581044,5.828754616154855,38.47484449917388,39.586563518798485,0.11497609001284315,44.125,43.65,0.9403563022121677,0.7780600475087169,5.702162013112568,5.828698026027342,0.5296346262998751,0.09205504767368809,0.8134071851282318,0.5957665957590663,0.002866522828215585,0.03110083527845157,1
6.544655046743764,46.568288066994135,4.158788832038929,0.09649727414050151,-0.013998736165921576,0.8441639701111653,5.722806676436731,5.828682165451944,38.397437894354404,39.32499995230506,0.09339979672667743,43.3,44.075,0.8574668741081091,0.8102183459279333,5.722621275021741,5.828207093270886,0.5234714390027634,0.09380847030508897,0.8189712478600382,0.6423636162910006,0.005767597832782577,0.052753227110531715,1
7.285904585341832,45.706313941277664,4.165786668964908,0.0958364994475514,-0.012069057310630252,0.8686578027227158,5.767740131394164,5.828653529685154,38.42640673914119,39.326202903393266,0.09105365450579885,44.475,42.875,0.901217808194299,0.7192468971692438,5.767708932956054,5.828411533278299,0.5487820192265794,0.09031262756315929,0.7901418222354544,0.5288810615002311,0.002736504999230866,0.03636253000082404,1
6.7827070379465555,44.60345297243555,4.1770618493428495,0.07329438936414615,-0.008486096847287853,0.8892593661541104,5.6995603589107136,5.828796942808167,38.27121838135276,39.53714417141138,0.13587971903952598,44.2,43.65,0.9487476965271515,0.7780177208554049,5.699259705255322,5.828937121473659,0.5341942169672939,0.09085185667091299,0.8191353599256832,0.5991924973249452,0.002828988679248473,0.03156568464552784,1
6.634698588068707,44.62944304427879,4.229522365685566,0.10351330590310341,-0.012867875176721758,0.8403613806429558,5.731114421540145,5.828834440713996,38.52620297215292,39.73894216744476,0.12716569094513488,42.175,43.25,0.7631137851061229,0.7476387782689571,5.73110078643228,5.829116425859751,0.48350033964185896,0.0841347798107238,0.7739610301373917,0.5900668478534823,0.005802153127490837,0.052358879303542695,1
6.952839983345881,46.873410859054914,4.16517751874728,0.09502975462317743,-0.01157953242933529,0.8216052920794109,5.754930507494625,5.828731435338958,38.50550506000979,39.305715076314385,0.08078416980670856,44.75,43.225,0.9346135726352012,0.7458407940916381,5.754962793514093,5.828300402353736,0.5478353285848393,0.09108774160998909,0.8178418113818327,0.5708576689281846,0.0031851297476270736,0.036940410045172234,1
6.672518781405778,43.178580106331346,4.170773526769953,0.10375803082317807,-0.011654778298792821,0.8039847227709173,5.7619593356449625,5.8287214146907225,38.52856613965293,39.756429188480126,0.12885505994430535,45.25,43.625,0.9648526878918924,0.7762009921207307,5.761912218820722,5.829062718371453,0.5468927273743901,0.09147869482054029,0.8432050081210088,0.6115204021008643,0.003983345600064272,0.04054921150005447,1
7.290992709040767,43.58827877295231,4.18028219920552,0.07554814750232747,-0.011727005486724942,0.6359348589004771,5.74016740418309,5.82850445753709,38.46540788664842,39.41355329048098,0.10170494045991411,43.525,42.325,0.8571805478352053,0.6772622151925747,5.740162376722502,5.828512063221375,0.5342152872852347,0.08634287641332557,0.7696862166748484,0.5039236159197924,0.0019930497298563925,0.027587389860059156,1
6.938129145604897,45.5469356832085,4.22099530843828,0.08964690460544528,-0.00982023045275236,0.7270265474007884,5.772849884344926,5.828373957995109,38.537994537518934,39.587322969970096,0.1111327909877125,44.9,42.65,0.9278963427554556,0.7023227889071695,5.772990194548759,5.828321874571555,0.534253647116243,0.0832986491797449,0.812933426018298,0.5394041992599543,0.0026200746870036515,0.031087177953027217,1
6.748728923891878,43.64050793422815,4.179171636252899,0.08466695634552168,-0.009552126469401335,0.8487006223162172,5.766341715263512,5.828777132549149,38.46235637439392,39.675236278619764,0.13024812233276173,46.425,43.525,1.0472476471797512,0.7685708194691463,5.76658725234058,5.828810262633327,0.5641121261705365,0.09019702340060105,0.8580075748247277,0.5967570783642442,0.0030687788805638092,0.034498748636246905,1
7.115617986929207,47.075857138245745,4.1512906670377845,0.08606197592669187,-0.01170021322589668,0.8701369139271632,5.765135111820656,5.828803415437671,38.55411833157001,39.15073921800314,0.06007931751890308,45.325,43.15,0.9672493097643153,0.7400625445283264,5.765060004378552,5.82878489631463,0.5657706240755145,0.09234803876052806,0.8209828789824439,0.5533425940839478,0.0028470245149733115,0.036365351855920706,1
6.929825528370271,42.53864396851413,4.137772841550319,0.09264196232283345,-0.009022251837205363,0.7922511947028663,5.744578133559395,5.828817127914013,38.41970762860893,39.70378513569628,0.13638000656106194,46.075,43.55,1.0432786710586868,0.7704252528445545,5.744536085991998,5.829242574554252,0.5717431588289846,0.09519762575676273,0.8465847220181549,0.5906794713073741,0.002196465459989663,0.026636552911322282,1
6.965206746674393,44.26713781780799,4.176343118584784,0.08616542380826137,-0.011039107203028111,0.5285558842169195,5.7433281511802,5.828728795939336,38.50536809188088,39.482590964879705,0.10365145970560215,44.225,42.575,0.9068598160880939,0.6962233111645935,5.7430098698922745,5.828388893630411,0.5393018464270483,0.08748933547071025,0.8060856208847628,0.5457432755770377,0.0019717659556495746,0.02405849842267913,1
6.871545169745219,42.05892168589574,4.147897605981809,0.09593067001720494,-0.013956941561469946,0.7230096798570244,5.79738331499631,5.828976203230905,38.35850763396147,39.609348390679415,0.13169549711843462,46.1,43.3,0.9923147637108727,0.751297347313935,5.797359075349625,5.828729828985601,0.5752340322159903,0.09307200774681994,0.8487654061646946,0.588573323608484,0.0034439342767115266,0.040059821325052064,1
7.280385908028497,47.73711138924239,4.224479815957016,0.10003730708841194,-0.010488263981270889,0.6059887187154027,5.7859303046419495,5.828585780115775,38.45764665357778,39.373846703904086,0.09308900999558868,44.25,42.075,0.8661370431830857,0.6579387130161214,5.785896378140226,5.8290699759826525,0.5265884536577449,0.08155043246654448,0.7745848431983511,0.4902993252834615,0.0018743673335423056,0.02530921557133859,0
6.898075736070336,47.198996303426384,4.170150554425982,0.10476552036723707,-0.009277169487260149,0.5752878751041327,5.776826033967224,5.828761771602139,38.437028958077995,39.4379665480904,0.10107887239649435,46.25,42.975,1.0239092204004976,0.7267702434215089,5.776669404896145,5.828457930496358,0.5630555306918841,0.08993581814545976,0.8456315034392983,0.5705995444024723,0.001814679436776926,0.021776688668254746,1
7.241112013674169,44.521410859261614,4.202406475037875,0.10449861058084496,-0.011429690886945796,0.667053804356771,5.782307893358658,5.828432379715307,38.56755854157636,39.6098260490712,0.10829583948923549,44.275,42.275,0.8716383041996005,0.6734904128130701,5.782416776419773,5.827947514263516,0.5322942324077586,0.08437438057280222,0.7814789270174303,0.5043149354819233,0.0022506408709533987,0.02935122438351988,1
7.18961204761471,42.94643257036204,4.177298945517087,0.08359672587828056,-0.009341871788347264,0.7530043473159204,5.750951682875522,5.828415865269677,38.28862212186094,39.644495457160424,0.14583747485182158,44.825,42.825,0.9441958136326765,0.7156654300688832,5.750857735627507,5.827937118902419,0.550264415708422,0.08877645195630676,0.8027304641777803,0.5345563521124027,0.0019296623173805129,0.02601473075664874,1
6.555760089786641,43.083763888716355,4.2009615453980915,0.12282261010946957,-0.01041375739412544,0.7960174339520717,5.722671519840304,5.828605609649015,38.44754237964865,40.05040669669665,0.1675133224246637,43.225,43.625,0.851900709590292,0.7763167971624378,5.722811048697243,5.828841595398124,0.49940085284163144,0.08859384958090387,0.8059864836216131,0.6210845763964268,0.004379300650564524,0.03929851064902692,1
6.586949542065485,45.32627155224624,4.211453817246474,0.09181673276970981,-0.012186437680331725,0.5122286534257844,5.713117975575324,5.828791617884447,38.43526786689948,39.539392386878994,0.11689621071590342,42.25,42.675,0.7868820244246759,0.7038188863473787,5.7130904336409465,5.828796671619251,0.49247224671638656,0.08389410938671193,0.7845787427535246,0.5824293161578613,0.0032779093265747,0.03187489692222138,1
6.913306189386121,43.95484690942293,4.140991967438748,0.09035650254950123,-0.010419950879344041,0.6563091257994722,5.717979662551703,5.828642354544952,38.61117543779891,39.493391759545204,0.09242120949521816,44.375,43.175,0.9434766346854113,0.7421262458548519,5.717809830040063,5.828922434197088,0.5479429933590376,0.09329911987795891,0.8179920568552822,0.5767154295214347,0.002249305698586726,0.02627710062509081,1
7.294520085395256,42.69074138759707,4.199445923758918,0.10545372277484147,-0.011396106703438857,0.9588606305876923,5.749206289305768,5.829000054492903,38.579187144819215,39.82071643622869,0.13101579323874768,43.2,42.725,0.823464400756226,0.7074362834514973,5.749390245024301,5.828570327835434,0.5141745314026247,0.08643500743021774,0.7546619913762066,0.5136850891715097,0.003185244570469749,0.0394179129316731,1
6.864545752531521,47.74469189524873,4.155446245386055,0.09750749554877654,-0.00815651871554629,1.099592166789944,5.7879313112606505,5.828971601566503,38.50734952460996,39.40320357120083,0.09000183267614761,48.175,43.9,1.1528899657929514,0.7967359078244751,5.787833858718829,5.829341649382446,0.5905371000783901,0.09444580121407743,0.8783718400967763,0.602473317694758,0.002893913262738034,0.03405807388658432,0
7.124716581491348,42.0353716649629,4.105701651868914,0.09093543207092887,-0.010945277529150184,0.6296837581294302,5.740209732067006,5.828712573423511,38.463725919232346,39.5297107695421,0.11217579709644285,45.475,43.175,1.003305671637504,0.742056026976293,5.740324852226664,5.828415256742975,0.5789870760407244,0.09756919326921731,0.829482952012204,0.5667589034287649,0.0017458125944576524,0.023311482169875105,1
6.868007427372382,46.09822030615377,4.192805082834602,0.09976699719429884,-0.012471812554206497,1.0684708020257305,5.747386488765948,5.828668077190778,38.4777146616781,39.49313767391128,0.1031268886583724,43.675,43.675,0.8613198899438821,0.7800383015190526,5.747599498618067,5.829005266157262,0.5207748084632217,0.08964819812827646,0.7972492447281824,0.5874161507898848,0.005234940285366639,0.05373930825863333,1
7.259092204062805,42.43603645439731,4.147480258624508,0.10668654366192194,-0.010591522005633288,0.7559147673800569,5.7617602048234895,5.828892239940147,38.411076281299344,39.72362432825146,0.1367153327271738,44.95,42.925,0.9427159119212041,0.7228250921797299,5.761882101952235,5.828398572243189,0.5569168388420374,0.092660792023501,0.8031387811584614,0.5394406252737083,0.002042214124677691,0.027312503041155223,1
6.6974185244656415,46.980235075478035,4.194551871974705,0.10489734969366174,-0.008910344068195951,0.8763508866523457,5.759187085610293,5.828595578454535,38.410606297112686,39.61617110955709,0.12316512998362607,45.65,43.6,0.9972912870332546,0.7744340292331362,5.758968527987983,5.8285883979410595,0.5421879745684107,0.08921054918856902,0.8446332976420046,0.6048017961524753,0.0032896531751383028,0.034398477354873364,1
6.566304550234462,45.7772281147582,4.17622057681687,0.0838141462626029,-0.01455658168858467,0.8958223528427847,5.709358545917203,5.828714547675666,38.603281549012834,39.32286708917979,0.07428948081767989,42.4,43.9,0.8021696925226793,0.7969929617153122,5.7091295199717464,5.828375755128737,0.5078533917153525,0.09106380031267605,0.7974341702413875,0.6252560898909869,0.006552956339155606,0.05880675493845567,1
6.803479509400024,44.071275884820125,4.187615391050781,0.07434492580212626,-0.011728346776360959,0.41457712396916957,5.7506631748453625,5.828192407325633,38.617949638532274,39.432242638473326,0.08850239367362386,44.45,42.3,0.916420145467951,0.6756526092780062,5.750793827538484,5.828065632784777,0.5414984418160466,0.0848021105383566,0.8207539195677427,0.5469255901437795,0.0018801564303566572,0.022308087951986334,1
7.023855373045307,43.66979520117288,4.181701248520636,0.08731293512548617,-0.008326858629041697,0.9020967936331361,5.7610530653770695,5.828474931753963,38.5453851673959,39.690391848550185,0.1226295593883045,45.825,43.125,1.0083634530534518,0.7384878365278862,5.760811411117052,5.828979946481888,0.5588385388624643,0.08905074479989851,0.8307586506039092,0.5545606691606418,0.0023130756120982106,0.028918036224411043,1
6.730208757618916,47.9059182231348,4.197162536144499,0.10274655273799228,-0.014238927148125986,0.7553403369453651,5.733889433655069,5.828330402818977,38.52936805597564,39.30144163851021,0.07722166339032549,42.275,43.1,0.7680333588733079,0.7367286220489646,5.73381878645902,5.828414627949841,0.49761894715329863,0.08697069165095711,0.7757654897408693,0.5831651486347734,0.005073389321697963,0.04853415379429487,1
7.0777966218587745,46.72069716802468,4.168237030223399,0.08393595411580458,-0.009770471326559255,1.0200845786885953,5.749150558877712,5.828286571120421,38.48434139820623,39.30177712015856,0.08364995571077737,45.15,43.325,0.9702244120552237,0.7538863223851884,5.749301817814807,5.8282117240670415,0.5554509651529685,0.09117956112215743,0.8177205145053617,0.5590881709280014,0.002925287972106353,0.0364750665311384,1
6.936413450227311,46.9232747115689,4.238960877469134,0.08765407470628724,-0.01384406364566363,0.7825516249216921,5.752598122027264,5.829069907458761,38.38461248204832,39.35667212919208,0.10068458802734025,42.325,42.575,0.7531685507024006,0.6958821996451681,5.752868059084047,5.82862129748977,0.49169574185699105,0.08124848609569876,0.754553485757476,0.5356020176394081,0.004569145052191374,0.04907842484996591,1
6.624404919828206,47.32600148506639,4.187546495915623,0.09632401250895546,-0.010689256945719414,0.957979339517827,5.727112584721832,5.828933363285338,38.432398970183584,39.474929927313305,0.10621450158384076,44.15,43.925,0.9174340514302539,0.7986604685664602,5.727372084352654,5.828590221065621,0.5245303362459729,0.09058872092608168,0.8248454304527678,0.6220584400470718,0.004689181469058679,0.04547501138800831,1
6.66315231275962,44.088229750633225,4.183682046548107,0.10656131177759033,-0.01096314035504945,0.540017365870039,5.769932053208875,5.829110032254659,38.603567377225225,39.72019015844589,0.11725717085760119,45.35,42.95,0.9643088097243773,0.7245149188697182,5.770025707384623,5.829250998411258,0.5441332423398871,0.08792877877299592,0.8433177690247383,0.5883349759232562,0.0025925783527185765,0.02730764644364575,1
6.726402985686087,42.72120657672825,4.199604458712649,0.07977826176151505,-0.008910759858346187,0.5762831926266191,5.721268924968235,5.828711162856192,38.470811700306385,39.78450845272334,0.1457636312487838,44.25,42.925,0.9307984228568005,0.7230061692636847,5.721215916666774,5.828814290987032,0.5276942361881947,0.08598095288285285,0.8195496153267358,0.5751716235217017,0.0021303854477911525,0.023644771122259853,1
6.588582284980358,44.98851394782586,4.225298250938002,0.1205232152946825,-0.009894064471498957,0.9760386761271651,5.75367840557851,5.828613260898268,38.51578915418938,39.96485746508838,0.14978906076657894,44.2,43.675,0.8946296498593549,0.7800931178115622,5.753796976606095,5.828396366429243,0.5078521292726034,0.08627362631558233,0.8191206208579105,0.6114335969521825,0.0050148502191542195,0.04588118713404771,1
7.273392616827963,43.66544681414679,4.176669702511755,0.1018023798978598,-0.010864730528946397,1.0350033717512888,5.741302759162073,5.828323511076529,38.52493378868116,39.65674845190824,0.1173800389917841,43.65,43.05,0.8655119045014992,0.7329263698531712,5.741277810923602,5.828846015342992,0.5283732030270387,0.08987325481730127,0.7711037778995364,0.5317133774349363,0.0031058680773642464,0.03888723856724788,1
7.056474217896426,47.024901973050426,4.160387872905,0.10585187275099997,-0.011391563163728666,0.5722951341227732,5.7436330604135355,5.828415247035574,38.56336519384646,39.311533030673715,0.07469996681812799,43.975,42.675,0.8877318066406064,0.7041952571962522,5.74365258035189,5.828629347391164,0.536166793829308,0.08991262252576782,0.7954465684687207,0.5456011788806435,0.0020663906259394365,0.024984438873105697,1
7.230523212514987,47.716682288261,4.222950457063377,0.09368103451412572,-0.011312271819493043,1.1747880898192593,5.77343229033647,5.829168503379407,38.46372396237982,39.36450464792023,0.091134689143969,43.975,43.05,0.8579325767176718,0.7320813775502932,5.773333284251535,5.82953117641562,0.5226050651170029,0.08504320330382124,0.7732210363077248,0.5242007688199433,0.004070709133778298,0.04962825107412515,1
7.244177589894427,45.073834418491344,4.209912967246341,0.10319750959762049,-0.009491472394702178,0.8033878813551263,5.695202993053146,5.828530012919937,38.66433028041452,39.65120291449415,0.10274283173656946,41.825,42.45,0.7720220687488633,0.6868364387848329,5.69543210112902,5.828505228670191,0.48520126516745926,0.08424515127642804,0.7233398120252004,0.5053799656557739,0.0024353628567325746,0.028975938003372944,1
6.789788586156266,47.72514868852353,4.206245958643825,0.11515580030270553,-0.009503447348528041,0.643457177686658,5.795649135902272,5.8288739689400515,38.566761237472996,39.588721829955155,0.10314462241404382,46.1,42.875,0.9940489428049109,0.7190264579143459,5.795812548367578,5.828968831880456,0.5467584629569804,0.0858074164304991,0.8436486333289698,0.5688834132363797,0.0024737117387444675,0.027347362783042062,1
6.847546973245165,47.23654786569384,4.190141917997745,0.0793740276868573,-0.014748464154273201,0.8107957089496053,5.731899091058267,5.829003945566223,38.40072326526413,39.134362111078495,0.07498841017424458,42.55,43.125,0.7911370118619061,0.7379588227156262,5.731915797991681,5.828790598796863,0.5114141775089637,0.08762529386654097,0.7775872105836226,0.5720885997004772,0.0048594246189667826,0.05110884701606939,1
6.563393375225745,45.48610383827058,4.120646943820701,0.08468191663016066,-0.013209934115820004,0.7322343179066453,5.707723939848088,5.828285761454072,38.48694416180172,39.23602127166226,0.07664626527086796,44.175,44.05,0.9387036720348547,0.8087316409639742,5.7074376653289525,5.828281187400358,0.5494097342224494,0.09768668885755095,0.8412847456553043,0.6451463814677149,0.004145001255845512,0.04097424591694217,1
7.272158850519617,47.13563549974926,4.161864450421727,0.1006555504278933,-0.014494344434630416,0.9031302036257263,5.751965498617585,5.828819163046992,38.40965304711637,39.146209484606395,0.07237510923481887,43.15,42.975,0.8169004613484123,0.7267128519766555,5.752236337101862,5.828415525017021,0.5281721474224581,0.09109644848652677,0.7631481207840008,0.5352467373548233,0.00364820128199492,0.04516497873861607,1
6.769792017225686,46.45367486533068,4.172996875401476,0.08201362327894389,-0.014638323037008702,0.8956788367595865,5.747080534682753,5.828312431261236,38.67385421024223,39.20194006213479,0.05401145386268706,43.675,43.5,0.8616258440270776,0.7671405478752238,5.746932588838184,5.82822150512477,0.5330162169162906,0.09042215233229475,0.8098516185199025,0.5909416269419281,0.005344992213211936,0.054570856352952564,1
7.178733849908441,45.743363552568745,4.139820255904691,0.07946456042538579,-0.009566762965286663,0.9999834956293563,5.75751477448579,5.828593162438451,38.40516843249631,39.253805270180486,0.08708370446968973,46.075,43.4,1.0303420301322923,0.7592744743617903,5.757662532634281,5.828771001218637,0.5803464349279293,0.09460869217200243,0.8323916694333984,0.5590153248568307,0.0023851488443408842,0.03240626328648856,1
7.07631895914938,45.76292711109293,4.1784766619551235,0.10350527911143899,-0.009871789404684896,0.8567380906202069,5.7588158798335085,5.8285437189318605,38.506183030492394,39.5311469843061,0.10453971618696793,44.825,43.05,0.93633161667469,0.7327061619978394,5.758729541025106,5.828814512583672,0.5431617665063491,0.08947750992478412,0.8079442633983649,0.551158902820145,0.002628458781721777,0.03188845865447507,1
7.010972142658112,42.58587837929034,4.138029594619138,0.10470537335127005,-0.011367570262599429,0.6875936524884859,5.765540687370037,5.828745288992483,38.32941974643246,39.670196201569034,0.13934711674523917,45.55,43.25,0.9835333231887446,0.7477279299904698,5.765704518544015,5.829237668852212,0.5661235405275592,0.09444669160173662,0.8315974637924285,0.5770929894120576,0.0023499809074573864,0.02881940028184174,1
6.713578522861229,42.28290731663684,4.105221016037143,0.0835729471783996,-0.008941376592263416,0.5057514362615677,5.757928387652285,5.828730280851878,38.50879490799207,39.59069062696245,0.11621035908654792,48.575,43.675,1.211648357028844,0.7799760978579524,5.758056788660839,5.828903279194785,0.6095947787450764,0.09862598592235579,0.8974715621853658,0.6215799437432276,0.0014854144226103731,0.01782659176385765,0
7.0778981577368985,47.691175663320394,4.167707296874192,0.10457246789568118,-0.011809921068217894,1.0620407451882323,5.715044670867164,5.828619057205359,38.518841403368896,39.302203784447805,0.07719575936531535,42.85,43.475,0.8309464687540924,0.7649384044385448,5.715182138933098,5.829088842650007,0.514616351057036,0.09204700080041792,0.7687296806284706,0.5662638107736743,0.004095115341984226,0.045202894615674366,1
6.88766001199687,44.79071146267896,4.182766291524677,0.09452644003921618,-0.010466966746187668,0.85618695598328,5.745779648284947,5.828637126954737,38.38555985543077,39.58576307416291,0.12511789341976787,44.55,43.325,0.9287989901011491,0.753535766550872,5.74604052618127,5.8285236519684736,0.537272769232128,0.089605711140049,0.815500682846152,0.578450724283169,0.003244843825140464,0.036474694199853955,1
6.876281885511423,43.456043006349674,4.203028497030162,0.07166174158153005,-0.0118094201035397,0.7045446705026229,5.740625086032029,5.8288876580899,38.606089504856456,39.534111360951655,0.10170248050927871,43.75,42.7,0.8737531916294472,0.7056360429919168,5.74077103891058,5.828470177986949,0.5268658948597129,0.08472609498434065,0.7997104043657997,0.5474964311741465,0.0031684929333568737,0.036418459179963704,1
6.849097418044344,43.96657665384798,4.15569081323478,0.09701266969256198,-0.0070478770440006965,0.8258557853484475,5.737055397082179,5.828782704471069,38.63100909411193,39.737507070609055,0.11689354068601221,46.225,43.475,1.0618415722798362,0.7647747571728347,5.737240976982413,5.828632015157753,0.5631912377789161,0.09291242099300087,0.8510585127059147,0.5892992282975316,0.0019583150747417154,0.022793656912839542,0
6.78391195855751,46.58850227425142,4.16374650362251,0.08348691128328381,-0.011066887727868116,0.7426971939243128,5.727824730552984,5.828799171848171,38.40974430895755,39.29526317749916,0.09121971005162167,44.425,43.4,0.9373834432402388,0.7590684649520698,5.728116290005621,5.829026413481501,0.5424971970293362,0.09140607812981315,0.8244444781104221,0.5939159571031623,0.0030993031706290906,0.03427184029281144,1
6.601594848522327,43.042458784020184,4.1264541075438546,0.10656239646849983,-0.011589426229652106,1.2378672735306129,5.7601124471578276,5.8287027208270485,38.462290280996676,39.74992296873621,0.13149607374342603,46.925,45.15,1.0900700321634345,0.8906722501058875,5.760208188973095,5.828651097149371,0.5767707636934337,0.10105766875734039,0.8786620321598352,0.6732184970224971,0.005786628293091142,0.05579533966574699,0
7.272240081060496,45.205449103703366,4.2140195406515675,0.09790961406038898,-0.012929476904098403,0.6614626531549989,5.749693961796553,5.828849873464465,38.58838135107595,39.46808342062612,0.09124758922421164,42.475,42.1,0.7675907488785914,0.6596014055388686,5.750051782470137,5.829303373806712,0.5012059925972194,0.08240460717319849,0.7371861831909612,0.4914838952332485,0.002680762852650735,0.03358027623307612,0
6.688081404100703,43.84220511404355,4.217422456099862,0.10268075940797274,-0.010263870106184994,0.9912643080372148,5.73838231171815,5.828606870609287,38.48156342777468,39.888796261041875,0.1492100860376675,43.8,43.6,0.8797745313915692,0.7744227370783845,5.738065617043441,5.828762921217165,0.510240340529697,0.08669708616134437,0.8077020904312001,0.598516031402292,0.004744665937936148,0.04609028698581944,1
6.724748756349839,45.77702000298453,4.202440189150825,0.09161430889287767,-0.009327769618115015,0.6540346519983457,5.703570371165655,5.828654369784859,38.415464463719495,39.59239202206919,0.12397056466335442,43.15,43.075,0.8652955888003424,0.7345003594593029,5.703437467910479,5.829014007559505,0.5068814023053373,0.08644930226954725,0.7957212362259397,0.5822304527076209,0.002673815177871258,0.027897423744716723,1
7.008347391248706,42.89490343561523,4.199232619182434,0.07242132925560595,-0.010264633115228631,0.9193639926719953,5.766460947491755,5.828591042286823,38.59507016589082,39.64586901570961,0.11558954674260506,45.25,42.975,0.9603510760451002,0.7269409727368243,5.766254605832414,5.8288122674854215,0.5512408350674388,0.08632990168994564,0.8202915497848866,0.5437084001360021,0.0030609893910433597,0.037851621568971726,1
6.6121274709620375,47.37703419186364,4.204364286795656,0.09342386187813757,-0.011514859671630994,0.6975656111640115,5.75049916678322,5.828775573259421,38.62064363120589,39.42918387151283,0.08343527151512413,44.25,43.125,0.9015681810418155,0.7381871950224284,5.7507914446016954,5.828827791421893,0.5246442244538556,0.08601827277968639,0.8251683667117822,0.5916098825782737,0.003847611715496534,0.038429240867071585,1
6.619971523826978,46.74388097697661,4.150154715744068,0.12062224967484124,-0.00880978893365025,0.5512843941250563,5.783171905426759,5.828515235009119,38.42132134419559,39.61836751600425,0.11965686663806707,47.825,43.6,1.1323902553812841,0.7745143726785519,5.783161194466361,5.82838946142471,0.5773227937668878,0.0940229776661536,0.8857153281152403,0.6257158119652205,0.001983383830304888,0.02113988228177165,0
6.511998411283093,45.057795477789945,4.1773868204887155,0.0782336826625256,-0.008130573375286682,0.9138247887879215,5.777145392146611,5.828488487574084,38.59840115367643,39.619473877945914,0.10973467216361686,48.8,43.975,1.2085542864825811,0.8028763794800575,5.777278374562383,5.828110337984074,0.5862948469935801,0.09122227352564245,0.9032077773483198,0.6322807972296641,0.003227429273658668,0.034156827481466034,0
6.546614157833389,43.649987225880224,4.114901201984803,0.1020472106132887,-0.012408746099376176,0.5746490577992814,5.7566703380743744,5.828468056136482,38.43649532661074,39.507948285958705,0.1102279869788273,46.475,43.85,1.0605871750316105,0.7934651963208399,5.756605592964971,5.828420147335977,0.5782952780268001,0.09804044342241063,0.8773191178882986,0.6460758258615728,0.002983789477947695,0.030691956179775333,0
7.007006967058023,46.617460472576575,4.182649875673044,0.09637284593776899,-0.012506472476652375,1.1859528780639708,5.741301408221423,5.82871579229386,38.49011784329539,39.37997845083877,0.08948593519196243,43.575,43.725,0.8598348576043326,0.7837723929507838,5.741618921198748,5.828934398032472,0.524261190556453,0.09107571570373342,0.7876676919186071,0.5763870363212996,0.005113609495858164,0.05523799309923296,1
6.500535881209439,43.401226840928125,4.181113210989563,0.1053422123359663,-0.014571336665885146,0.9680250010450426,5.71550580858046,5.828482725931905,38.53135231909941,39.71113035505864,0.12187828351819152,42.2,44.3,0.7806468989842266,0.8273417909855896,5.715802991773861,5.8288922194860255,0.4968906321116492,0.0920336406483474,0.7943362852162444,0.6471193901778297,0.007843107160997684,0.06452312528231074,1
6.653793417541392,44.7174641224047,4.175383834027945,0.08834826124371419,-0.00788462692943235,0.6890763787855179,5.7818119682290945,5.828522912082028,38.38479354509085,39.66553541324555,0.1363462158745102,48.225,43.55,1.1626102539575722,0.7707194686765391,5.781992652997542,5.8284074336148235,0.5826500602179059,0.09070285004829527,0.8885714753862237,0.6106180012031232,0.002124750970686089,0.024115182322404016,0
6.870876635330896,47.29730490129931,4.177717289611522,0.09412372042918232,-0.013238712995320055,0.7203691779810225,5.719699692922733,5.828773322112991,38.54358301829551,39.241478466235826,0.07044841786817654,42.575,42.975,0.8052524141811963,0.7267586929106562,5.719628967094284,5.828288377538354,0.5103166881114167,0.08867009016296011,0.7770838578449502,0.5678226391944293,0.0037570335005778044,0.039759650761527675,1
6.5007354241810615,44.65334708935682,4.173813272982914,0.08807190891775293,-0.010922040633259507,0.9192307914347978,5.715031363929634,5.828620492215031,38.428456765439215,39.60621495291372,0.12398566672416536,44.3,44.2,0.9407931529878608,0.8196875632228338,5.714852501054912,5.828266485761184,0.530660619520916,0.09244514246666118,0.8390600282847299,0.6453587121155167,0.004899358444816014,0.046053779230614725,1
6.680911572132302,45.06595842447385,4.158074042570655,0.09072160433878476,-0.013392683864902447,1.0671141802795094,5.789971441586395,5.8288597453047775,38.3104527381327,39.431414184183545,0.11446539189296286,46.575,44.425,1.0346164580600004,0.8363484284884457,5.789841662524554,5.829196747514298,0.5739752184508838,0.09525451686894636,0.8664746932172671,0.6384995992134264,0.005683244618855379,0.058368362712420706,1
7.120587447811359,42.22361824827337,4.152756372808037,0.08207637502760384,-0.011795086452356855,0.5518493407615946,5.782634508151588,5.828563144362268,38.36480907709455,39.53810466931873,0.12637079763304157,45.9,42.65,0.9923193662301406,0.7021336025400107,5.782781982129014,5.829030265964665,0.5764186048473091,0.09037455630879937,0.83080721953455,0.540357805623478,0.0017812795891570133,0.024443070323175258,1
6.865000849187079,43.188644690940826,4.215944068099021,0.08193337896982021,-0.01028060971165469,1.0861836470962942,5.785835647078718,5.828876739382463,38.593945600608485,39.77583002094571,0.12879953793483762,45.875,43.375,0.9872729449933146,0.7570931967772827,5.786082362285638,5.828648628845804,0.5502732245062666,0.0859796265986663,0.8369594538793075,0.5679749179190788,0.004170997029267828,0.047109935221634876,1
7.213520010066299,43.43717286541389,4.202064704144053,0.09313299960839813,-0.01223355649665541,0.7615041587265287,5.724431024619604,5.828513146441228,38.57447137040184,39.62181126166089,0.11123744974367779,42.25,42.45,0.7755689753803958,0.6868533052635417,5.724417109992578,5.828820314819326,0.5002123703225456,0.08476066796244652,0.7393040427499649,0.5104816706933698,0.002964259846098676,0.03582752732234353,1
7.178313199249574,43.854864996145,4.163625018693819,0.09728563818666598,-0.009559412875182556,0.6556299448202788,5.751560178391224,5.828406923744598,38.43023909367977,39.596899782136056,0.12197998772869009,44.825,42.775,0.9435873181169745,0.7118530099277631,5.751395844484853,5.828823517666045,0.5507393220878775,0.09010877483174659,0.8043687084208803,0.5369694680043378,0.0017285980266724744,0.022826036965055967,1
7.239830065035792,45.185880992778486,4.170657623238801,0.0929022014890674,-0.012539988575559593,0.720803870773542,5.760687902758062,5.8286019317994935,38.636395755897865,39.34289908408498,0.07255779322093284,44.025,42.55,0.8744458562553916,0.6944341711206796,5.7609168596497256,5.828916251547308,0.5408933899781251,0.0883046555691306,0.7836532672020604,0.5177746252714401,0.0025089560592719182,0.03274821927805576,1
6.510713017617742,45.80112212673825,4.120727126560367,0.08729413698316393,-0.01128739870352803,0.9238506778340957,5.7973526147349626,5.828361130547065,38.662943752263324,39.35244596066286,0.07051240745628899,50.0,44.55,1.273715197130513,0.8462175078390315,5.795605508556837,5.8281937268352335,0.6174344944638973,0.09921486620039285,0.920283073817587,0.662103712275925,0.004212007071700868,0.0434397921912389,0
7.197799072009606,45.36853911446822,4.213776064702235,0.07833964835234192,-0.010125616679317476,0.6738700157040942,5.779100191602705,5.8287553146963464,38.521661116767206,39.43439391627293,0.09721778691830633,44.875,42.3,0.9197803118844261,0.675089701907293,5.778797309887141,5.829039519740269,0.5437280850314997,0.08287080355356637,0.7975889018991056,0.5029418852139773,0.001997542110050285,0.02725345162583936,1
6.8140949304010725,43.13566375062879,4.134436751374388,0.0899252832679813,-0.008880458206340239,1.1274405336789426,5.781267961361672,5.828623546056772,38.63703943903991,39.676203664254565,0.10968865809578313,48.6,44.125,1.1901020618116789,0.8140415817364399,5.781502972084568,5.829112763021637,0.602274184653859,0.09714544022977044,0.8893414717081439,0.6157858440310446,0.003212556620748218,0.037275368472121095,0
7.112222127821476,42.439679905302334,4.1905613820838425,0.10693853530030349,-0.010736447546977796,0.9280308323630285,5.707990265274056,5.828563806718189,38.44109127472828,39.88261948102751,0.15230923406331381,42.35,43.05,0.7996974961355221,0.7326860742115109,5.707926663838516,5.828838674459134,0.4986430386161436,0.08837830128047401,0.749633613611522,0.5463824528716218,0.0033515005492937024,0.03760779427465978,1
7.175289043220366,47.71829648521012,4.166457558923619,0.09893017186987375,-0.010546034259475607,0.6925657298007372,5.722355751261195,5.828580091449621,38.63338816752228,39.24115535645925,0.060689833450642126,43.35,42.675,0.8617159372914136,0.7040304127822052,5.722327695336065,5.82853492467336,0.526070920293423,0.08931074502687605,0.7738456681358237,0.529929220758125,0.0021428976330881686,0.026699962358116072,1
6.501804677825938,42.53968093031181,4.157909697568481,0.1036821692329332,-0.011569171162142287,0.9708672661581135,5.734122114855098,5.828250719903928,38.49164607565214,39.84451299939598,0.14208389992493897,44.95,44.475,0.9703540018895955,0.8407072196845347,5.734271609753168,5.828407371870319,0.5413337903090025,0.09518136525659897,0.8510242839129333,0.6576734371655107,0.005400743908358594,0.04951866408429399,1
6.848419928664365,45.41520917795152,4.189262221880488,0.09183731339310049,-0.00904575130131401,0.6906851285795864,5.738758734996756,5.828688852967951,38.59753468185723,39.575559130901404,0.10288591792982868,44.7,42.975,0.9470471251819559,0.7268431620556965,5.738479495762415,5.8286618715148375,0.5366030118273829,0.08751914015579984,0.8202723163119288,0.5658576447410745,0.002328706877056729,0.02651208761932304,1
7.239815146433224,45.61722342439145,4.186945520158323,0.0920928311233389,-0.013387746140753526,0.7966460937154298,5.737921171467859,5.8287566449532715,38.547551722901474,39.32033959974729,0.07913355360352858,42.65,42.575,0.7927755754344199,0.6961954621506576,5.738249085281268,5.828609758171617,0.5132096053858788,0.08675656876244892,0.7502222026354092,0.5159770891296529,0.003203249667683142,0.03950712469868812,1
6.804077778771238,46.71762364960414,4.134465340353941,0.08144739822662908,-0.013887811168290147,0.8107450183267473,5.7186252417385,5.828832795313538,38.467730750861236,39.08437947632932,0.06225689386436081,43.675,43.65,0.8900811369713306,0.7779818683500341,5.718379954635481,5.828328031482676,0.5433204603694416,0.0952731516476182,0.8140477262213099,0.6047709300649099,0.0041083850094252045,0.044177931799185326,1
6.697610991926851,44.28545951681178,4.137520621089109,0.0970155792243822,-0.008702829693271763,0.6629485522715199,5.743849931529827,5.828480003856539,38.6072361186965,39.61691497103657,0.10552491918127892,46.725,43.625,1.0917188085239227,0.7764424029549142,5.743743131140313,5.828202430437238,0.5737441836357368,0.09505436132355226,0.8699052269500693,0.6144501752094294,0.0021318428185235438,0.023636116256621154,0
7.249961295456154,44.76584295793567,4.200404842814541,0.1009981506959974,-0.007006964405236168,0.7480876402018635,5.780438568720588,5.828701967628197,38.469021939681056,39.71985720933842,0.13127303923378725,45.8,42.6,0.987131157554864,0.6981655812040914,5.780238855081759,5.828691191752309,0.5532934750976255,0.08597078192870103,0.811607028900877,0.5153582849580868,0.0014167452340893272,0.019526781747023856,1
6.72840016352676,47.94655716537403,4.1592741777714135,0.09253191304621747,-0.009234649152811561,1.2093794076124702,5.739128075864408,5.828453586945393,38.52886374574114,39.37988206697761,0.08571443508868887,45.95,44.3,1.0395148561685223,0.8273709299721013,5.739314449860707,5.828726103763421,0.5584967380272893,0.09489942489680903,0.8538936626674292,0.6260750486899518,0.0042215099777695875,0.044259340532270465,1
6.727499720976185,43.48486389507081,4.156450734130519,0.08889976254405363,-0.010444921781881037,0.6152964743062785,5.719051201343372,5.828913549378317,38.536646279468144,39.599678875192794,0.11323801742565277,44.425,43.275,0.9461569724498515,0.7494601098173961,5.718986427240368,5.828835855706646,0.5417132044210033,0.09172015481685993,0.828881512529578,0.5964474892054019,0.0025162743343265094,0.02734859670833257,1
6.8415573989678276,45.35685720476708,4.137134824534181,0.08883834489932826,-0.011937112283278291,0.7403119825551735,5.768041123911539,5.828777331935899,38.529116961114134,39.312264806964805,0.08026531210474426,46.225,43.45,1.0308558454504766,0.7628840671349,5.767981015779307,5.828546673886047,0.5775401490878328,0.09453557135069904,0.8547378322722836,0.5944463278076945,0.0029571289751944775,0.034451070669598106,1
6.943843429350064,42.04366678193,4.153798639107044,0.07800931146488772,-0.011403538597328435,0.8102639456178469,5.749971434310684,5.828609898997491,38.41864617834442,39.60357646011411,0.12840612592651274,45.25,43.325,0.9768405892261711,0.7535629945081181,5.750032326869328,5.828699102148517,0.5625240849385781,0.09234619284942841,0.8309262298801561,0.576436999378213,0.002934985951402179,0.03556130731735301,1
6.674441741320351,47.688630860980645,4.1546994156987855,0.09558594146640181,-0.010545321029784815,0.6152050964690693,5.776355306708014,5.829051043224064,38.41454930346533,39.30920301727934,0.09039515331094082,46.975,43.45,1.077475738773046,0.7626103558467348,5.776495793946236,5.8289002415017785,0.575825320414647,0.09261794967169991,0.8726746243286184,0.6109908315691172,0.002531213259383757,0.028073771601349988,0
6.958670326542608,43.845234940043746,4.194936360726544,0.09861128136086905,-0.011649730228905128,0.742359885325006,5.784379389567339,5.828629252846478,38.59884882971305,39.66224040191254,0.11209869382910403,45.05,42.8,0.9275502882525952,0.7135416406719717,5.784098189373145,5.828742908785307,0.5443006410025834,0.08650941875843166,0.8178088690648185,0.5487669532531521,0.003047940343374687,0.03565881747196273,1
6.530226220368107,42.24415387469284,4.167193589186632,0.07714160208637966,-0.009533537449728258,1.038286136524376,5.75771440366142,5.829019661007599,38.35287090293096,39.79218318158504,0.15755278092819636,47.4,44.45,1.1270513875619823,0.8380636593057149,5.757949295059773,5.828695269611719,0.5750328605931581,0.09389869451310566,0.8863695793217773,0.6503937501542738,0.004266933113278555,0.043877098745003076,0
7.200976827604848,45.19912603148024,4.138702671019878,0.07913873994887165,-0.01095437997333157,0.779761904458329,5.734124725848782,5.828440118637989,38.71249059051449,39.22556416876562,0.053030279307268675,44.575,42.9,0.9423264272714142,0.7213690388871372,5.733951247231721,5.828742453748054,0.5599786470865691,0.09271967427225544,0.8044056923620542,0.5366418487256256,0.0021961231171719006,0.029333606499774068,1
6.912930338170049,42.631740879004376,4.201053435628338,0.10837641596906776,-0.011006462393809457,0.5804462905563051,5.728423776930584,5.82845259617128,38.426271566494776,39.880329323785645,0.15494142959412024,42.825,42.6,0.815657518407976,0.6984149526610084,5.728254839393889,5.828427413078856,0.5028224455454108,0.08548805586741029,0.7729879507721297,0.5507868920556849,0.002530179211632981,0.027665291225227477,1
7.005630419669864,43.01405933657326,4.209380167208244,0.0909162289509515,-0.01107672952563433,0.6000451603619765,5.748637450805113,5.828574824887226,38.58341170946242,39.72697352956492,0.12403786878128713,43.575,42.375,0.8524988150206427,0.6810334582585424,5.748825720984504,5.828892539079214,0.5186764837268586,0.08349713049934153,0.7834565694677146,0.5262834096775213,0.0023790215334130583,0.02833636673552447,1
6.661539176979073,47.80806933461473,4.157932479819354,0.09881033398689512,-0.009592332801445955,0.7105597869964045,5.75662919690707,5.828908114530705,38.59937557851166,39.38522331629614,0.07941473137627007,46.4,43.575,1.0551253494634896,0.7722281512950504,5.756377904682202,5.828913478915941,0.5642823243236393,0.09262543885746488,0.8644804572685476,0.612315393928733,0.002731345118803841,0.02920592757326384,0
7.104470724620925,45.45331802685647,4.190819924817592,0.10029100608327408,-0.016549581824067666,0.8402108041397951,5.7201037709906455,5.828937395927898,38.51408282792185,39.3114813899396,0.0804587201027595,40.875,42.8,0.6732521552815651,0.7132334975905517,5.719743309993726,5.829223684889166,0.47952160697037516,0.08704843943008683,0.7141625283070147,0.5370592337969737,0.005178688231529391,0.053946525920790606,1
6.666823269513607,44.91715343767157,4.137911733033883,0.09032339767385444,-0.008435467270847076,0.8760201132848849,5.745023078849653,5.828911385091536,38.48402619599879,39.55476702611263,0.11155069008130485,47.275,44.1,1.1306587055263515,0.8118717012620609,5.745093294523975,5.829188166125059,0.5804114481786101,0.09647441067162003,0.8796925017856736,0.6323817161050063,0.002738840379684977,0.03000389491995864,0
7.014260669523202,45.6847873280395,4.184853862897689,0.09564085876648717,-0.0118805521373513,0.5018951746049803,5.725023852924898,5.82904114571619,38.52817337064974,39.398645116557155,0.08994816592700151,42.8,42.35,0.8171470405935519,0.6786466156933875,5.725132884071811,5.8285341578891385,0.5124791848307687,0.08601423363827644,0.7699943079865794,0.5327962616670618,0.002097276121058173,0.02470447463237921,1
6.811992561388723,44.72575453564662,4.256752789161686,0.10125161508888686,-0.011716054597708286,1.0495544604113412,5.7425016011229735,5.828756285557682,38.38494322453997,39.829342857094595,0.15234429024134027,42.425,43.275,0.7709460266698525,0.7496173736380314,5.742307520228571,5.829172472133895,0.4803861436464232,0.08201296289016673,0.7606771117864911,0.567672305356951,0.005886192670965935,0.056554265324205634,1
7.177992082165064,44.38954874348094,4.1746277304063835,0.09356112342048753,-0.014582916995082658,0.8463374028217486,5.753431372486277,5.828849504357364,38.580879428452995,39.38324021598537,0.08255693064692407,43.1,42.825,0.8116276523816639,0.7152317909811963,5.753221706010912,5.828937329884708,0.5250044820577371,0.08881976010001641,0.7672298787351298,0.5322943386744249,0.0037777986356738826,0.045249499085257404,1
6.677206078628946,46.705774970300325,4.164346175551507,0.08635408794872979,-0.012182076500053705,0.34626460959535726,5.7131783655838015,5.828648262311583,38.46548894751597,39.23330690698687,0.07942215684925476,43.25,42.575,0.8632948533991511,0.6963038447923457,5.713430203200047,5.829045749678921,0.5247113614070846,0.08833332627537349,0.8088119910088131,0.5798459250133877,0.001818320160731899,0.019683107798723284,1
6.9225833165926645,44.440644575819434,4.174694248628364,0.0885515318738987,-0.009298526021237912,0.9344244509790742,5.7647799860662445,5.828799931971776,38.47818761316315,39.596627110202206,0.11784517923945538,46.05,43.425,1.0212350448631744,0.7609648589748623,5.764817487406577,5.829251003865001,0.5625161925469294,0.09069958201804959,0.8417522009906913,0.5770609533786242,0.0028678948088099146,0.03408774014386986,1
6.511626951141887,44.48055901330272,4.1747573177813715,0.08836585115883727,-0.009557704093476654,0.8086651153242792,5.732307483347163,5.828651387808857,38.50631891600711,39.66350136073077,0.12310195181120913,45.55,43.9,1.0167665272116189,0.7970561215821217,5.7320674562485125,5.828392672060174,0.5467871154650122,0.09145374622427224,0.8591374980251469,0.6340414175658096,0.0036115096465015512,0.03580753520802241,1
6.825203833287532,45.44445789638387,4.1619101416814415,0.10374599630326967,-0.012574385887157596,0.9182817917980388,5.718621357139211,5.828511777355036,38.46162498423456,39.47805649833748,0.10273326562408426,43.125,43.7,0.8483414111426377,0.7820857750603283,5.71845644061877,5.828995767872148,0.5193271083308681,0.09295347006801612,0.794061633297448,0.6009649764585603,0.004528233731712179,0.045872258680944654,1
6.8506002453292965,44.12907756120285,4.182390722638104,0.05236717553583515,-0.01146073230966974,0.9262459515752121,5.730066583920441,5.82891435261752,38.470600433470594,39.32235921677055,0.09329215202881397,44.475,43.375,0.9388913556680221,0.7570555835422255,5.730309220009333,5.829436585571931,0.5471237192381351,0.08881909546721471,0.8210824902128919,0.5751353072816909,0.0037711683079250584,0.04400721114842783,1
7.185339325942061,44.506579496803504,4.152404431199932,0.09932911081420963,-0.008922665473222709,0.8988564804174202,5.7850935805835,5.828244623561344,38.529193613462866,39.557699792881984,0.10593052649496791,46.7,43.125,1.0486462447244547,0.7387181447205053,5.784875318374793,5.827931350635885,0.5806945949123012,0.09259035625096701,0.8387336210285659,0.5480252545406913,0.002062256022807541,0.027783096491107568,1
6.501366725168007,44.9969930922095,4.174518203695129,0.08778079820258868,-0.011702931485023285,0.871207515676434,5.768899392333662,5.828843008024942,38.415001905554846,39.538444195740674,0.11765202731565547,46.325,44.1,1.0373477380605909,0.8119400783286554,5.768911502865955,5.8288230288502545,0.5608017793733393,0.09203355502953037,0.8715369298642499,0.6425103209561361,0.004805054605951154,0.047186861097390294,1
6.607538194068599,44.78060915036098,4.194067481849014,0.09371190864823854,-0.009554269958518454,0.6972416357915295,5.769963561784465,5.828722105305405,38.526382331574375,39.690460991941436,0.12362692206672503,46.275,43.35,1.0326094808222805,0.7553495832472032,5.770078039107612,5.829081833300039,0.5532518984845775,0.08794748656570132,0.8614010419014205,0.6032879417296508,0.0029562276817859984,0.0311474866252808,1
6.660012195841149,43.95302282046618,4.153140575688778,0.10851630411255654,-0.013173342337885046,0.909188787887453,5.7354840495616335,5.8283506680815425,38.55003975039337,39.62714464747773,0.10985688979598915,43.925,44.025,0.8921097822901647,0.8067830909319111,5.735666162152501,5.828524641725772,0.5318910903517867,0.09463284706725791,0.8226234009687792,0.6288805537625162,0.005239531460592894,0.04973756125751994,1
7.158216527201409,44.47322814178987,4.169864894975604,0.09428995695073772,-0.007757297812652087,0.787151441720238,5.752250609832852,5.828676315718192,38.457839796860675,39.611617818516116,0.12085256860982789,45.475,42.95,0.9912647938716583,0.7249486354061858,5.752347144599112,5.828411257908516,0.5571646358041082,0.09009052187185462,0.8171369993699928,0.5416591338476962,0.001676686248547945,0.022220281138054694,1
7.105150169037723,46.30518621876216,4.173759974400603,0.08835474920461302,-0.010410341540659786,0.7932502772036053,5.802731127821363,5.828599929127361,38.415577638898256,39.333288929609736,0.09412103874858174,46.75,42.95,1.034666037767309,0.7250250219970162,5.802636804928199,5.8285315517051375,0.5789915779333183,0.08941982169058697,0.8422445923651453,0.5457954337301762,0.002336163368384172,0.031055499118772714,1
7.208729644361421,45.2594848994578,4.180797767357024,0.10425572299088139,-0.011586009578685472,0.9614225204414651,5.733875780306136,5.828498245737531,38.55418953165584,39.51020053933519,0.09717228372833012,43.1,42.975,0.8311832445618048,0.7270337692861162,5.733835569566019,5.828182053249433,0.5171717148072358,0.08909809842505352,0.7624101839955432,0.534488649495437,0.0033459437562497712,0.039957274237495226,1
7.1618900328824475,45.82603018805884,4.1707239238012965,0.08540662522165351,-0.011205819583048832,0.7731258709480625,5.73429919708388,5.828716740712936,38.49127478275471,39.30228271472835,0.0835727759305035,43.75,42.8,0.8800790805775964,0.7134541528055136,5.734038757869997,5.828276638732374,0.5355719911965351,0.08914277776025811,0.7840649522334552,0.5344668223153433,0.0025157154577080585,0.03199217423138253,1
6.893505144610757,44.4641034478637,4.261706927704689,0.09477476964744654,-0.011653475881776587,0.8524039245842682,5.703750483475463,5.82869756920668,38.47723312671539,39.78082962994471,0.13986784275821906,40.975,42.65,0.6974212842558174,0.7019991776955985,5.704108869500629,5.829228010952694,0.45574754540418166,0.0793835422811739,0.7173562813678226,0.5357197345295612,0.004729252957390991,0.04646168614871875,1
7.009068638264312,46.60270655366587,4.132974260178686,0.11719841820903885,-0.009320832054739377,0.688089964326502,5.7551691465715935,5.828937745798751,38.52115817396701,39.45236287293949,0.09185917527182924,45.775,43.3,1.0105532834428095,0.7513358047460894,5.755043320967463,5.829066668329717,0.5647878381524293,0.09535013758827668,0.8351667414670634,0.5782839456704552,0.0019158647584531876,0.02315193858817034,1
6.938038340789219,45.44460571010311,4.185785116408197,0.08343736878775722,-0.00913453474490849,0.9014171682513296,5.802669528064564,5.828707864499414,38.53291625299759,39.50001366533086,0.10181311227999412,47.55,43.2,1.0929812751591603,0.7439628255625799,5.802431351745444,5.828311537824596,0.5822836024422479,0.08868931189507998,0.8630866318999282,0.5641353250939777,0.002641975684449052,0.03296264898225668,0
6.668914867334006,42.75741565361234,4.130880351200447,0.10122358779128318,-0.01024483810215328,0.680459277348056,5.770429843830557,5.828694734965681,38.435039542732014,39.71425438332018,0.13424253568194228,47.5,43.825,1.1215945322145542,0.7913505820997546,5.770640210359876,5.828709110339655,0.5861800116826954,0.09650850181515555,0.882529351240028,0.6284758033920573,0.002610664109542162,0.028661433930542192,0
6.7172862696927265,47.964927291743294,4.157501939897031,0.09288030731835209,-0.012933601712579542,0.7750395155424117,5.791933227331225,5.828754386584227,38.437377589828046,39.188989220196156,0.07515319237086239,46.525,43.575,1.0289904637827574,0.7723818792415287,5.7918655380029485,5.8283429717737585,0.5743926900452759,0.09263420694036392,0.8635516126945267,0.608550933334538,0.0038791835562048856,0.042267398881145536,1
7.046849507085291,43.27166149292101,4.199359008052055,0.09141772881690423,-0.011900465574488275,0.6343376148090332,5.747669720528349,5.828797279846019,38.56055779611676,39.64201195265258,0.11590048071531703,43.4,42.45,0.840197916271892,0.6865691718587508,5.747657637986158,5.82923959576585,0.5198592426203509,0.08481588540083432,0.778601536314243,0.5275682169769884,0.002598340870747233,0.03109635812946236,1
6.71194679539276,42.145870222725186,4.207352808179436,0.09408988146464643,-0.009958101446570848,1.0222883466544677,5.75792958906154,5.828815886150988,38.42765812124667,39.97841954780836,0.16875293894298116,45.1,43.7,0.9577237670907861,0.7817816662643766,5.7576813094433765,5.828454177582991,0.5348358306822419,0.08799937236383226,0.8333395845067176,0.601124704380585,0.0043574488754971755,0.044914585315835635,1
6.656012159369472,43.365397890631165,4.172109280435782,0.10059147753079473,-0.008851292272485647,1.0220979786668227,5.744804368337442,5.828434712014181,38.64593044973336,39.860886160887524,0.12882171634107903,45.95,43.95,1.0338385636954888,0.8010449055727085,5.7448533805693724,5.828001223354178,0.5515265605476515,0.09235157598435428,0.8558513998697703,0.6197918448844717,0.0037532318349411536,0.03829120134040111,1
7.017272689286554,43.883937534206495,4.18215641770106,0.09859335217985764,-0.010066066360067754,0.6044513439464071,5.745452674810076,5.828648507854799,38.62931978294977,39.65996718866042,0.10885110521475971,44.25,42.625,0.9066146730149596,0.7001339207454986,5.745205858030355,5.828604519302326,0.534259031852793,0.0873131974487424,0.800678495867689,0.5401205313463409,0.0020189556048033908,0.024357602980900762,1
6.961384147901217,47.352522272624554,4.202001916409035,0.08386262358540399,-0.00869873848159671,1.3,5.769865502292599,5.828591891961565,38.58214837074645,39.43306991790254,0.08787218564491066,45.95,43.575,1.0087774297403316,0.7725443738641902,5.769955298500279,5.828582286171558,0.5541156679786274,0.08833837011302483,0.8340996099358655,0.5680832989436713,0.003775302800746981,0.0441784108873375,1
6.7368586321480795,46.40033267285062,4.209104598202486,0.09737809324097495,-0.013950771190555782,1.1217218139897636,5.705528729013033,5.829108615043599,38.41172100431048,39.479328294811445,0.10832425546136247,41.5,44.0,0.7365206343495299,0.8041409656672007,5.705610582231806,5.829282422206225,0.47952194978281554,0.08872696276652285,0.7550605199689552,0.6076322837525103,0.007602267450372002,0.0671789171435355,1
6.920970567961241,46.80077365086397,4.167167682353468,0.09610590789400515,-0.012265392159558143,0.8838728241914908,5.748624240762498,5.8286008763793244,38.42862473214337,39.31345622424962,0.08904948659295855,44.25,43.425,0.9034431070625368,0.7611639145673141,5.748374520446146,5.828968134187698,0.5393734998503417,0.09153947651589855,0.8099968955919142,0.5811909072513207,0.0038035314045175433,0.04235842443557031,1
6.532734710735948,43.419772219826655,4.133094975658425,0.10366352507353262,-0.009189401279946392,0.40736317878319217,5.757043927177862,5.82871644647295,38.55109827336639,39.71627760120938,0.12269035093400585,47.55,43.525,1.1386068760458627,0.7686315055453452,5.757179290093184,5.828450842488519,0.5807986209979783,0.09506016217644701,0.890117254616354,0.6323247650898769,0.0015756113598238712,0.016755250108115776,0
6.934007889474376,42.71784541465581,4.197094058572853,0.08418915637984369,-0.009227776504963705,0.786915846022161,5.73851998205567,5.828840171909389,38.488394941926124,39.78072638349062,0.1413834053572073,44.45,42.975,0.9285633382576437,0.7266918431142582,5.738382062418489,5.828565771671245,0.5340234588140809,0.0867891450296631,0.809218453781952,0.5559168586312262,0.002553889459331544,0.030098078395957795,1
6.912802015497294,44.96781396804154,4.147617338451676,0.08505499140187137,-0.009205733591997476,0.6155864885139934,5.73830976252829,5.828707067562937,38.537750652222755,39.425871265046375,0.09298579841934325,45.6,43.125,1.014467443925363,0.7382557007189119,5.738066465665284,5.828677095150293,0.564614348186583,0.09240648327916172,0.8391827336266845,0.5741274996748418,0.001804279630909489,0.02210566803987818,1
7.073238450830188,45.20432000257361,4.123188649865892,0.08969230768074254,-0.013106690788507843,0.8914556257898991,5.727843206440995,5.828931580193504,38.45664305339914,39.21753684919721,0.07673963620654332,44.025,43.525,0.9072905525724586,0.7684163718247916,5.727588285053094,5.829109185785832,0.5527172932743799,0.09673796632140312,0.8035756585805183,0.5778456302020203,0.00334663654013266,0.04026104648833002,1
6.885807459830111,46.17896997272863,4.21747204783066,0.10983672059595888,-0.012834235615714657,0.9867352766378075,5.7436148479682325,5.828340888449214,38.37554016084886,39.59259525527582,0.12310288051148187,42.575,43.325,0.7813372591356966,0.7538320050563954,5.743339070293825,5.828407673940919,0.49416149866528614,0.08626795451094416,0.7657065902013667,0.5726860797779495,0.005409005574827505,0.053606281205545066,1
7.008177318182457,46.833065555011636,4.20422452515313,0.10535446419339298,-0.01163729705285848,0.9066970961467791,5.7677588406768425,5.828281376406307,38.37679063206923,39.47964818996065,0.1112718731021804,44.075,43.075,0.871141670703035,0.7348733528378553,5.768019713422176,5.828641954514028,0.5244530498482879,0.08690331906678155,0.792841292891403,0.5552165816709856,0.0037541386111011265,0.04242896007384722,1
6.871362183251966,42.94419408680138,4.221599314933319,0.07846526680787211,-0.01447304210243929,0.6697030363638815,5.717343528840579,5.8288902568494265,38.609473421279596,39.5653049626427,0.104577414273381,41.375,42.4,0.7149966362937246,0.6826379815904557,5.717600356306344,5.828685537929841,0.4822848310348971,0.08183680644756262,0.7414967871880644,0.535023660516727,0.004286649986114124,0.04462294209688526,1
7.258773537879564,42.69775342974907,4.136510793911264,0.10392590680545166,-0.009057233373639851,0.7746039757343173,5.740015529339539,5.828703518836439,38.57681950289919,39.7007907563854,0.11728758426778654,44.925,43.0,0.9625959020355488,0.7287350054655617,5.7400616913563,5.8288979598054045,0.5584885007190254,0.09398039862972701,0.8049140290405905,0.5409484054112803,0.0017339369568907434,0.02330702761289197,1
6.825548163283942,46.31383251091765,4.114721122064538,0.0928659095026377,-0.009663188565850474,0.9770927324706226,5.749705274309617,5.8288062275571,38.57704298833877,39.31730443668853,0.07451237771361634,47.075,44.1,1.1114170828561551,0.8119768587964966,5.749488036112926,5.828729985138877,0.5892742742513033,0.09934542827943531,0.8707522796334924,0.6200021715445843,0.00299224725654105,0.03440697851865721,0
6.68350383502665,47.9239492781041,4.1081649512477565,0.11182870194961805,-0.009962577446824475,0.7156476623624676,5.784269958067173,5.828568948489599,38.35719376099897,39.31611038967976,0.09353142788399503,48.8,44.15,1.201429720562019,0.8159776876624871,5.784148620280375,5.828247066186075,0.6048935476822164,0.100390654384283,0.8993400739442586,0.6441223588529301,0.0025117274779424205,0.027862895956933746,0
6.678862356928889,46.61960795363074,4.201247468357652,0.08360214007818592,-0.01167330683083962,0.6097026088548192,5.735076110820966,5.828900563467895,38.45714061762682,39.374571388244654,0.09608694347927026,43.65,42.9,0.871738552842606,0.7209085940572306,5.734955298984742,5.829106952536389,0.5201935502265683,0.08563120225030664,0.81045933402746,0.5800275101671417,0.003213277997071796,0.03375608064392031,1
6.899825137178261,42.6115102650714,4.170181347526329,0.07421910673909139,-0.01441785070127942,0.9063797971174704,5.732624925275181,5.828735685974851,38.47561222671558,39.466334569946575,0.10638351898186668,43.25,43.4,0.8438482937077714,0.75913195082539,5.7326320334248475,5.828795896986204,0.5298793689127508,0.09058364756201094,0.7933724115995315,0.5774793012792188,0.004753741463707321,0.05200287609826636,1
6.828166076164616,47.086868320186895,4.178457992508793,0.08164248305755234,-0.00853135091975947,1.0488436172360733,5.744352465472898,5.828394829022817,38.47968068024233,39.39663495359205,0.0949578833800255,45.8,43.675,1.0232172608025545,0.7803115496870134,5.744088473266123,5.828400137298191,0.5562434433377209,0.09087771439381659,0.8435622746656818,0.5921750655708165,0.0031745781732938527,0.036165513714910995,1
7.017552890293099,43.443571389295435,4.170847256467485,0.0875749221253804,-0.011846976902180825,0.6988521426403985,5.741714300478148,5.828635954984774,38.18029596260695,39.53444344223086,0.1429864276759537,43.975,43.0,0.8896505665759937,0.7288025693172262,5.741990432697414,5.829114738174609,0.5374498485026803,0.08988346565010975,0.798164274640988,0.5613558817332569,0.00267900251239723,0.03252167915600298,1
7.256563395725811,45.936209254451995,4.1466276026367686,0.07873915205649779,-0.012659739081942862,0.8445745582206676,5.747751459324592,5.828566179785739,38.52731749196379,39.11361030963168,0.059776748633539364,44.3,42.925,0.9080730575929028,0.7231511523341378,5.747799164730534,5.82839023061894,0.5559151367440774,0.09206708147763801,0.7939498966136606,0.533268545407007,0.0027128238581304634,0.03652292219485018,1
6.807883185573755,45.82389718449804,4.204020169758691,0.09942883459605441,-0.012202949854028249,0.8036876830083483,5.7911159342367675,5.82841264456615,38.583595751337505,39.53046151662321,0.09771474560731423,45.2,43.05,0.9319785913518768,0.73283723636355,5.791276835835227,5.8280933543957385,0.5418826560912282,0.08622885707504921,0.8288861672412258,0.5701336659515739,0.003967935572195207,0.04296172304200317,1
6.7176678658535725,45.13778975124319,4.176478993986501,0.09559564334461727,-0.01249666547431558,0.584681154630915,5.702344013724841,5.828584934618593,38.44988540972968,39.46336076600069,0.10520998302837721,42.325,42.975,0.8034226590048235,0.7269470804050542,5.702280115472432,5.828723861938134,0.503821920176792,0.08867178371294362,0.7828834083452029,0.586340369902034,0.0032530890017079925,0.03283849044765239,1
6.515206354736928,42.85440174572348,4.191909337299948,0.09566032178528627,-0.011106950081537616,0.8975456515144826,5.767551469585103,5.828813747153102,38.36163509453716,39.85323962272305,0.15963580901063726,45.825,44.025,1.001865048845418,0.8063200118603513,5.767784968231557,5.828974932947101,0.546815215682432,0.09022589455334147,0.8601188056415703,0.6369871832066113,0.004858684959019866,0.04692985530273057,1
6.942630032541527,42.088316074067095,4.167312026314088,0.07738488079900438,-0.01088472454363111,0.8990441822747737,5.750482406850983,5.828658178127777,38.37535328862213,39.66274668050677,0.14012181613789565,45.175,43.4,0.9707525987116101,0.7592094586724638,5.750186371787335,5.82846014162415,0.557032527482712,0.09122265830842037,0.8276356102274717,0.5762106428657575,0.003178705367221959,0.038105377346800945,1
6.603907606631666,43.40472155403637,4.18468568104245,0.09645176272767401,-0.008461499646616006,0.4789625968149418,5.7862089829168175,5.8284449042039075,38.452079744285925,39.829794184340216,0.14873552625007377,47.7,43.15,1.1203096770159853,0.7404210557620896,5.7860564142304804,5.828763360528877,0.572347083462587,0.08841584886566846,0.882854188995323,0.6019202913867275,0.0017219602640086813,0.019102821990870662,0
6.666913358749328,42.66936409105941,4.183722023020977,0.09243880218495194,-0.010332249499470312,1.00423561568562,5.732793388081825,5.828672833303991,38.611256317868495,39.84196568968291,0.13247532509748056,44.625,43.85,0.9474012198618684,0.7932604191533308,5.732503460360776,5.828500536817246,0.5339972448270341,0.09064393224599311,0.8318411965716457,0.6123210133398888,0.004480372962152432,0.044741524638120464,1
6.7650452448481815,45.58970599101055,4.215446041703141,0.09685883047834395,-0.010765572730844745,0.6789862700133734,5.735336559442481,5.828756467261714,38.43161237412203,39.61301057730744,0.12386271358523793,43.35,42.875,0.8487351291101275,0.7191439595926834,5.735442277325342,5.828678485335692,0.5078617585466731,0.08457949800715069,0.793935710938857,0.5691471232122607,0.0032241053920483553,0.03377711291406824,1
6.693852454890072,44.85192873550769,4.161362701093545,0.08241970839760301,-0.008601757741880994,0.7004409539016164,5.764385138861004,5.828853342105387,38.4240818423741,39.53738915488866,0.11814260225565813,47.425,43.575,1.1221960158194513,0.7722829237203683,5.76430772782155,5.829178655701719,0.5801132575825527,0.09215579648891861,0.8780352010434149,0.6087376657278315,0.002247818415707714,0.025780869709668076,0
6.563423882312014,42.39919853122253,4.198024152248636,0.11249000791284824,-0.01436321417373409,0.7130792998586689,5.749833006860847,5.828875280389269,38.4872733838937,39.84434029362173,0.14263703610635065,42.725,43.275,0.7866033310835538,0.749498378806444,5.749891017853663,5.828741253898665,0.5017059060160548,0.08740737633916207,0.7967760981393879,0.6084739227233678,0.00554899327180177,0.049633245592361167,1
6.892723924784203,42.99138610111767,4.190814372062253,0.09169768955541648,-0.013452333259916403,0.8551288774041487,5.737151736758479,5.828975018401096,38.52167448600773,39.64082184150994,0.11886205196731972,42.95,43.15,0.8164732143658986,0.7398909415649007,5.737034696812581,5.828622322150967,0.5137508063615158,0.08792514741548624,0.7814922010879748,0.5676024869177311,0.0045018137413754405,0.04762215975124107,1
7.014041417474787,47.399684931244394,4.2175934745180665,0.09566207220737909,-0.010348503570449566,0.7524071886890902,5.761621729463826,5.828785278085131,38.59959094533074,39.43241548470748,0.08554220777853369,44.1,42.6,0.8791613568897709,0.6980822707471575,5.76143277199476,5.828837238339347,0.522805245886561,0.08361397363751832,0.7917963448678909,0.5307399648238548,0.0027722058069006494,0.032681504622160955,1
7.110922847968254,46.872767495309624,4.171098322678955,0.09426760233980643,-0.0118905139198912,0.6004455646806911,5.69717230406167,5.829171107286455,38.439530474411264,39.24416266195593,0.0813892606887052,42.05,42.6,0.7874248306877201,0.6976964415458333,5.697000685444912,5.829559045448738,0.5041724579650431,0.08847523545424824,0.748460742028918,0.5357811076371073,0.00231682302839453,0.02746313025045679,1
7.294209387981689,45.949662665859925,4.1865459087498005,0.09094226360043857,-0.012979967893501483,0.6511962612536147,5.741992829340176,5.82908714558388,38.460871054706764,39.269791913095524,0.08279459487612141,42.8,42.3,0.8001780641782741,0.674757871019759,5.741685431773458,5.829436250517841,0.5170935956111866,0.08588600737085945,0.7499694330375901,0.5039719707424204,0.002408098459114114,0.031476140456888686,1
6.886284904833789,45.463392403077265,4.169585117872799,0.08450085498982225,-0.010593282906244603,0.537221389985219,5.7781133341384106,5.828506974977598,38.4793943064111,39.381375336048464,0.09448064495774543,46.225,42.775,1.020783635223605,0.7117529586947633,5.778062426006467,5.827984895655421,0.5697902255585262,0.08879545174469868,0.847928259700888,0.5618924435467074,0.0019186997565243,0.02376782533089987,1
6.740644895550512,44.16745310115899,4.1881947153656105,0.0844128110277783,-0.008646661334442049,0.5882262277346136,5.7633594486707205,5.828917037581985,38.344789630011604,39.6598878624861,0.1416949519744098,46.325,43.125,1.0428876817235322,0.7380457306998638,5.763510818045216,5.82893175614922,0.5597472249058157,0.08805694538218954,0.8556777342971023,0.5858104721862069,0.0019569073853141945,0.02272201954906442,1
7.160756965011687,42.703085146576626,4.241076874338452,0.10336358596362719,-0.013439367044509749,0.9619147996479124,5.769059761501994,5.828901986916514,38.60144863865161,39.866636853303746,0.1350530994188458,42.6,42.625,0.757807787330294,0.699880441683784,5.769307579975377,5.829207379886862,0.4930377617147338,0.08162956057993222,0.7418080984466866,0.5121305175709884,0.004678452842915412,0.0523420944920162,1
7.0692803332741025,42.59329231051457,4.195044680913741,0.09585556130304702,-0.013060011864775204,0.8668022300451382,5.73927347901294,5.828793697167766,38.28478223348647,39.71274424960675,0.15131899550680122,42.8,43.0,0.8028974145055097,0.7286448271342341,5.739559879718205,5.829052901607319,0.5102674810371438,0.08752075560314408,0.7637562263783827,0.5494553788185176,0.003907442704545783,0.04443804301658051,1
6.984071423503616,45.27194840411123,4.19657556185126,0.09897519449125353,-0.015876113377735913,0.8865163864077257,5.793928224297093,5.82828665233568,38.52951778526786,39.387792011678876,0.08730037544848877,43.8,43.025,0.8242286188126258,0.7310578271073682,5.79422437330775,5.828301199928566,0.5290007654093238,0.08705305032939434,0.791106426968467,0.554021016222631,0.005206187205084093,0.05683246071589697,1
6.8594167864381035,43.79682477901902,4.176065252179823,0.09087224321936037,-0.013970286502792691,0.7602300218528781,5.75514294870359,5.828817139980393,38.53913824194493,39.487061803028304,0.09936404506192449,43.775,43.075,0.8611248814254173,0.7343375892637685,5.755185625674373,5.828329388195464,0.5325127227082869,0.08908562948091858,0.8039818820620267,0.5720080195873238,0.004065149857582855,0.04415088145869912,1
6.797000389325655,44.69459400742382,4.197980148774777,0.10670940131211816,-0.011344082337734877,1.081585452300142,5.738101927285183,5.828620611774388,38.63166016653353,39.73542577823106,0.11395741894902708,43.6,43.675,0.8649276804024879,0.780085766935442,5.73785082855458,5.828192382208813,0.5140369346127072,0.08905667633208432,0.7990256045156294,0.5916777864166989,0.00517798984927407,0.05094478400879857,1
6.891928143219963,42.71251725755208,4.246129593406448,0.0746710509473134,-0.009648642917557331,0.7200470300476309,5.7203185996071575,5.828915847594273,38.685169689537105,39.831133795066116,0.12956761367792324,42.775,42.425,0.819941334065204,0.6845317801985527,5.719973939740719,5.828988741448706,0.49558834075670377,0.07962618175490746,0.7688575979640537,0.5250437830732153,0.0028821654577433258,0.03231723571655347,1
7.013118152086767,45.97921625514607,4.151060935122628,0.09856026742562186,-0.011730571030110647,0.9726811378112218,5.752113335748139,5.828899388652355,38.468039804805656,39.36271291555783,0.08994279525596607,44.8,43.55,0.9411668765244654,0.7703429921062126,5.752004670024735,5.828552337519031,0.5522922627512137,0.09391696498881173,0.8167120353669143,0.5790419672368421,0.0035576728625703,0.041456055072167444,1
7.169229207936399,46.241158455445515,4.203091171800361,0.07516856746542856,-0.01392031720437456,0.775284270164638,5.704289477130077,5.828591650468081,38.53303330499595,39.181897036712925,0.06751872917466048,41.375,42.45,0.7280506880042266,0.6867748012366892,5.704649289757178,5.828228011583339,0.4893904291900953,0.08424473322719067,0.7231202492576373,0.512305037973814,0.0036255682330634444,0.04263290703206671,1
7.2454921076448375,42.409434041017434,4.213065594463227,0.09079255593831806,-0.014267993442230772,0.9250435256828126,5.769430556298165,5.8285358420801545,38.57585988244988,39.68480985095135,0.11889586581538138,43.0,42.625,0.7880079680038357,0.7002465865201435,5.769325575007904,5.82899048225675,0.5131476754679464,0.08423259271687633,0.7527510775806108,0.5095687215518354,0.004129471762149676,0.050099116159990575,1
6.90486938389296,45.82337556332316,4.203065592399447,0.09530510400377963,-0.01058558956210497,0.7639412907688284,5.712906813503062,5.829013970809507,38.35435794539322,39.53714349537767,0.1227606671383274,42.725,43.0,0.823529524441339,0.7284245534924931,5.7129530739008825,5.829322642849417,0.5024386458669188,0.08649814423094754,0.7726182636375859,0.562703065059516,0.0031662804576801326,0.03431796937507844,1
7.03879875179882,43.141873592962746,4.197857850618438,0.08145047434321231,-0.010432568905534395,1.008305182834203,5.735164046055189,5.828991164128676,38.41824364768088,39.67966765999176,0.1361613140740592,43.85,43.2,0.8867692064021329,0.7436795259333175,5.73547843715185,5.828868702362488,0.5271783534267276,0.08761423140939366,0.7901155814522124,0.552801412742674,0.0034823933071148807,0.0411011757070732,1
7.042566816965888,43.36540992512411,4.209695348542034,0.09310710678364267,-0.009345761584522088,0.9068347067497176,5.7496594169941115,5.8287738337008586,38.56043773877029,39.80041343673002,0.13341487253449294,44.25,42.9,0.9024079308309236,0.7210353238242675,5.7498456704484076,5.829074648538557,0.5267131839371987,0.08551501564168848,0.7946255250450502,0.539460532402666,0.002860864596575799,0.0339983685005983,1
7.2498529807417595,42.798443605114215,4.190632790571112,0.10493148197459715,-0.014318741354094576,0.6914207753897581,5.784647495882439,5.829063982995669,38.47425207319821,39.64536180343062,0.12250314362372568,43.6,42.35,0.8183821118052323,0.6786237784139084,5.784604086703434,5.82913980387784,0.5274178859120867,0.08582172234381115,0.7685339758177411,0.5106995230717994,0.0029531751269843104,0.037464934987455296,1
6.911408214147021,42.860483390529176,4.214567230968871,0.09870268899662579,-0.01049644246297118,0.8650257548303338,5.715148850708432,5.829194606953978,38.46148668100071,39.881532291752,0.15266036303046965,42.575,43.025,0.8098032563954973,0.7301498724890703,5.714996278011572,5.8287669269736755,0.4955758007645116,0.085436661869766,0.765977995884118,0.5582738957915162,0.003653698675134551,0.038618566091127016,1
7.290559009145404,44.07298679960955,4.199892557657038,0.10506362681880199,-0.009786692922895152,0.6246839896739322,5.7305059883169545,5.828661802749281,38.50279707462215,39.69970976086958,0.12535065035985773,42.925,42.3,0.821211343802922,0.6751832138543588,5.730249279422148,5.82910623856938,0.5086609328176329,0.08488727949280045,0.748500561104571,0.5023909978396018,0.0017825420417281052,0.022984545578940637,1
6.665563335995009,45.354481258006736,4.175656728881591,0.07323684751595362,-0.012365029209584938,1.1139121894408883,5.792257947058736,5.828703966366063,38.544988939099134,39.38056832347795,0.0877143370218659,47.175,44.2,1.0761479815392532,0.8196040890718024,5.792287989308899,5.828642646457801,0.5793400218941418,0.09221635963676497,0.8752226423343038,0.6227282850920272,0.005503929028274891,0.05796489534450396,0
7.019368592392756,44.51576508688213,4.2006816599776755,0.08467923782773633,-0.009712481529694358,0.8778084810240827,5.784531681075859,5.828483776868485,38.47496729252137,39.592388779886605,0.11897722075388392,45.875,42.975,0.9885769109961737,0.7270482381551622,5.784319382197657,5.828814582776989,0.5569204333243379,0.08652980475047825,0.8292214481753575,0.5466667893577952,0.002738767873081563,0.03418813846211594,1
7.222906968003688,43.78776969857823,4.107642098808681,0.1038281751675935,-0.013353118243345246,1.061975806248364,5.746768798964163,5.828919819241639,38.56620681776189,39.38978696877608,0.0822827680198993,44.6,43.7,0.9315543438614373,0.7816777331737255,5.74705930169987,5.828900119201066,0.5645924835506179,0.09957961500166125,0.8058532634493029,0.5722475369155212,0.0035247720293086716,0.044019045131048505,1
6.813789738999268,43.62390668269646,4.173730264155028,0.08005348202427287,-0.01104633850968488,0.7656340235213445,5.755837579650561,5.8288790218751485,38.37956890659175,39.54795086614171,0.1251453940551732,45.35,43.325,0.9784032832826917,0.7532938716304605,5.755776121053663,5.82925002664161,0.555362463806301,0.09010985146233656,0.8376895752246618,0.5861534626609959,0.003086518567878609,0.03542735554148074,1
7.29780026824209,44.126407521186906,4.192213188207236,0.09710421855132936,-0.01138523128304474,1.2066098432468118,5.724429854599451,5.828617315910636,38.59113549510242,39.615872234079916,0.10632459465624752,42.725,43.125,0.8120064833449492,0.7383454523712132,5.724639170905436,5.828107243451939,0.5092897016584169,0.08848343727758341,0.7460396860029972,0.5257761389198459,0.003949804561838105,0.04747519834652106,1
7.223992235927511,44.155578773873536,4.1773340400192795,0.09570224867947168,-0.008910311692120478,0.8871006233730843,5.769546727536023,5.828889856949246,38.452667272888156,39.62779900953604,0.12298288857814861,45.45,42.925,0.9721147887372474,0.7228274751706305,5.769392572509583,5.828751727096518,0.5568367811057295,0.08931486751520817,0.8111117640747596,0.5329622494561049,0.0021134296919453543,0.028298468401886344,1
6.6927413025774305,44.41593137252221,4.145471312515035,0.09581564393837344,-0.017475730919372594,0.7411754055143828,5.769442898809833,5.828681583255878,38.33723102514481,39.25377153559209,0.09275374495897536,43.7,43.55,0.841154653605531,0.7705607975026894,5.769626226367671,5.828867161161259,0.5422167872347738,0.09370487830779034,0.8186794137632267,0.6156185707240404,0.0055497574775736705,0.055165614796443975,1
6.559432658554669,44.21079089928137,4.179323155747407,0.09650965323914422,-0.012756707709856518,0.8565560544159174,5.755716069296906,5.828521896792232,38.55740802278723,39.618583031124025,0.11085840641251249,44.7,43.825,0.930089790881806,0.7915234202732035,5.755709432145503,5.828200575955519,0.5377621795783373,0.09080738038256038,0.8405399468742614,0.6258582206135953,0.005238435470323734,0.0498335044848964,1
6.728111590699963,42.546137365626684,4.178632130816888,0.09266834455419759,-0.008993290170315249,0.8425880249154736,5.7559249017230645,5.82874869582448,38.49645704897725,39.86187992155681,0.14778217391503706,46.075,43.55,1.0319319028950176,0.7704936849340873,5.755831203246241,5.828411143764574,0.5561887941488903,0.09045891216814149,0.8531604938029634,0.6004221811445672,0.002955959938304222,0.03236882010206831,1
6.675328799833301,42.0838879871108,4.148547029076716,0.09169374233395328,-0.01193720855621807,0.6517840981413329,5.73309512598763,5.828445458782082,38.46689507140931,39.68305718883158,0.130308435590101,44.65,43.475,0.9489704229276157,0.7651120028618221,5.733143493917065,5.828837693281202,0.5477757850442829,0.09315266391101662,0.8372470796004536,0.6115325845826027,0.0031625290048065695,0.03334356780160423,1
6.708012153833906,46.30003193165922,4.148558180263473,0.10623951194397148,-0.013153285787714096,0.592227934894846,5.757776553091241,5.828813118592621,38.58848109270725,39.34453934746664,0.07585987058392965,44.7,43.2,0.9280293070874706,0.7438575714693725,5.757615546452529,5.829045624189086,0.5481023153020127,0.09243942184056039,0.8345625893090736,0.5999236897098414,0.0031830218991075283,0.033268216026391045,1
7.240301959119764,47.952990980375354,4.167228681990257,0.09169398058880092,-0.014799850096617178,1.0444063406879467,5.799113732646514,5.8284786336239796,38.55033607095016,39.04652416023482,0.04877359732135313,44.95,43.2,0.9053623840981793,0.7441920564380142,5.798824650726291,5.828531400383233,0.5592958983574031,0.0910373787469965,0.8027840439912267,0.5396706160821787,0.004199015002251506,0.053147285322254684,1
7.017371971482764,42.71761086577882,4.192717125547506,0.0928905026517406,-0.010611994887390964,0.8376456037774133,5.747121548315029,5.828649032724401,38.58589562692574,39.76948490262645,0.1273458913622242,44.1,42.925,0.8936615380385682,0.7230682993954751,5.747179432090539,5.8287615357813545,0.5302788401195124,0.087208732063311,0.7964169017402032,0.5465173642043804,0.0030045611065996924,0.03527748298158811,1
6.646943317489156,47.167263760007565,4.198920586625864,0.08756506623828324,-0.014634622487814039,0.5437422199670977,5.734465083303167,5.828456652466799,38.56345818511601,39.21897588006557,0.06752947805268569,42.325,42.55,0.7713015894264972,0.6945794504533742,5.734545488137096,5.828390244501894,0.5025925633894637,0.08450091567675935,0.7848485316772406,0.5718683118836377,0.0039503240615627,0.03916683468457461,1
6.526085646899675,42.979408417507244,4.211781009188601,0.09778606041187674,-0.011166222585181936,0.5998136667533135,5.757487724408944,5.828688208037802,38.43721654431488,39.857058326899754,0.15376865278419707,44.5,43.075,0.9133443076542234,0.7344665212063601,5.757713995588266,5.829039840443406,0.5239572956317275,0.08521564495150152,0.8338655566556196,0.6020689960877947,0.0034709156411306206,0.03413462501317583,1
6.958520162151157,43.13655923589962,4.186812975911806,0.1046053561473907,-0.010359924673727603,0.6686300436229671,5.757383782983733,5.828760355385053,38.63294098015349,39.79415710221823,0.12311668671327965,44.525,42.775,0.9153218151975624,0.7114995782873086,5.75740523750565,5.8290542700702295,0.5350505108667228,0.08738273301238204,0.8085702487789639,0.5503557091261835,0.002435991860955713,0.02825024907300986,1
6.819662149539357,44.91292679049297,4.175941966584832,0.1000940983173354,-0.01354417182019106,0.7738422083187075,5.709587244066179,5.828888071581157,38.55605537119648,39.47705897282524,0.09454020793230455,42.1,43.2,0.778864034937155,0.7437826184808367,5.709303585962792,5.82874785975383,0.5007750948233106,0.08963254926412122,0.7697082105845064,0.581059020465462,0.004401846366059503,0.043851042550024574,1
6.955911031545338,47.29165331068497,4.110645224216433,0.10974585477831822,-0.012275164075107028,1.0123826972867,5.759705791120501,5.828571278887276,38.522036109278496,39.22326477695994,0.0677646129861409,45.825,44.05,1.0097107273100203,0.8084461235307705,5.7595525174769175,5.828412611583512,0.5753549469912894,0.10011412922829693,0.8432365260222517,0.6095914872924101,0.003744321635986601,0.04262818654489615,1
6.525794484401893,44.12964283954202,4.2018585096031105,0.10124801612927785,-0.009461849665756448,0.7371675962839306,5.716448538489452,5.828514380280418,38.42019128097288,39.84623244872038,0.1516574843715125,43.85,43.55,0.9054847139678701,0.7707280004781492,5.716627875305266,5.828090367561313,0.5122483911777321,0.08789388100747655,0.8230072565442323,0.6194485380400815,0.0035697632164001666,0.03390039184083623,1
7.235242321610143,46.02567205906717,4.212263834719762,0.09823049858675492,-0.008039609874547,0.7173973325587202,5.7451225274955755,5.828608510475944,38.287082408567834,39.58097558276057,0.1341028456412523,43.975,42.55,0.8862423395585663,0.6944275924442289,5.745400551732696,5.828584386095669,0.5221742151951861,0.08468341691732627,0.7742633829280314,0.5155789764379738,0.0016921980969990874,0.022202311166640613,1
7.138661014744909,42.703702382644614,4.191817221112504,0.09522036074193738,-0.011063484833399865,0.789894801791873,5.7153355984474725,5.8285988517754435,38.623706431110875,39.74299306210934,0.11990058253613854,42.575,42.675,0.8096165086564566,0.7040116524563826,5.715196535078964,5.82886875376741,0.5063407905194807,0.08657020576085879,0.7544597136426425,0.5266746515092449,0.002835785205417229,0.03348867044614936,1
6.7609638218614,47.870420315327905,4.204600459170753,0.07809756933109015,-0.010784526803349332,1.3,5.739505216796044,5.828555325489465,38.404003640733556,39.35229949010259,0.09753972518276806,44.475,44.15,0.9294527227924192,0.8159913106626204,5.73964383921464,5.828141203778321,0.5308541619184086,0.08948790032355398,0.8207565310392457,0.6076547826832662,0.005725905033000769,0.05855801738334469,1
7.180194638764259,44.92653591493836,4.188175988411401,0.07873528339267213,-0.010675043697646752,0.8277612481172667,5.768182406073553,5.828774416016046,38.51890487390192,39.40534586636934,0.09361747615411033,44.95,42.725,0.9362937106711406,0.7076619219283549,5.7684890207742185,5.828606804307703,0.5515721543664314,0.08697152607630446,0.8045729663351943,0.5243551873562533,0.0025016530983873056,0.03324698777441621,1
6.54587856996066,44.00916115555052,4.191540331002523,0.08890691680870058,-0.012965899792929532,0.8486966465310181,5.773387873372123,5.8287113071219085,38.42743823972068,39.607557297507256,0.12487302571544955,45.25,43.775,0.9534241501647323,0.7875565230070984,5.773534929163039,5.828607454392527,0.5446303332290725,0.08928627448321524,0.8496287849832049,0.6242652178727373,0.005325671860435366,0.05182238033157749,1
6.933694308992003,46.87580174356179,4.197127037863239,0.10959909679301043,-0.011160788739094329,0.9178894104281196,5.730038941580619,5.828901754176657,38.524553043931164,39.52289140953624,0.10044602595685984,43.05,43.2,0.8312109393490807,0.7437689358853365,5.730377637896757,5.828512031486985,0.5065226275322403,0.08793906598249246,0.777164811261652,0.566030423119571,0.003947445997730535,0.04152398747958779,1
6.749871279677506,46.511983508116906,4.166813851866684,0.08582816290062317,-0.01328247759308836,0.41614744461436604,5.7430197714365105,5.8284695947565925,38.41808725166012,39.19526940642533,0.08012004974939156,43.825,42.525,0.8770255456289249,0.6926499410286544,5.742744382716483,5.828381360987216,0.5362127797659144,0.08797812895271162,0.8146695880269267,0.570768543357325,0.002238150995043937,0.02515458961858704,1
6.90816437458689,43.62620587355726,4.19118257443737,0.09383673805917321,-0.012003180484627908,0.46556117987507895,5.701929650725137,5.828789959681666,38.241929218733596,39.59739608788033,0.14396153695172603,41.925,42.45,0.7730220865467325,0.6865764920231037,5.701640664563704,5.829015774469316,0.4950690769175218,0.08581101780297769,0.7563909691420994,0.550724206057684,0.0022101021071815946,0.02456748131404701,1
6.66924299651897,43.58105174152518,4.1628911173183365,0.11233224411269502,-0.010949910859283228,0.7534301841076184,5.711333402269395,5.828756332370351,38.60568298252573,39.78039658217965,0.12180301958436623,43.45,43.575,0.8803279968014035,0.7723799334554045,5.711265776355656,5.828624729389572,0.5183168890499099,0.09228743494056584,0.8106774956117897,0.6121443074712143,0.0036514101811655508,0.0353685482131254,1
6.900782009655489,43.824438142557746,4.192699977149257,0.09113610635712069,-0.010983445932276337,0.7555349396301878,5.7204905508591075,5.828491497053948,38.62199289855263,39.64387098357651,0.10887318405091863,43.15,42.9,0.8483754091068896,0.7213176604711782,5.720369103487236,5.828063746432213,0.5140577305299793,0.08688394639727633,0.7850152766192798,0.5566846128017455,0.0031599261657189507,0.034726039687631605,1
6.952136672570602,44.28108083730664,4.184479099288495,0.10033441198628547,-0.009414523095338837,1.1449188543733486,5.742857807353395,5.828694220122285,38.568874100480016,39.731936107318866,0.1213064625073558,44.65,43.575,0.9392077415618507,0.7724420457034702,5.742571600128362,5.828499779624973,0.5360628342482802,0.09041486487272826,0.8122481548673309,0.5762134093477187,0.0037213459628935735,0.04141010617512963,1
6.680202865584361,45.173617505971826,4.214657839749661,0.0768570080178645,-0.008587913327902394,0.45835310676222846,5.778810112550072,5.82884024676793,38.34067004967985,39.592023086745115,0.13615079776827685,46.575,42.75,1.0457777870963234,0.7095081685430804,5.778669079224716,5.829054560937376,0.5572662312687143,0.08390226550205422,0.8602166809878716,0.5732673552860591,0.001641008866598915,0.01923289546432396,1
6.972551135458084,47.37396321336929,4.19085028990249,0.07024833503532787,-0.015211084309777969,0.9968708216065816,5.741204981194705,5.828725444690526,38.5301458329007,39.045425132443164,0.052707391063400486,42.875,43.3,0.8066954456596926,0.7515481058543143,5.741491736875577,5.828315263309846,0.5200601853696829,0.08809742973425903,0.7767189162622697,0.5601891591483136,0.005489656509459408,0.060096681481921134,1
6.800737609817521,47.193860699731104,4.198016533344485,0.10279991228772938,-0.011582099922392192,0.8173717621119875,5.7636671251445355,5.828637898782266,38.5703361695602,39.457492137799264,0.08995360039139697,44.425,43.175,0.9015410486486877,0.7421307016175378,5.7635826237686745,5.8287135405070085,0.5296042249154204,0.08734461044386586,0.8155980546218583,0.5769449131425612,0.0038822100335557754,0.04092306628683878,1
6.525642369932205,44.41650996367286,4.134518013610075,0.09801828485030042,-0.01337720158513566,0.5076132724703116,5.690050428410683,5.8287367993422325,38.51043196477987,39.413062458095084,0.09311444085308311,42.6,43.4,0.836817120421605,0.7591308374580086,5.689989650064146,5.828734331493182,0.5186678532110213,0.09421868316886492,0.8105376713581032,0.6290665975793104,0.0032827507298824215,0.031030305813949468,1
6.738127265191028,46.436443082903324,4.166750398367096,0.10429320029802967,-0.01293977300567534,1.2739220106864777,5.7545507781230665,5.828850279474437,38.36583668501754,39.472349016812146,0.1098785515342578,44.675,44.675,0.9293851880573394,0.8550856867059693,5.754821942418465,5.828846479096468,0.5400983528624622,0.09549377710320794,0.8293516809684852,0.638423928367005,0.006719320701413709,0.06456547659679311,1
6.7459557147497256,42.15646876448608,4.122760824651721,0.09204612320893692,-0.011157448869204499,0.9771458288890228,5.774331470463704,5.828854093857555,38.42769516865838,39.67196460560561,0.1310312799755467,47.675,44.3,1.1303770679179124,0.8269704230599393,5.7745516531934005,5.8291320707925625,0.5952662333834786,0.09892286801307444,0.8822717657368618,0.6344163615849917,0.003733943207149839,0.04152072313350181,0
6.544724644996285,45.76326732162906,4.165347469020659,0.10848176087510294,-0.009092554785770339,0.701000644310454,5.753278215843074,5.828277691101029,38.45956252042549,39.6731170223967,0.12454145256934372,46.375,43.8,1.0566410200950438,0.7898791520086901,5.753061419185747,5.828349843214756,0.5559573252192277,0.09261447391738742,0.8691488918932209,0.6336017210517118,0.002874926998751467,0.028906705119333513,0
6.553922109911778,46.97922676697341,4.133936840842948,0.09897632976984248,-0.009934578141065303,1.015853761716951,5.794858748031333,5.828354738396729,38.412011111959195,39.434751202164165,0.10269242498532029,49.675,44.675,1.253190627505135,0.8555812277836772,5.794739004351722,5.828068047746092,0.6059473197064722,0.09859950265028755,0.913319573638435,0.6636805580813897,0.004037138017873466,0.0418326529264111,0
6.64838507886161,43.04449151320578,4.165701618715052,0.08594378072354604,-0.01470016487906366,0.6278079649122568,5.782823456304823,5.828787349212052,38.46327286987199,39.47148674235294,0.10717821125155122,45.225,43.15,0.9421300751331456,0.7400786107539448,5.782675807007403,5.829102368799805,0.558057000597622,0.08998739886002197,0.8467764573495679,0.5998785756883109,0.003964368619988936,0.04198778838463193,1
7.106268442913999,46.83341537245434,4.233516683270857,0.08942399941658678,-0.010039961926783648,0.7861404099909635,5.692420510844647,5.829002243777033,38.40894449584949,39.47058651626734,0.11062331485999886,41.475,42.5,0.7476881838902489,0.6902001614256159,5.692072136845126,5.82846115666838,0.474913259099975,0.08191084401675167,0.72134155655439,0.5173028634885487,0.0029056625922479137,0.03301466072014678,1
6.6731684066543435,45.97895792736041,4.207557519622404,0.09866277400947894,-0.010596290075105727,0.5678942708989337,5.755608730192235,5.828871047379918,38.59268062490845,39.58617225441905,0.1039395426824512,44.45,42.775,0.9114745901210783,0.7113888862924433,5.755393951153214,5.8284353225453955,0.5259079764722104,0.08480979504245746,0.823625514833292,0.5749232745283803,0.0027452708218758744,0.028790960951511155,1
7.026987711059357,46.92746823359602,4.197401072503691,0.1024683513992359,-0.011173094222105533,0.7725137232755996,5.725400692132722,5.8288667749747525,38.39609877005678,39.431660816412595,0.10483821268243929,42.8,42.85,0.8167702013857276,0.7171243646465042,5.725662656144416,5.828662203643912,0.505625624525216,0.0868110428125927,0.76555757526565,0.5473757657026823,0.0030834179650290412,0.03475213183194872,1
6.866894446661687,45.96493279342124,4.165411930623205,0.09488519323478055,-0.007766089176298186,0.9739093979773947,5.782718571649663,5.82854998604613,38.62185067412085,39.553706941116985,0.09628921354494448,47.8,43.55,1.1310358353277792,0.7706923947124373,5.78276604915633,5.828665661775082,0.5836361944873586,0.09209176174025463,0.8722520902487974,0.5871171653553549,0.0024851371896159797,0.029563952301134056,0
7.129820345863614,43.739416912282856,4.231958273208871,0.07627274668782857,-0.0104572096687155,0.7771150892291151,5.718967560711769,5.828555777705965,38.456728286042235,39.63545096393661,0.12904566905053277,42.425,42.425,0.7944800670810572,0.6848918500868608,5.718837972771631,5.829000518726543,0.4965257340787222,0.08146091414494369,0.7455549302084903,0.509790318804084,0.002788406541858942,0.03388284077385089,1
6.965745415791602,46.16230407380178,4.180659190736291,0.10614594562505239,-0.01014211990936266,1.2169150825524615,5.7263147020576595,5.828913437375702,38.37357526086412,39.573652217134054,0.12089484223783174,43.75,43.85,0.8880635756038169,0.7930198150816201,5.72616757582075,5.82904545176474,0.5220060972992864,0.0919940140200364,0.7933178266267673,0.588383128645031,0.004329883291122358,0.0464028255007277,1
7.251996897061515,43.53201385120537,4.184457579615455,0.10799434484864258,-0.012894130203950931,0.8555778423612981,5.75166011943755,5.8287335702433625,38.53462473618098,39.649067561386346,0.11500452613215002,43.05,42.725,0.8095897614921501,0.7077027677010381,5.751322251549379,5.828596096956161,0.5166094244523637,0.08790183718286125,0.7569383746391272,0.5227769343130856,0.003284549751733148,0.039905486950465294,1
7.1365814302829,46.845448498890114,4.160847360792163,0.10254024870487981,-0.010874880569752375,0.6809253413174579,5.752517628025556,5.828939366131418,38.62107163682211,39.31717333393515,0.0697546493548989,44.475,42.75,0.9164403115629067,0.7094090491795928,5.752746123789063,5.828578847579612,0.5451972510013657,0.09020147761487204,0.800331757491546,0.5382140868833125,0.002160315155246288,0.027180902803023353,1
7.04762851199543,42.266111540933125,4.137000330583949,0.09443470410367696,-0.0072178905062607246,0.8884031953664191,5.729670772032391,5.828706285265328,38.64056221754184,39.79276039564572,0.1232615262258489,45.825,43.375,1.0397457463981299,0.7572636508944175,5.72977542163297,5.828570380352531,0.5679719562779958,0.09485393797904002,0.8353303335036645,0.5701284663499999,0.0017896761165702368,0.022615094624392356,1
6.587096246179098,43.76671857917733,4.207425256338766,0.11591576648842147,-0.009634648447631629,0.9006867234867776,5.756690457698727,5.828605244515309,38.44502272727846,39.995809467697065,0.16249117025426757,44.95,43.725,0.9477856590459668,0.7838829407293346,5.756957802322933,5.82867669333966,0.5246220505027182,0.08822189685816882,0.8366172741623644,0.6181345188933236,0.004249745555756894,0.040489541378562775,1
6.7162730667554,46.096574209468564,4.21313959018596,0.10479301543961059,-0.01371134232609588,0.8339230370257269,5.701967842643675,5.828503096726487,38.44648538063652,39.53063376695407,0.11059503666454606,41.05,43.25,0.705059549212864,0.7479701222564659,5.702137140411144,5.82890438709222,0.46949073646061557,0.08595479601628463,0.7434401830584874,0.5871558776761,0.005856875285971234,0.052456917208326945,1
7.164790412997517,46.9267543064095,4.187726843789506,0.09455578143425368,-0.009998782134891169,0.8765203293789068,5.781928999774226,5.828470248068784,38.535608790997,39.37110514123431,0.08500557730586107,45.475,42.85,0.9615864039302844,0.7175208915524722,5.781849427303005,5.828391577769173,0.5548571447432948,0.0877538308098472,0.813849521385231,0.5320771681641157,0.00251886034082485,0.03267459661289167,1
6.808547909036474,44.26928351365317,4.1737335188300895,0.07676912811924905,-0.014005793193099659,1.030619433988263,5.735574730657278,5.828806070855024,38.61389825456414,39.38813885794844,0.08139671987372271,43.6,43.775,0.8674548770303927,0.7874617592739828,5.7354018744888915,5.829065595255246,0.5318023022962791,0.09131064393967235,0.8060839411260085,0.5950558786682468,0.005641432941200071,0.058063956057685114,1
6.576584714671395,46.169553330293084,4.1489443094973035,0.08827583196345071,-0.012908051221427595,0.8969093861704635,5.781732768490618,5.828793867287717,38.54296974284124,39.319200191733145,0.07915899726453172,46.925,44.175,1.0684497108306443,0.8176337445952253,5.781527077098879,5.82893286298929,0.5790816067495231,0.09505985523693924,0.8788502034166449,0.6402239125402135,0.00490288630493167,0.04959310733396026,0
6.804629803338353,44.889698764702985,4.139113663388103,0.09335976713260447,-0.011774607352161367,0.8032071446429524,5.787866554189711,5.828633724641626,38.52951827232995,39.4116856655409,0.09051666304482804,47.2,43.625,1.0823590607373559,0.7762886821698274,5.787874064983433,5.8281316408405,0.5879876123492737,0.0949452027312706,0.8706381193077989,0.603617363335923,0.0032310373086163803,0.0370965794058755,0
7.263234604829485,46.869010131793175,4.119848190401275,0.08940899924807558,-0.009656987302016393,0.5581962138734885,5.7427782227212765,5.828767632334291,38.489415319037185,39.11389979761533,0.06248128392877966,45.4,42.825,0.99517398844793,0.7153136630042694,5.743011887052145,5.828332607523762,0.5755999310504976,0.09490214155444043,0.817541530060563,0.5386905181321383,0.001248228109913686,0.017905822945066624,1
6.86535475665648,42.990464175883695,4.2227706806530945,0.10225836927563081,-0.0112883296560695,0.4886144614457526,5.778590183860583,5.828592800799038,38.49243331396499,39.84195950855672,0.14571860525172864,44.25,42.225,0.8734771639644521,0.6694838377148535,5.778534529022859,5.828253725840028,0.5222583545443636,0.08179528728671512,0.8034022443811608,0.5362913217071773,0.0022530373475766093,0.025790947319361855,1
6.56639064537448,46.17172576383839,4.150311512389132,0.10038030826249734,-0.012339312443203188,0.7608926870777118,5.722147150308445,5.828588907226251,38.37773584223406,39.41169278329872,0.10455757428698761,44.05,43.95,0.9148702521096013,0.8008907103606377,5.722067736380603,5.828438643276176,0.5344085446287531,0.09452550895412581,0.8325751689892313,0.6393774748320142,0.004309764918636514,0.04137488342539209,1
6.706990525517471,44.78145071228721,4.169500394833295,0.10444748163434195,-0.01089047663000869,0.4661567714727035,5.718655017840797,5.828598087646981,38.3665405511552,39.59314977009157,0.12715743264049428,43.525,42.95,0.878692934177498,0.7250268634773969,5.718410300543036,5.828338396939547,0.5213876135382215,0.08962629991670266,0.8091412030830034,0.5914499610295954,0.002169296619562815,0.02280887712252341,1
6.5896024961262185,47.85498436165702,4.1729237212762715,0.08547147291570832,-0.010871771735736354,0.6753641202268313,5.7763634973144935,5.82858915961705,38.40202721880234,39.29175446383906,0.09127525729672656,46.8,43.5,1.0646890532803344,0.7668638195194095,5.776329852914876,5.8282471633664725,0.5696631970937709,0.0904888408731813,0.8736009928735923,0.6159136673595669,0.0031474694506341294,0.033774484469193934,0
7.214281162328971,42.62506102498006,4.1613787785283085,0.09977169998516613,-0.010358909599218327,0.886695236062463,5.747658502160603,5.828743841487903,38.4145467663474,39.7215755054605,0.1373953870199106,44.425,43.075,0.9175496716326199,0.7344108877562592,5.7473461919964235,5.829015644377393,0.5452101298358482,0.09154181240595334,0.7942438018182304,0.543715330543041,0.0024987829798195026,0.032100416450074,1
6.769832041928448,44.71212049561749,4.1837065167549525,0.10639733778464829,-0.010945543436618438,0.8407632323942813,5.752120569421889,5.828827241115075,38.50783959601075,39.683232149437785,0.12141673553078937,44.575,43.45,0.9243305836983078,0.7628341579557238,5.752292923727051,5.829291620665105,0.5331714815728946,0.08982153340393927,0.8224924296405927,0.5936835024510002,0.003749842369184163,0.03900479954998888,1
6.502625614589091,43.129258863949836,4.176902025002733,0.09216554074654501,-0.010659806437736835,0.5334088159369278,5.729451251978136,5.828925533524082,38.41669016510651,39.731132003468055,0.1417067669942696,44.6,43.325,0.9488718908474638,0.7532473599815273,5.729460139541185,5.828885503867654,0.5346684450496078,0.08949806474103422,0.8432933348989057,0.6201325271910761,0.002782012462193345,0.02776081162461699,1
7.107880069871787,47.626987509017674,4.2251560372646715,0.09618717925979287,-0.00894607491978504,0.7886987721147736,5.756409546838453,5.828692705684187,38.44824515586993,39.4697578601386,0.10490697889471676,44.075,42.575,0.8824909645414243,0.6962594014197423,5.7561094288060435,5.828155271457257,0.5198949328344363,0.08312080726453448,0.7831693986331449,0.5218564359961533,0.0023438700511408716,0.02888565497367929,1
6.602754328701898,46.40756014743818,4.169603416816104,0.10361710571524053,-0.010694983371493013,0.7538027869937087,5.700985597128957,5.82843001176839,38.53803397912423,39.52570440746003,0.10067467408708998,43.3,43.65,0.8792879534158828,0.7783846518951822,5.701187941930413,5.828270649968229,0.5147011722139871,0.09158572853164487,0.8122074649874869,0.6198339009284434,0.0037675179305008935,0.03595839405503448,1
7.201343827999527,43.62939994010507,4.120259021645356,0.08045222234606626,-0.010546134644387459,0.8497377346854048,5.757643878384947,5.828526013216744,38.28580231299466,39.3527673788457,0.11109531821701774,46.075,43.375,1.0302129262331352,0.7574439229430014,5.7573706287176885,5.829030816101576,0.5875590237494909,0.09671164673685725,0.8337078616647516,0.5631244437266861,0.0021243398236590275,0.029656650347456976,1
7.19871905374706,42.8547666971178,4.16999105458295,0.08364444976821614,-0.00729017456062185,0.5637549268572963,5.7765714027483215,5.829025200253725,38.498581565301826,39.692252340249986,0.1296681379012198,46.65,42.65,1.0535091238633525,0.7016715466485532,5.776399802766024,5.8295245257551604,0.5783862107702631,0.08880241369628637,0.8360420152835404,0.5260625488343548,0.0010490664739209237,0.01507848332929337,0
6.6125532011770565,42.768851340260746,4.204508551576095,0.09949531812602341,-0.013303666825142257,0.8712924456614087,5.763547181195901,5.828670652459998,38.53156967678803,39.807342448441034,0.13576065449301797,43.975,43.575,0.8678176858582409,0.7724656133657577,5.763817194532475,5.829138433459169,0.5210299372564382,0.08754049007917769,0.8191511012666072,0.6076220566622292,0.005716420292075353,0.053932410293910694,1
6.758783130745112,44.666924860666576,4.208344748737563,0.10631798047738127,-0.00847714839611204,0.570355431844277,5.75296379257525,5.828639109806987,38.494835910584996,39.82304066758164,0.1403723134419424,44.9,42.85,0.9477824345251316,0.7173520298142693,5.752829534362316,5.828527944438746,0.5288294770572995,0.08541551407839178,0.8251918451762803,0.571001901240264,0.002023173869484262,0.022113725242276745,1
6.877193828070122,45.38002511672928,4.1847050430135315,0.10326342125381535,-0.007789420457478172,1.2791212468494602,5.737507888905424,5.828888523783943,38.511264911157326,39.7361798896753,0.1264533041214673,45.175,43.85,0.9837271166571693,0.7930447286733786,5.737221408181608,5.8284453558736695,0.5395279080404631,0.09134593772332704,0.8265500324751226,0.5934596670083673,0.0035714895809505747,0.03888428694883047,1
7.166474437817233,45.178878247016016,4.164270379577044,0.09139426103198509,-0.010713985071069928,0.5470310096686277,5.735738871511191,5.828763655533837,38.44845213899176,39.37981756107032,0.0963311804883968,43.9,42.55,0.8899686378797877,0.6942724473863358,5.735415145921229,5.82928278645314,0.5384845966177131,0.08903150641313821,0.7873115049631539,0.5298505612983395,0.001675330664188685,0.021908371160635588,1
6.692233801094754,42.59969137020258,4.161740694397773,0.09929788762886853,-0.014085354802577695,0.9774800224897704,5.7154397465950035,5.828802639824068,38.45078966684421,39.68159974659826,0.12824558999118119,42.75,44.1,0.822908668716007,0.811980446529529,5.715599166152941,5.828950164097401,0.5141872530889681,0.0938946968305008,0.7963493018789205,0.6260222474151039,0.006108345149885015,0.05690518342399429,1
6.727534396287055,45.20922699792551,4.18555169628814,0.08541714544683406,-0.01361348070637207,1.0224077806406329,5.727282045206509,5.828696066103127,38.557513728713104,39.42975482038119,0.09050138748426827,43.1,43.85,0.8377769796614318,0.7932371863541947,5.727124662039627,5.828789323118546,0.5165953438430202,0.09034216846977308,0.7984551255681728,0.6053202747937598,0.006071187482784747,0.05876831305195619,1
6.866156392481615,43.232753616174826,4.13334460349948,0.10721387671479234,-0.010725229222038977,0.707998289860343,5.7372718506246665,5.828674209527465,38.516488013479034,39.66342604841518,0.11847890534724927,45.025,43.475,0.9727952131236535,0.764883252116439,5.737565476657703,5.828870601540388,0.554957064245057,0.0954482061436448,0.832228735030684,0.5965475024180311,0.0025792957451563417,0.02900379975166238,1
6.707543276646127,45.63373509275775,4.243433959334183,0.10501894114345753,-0.01142448124223899,0.9464727436853518,5.759806742256842,5.828839324593808,38.72832478220498,39.75984324890306,0.10785441939378987,43.475,43.175,0.8337507193870621,0.7419292758059957,5.759883180968477,5.829089239366498,0.49954603829445426,0.08257176851329427,0.7945735533208247,0.5725684769263454,0.005347199618191536,0.05101902936560816,1
7.095582390075553,45.31374609709414,4.17786422077737,0.10524200040905575,-0.01348439145022069,0.8147076413007605,5.764684524770365,5.828465639865496,38.44358520329381,39.439659991176924,0.10069534897268909,43.7,42.925,0.8459130276449995,0.7232516922543804,5.764908434565113,5.828766976828472,0.5292575132809949,0.08905944049613879,0.7838622490811682,0.5471077258974794,0.0035635021500270516,0.04169167641322434,1
6.943655321616162,47.375142574801124,4.247740535188669,0.1031384155298018,-0.012516668749997097,0.6352795624479023,5.754454253582404,5.8286653408392075,38.41318063877198,39.48055799180265,0.10944881498132403,42.3,42.2,0.7493907630212355,0.6674873667254788,5.7542522500259015,5.828355094743162,0.4842693355648182,0.07944697299396793,0.7493131477636639,0.5228785095151927,0.003439943268820177,0.037221353770729576,1
6.581722088590072,43.09351014407491,4.216554595041801,0.09769201338859003,-0.00790856202932506,1.0309150106062455,5.771933324658293,5.828352735802137,38.48760503987772,40.03791024482024,0.16854113914092061,46.65,43.8,1.058147201953381,0.7898041073075817,5.771775628612493,5.828077604868229,0.5471962937504848,0.08721578007812571,0.8652387100334281,0.615232034811851,0.003778562011925016,0.03826746671271944,0
6.7317751439828815,42.335907681607026,4.142018580547894,0.09093100764126348,-0.012244090324774562,1.3,5.741821323780415,5.828527699957612,38.56357110653,39.707563512610704,0.11995043686142857,45.375,44.75,0.9942754688733251,0.8610163801722139,5.741633010527584,5.82830351755929,0.5592459345854497,0.09809276009346275,0.8470236636424775,0.6415100077186358,0.00600496259896389,0.06004359093345792,1
7.068460371798844,46.49030606325035,4.150383801140157,0.09609257976913675,-0.009781593239538873,0.5887894580715017,5.808295835165405,5.8290906080863225,38.54202087859579,39.32119155015866,0.0790025127098894,47.75,42.85,1.1018416453772222,0.7169005315349342,5.808504128432275,5.828728478901575,0.595891940976301,0.09155405216300401,0.8621187102892025,0.5510763151624304,0.0015901245065240847,0.021431445408322845,0
6.736967423362207,45.4360382396455,4.214682708674105,0.08147820469441316,-0.011167530283583943,0.8735910003480244,5.736931557889635,5.828777432974466,38.31298359677513,39.53182483338751,0.12924004919274645,43.725,43.35,0.8755566273550084,0.7552942555781428,5.737046677775242,5.828678675233918,0.5172499661818641,0.08596400075938102,0.8056190962393596,0.5866152911851872,0.004253531394263399,0.04440441836954908,1
7.176830348566984,47.38276767506166,4.1575160593380245,0.09581001615086311,-0.010606235628606856,0.9249450616039637,5.7482425539730535,5.828379368992931,38.69817326472799,39.2401443721757,0.05411901967424473,44.625,43.05,0.9319520539706403,0.7328705119367687,5.748346192716018,5.828302407579702,0.5499692835972629,0.09154820968193544,0.8019606693979429,0.5417201800495507,0.0027163798386923856,0.03429314358393217,1
7.139085599595395,47.771147869477936,4.181902766601764,0.09595855386838356,-0.011360118698097261,0.587426344085334,5.758068028130174,5.828608226470126,38.38862482194701,39.226275326027306,0.08418331052376951,44.125,42.5,0.8845970996630372,0.6905941787325229,5.7583994131525955,5.829137910269876,0.5362728905626989,0.08711548035031959,0.7900414318992148,0.5285386237450126,0.002023642996385489,0.02592692270684032,1
7.128495003175759,45.07305384109866,4.176397470680258,0.10172404921092287,-0.011029136713506117,0.9245116288725677,5.770181220415079,5.828697396631563,38.55423642962094,39.5294678123396,0.09981853327335287,44.875,43.075,0.928699283072052,0.7344573326125987,5.770202971390711,5.829158797265707,0.54703196532696,0.0897527492670108,0.8060298346655376,0.5460605794921157,0.0030464049681416788,0.03738445240064805,1
7.264988208253841,44.54564977585402,4.170173680042647,0.10722178786015964,-0.011617954377248968,0.5500173159462446,5.769701472308978,5.828692980010043,38.56550142203607,39.51441452272194,0.09722035183470164,44.3,42.325,0.8861230446085164,0.6770736927196213,5.769712095425426,5.82922297671762,0.5417959221161943,0.08786903620980065,0.7859493622854286,0.5122198742513606,0.0017469349549670743,0.023345708521007792,1
6.835138584023838,43.68076080684875,4.1421194521961,0.09233639135533715,-0.010667641820559896,0.829604606996587,5.747153241541131,5.828758414257119,38.41076137505243,39.561639150553766,0.12016575764893868,45.675,43.7,1.011174954100155,0.7818391381582455,5.746925537365492,5.829168608617665,0.5650820879895194,0.09500440955044617,0.8452953243704587,0.603879246898552,0.0030174582325134093,0.034341980228398294,1
6.869817222823516,42.598424117250886,4.194340381930067,0.09165491913159488,-0.010139450133087792,0.6286817415506593,5.742413423468338,5.828653892118904,38.62049163162426,39.796749472096046,0.12810757744701462,44.25,42.75,0.9096539243566975,0.7096945231921064,5.742547023956944,5.828950909612679,0.5302179949703767,0.0861795153463147,0.8094124027328401,0.5550061969741568,0.0024061030915836458,0.027429964414871874,1
6.524794824787208,42.09461560563541,4.145737973721667,0.08373821922373399,-0.011365380022423812,0.9669708268251069,5.774958677903296,5.828599453976239,38.46006893056373,39.71566474002569,0.13503555303983145,47.875,44.5,1.1442175736457276,0.8422325780869278,5.775120174433778,5.82871319550438,0.5880308497169279,0.09631906188235978,0.8945644502553641,0.6563547989519803,0.004669273572953344,0.04738314770113793,0
6.950520714063897,46.58352810773627,4.186135533792925,0.0940358042511435,-0.016519436645555396,0.8008465918385395,5.790901775487377,5.828908226065119,38.59433327033374,39.18121301217313,0.0590232915417245,43.75,42.9,0.8234765021740991,0.7209009314600072,5.79101983824043,5.828476296287937,0.5332910126113023,0.08750188696221688,0.7949708706412754,0.554232503087433,0.004929935084678114,0.05403925961805303,1
6.805312965209651,43.48264915819273,4.16564229359379,0.0960625636587406,-0.009899655097525481,0.6929343421366785,5.715391345281498,5.82863456568342,38.508469816253445,39.69178205730659,0.12531295913955,44.025,43.275,0.9197424137319556,0.749739093512293,5.715665513769847,5.829014544223125,0.5315102827858669,0.09102804067547426,0.8138379965388162,0.5876157219837076,0.0026045748870778,0.02840284183696013,1
6.720551010808548,47.893716311208465,4.198559490721101,0.10289262135369014,-0.011959115320239697,0.5390484887941546,5.7320100159720155,5.828847602948016,38.418878477601346,39.374700266875216,0.09674986951194724,42.975,42.725,0.823521999051632,0.707588734996385,5.731986281787129,5.82896539898312,0.5065602911611828,0.08577977831574785,0.7916301874710182,0.5747586334169299,0.0029440680222322948,0.030227783430024396,1
6.936704250071866,43.240933507732265,4.163805539278303,0.09140336564186657,-0.012451853473652165,0.9102752424315054,5.802568934892092,5.828947741010353,38.40186462487948,39.57959965686109,0.12353863911510593,46.625,43.475,1.0256812069817398,0.7646097206335511,5.802771232863209,5.828670022569163,0.5778034770776187,0.09204498280756815,0.8513801881115445,0.5816407809020656,0.003674128845102801,0.04372939739999392,1
7.180907524915076,42.301122713661904,4.166825398028506,0.07245551932148625,-0.007848452437368179,0.8721294924574908,5.728508253108097,5.828302785666876,38.651380872536514,39.665953478617816,0.11190155411780403,44.925,42.875,0.9741031782669909,0.7195976411875211,5.728303605401472,5.828444518281582,0.5556591017497052,0.08961636293466167,0.8083633061710372,0.5306856858775293,0.001814503385076036,0.02460159361012403,1
6.913437422611282,42.57627498025811,4.157276266575687,0.07899795593617338,-0.010405062100668609,0.5684102961861178,5.75750280989911,5.828819334532541,38.59725688025817,39.58229288053487,0.1071875208424544,45.8,42.85,1.010066916376342,0.7171718050887153,5.757393512437549,5.828378135748027,0.5683992595311868,0.09022729615114106,0.8416632062085921,0.5612833995699621,0.001911003279648307,0.023793189500040602,1
7.092525175871806,46.34802932702585,4.166421882405719,0.08810239054463585,-0.007355368802445989,0.8132846638679245,5.727899956524698,5.828564573379449,38.42531030351299,39.41996807080332,0.10264750376927023,45.0,43.1,0.980303975974671,0.7364944514884924,5.72815856146024,5.828108923083641,0.5505058862451924,0.09081561571545056,0.8138213798018126,0.5531393805492206,0.001716298179081939,0.022093783296931353,1
7.019006943280775,44.110215322160535,4.200720265353412,0.08279326613448174,-0.010633782575652832,0.7951166027030906,5.7239425535976425,5.828839352752322,38.40060613325325,39.57529583800815,0.12563936735616502,43.225,42.85,0.8506296758329537,0.7171517868689348,5.724164109230581,5.828455540959044,0.5161698929316273,0.08610028001965384,0.7775000175919292,0.5440777349941429,0.002921557445081556,0.0344127218160912,1
6.9308791026010335,45.16117961459503,4.152312162638813,0.07898144858143993,-0.011622692170082974,1.0807438908675941,5.754693356137511,5.828437257741061,38.39494376658366,39.33314219414447,0.09704843455299499,45.55,43.875,0.9943806544212705,0.7953833920048243,5.754737450999146,5.828901616952253,0.5663030342854734,0.0943942102431722,0.8370197232455897,0.594841633662791,0.003999421105124333,0.04667686906995876,1
6.747631290171766,44.172985102066185,4.145106817566992,0.09810955195425974,-0.010690333699446374,0.4627718311609894,5.754681364473242,5.82853608470349,38.61635017232878,39.53843203973027,0.09631878597506707,45.825,43.025,1.0147351539572789,0.730808394739558,5.754845916852093,5.829036621575228,0.5643759060051217,0.0921910056498746,0.8522428173871597,0.5896345661383806,0.0018406129545715444,0.020863956190704545,1
7.271244273695975,45.25033044381204,4.17207508199404,0.09423920179217399,-0.011005439083227297,0.8625752482523581,5.763068126500097,5.828837318970332,38.242024389681625,39.413773931253004,0.1198326473173902,44.55,42.95,0.9115105118859992,0.7247876321540456,5.762827464962657,5.829111550496673,0.547398620382576,0.09007051035108143,0.7915885900783366,0.534343294047672,0.002499415698829166,0.03342253831130947,1
6.531265147155403,47.35075050094092,4.186951785775924,0.09618116836683399,-0.010069624435726723,0.8659173479676474,5.709178646512685,5.829113595040455,38.53490916792286,39.509719921920954,0.10002852704306024,43.825,43.875,0.9108666705527506,0.7947070547054302,5.709121591945474,5.828948577095703,0.5175564033389657,0.0902526268225794,0.8253119972820357,0.628911915478037,0.004324339474142637,0.04050210798475326,1
7.169614813445161,44.68047509173077,4.209516119128771,0.07127914172012037,-0.010794825024329139,0.7279051457460458,5.79257601691712,5.828714893197776,38.338379775605105,39.422447279250974,0.11660917370729931,45.475,42.475,0.9509393867873905,0.6885698174773687,5.792664579805821,5.828191106390794,0.5563410534038481,0.08389663378551741,0.8123027179482143,0.5147151121778966,0.002276804201334706,0.031422700840325744,1
7.019744109217378,46.15612007055791,4.255578556459952,0.10315815393155707,-0.006475923715813397,0.6037233729904078,5.770610768545217,5.828709018706868,38.584706810940865,39.81761078765659,0.13088288812316304,44.8,42.25,0.9226694437273872,0.671290981293132,5.770339367561122,5.8282474755832565,0.5176890342567312,0.07904759874410168,0.7978408308615179,0.5109882636684377,0.001431151090872819,0.017556456467512187,1
6.92193652305582,46.358201242862556,4.132956537051241,0.07664716978983609,-0.013095369580520396,0.690458792300811,5.7101195125666155,5.828895497610365,38.373372992375586,39.06322906860777,0.07034000995571166,43.525,43.275,0.8872284394516798,0.7494781615853485,5.710166164072343,5.8292502474263355,0.54347802339191,0.09430710572222492,0.8037399167462923,0.5828884005406144,0.0029614082121436095,0.034621591092971325,1
6.576067376045101,45.687047408333456,4.195818078578503,0.09612267750252824,-0.011116784561093654,0.8006216950330219,5.755158234161196,5.8286789501640675,38.49439101005985,39.59291554963755,0.11443940145003155,44.925,43.575,0.9474531972138918,0.7724573156616881,5.755282519335349,5.82882514549957,0.5346463959355408,0.08843564732718323,0.8408199250157724,0.6139184234944939,0.004246998541188374,0.04178677135410225,1
7.046111999898131,47.812197809631044,4.174393865721712,0.08444164007914902,-0.014084191326663808,0.8685138145899902,5.773923695231734,5.828487940828734,38.3847009759552,39.07420684427543,0.06912014926133432,44.425,43.1,0.8912844785614888,0.7365710840392072,5.7741061405759995,5.828081949399677,0.5474054747751396,0.08960916692667945,0.8049819644423717,0.556010303422631,0.003908336826470055,0.046927733577377284,1
7.061588818972858,44.12482815196025,4.180016431471012,0.09053909519979002,-0.007276800961067723,0.7060889717848253,5.737857690124938,5.828679362494491,38.5197124758301,39.678871710109156,0.12353849506868252,45.1,42.875,0.9777956660273883,0.7192210643599068,5.737883888694308,5.828376415121355,0.5473200619307482,0.08853529354243411,0.8152662686796581,0.5446491230433933,0.0015527321492912276,0.0197970310493733,1
6.690638018872536,46.793111966992164,4.159488867444908,0.09227363441877948,-0.007525686508206374,1.2580256628866682,5.735917881877578,5.828808660810159,38.54923617097017,39.535720705571435,0.10121092570125953,46.65,44.325,1.0941626447340962,0.828893645541485,5.736113540692994,5.828373592733132,0.5645295192615086,0.09495566421865609,0.8668010259168365,0.6303147020931144,0.0035981225140245677,0.03807662969971179,0
7.002109677113789,44.47185919588161,4.133818355581977,0.0850429505423891,-0.00935665303079586,1.0728771530140333,5.739820859690702,5.828988332469629,38.61465285726774,39.44714449425186,0.0864656174428609,45.925,43.725,1.0369777945412508,0.7834998527750141,5.739820552243407,5.829080406188674,0.5739123227784807,0.09614837572647403,0.8411147090880756,0.5847664974406985,0.0028835126899318117,0.03524092130390556,1
6.906759863919186,45.311367229432335,4.1887568521002345,0.09706772248043716,-0.01256123583054263,0.5618872090310021,5.7512177032663985,5.828742214072067,38.41456106627546,39.45004633080063,0.10720014214805874,43.575,42.575,0.849918562559357,0.6962098930318623,5.751545032521448,5.828824515575065,0.5235884182217714,0.08636222662776388,0.7934770880844518,0.5522194452631464,0.0026711978795290288,0.030421409996287424,1
6.682609707839603,43.86536976536455,4.168797888220509,0.07582085452380286,-0.010632244717119774,0.49091452289925264,5.762127485119023,5.828662254227324,38.44753945561701,39.49083571171463,0.1129248777927319,46.2,42.975,1.0349307020675491,0.7268697607963235,5.7618670546798505,5.828661159574455,0.5675538794384469,0.08911933182776205,0.8606729480428156,0.5888507807287983,0.0020506590093276092,0.023703927024334458,1
6.555532910490808,45.548518949309276,4.217228699877999,0.1080617645023234,-0.009817408528500993,0.6772612028092135,5.729910827633642,5.828767500885286,38.30051683727331,39.78379200779112,0.15464234874042715,43.625,43.3,0.8750115791778112,0.7515060496595538,5.730208063853694,5.828574147658746,0.5044521583494141,0.08586064827874569,0.8129243219323803,0.608538348573,0.003474703262537068,0.03310245483846098,1
7.111612235809899,44.21820287375611,4.2111873543237905,0.08621648264734919,-0.012283166462521585,0.5882307261034371,5.7436727818111715,5.828846593737649,38.52227062695812,39.51405872120819,0.10588311067619711,42.875,42.175,0.804227645043226,0.665381612908619,5.74401394531212,5.829030099571684,0.5100537142306383,0.08264282998947359,0.7605269024586776,0.5094880268872035,0.0024500479042555857,0.030162891184804846,1
6.825559298855376,47.519980246990954,4.169935779724574,0.0924076188858607,-0.011447818222906121,0.7378619187660213,5.748867042456673,5.828745051407885,38.42279756753558,39.27749066511124,0.08646917289128014,44.7,43.275,0.936938817722039,0.7496286077878285,5.748988820290906,5.829147604252689,0.5443088480502102,0.09054375720695436,0.8247918721706292,0.5855065664170243,0.0031442961394637964,0.035025485820858474,1
6.614881338707265,46.48707474679792,4.184257984129595,0.07220016197055111,-0.014072907408224535,0.8229293574187018,5.77013859586009,5.828593637002029,38.47908788815922,39.20606436033457,0.07581134954309712,45.025,43.55,0.9399284678882296,0.7706487437565386,5.770243012766386,5.828217733196744,0.5504820586887409,0.0890589312468875,0.8441133635208636,0.608270024722738,0.005178118177895021,0.053130843978669184,1
7.0850893385290075,45.57918364774626,4.217119519057397,0.08111548494881846,-0.010830019886771881,0.9118954227294451,5.73048847435696,5.828730246644143,38.67839284484267,39.46490092860549,0.08321969683386878,43.05,42.7,0.8307614065727398,0.705793454437674,5.730839827411473,5.82830393924471,0.5097557232456761,0.08378292445390798,0.7659943407340503,0.5228532130853424,0.0033790266046718133,0.0397975215895765,1
6.571708781836883,42.496823824171045,4.187908271737754,0.0990457060148481,-0.013076067118482753,0.7802187548935683,5.75025255747202,5.829070242455588,38.53089159600552,39.78646939224587,0.13387951629658051,43.95,43.55,0.8792270601148688,0.7701721383029794,5.7502777967362535,5.828721569130906,0.5246686026073178,0.0891324541752557,0.8243934598804235,0.6153213742510208,0.0050409470919550265,0.04766115533673105,1
7.153878081120561,42.87563568118644,4.168173329272852,0.1004178234244527,-0.011991881772667239,0.5125065731751399,5.751244296163318,5.828909056706568,38.49664333801074,39.626154401712476,0.11908585900747976,43.8,42.375,0.8669125469464012,0.6806992264392004,5.751264630220794,5.828748613189354,0.5347970689723973,0.08807113787085817,0.7843353014243417,0.525280824788789,0.0018345166333617094,0.02347141813351834,1
6.978336544012122,43.45837237534094,4.187572257300029,0.10704457660046511,-0.010882652051101805,0.7588864074055272,5.756466639230398,5.8285303106574275,38.45928529097302,39.76772353082764,0.13697241959279363,44.225,42.95,0.8937213280378957,0.72509464046695,5.756309330240752,5.828403858823392,0.5302133422604891,0.08811682833751107,0.8007976402301055,0.5572142907347195,0.002898259619288182,0.03319914532157469,1
6.841607598515766,46.743456879356884,4.16823893645861,0.06931091307539129,-0.011775842242290356,0.6169890201480197,5.733513817614969,5.828792478617382,38.77555094906516,39.138802352900214,0.03801471029633589,44.35,42.775,0.9260657486940032,0.7114674550549793,5.733281725568104,5.828635726016554,0.5463407737853264,0.08839322171875895,0.820130736925867,0.558730518696676,0.002622886339553285,0.030561583582986728,1
6.79949836272226,44.59806302933772,4.165761733966116,0.095052051776595,-0.007044125724061924,1.042300579643196,5.733711919161338,5.828312275001935,38.458701720947104,39.72173206144633,0.13266748210703752,46.075,43.825,1.0541448854567443,0.7917330420635,5.733924493676015,5.828055239903176,0.5572296404135862,0.0929905644017024,0.8503705121192056,0.6051049228204347,0.0026093173867263375,0.02927554963102458,0
6.9132998738552045,46.048755999697484,4.21602322866678,0.09694352468332797,-0.009939576240697518,0.9503074385558931,5.752992226107076,5.828752982951097,38.46199613010386,39.60637643623763,0.11883710128736286,44.2,43.15,0.895315829330789,0.7401129770149,5.752892536753998,5.828407302670809,0.5217801441256693,0.08569243904937728,0.8008927071925703,0.5612107215109832,0.0035991673521914474,0.03979221127987524,1
6.868310335714673,45.43320214242744,4.182631341259286,0.08197197696875407,-0.010654270048670596,1.0169135176140367,5.7312988955675515,5.828568002669262,38.56676453925116,39.45590108185535,0.09313016658000652,44.275,43.525,0.9226473019907067,0.7687799493490335,5.731554864390141,5.828702926608553,0.5354638332055666,0.0898865082611563,0.8130534162772717,0.5809551216839788,0.003955721223995233,0.043536242263328424,1
6.721178310397276,44.71724568459155,4.1616642432847835,0.08108391293225849,-0.009722003639228002,0.9470491761437534,5.747922788391083,5.828550322544068,38.52834168133624,39.515831701719534,0.10432596766315994,46.2,43.825,1.0491353987954888,0.7914949945213676,5.7477679121510725,5.828049505088154,0.5657554645618511,0.09287509799426186,0.8589085458832554,0.6108952850759068,0.0034598329803079476,0.038005509830730366,1
6.662002048847926,46.7756872274978,4.198183531428721,0.11678459087249503,-0.0073220989940386335,0.9250861365951808,5.740887446721963,5.828751557178605,38.44561491892831,39.797133468121984,0.13770108619210739,45.325,43.7,0.9914969748630078,0.7818459952367594,5.741093113640607,5.828330568451541,0.5301950376033161,0.08937081286000219,0.8396295836764934,0.6116631912373566,0.0029902433754142666,0.030106816532557163,1
6.722592732582102,44.485149776966196,4.155882418051599,0.0909794635187615,-0.010606310515187794,0.6153467831110498,5.730000357310658,5.828689374954863,38.6201301611891,39.51692732919749,0.09420906953455983,44.8,43.25,0.9632798549619466,0.7477838440280893,5.7300254868321865,5.8291284641933885,0.5471572266114509,0.09164893567524274,0.8358075731505176,0.5951554926568989,0.0025550994785285123,0.027749829505685338,1
7.1657030412126455,43.44863840486145,4.151465719133626,0.09147314431857517,-0.008057794505387857,0.6226891961065645,5.71872435967893,5.828676529086405,38.45000869957989,39.61691546635265,0.1234565112800661,44.475,42.875,0.9502335799095327,0.7192238977679928,5.718939160507959,5.828204062247206,0.5479723385699545,0.09169367455568922,0.8011499403887871,0.5429195239924295,0.0013528223909880712,0.017947297515718667,1
6.752805326308243,42.316194341375905,4.195140412902054,0.10249727588269056,-0.009479224643044027,1.0080053852058006,5.740434726726828,5.828978431196991,38.54779464532842,39.99565872003318,0.15567988215911724,44.625,43.65,0.9397598812168662,0.7778362324665808,5.740730625986672,5.828950387427268,0.5288093736831343,0.0892447874463673,0.8231263529409103,0.5972441915421101,0.003956019781399084,0.04062427911277527,1
6.537535214338668,44.91549366584179,4.190015759527553,0.08857904306794721,-0.010989481659402695,1.0127015226008746,5.751655071996089,5.828789072446625,38.54787190307761,39.63240373447326,0.11426347580581543,45.4,44.125,0.9862971391731179,0.8138760553465865,5.751560590072341,5.828604944626201,0.542835730242886,0.09051889269873148,0.8529394483238427,0.6332965004977296,0.005305647096475712,0.05086921379797726,1
6.788118815983195,43.73548696993678,4.187013108671819,0.10314166287850421,-0.012239515084449667,0.689228470021396,5.7740340974816915,5.828633009845309,38.457299357946795,39.68110391822906,0.12816526389052144,44.775,43.05,0.9173783094769465,0.7326168710843906,5.773915829634328,5.829036094941011,0.5392565865712027,0.08809033008189202,0.824754269814852,0.5795218895052692,0.0034099990597678425,0.036810989443260826,1
6.627737130791337,47.673594661264694,4.203809559559132,0.08928050537058588,-0.01798636148797041,0.4945998353800849,5.767336439624695,5.828770160954308,38.48598544011893,39.0379771110683,0.05605998012075989,41.825,42.125,0.6998886221773137,0.661607331919277,5.767348170674625,5.828932180479547,0.49848092014768225,0.08249279534266446,0.7736432129514028,0.56143324573812,0.004764086282081717,0.04635478135565011,1
6.631167886934158,46.66437660583146,4.202945753852441,0.0872024817958293,-0.013353033487200813,0.7547597192589875,5.764358246555021,5.828759378829852,38.41019571816008,39.36040685430159,0.09831567939592417,44.175,43.275,0.8820693653279212,0.7496142803658614,5.7645433249598295,5.8291424028074115,0.528474725789299,0.08663700492121704,0.82325631098467,0.5975855899158817,0.004764557488565631,0.04780762040254615,1
6.788150822037576,47.64101697383626,4.16892659166444,0.09654027743282172,-0.011513007010270374,0.7377683208181693,5.742401629348415,5.828353055851975,38.512577982341604,39.30141444834806,0.07947008549893608,44.425,43.275,0.9228065444448079,0.7500206033437378,5.742575906507622,5.8278926099504735,0.5387235113858416,0.09060580914921328,0.8219844421894276,0.588609753362518,0.003300494188440796,0.03560645732668202,1
6.758486354494659,44.12399048378649,4.165805724388899,0.0950536805038113,-0.012570506752558858,0.6084501762430348,5.7551982207327885,5.828705238494402,38.459026347972106,39.51208009899632,0.11005718704503455,44.575,43.05,0.9212529323874081,0.7325446424352977,5.755033866275036,5.828299529792877,0.5440990720549528,0.09009855925263047,0.8273645552392547,0.5866047112635884,0.003033782647727956,0.033098825939837845,1
7.138445355182583,43.91713142222337,4.182489197332345,0.09244915873146246,-0.011576344981522654,1.1534522953872757,5.755806628860234,5.828718045929374,38.528546688148566,39.595221753884296,0.11127883608225873,44.25,43.375,0.8962607189648013,0.7572518902303713,5.755533815512157,5.828249293243201,0.5377747586943574,0.09006879450545507,0.7930214563017178,0.5515878091138621,0.004030614580467442,0.04805613337671199,1
7.02724802207673,42.83116743051114,4.15845847853924,0.0821154801369156,-0.010619846782998437,0.6572357045879424,5.760040191936667,5.829297690434111,38.529152517984016,39.56391300392917,0.11129735839812178,45.5,42.9,0.9853285896793542,0.7205114670910149,5.759789130539525,5.829539631717506,0.565196086258173,0.09053287767547963,0.8289484634088303,0.5526891052955408,0.0020866868171148566,0.02670521647820566,1
6.935353118572182,43.49399846539097,4.191655128629807,0.09675155536222418,-0.013640944652685835,0.3597352456417231,5.785144814661843,5.828848239209558,38.63913286028944,39.53941259596118,0.09577678470188898,44.2,41.875,0.8631632407760224,0.6422413135628346,5.784855644037091,5.828658075948307,0.536324087901197,0.08336470179756802,0.8038333771438887,0.5222380405726292,0.0018176012623423482,0.022026535637202665,1
6.6941634541376915,44.082344335665304,4.17087958361201,0.10874942197977597,-0.011672963183239566,0.9519563947919055,5.76358485390441,5.829210682501202,38.52009896074513,39.72431855766707,0.12390083810803092,45.25,43.925,0.9632271696324448,0.7983831493505962,5.763683933187131,5.829397448148642,0.5453981585206011,0.09260190632730987,0.8412960300590065,0.6187549061397225,0.00467172009559313,0.04657792424442877,1
7.261270836999905,46.27176209231792,4.196123931444065,0.09234683066321496,-0.014018580103429566,0.6618814335362116,5.7081566513561794,5.828437520231095,38.43623158085312,39.24541635824202,0.08247124528879683,41.175,42.225,0.7086182395060519,0.669639118282797,5.708052563571869,5.828401570016564,0.4845732456020819,0.08460564566049482,0.7099229437265758,0.5031207833592474,0.0029645028322872573,0.0357010951418945,1
6.6316373255473,42.353461440284576,4.139450524486595,0.09009108456850903,-0.014914974171506376,0.758077005847081,5.781551696863755,5.8286579731237556,38.41286556514368,39.51339811109685,0.11570030193996012,45.875,43.8,0.9915568952082783,0.7894988699859633,5.781321769413969,5.828215255666841,0.5725976891157246,0.0950332540178969,0.8614626996503778,0.6284858750776834,0.004659918687079277,0.04820724366541906,1
6.7417684561768345,47.75804446194276,4.166163771509804,0.08161148371119374,-0.009018286778288595,0.6898167355881437,5.746378613466578,5.82916441613276,38.63642619569586,39.288751917761,0.06730769280519523,46.125,43.3,1.0451602401364841,0.7511091344120802,5.746609449647921,5.829388697073503,0.563548857316515,0.09066427641849951,0.855903323775081,0.5902702430455552,0.0023165523455994166,0.026388771745494043,1
6.7288858279481705,45.38393432230105,4.174236565080721,0.10331276724297954,-0.00900986058476996,0.6516998905029302,5.773687326513263,5.828800144141361,38.38509104224809,39.64379287853497,0.13026512967504136,46.65,43.35,1.0563932000984106,0.7552715444112472,5.773515101620286,5.828335248798737,0.5633386815288564,0.09055858734160317,0.8616028167715093,0.5992766847674793,0.0022772066057666586,0.025408109719159095,0
6.675571620303647,43.12177834361939,4.220681731764983,0.08893851153723865,-0.011924942189842401,0.4587699333791238,5.728251687985276,5.828444259637173,38.55858816616395,39.725103350925494,0.127897689608235,42.625,42.3,0.8005307406150219,0.6754007569664662,5.7280298390116196,5.828373990542742,0.497932202928654,0.0816736189928716,0.7848655433573518,0.5557531939767205,0.0026781284837867764,0.027716455169346066,1
6.962860127156894,43.6265436343775,4.183862673470821,0.08598663080222281,-0.012498993895538504,0.5219088186609715,5.716805547188447,5.829170536141504,38.57752086116268,39.500752675785144,0.09871251089760466,42.55,42.4,0.8062305557317258,0.6823577022983782,5.716928844569293,5.829440366898336,0.5109483864700808,0.08597454098638199,0.7696024705146893,0.5372412288228131,0.002382486789943053,0.027519905987268323,1
6.563855394333453,42.47435555950892,4.145985283234869,0.09113429614234711,-0.011330192829995697,0.9058817068307695,5.768728676387223,5.828651773174905,38.54550058412068,39.716925588249204,0.12467185912735118,47.15,44.25,1.0978570836539348,0.8234155746501299,5.768616758137012,5.828882637115938,0.5786605068281163,0.09569857218927055,0.8827227836848206,0.6447688163674897,0.0043181536383554014,0.04382045575110879,0
7.002915934121162,47.92376904420985,4.1713623199542305,0.0890340847932654,-0.009150469769155612,0.8255802127026457,5.753833613120709,5.828863586934375,38.522865201975804,39.27632617348371,0.07638928083048357,45.475,43.125,0.9896817905838011,0.738099181347474,5.753794083562411,5.828350950020184,0.556616070676286,0.09014496173698992,0.82737325953075,0.5599593247177056,0.002356557727462446,0.029046791170093653,1
6.68818966218717,46.05195744763613,4.173316585728182,0.08592274374540211,-0.008784164645501722,0.4779560310371737,5.744793633887544,5.828826923617313,38.59141088454932,39.46791234521883,0.09233088730584858,45.9,43.0,1.030160240494185,0.7286116006846877,5.7447882381208295,5.8286987981356955,0.5566204765001619,0.08892441804708076,0.8542313411488675,0.5867589598135429,0.001668292722137096,0.018867620554513197,1
7.100900922573151,42.21092969644396,4.136863496305531,0.08506043763634263,-0.011849652260285077,1.122389314669999,5.753031208459154,5.82828102292508,38.376819853034746,39.582566426654154,0.127151998196598,45.3,43.775,0.9774962597263821,0.7879868072039269,5.753186775219044,5.82787371719207,0.5685930373041824,0.09618448517129766,0.8237222326731884,0.5797979241951405,0.0036447108395905306,0.045251040800320656,1
7.250701652726897,47.61839078231965,4.239977463802632,0.09837993470687567,-0.012283433681695653,1.143960956250818,5.7260591724185765,5.828885072566291,38.51799508518006,39.41188436180518,0.0903975833327422,41.65,42.85,0.7276219476864441,0.7171060670549654,5.7263211359087105,5.828575569238546,0.4761630777360756,0.08270941301699283,0.7120416673346583,0.5115381406922374,0.004829849885697254,0.05383364916664049,1
6.904475630902755,44.63556689340422,4.206831744307464,0.08604057583518643,-0.011544783201485628,1.1063800788238163,5.731919350451238,5.828462895312875,38.48008741195555,39.591967380652086,0.11724182005102776,43.325,43.525,0.8502535430543707,0.76888505670542,5.731609880974944,5.828894910520166,0.5139363548826982,0.08755064309204125,0.786354399771528,0.5735556818361705,0.0049215663548418135,0.052090834716901874,1
6.813120960913289,43.29510799742237,4.153998204894361,0.0985502949909293,-0.011517779765093234,1.0158583203251896,5.713353084117319,5.828558300142253,38.4079298209808,39.67057597714306,0.1312366558549691,43.7,44.0,0.8972444682980454,0.8046912805685462,5.713667322840068,5.82905311304641,0.530003567646039,0.09475993473214823,0.8086247521255732,0.6129740722161435,0.004413873826008734,0.045497613436047135,1
7.005281593407626,42.518082388990855,4.233667217853471,0.09051111138408423,-0.012907866442184245,0.8455346165172783,5.740267143051726,5.828773656807085,38.62205509744991,39.80039315161531,0.12841848739230732,42.25,42.6,0.7597328569482737,0.6980938920252031,5.740216091848039,5.828490729513044,0.4904683379860874,0.08181790892175707,0.7484329493997879,0.5261883470949474,0.004334125692961764,0.04697393272545283,1
6.722393078957918,42.01579437460451,4.1646921337926575,0.0848590299335086,-0.010058758362261014,0.7485513479510671,5.749743438012018,5.828787415287258,38.541179746254656,39.769625083434384,0.13419165580507994,45.875,43.45,1.0233651540600146,0.7628739837835408,5.749985428640649,5.828315985836169,0.5606000223641551,0.09136770484383017,0.8530161363366766,0.5994216365565394,0.002885095204434751,0.03199227551559493,1
7.235108464872972,45.254723647527335,4.177529787090802,0.09144880103628401,-0.011080704331079926,0.8609435199193268,5.75579221354862,5.828519164192811,38.36090619957612,39.41335897905567,0.10835386885757115,44.25,42.875,0.896275134276415,0.7193812626615861,5.755574208247581,5.828384702355848,0.5411731187684364,0.08902399049393897,0.7873667622338109,0.5314363674966457,0.0026291405471443436,0.03436645775482875,1
6.959137772785308,45.172042145646294,4.193797986060184,0.09296431419819864,-0.012860105735686085,1.0291419526541266,5.761523957248549,5.828796368131281,38.585706711664216,39.4883757249521,0.09319810913073492,44.0,43.375,0.8717256234622504,0.757173568028465,5.761331718342794,5.828918919356294,0.5296563811426725,0.08849741813782021,0.7982094380013915,0.5657642529812696,0.004781405932623401,0.052191557512313635,1
6.885115948408836,42.762775441653574,4.225949466228945,0.09140206714488022,-0.009411590754903224,0.8694832684237712,5.721467206336512,5.828765397383057,38.27191437552833,39.916915821325084,0.17936346413724968,43.125,43.075,0.845495561945337,0.734389331861105,5.721729508135409,5.828473614294356,0.5018572742937232,0.08451373522742152,0.7788953770524747,0.5624647596290834,0.003298507709268087,0.035840155794617995,1
6.813596208887229,42.976791833332626,4.192208000105209,0.08675898037971326,-0.012749195139338216,0.9623607660353232,5.723524901467642,5.8285085331403845,38.52212991013123,39.6681968280355,0.12256501901214222,42.95,43.5,0.8301000496567355,0.7669444459960753,5.723481163187394,5.828650934748818,0.5121603213375002,0.0887374649379026,0.7875980424959456,0.5851744338031989,0.005055165891677739,0.05140792743386374,1
6.9017581010010725,43.690280178828864,4.2040978725293465,0.0783105460310103,-0.008408929312986245,0.4303560710759001,5.789222073281746,5.828696188690332,38.579329215144156,39.66634189016396,0.11971258048115274,46.75,42.4,1.0481750923069262,0.6828320497495506,5.789089334595024,5.828609714662589,0.5671389739849638,0.08386498776469511,0.851107215867508,0.5369848451355911,0.001241391442325926,0.016024334960147546,1
6.56321331316901,47.562831282580845,4.1570009740030756,0.09347949400554646,-0.013945301312427843,1.2403638575278053,5.774012591364691,5.828610097745579,38.58165886964051,39.29517920109149,0.07079444828340667,46.0,45.025,1.0083173917605768,0.8814569660027409,5.773922362242663,5.828276805590134,0.5628890080936131,0.096813498180474,0.8649182541264812,0.6633889239755806,0.007753720754767581,0.07106536016060785,1
6.544891606709277,43.08137577427697,4.192200396756704,0.09470054724339587,-0.009090700961182719,0.8052516590088398,5.79420235493729,5.828673259111595,38.454294756605364,39.89002531925501,0.15518869799321483,48.0,43.725,1.1340008753382191,0.7838149261330489,5.7940357514441585,5.828497314273987,0.572875461820327,0.08932840250396333,0.8892041221217624,0.6231306073309867,0.0032988953673114612,0.03441696086413872,0
6.5297077223986895,46.532882304681905,4.134292071721539,0.08645934813137794,-0.015452997108073454,1.036642858789962,5.7403869345333,5.828831319925172,38.70563560776735,39.17243807320693,0.04672374086368992,44.5,44.75,0.9304450975298675,0.8607127602046543,5.740641353914236,5.828452272642142,0.5517733032158469,0.09820188451220244,0.8469409349449011,0.6616364587190634,0.007357243292201296,0.0662004913182464,1
7.187364720623384,45.632170281936766,4.191606840330107,0.10457012596586311,-0.011010246240629783,0.6361498891277252,5.782368753470972,5.828628723904604,38.66786998214848,39.499343195543844,0.08521525807932304,44.725,42.35,0.9053064778781108,0.6790590375049739,5.782331966717402,5.828341651829637,0.5415389111977051,0.08561006087755749,0.7963023590187471,0.5126165140075535,0.0020813906713267227,0.02691579718238867,1
6.65618227812633,44.254216794065385,4.166383978007577,0.10519566234048884,-0.011218099470217542,0.768428641775276,5.797407439862851,5.82871155761343,38.48830080106422,39.67255719308242,0.12263012708418371,47.2,43.65,1.0728181750642163,0.7781031060501418,5.79726061972824,5.8291225173753105,0.5738295454048942,0.09206598330936658,0.8746721048956527,0.6160092889062243,0.0035406601414791866,0.03742019185222518,0
6.5688684772463,47.21212290846088,4.194842403243089,0.0846125461334775,-0.013086659465479251,0.7614424512335218,5.743550475706458,5.828910752593102,38.525389660926294,39.30910169701515,0.08091983924583555,43.8,43.425,0.8746063674032607,0.7608540383535365,5.74328647050584,5.829072521744356,0.524024365554052,0.08772326360558377,0.8221497066316925,0.6081327300456189,0.004911489039748571,0.047532768564072805,1
6.533441932528172,44.934646875508726,4.163923416341958,0.08490189411250817,-0.013236661346379266,0.6508760850023734,5.770964286061731,5.828902493027836,38.45063648037554,39.38623685726418,0.09797174648317085,45.775,43.5,0.994758143952672,0.7665504861086241,5.771176832493583,5.8289470426006105,0.5614236050723698,0.09118802777265843,0.8630602384110104,0.6231931818729199,0.003960635310979837,0.04040365786521313,1
7.147526291145612,42.08619757294745,4.178345249916864,0.08846292690929122,-0.011399162330297785,0.8880705525059436,5.768232029001823,5.829017341024158,38.553123157799966,39.72042570948527,0.12585490582549225,44.825,42.95,0.9269154675063751,0.7246076101002199,5.768240033556063,5.829217576677854,0.549974192719876,0.08888885481821376,0.804950314892138,0.5378349350046091,0.00294833652767028,0.037374613388570316,1
7.173589938773233,47.880654467681204,4.177374594151793,0.10957826228606152,-0.010761085303764205,0.817902994599382,5.715429927720573,5.828541720259063,38.47229064981876,39.336004638675675,0.08523736318367184,42.7,42.875,0.819093773361244,0.7193587065953349,5.715767546931973,5.828641806583959,0.5087609934422215,0.08921320812107972,0.7557371436594397,0.5381339736652607,0.002733781794894265,0.032258907200228976,1
7.188881643735289,46.44599211623737,4.196075913239139,0.09315955758134421,-0.013181346398525924,0.5873468106376905,5.764858543051105,5.828603685920176,38.662102746248685,39.27216710782552,0.06243441464809109,43.4,42.125,0.8230090937491363,0.6617738069534091,5.7646751224171515,5.828969474443573,0.5237912998597143,0.08402414783003691,0.7689972708686826,0.502625020833691,0.0024087800967238374,0.030637042024623636,1
7.105712828828798,45.032783687319345,4.204568316031654,0.0737329128554184,-0.01035693563843533,0.7948583124069191,5.756793975679167,5.828452715922824,38.50657733810505,39.428496501411466,0.09862464919542362,44.45,42.65,0.9102893446341467,0.7022440309794549,5.756608750867732,5.828774505058921,0.538931322157483,0.08484400830630444,0.7974567680652528,0.524616148075631,0.0025560991184061365,0.03285678692176125,1
6.532739832465046,45.163856083831355,4.178515113857764,0.10072948166768128,-0.00851337268295074,0.9849866154845514,5.741684564225874,5.828599906140945,38.4572306272931,39.759486903836056,0.13584908922271943,46.125,44.2,1.0498542893771878,0.81970814929692,5.741696863327455,5.828182683363577,0.5487282535103063,0.09234612602715331,0.8650797728642511,0.6421089350443413,0.0038612958741496236,0.037791695430861735,1
6.936952495027005,42.618107249907304,4.193087489104884,0.09612791361028512,-0.009717620903360227,1.082402745393811,5.726985088231457,5.82899350896528,38.4146712602744,39.87763470662154,0.156582121636384,43.825,43.525,0.8930602288339786,0.7683544430530151,5.726779778390024,5.828469527081643,0.5218654781531127,0.08937043013786988,0.795839151775701,0.5764679433758465,0.0037931409786210748,0.04158803729764978,1
6.894343596224241,45.60483477474571,4.219065112573132,0.07681093707951353,-0.012973915166495969,0.9154461029951937,5.7511107910795864,5.828743237549831,38.55926982420553,39.398907173709105,0.08880531031549727,43.35,43.025,0.832960897473022,0.7306012418932175,5.7512156033206585,5.828832865366137,0.5155200988816317,0.08433603709271761,0.7864558515498379,0.5533333944632703,0.004718276729395236,0.05128773423603358,1
7.072444823614336,45.65258569507551,4.144199071430525,0.08947759589086365,-0.010769538986885235,1.0408686981521642,5.729368910034738,5.828932977523581,38.4022518484628,39.33438886042002,0.09470892062771966,44.5,43.625,0.9414631220284289,0.775989429287872,5.729537805004602,5.8285203889670445,0.5512945532167484,0.09493625884202787,0.8092370801236176,0.5767382301577628,0.0032474270980759924,0.03928402123594164,1
6.536322622168544,44.62764624186988,4.140254021908876,0.07775364132591985,-0.009898306206885457,0.5646935900250807,5.7550578950320315,5.829162905640328,38.46018678896464,39.43527358923488,0.10371650933949825,47.6,43.7,1.1442174292321043,0.7814346467750362,5.754915167746572,5.829259055374458,0.5868839614020718,0.09439661691297516,0.8915803092965917,0.6329888096472877,0.0022975528877065103,0.025103465525115942,0
6.539054647328218,43.94529868116703,4.1900558387724685,0.10685464517258376,-0.01077099007132378,0.6097105671644205,5.717492120407662,5.828941012423543,38.639465724615825,39.79324689576554,0.12182373281891266,43.375,43.225,0.868477815752084,0.7456312170070536,5.717613291233131,5.829001450764614,0.5095778057116067,0.08795845244065979,0.8142916232728813,0.6078594536535503,0.0033761877121932355,0.031728142557105904,1
6.787949544751426,42.81068665920725,4.219437557985792,0.0942711223231075,-0.010425232428090998,0.966364402906571,5.751916411664203,5.8285697645484555,38.64029176390744,39.90581192186331,0.13739611271368585,44.2,43.275,0.8963916437736623,0.7498038946472576,5.751950797681308,5.8289713691728675,0.5199599874459752,0.08532139197119253,0.8093933851649833,0.5732359385216881,0.004274353777272113,0.044402416180792416,1
6.547330865192541,43.05518921750081,4.142472732620687,0.1002439673547315,-0.009517380483302971,0.7902327779232622,5.719675383171421,5.828724353816655,38.403180245629464,39.77912608149182,0.14492444829341425,45.525,44.2,1.0275462672562563,0.8195837016212097,5.719657702207896,5.828742064457393,0.5525221917266104,0.09622962728132985,0.8598789608517641,0.6497592479515742,0.0032717760442873755,0.03253611759824914,1
6.578724300727943,42.507560657386406,4.197618589559419,0.08864340371212785,-0.012214936625192097,0.7945806035093841,5.789284650763196,5.828843068097554,38.395480230380976,39.777223227898816,0.14971024009923353,46.05,43.55,0.9967303801662233,0.7703993126610129,5.789537443393085,5.828790989767487,0.5541083690935048,0.0880740018945629,0.8595830885047735,0.6132438096713189,0.004512231905586868,0.04601435916531917,1
7.1058599022181,42.34752351277947,4.2338520925881316,0.07996654682465383,-0.009351772752657557,0.6000959086637996,5.792811422435892,5.828948317209352,38.43797035392195,39.838931815171556,0.15690232011988636,45.35,42.225,0.9414294404973607,0.66912832130454,5.792848872232831,5.8294587413577155,0.5430246766336942,0.08067944245053835,0.8091900835362208,0.5065030038214693,0.0017991224018613723,0.024089134998888866,1
6.676677843814787,43.53326352576021,4.242364182437159,0.07517024024579261,-0.007954277474542429,0.6095703661046686,5.768282543422453,5.828694499000419,38.37854122688042,39.84059431949804,0.164204722180815,45.75,42.8,0.9955920858118885,0.7134763945180307,5.768111218324977,5.829206076503829,0.5374738136779796,0.08129442265992264,0.8433408917407653,0.5671216585169604,0.0021467496586196413,0.024345851657768463,1
6.628302100190927,43.13929275348451,4.180874357104944,0.08112054932402067,-0.012392557383612276,0.652277055148973,5.711235392023767,5.828910594075016,38.540978315556465,39.58090309475193,0.11259761295604233,43.075,43.175,0.8519193372203953,0.7418580063247875,5.711462168786803,5.828866965239473,0.5169616765201981,0.08841828002503037,0.8064437757753122,0.5967898651465464,0.0037338841341616525,0.03749636818123224,1
7.289740443561607,44.449857478206255,4.177071690492969,0.09192060498019118,-0.009231550294794144,1.2422506654872965,5.712528896988746,5.828739892004163,38.3730897665457,39.57507364874428,0.1247777569387274,43.325,43.325,0.8696439965168627,0.7534330015014463,5.712759497717208,5.82888784330847,0.5234429691474033,0.09087170619470958,0.763916198564542,0.5395991071776328,0.0030731312187858685,0.03882689118516696,1
6.8837538912911995,46.740506604433925,4.182948437278463,0.08705368280714522,-0.013622360055696012,0.7603539149604017,5.761494127527471,5.828761790457604,38.3221709900868,39.23657160719766,0.09326410249735512,44.025,43.075,0.8736396314859824,0.7343929387865575,5.761213895708891,5.828571042291335,0.5356086181346976,0.08850317531096422,0.8063718351060231,0.5714233666541014,0.0038654929934012878,0.043383719867657766,1
6.944731245520007,47.84808196122325,4.202975276151726,0.08641322831300434,-0.009523541346984105,0.7527196837179364,5.746187729379388,5.828916668593585,38.44861920490757,39.34365676496606,0.0921483947463571,44.425,42.875,0.9190204444138352,0.7189837582608121,5.74593788163322,5.8284460704384164,0.5321853217771655,0.08593513573524163,0.8067167100060721,0.55146859746496,0.002541275311439732,0.030057158917546793,1
6.792684598899043,46.61256822852319,4.147699503720639,0.10004197224388749,-0.010941564404549053,0.6942152164576739,5.736767546406979,5.828970610503285,38.419545217660435,39.36321216474191,0.09511629317965818,44.85,43.475,0.9602467136943096,0.7645868511406189,5.736933243999241,5.829277125589443,0.5493505861880139,0.09370303743375914,0.8323688357732089,0.6014477494124602,0.002795889082003138,0.030718204433334305,1
6.766202547195972,43.907372968864024,4.15576440080001,0.08624640602877034,-0.012803868665626838,0.876466111333053,5.775799620589266,5.828267176193756,38.49726580962655,39.47099143327384,0.10190684689721986,46.0,43.7,1.0065303625360018,0.7823303762216085,5.775546302366583,5.828489720945785,0.5694255506013743,0.09313980734472974,0.8534201788575381,0.6053030702826938,0.004159671281692447,0.04559879143482287,1
7.239736414269498,43.633043213946806,4.155024927683154,0.09113013552659556,-0.015407023887908355,0.7790118399966763,5.777639525736347,5.82878887686302,38.59705609749887,39.3352796550602,0.07618382534975193,44.075,42.725,0.8612609856435309,0.7076474610813808,5.777673860325371,5.8288381028062295,0.5498345372891276,0.09049863036264935,0.7877025184516266,0.5275054253252972,0.0032789476612560503,0.042248829029035984,1
7.103626111258372,43.66719215234428,4.18633854100657,0.1053834018603528,-0.008390894483116395,0.7661942449692927,5.746960322753168,5.828949534684861,38.50188791270841,39.802644835093474,0.13688907642545067,44.6,42.85,0.9313628200724322,0.7170416049363952,5.747141980342089,5.828449413709644,0.5358256021396568,0.08812315958558964,0.800175031123992,0.540817490854636,0.0019817053047370375,0.024521372406901196,1
7.172533203082822,43.50077354928742,4.228109320201162,0.07875334781343066,-0.014640375381618422,0.501737846520775,5.768321082404381,5.828481928422333,38.51217025908209,39.46069342280541,0.1031516187684505,42.575,41.625,0.7566310246995478,0.6232620218596372,5.768209981858985,5.828726141918677,0.5056887370584098,0.07879056105137287,0.7465079150904381,0.48087522546223144,0.0025045139449230715,0.03224445176396811,0
6.816524915760882,46.18480823491279,4.229971571518317,0.08175434623008156,-0.00879440653699574,0.7325339446729253,5.736795294211606,5.828787743506179,38.51485054884176,39.56993758054633,0.11285451072592412,44.05,42.8,0.9002221082064406,0.7133831500122714,5.7366495132943465,5.829109014555278,0.5170042032959558,0.08267234930652644,0.8039033134277449,0.5535354156939786,0.002649013492667247,0.02965498825706781,1
6.775689806165325,42.719431186051324,4.152857649898018,0.08718482684548043,-0.010146925168026844,0.5511846577321065,5.77897876429185,5.828384456174154,38.50614580548495,39.64696282501155,0.12289484228495125,47.2,43.125,1.0912468506352173,0.7385783121076948,5.778904095810523,5.828103989491608,0.5835137895473884,0.09165237049092904,0.8710580881209563,0.5880659353019984,0.0019668921890635114,0.02344773207743661,0
6.704010531342793,47.776226176082794,4.219281460167971,0.10773032664267292,-0.012294565692129802,0.6802767618187263,5.728027310084918,5.828955751668044,38.4101534275147,39.477321702047675,0.10793847604324736,42.25,42.9,0.7719726899150823,0.7208534058570821,5.7282050776901805,5.829430225253533,0.4871474821627857,0.08434713478219458,0.7718664083061466,0.5775899608786493,0.004156812179203953,0.0399184168073832,1
7.070798631687034,44.87098711866899,4.148519198397793,0.08617858539239671,-0.008189916454701582,0.5969138324620556,5.76330298928708,5.8286307779717745,38.508808611047954,39.446733988090706,0.09815110699202037,46.6,42.95,1.0631162770633251,0.7249941731526031,5.763100143326813,5.828816112178891,0.5808310818156948,0.09198452849128398,0.8456605827804967,0.5533445016934475,0.0013387663720609102,0.018029475442384018,0
7.159590473352255,45.925350552740966,4.202807856326456,0.11134753076508908,-0.011338712918958951,1.1384802513812695,5.80940730697169,5.828918805233053,38.56506068180409,39.59732726531461,0.10407417369270078,45.55,43.2,0.9396667035870916,0.7437518848289404,5.8095186118059,5.829119100177759,0.5483226312904026,0.08771520060765854,0.8112915073405493,0.5414406987409663,0.003951757942810793,0.04755243293381664,1
6.504875983471532,47.451350185685044,4.18379949532224,0.10817821956204755,-0.012965681462888273,0.9803613763473548,5.730670225914818,5.828380059822653,38.4100831648487,39.483232121569046,0.1069354343499439,43.375,44.325,0.8552997102449273,0.8293222465289913,5.730786889473218,5.828536019241645,0.5121807743652257,0.09205188142290582,0.8175657089290966,0.649323813768514,0.0067533446850031155,0.058325395994617196,1
6.983346808055792,46.61071366423544,4.192511899403872,0.10065488556428748,-0.009161606433974102,0.6890192089464648,5.7164606591272635,5.828604088135318,38.53002103460959,39.509473156453154,0.10047914836068596,43.325,42.8,0.8657122343783454,0.7135668053831319,5.716283023968652,5.8282948464777595,0.5138145078902809,0.08699042203183471,0.7816463778800901,0.5485391632616824,0.0022375966543761736,0.025677804912000755,1
6.7722864583304565,44.743985273229164,4.1868222834092395,0.08989785848530159,-0.014189562521704049,0.8667012543790155,5.723739475120002,5.828661071460899,38.56874760863888,39.44699205479054,0.09130856222527926,42.45,43.375,0.7916269765847677,0.7573088646988468,5.723532733799271,5.828477665118615,0.5062963436167062,0.08878379840859066,0.7803539684334979,0.586741122798705,0.005359860776298546,0.05264613267858073,1
6.881124211575551,47.524685011711206,4.243355695415081,0.09699900246999049,-0.011923794669715023,0.7025989657939095,5.708868181669537,5.828773607195888,38.408785012827266,39.46261364844197,0.10860556891979002,41.275,42.5,0.7156940602267934,0.6904287980067609,5.709060347861623,5.828851437817349,0.46671337290386333,0.08072227940541923,0.730285528703473,0.5388896042503761,0.0038590885916278675,0.039151413698535795,1
7.028910329674244,45.22633834159145,4.182767936096287,0.0909884556397323,-0.006700064287324161,0.7778879089105576,5.741584551969731,5.828602683503182,38.61845086931912,39.61966238993044,0.10563031169738289,45.475,42.95,1.0019308517347794,0.7250222676211955,5.741500657166531,5.82905771473787,0.5507075180418878,0.08841279057023159,0.8237804656272587,0.5476955091378956,0.0016067859570609551,0.02021376542489328,1
6.556856009975132,45.46138294040736,4.17066520893693,0.08975111745039593,-0.011752353031029911,0.633842961901374,5.735374219074788,5.829064245819205,38.4245056339035,39.45450848436652,0.10746061134199612,44.525,43.45,0.9373313791065074,0.762597153251594,5.735555999532103,5.828852488299569,0.53818901569768,0.09054943835571988,0.8396096137618239,0.6188035964943833,0.003469992739350366,0.0348584399442417,1
6.897486433017566,46.491132661413324,4.207776434797606,0.10356339968130944,-0.0085795736335715,0.7047037382803963,5.681443923614657,5.828711012260846,38.416551065804505,39.62412057237993,0.12461205247436198,42.075,42.9,0.8050805695172389,0.7210981452642802,5.681406782699511,5.828284859849305,0.48562154017047393,0.08587008609714963,0.7559966446898645,0.5592928761721883,0.002446359799625724,0.025905869612011745,1
6.50608310663048,44.72424272547249,4.15898497191532,0.07949922798123528,-0.013038071450972499,0.4040322871539176,5.729134921035179,5.829049064008276,38.503810573191615,39.32533404261422,0.08732176569752814,44.1,42.875,0.9116481653184181,0.7188513628461211,5.72889074646451,5.828833872140166,0.5401052066727515,0.08951169295712584,0.8383812190367906,0.6071062788409001,0.0025287785480609115,0.026010719591626735,1
6.5906178168188445,47.08074814398517,4.249602830262181,0.09994353385991472,-0.012610282049625839,0.44547175330947575,5.724482782916274,5.828664004838415,38.502243651811,39.52312367588746,0.10674835543823459,41.425,42.075,0.711742819096135,0.6578604882934815,5.724760984313301,5.828892005623286,0.4670017616846887,0.07827032353983293,0.7554590118747005,0.5534859928512621,0.00331066646814182,0.03128469326587853,1
6.853499873245747,46.01251707596786,4.1798707407684494,0.09104769186920011,-0.009225761122403626,0.6364702850243014,5.774335248052752,5.82861331028117,38.52134919184551,39.481491128467425,0.10000879667620678,46.35,43.0,1.0337481826933779,0.72882521402083,5.774216504233839,5.829056056195137,0.564111417890951,0.08859799199776797,0.8498904686661821,0.5697877185512579,0.0020643932007782593,0.024652676156252072,1
6.880892418748132,45.477767471078394,4.118635868443589,0.0892837925103806,-0.011810405777934057,0.7369630449348247,5.73319400881124,5.828759817093691,38.4554440923774,39.25064127702272,0.08072975195216403,45.15,43.6,0.9861809621216961,0.7742697905939799,5.73326694245827,5.829247526167811,0.5671064255909063,0.09718507371372988,0.8374120653253927,0.6005768191903154,0.002781303308906931,0.0324143307156582,1
7.164151156156538,46.03669926394338,4.11024143955539,0.08798380356133452,-0.013767614395534733,0.5043335844958564,5.751159980965217,5.828638583506563,38.385541299972836,39.00772011481486,0.06220773097945361,44.7,42.75,0.9346458792134946,0.7097098318044477,5.751167733485131,5.829157520478733,0.5712249594639326,0.09538554625575231,0.8127016989849121,0.5500947060291816,0.0017755158637907866,0.02415156315779473,1
6.846208997891336,42.38595796233161,4.179508447041163,0.0849852645471474,-0.010505270761482575,1.0001022650794003,5.757005166112421,5.828648661682732,38.48926409683517,39.7638522068367,0.13795769681833103,45.425,43.6,0.9828019527894245,0.7743809460049391,5.757112535415498,5.828515455536247,0.552703730948841,0.09054180445707387,0.8356138631523404,0.588184248609055,0.00378333633727706,0.04241557790775534,1
7.015947465986849,43.890379246151994,4.207943161962921,0.0909000554457108,-0.0140127494823772,0.6400956837380327,5.754610558638066,5.8288443797944,38.528499680767425,39.52012713424171,0.10512819131573835,42.75,42.325,0.7837378566729445,0.6769222929352647,5.754629890649384,5.828488939726213,0.5087010175717577,0.08342391848776877,0.7647077349027098,0.5251770058574803,0.003333084618149946,0.03836120356392365,1
7.252343065744947,46.74048571275102,4.185353761388566,0.09603341554318104,-0.013536597967648742,0.6963300670526988,5.760992925808505,5.828268123828969,38.46870208005293,39.22554176996972,0.07623749639957196,43.3,42.4,0.8192806247363347,0.6832601146109134,5.761090843895584,5.828335715242148,0.5249211895799963,0.08638599196550532,0.7639055525680604,0.5120117307081364,0.0027512784179768695,0.035291816264154355,1
6.669309109868079,43.46157429607175,4.155669155730897,0.08477838261345405,-0.011544228933855547,0.3863080402100356,5.777290921609128,5.8290848848632715,38.53399947267097,39.50261775658962,0.10394753244609131,46.625,42.8,1.0509592202647031,0.7130860086551785,5.777280260614137,5.8290431306458235,0.5762850651407863,0.08998153619893517,0.8687795511018739,0.5880817900991331,0.0017539372832465327,0.020253489350949862,0
6.61709062901865,45.60995277899289,4.147247580748475,0.09065504950983327,-0.011100311018760512,1.2103925949709007,5.76801742673503,5.8288397137540136,38.444481605507995,39.47860047217343,0.1055761106550181,47.25,44.8,1.1058461156987303,0.864440498518591,5.7681821379530005,5.828367585353349,0.5793255295010032,0.09748237821899157,0.880964259479628,0.6556727097497296,0.00537745287563778,0.05420086398251441,0
7.181995190004038,47.411392273322384,4.252270825789908,0.08654519853867737,-0.009514685762943922,0.617087998621788,5.800845713421634,5.828763582611111,38.513658587515685,39.43989482197596,0.09719373440447844,44.95,42.0,0.90363040332306,0.6519771157967496,5.801161788219258,5.829307803058677,0.5313001271655201,0.07825006469201916,0.7923604305815061,0.48681064788922473,0.0018792959877947377,0.02536392997703477,0
6.7139690009769435,42.92371655462666,4.1616616780939975,0.08907220827271319,-0.008125298446177381,0.72361037799537,5.755790888974553,5.829031173322128,38.42422179657536,39.77747697729179,0.1460407955654059,47.0,43.6,1.099863711426491,0.7739984343655433,5.755650468220466,5.8288085639877965,0.5726093327746049,0.09241365263616476,0.8704439997688346,0.6082927429179523,0.002185977823861328,0.024829246230091136,0
6.588914857933448,44.4387741984463,4.170195423853697,0.08229854487476083,-0.011802039698594426,0.6761961919977699,5.7851065642223665,5.828946848609713,38.32619379221791,39.482423589336626,0.12255928377931719,46.925,43.525,1.0650759150988955,0.768401103408582,5.785091762988268,5.828647636388598,0.5744929209434844,0.09082145002876604,0.8759543461230789,0.6183342836970187,0.0034050361670025153,0.036752134049115884,0
7.26188372014426,46.40637578959838,4.1631279258889515,0.0931383226284911,-0.013315649745823466,0.8331262917742158,5.800286298565201,5.829142316324384,38.57307677088487,39.19487253957493,0.0624492930653093,45.45,42.8,0.9413752177080692,0.7130285771940663,5.800397644018458,5.829215746927473,0.5672720188603553,0.09009457269071583,0.811338991827214,0.5263809258032832,0.0028826867189986603,0.03879470922814864,1
6.673358623601806,43.994138056504546,4.170359839845461,0.07578998534779266,-0.01082124293991894,1.0974972166760495,5.744077649182245,5.828489681820716,38.719012610725535,39.55405632019178,0.08935273962574312,45.675,44.025,1.0142505464590412,0.8066440771927379,5.744165559227518,5.828126564408263,0.5572500158802606,0.09227957201651474,0.8529456812983723,0.6154558308127323,0.0047799247409938605,0.04949437131058372,1
7.20994370323576,45.114304052294166,4.197400058838178,0.09570109284959348,-0.01201964953921055,0.7120529712031197,5.730553681968959,5.828642474864759,38.704259031493415,39.46658479903064,0.07914808078743293,42.55,42.35,0.792482420951214,0.6790452865448184,5.7303201571409685,5.828400117191352,0.5062623109709165,0.08483494001087448,0.7474779662227985,0.5068224426409055,0.0026893729848867266,0.03283653321822032,1
6.620384486228797,47.81569943700636,4.14736207537862,0.09852057666553977,-0.011360530275819906,0.6606915411836474,5.718605846869911,5.828598504429278,38.47908418155408,39.28733891635683,0.08100783539932334,44.3,43.625,0.9372186700475833,0.7763239023821749,5.718879905796431,5.828375588518012,0.5390429595805982,0.09384265154701597,0.8341761845007627,0.6228638857231529,0.0032286157325174076,0.03259767951708182,1
6.901731720649628,47.72064906695146,4.179404056869326,0.10128301790346753,-0.016013553715624282,1.037547516664627,5.775855149512937,5.828707698014906,38.43844456898013,39.195877720272094,0.07426882711005005,43.6,43.725,0.827174458174734,0.7837804872297376,5.7756523505034805,5.828408774036969,0.5283780291131227,0.0912026032679797,0.7955730023196582,0.5896278439653718,0.006397743785142346,0.06503453947473865,1
6.6719500700221825,46.41814036763473,4.168945763134332,0.0965537291232108,-0.010665320966226821,1.218753264308459,5.75470938505138,5.828528737333506,38.40373475848555,39.515651133437174,0.11279658066724824,45.85,44.525,1.0165534218406993,0.8441768608477895,5.754639093670454,5.828741727021695,0.5543619930854813,0.09453603836688738,0.8539894006920477,0.6389108018348346,0.0053217442861396855,0.053131279302287636,1
6.994570684366211,42.31977773962853,4.201147296485593,0.09139657951522816,-0.012253709971190466,0.6949937658684194,5.694781170413515,5.828951018516271,38.50183167102526,39.745339319142055,0.13471565203235067,41.475,42.625,0.7453275243213806,0.6998314100840268,5.694545553535567,5.829058200792068,0.4850221195982745,0.08523943007917714,0.7371051950264446,0.5389477499981773,0.0032728668860529954,0.035549752874974916,1
7.290541448792828,45.37166483344451,4.210262984605867,0.1042961871348751,-0.011160422644361732,0.8187022486389712,5.723333902306774,5.828872430529444,38.49756984006223,39.56547670321289,0.10978230906946736,42.15,42.475,0.7689692329449986,0.6884122801457009,5.723078604332297,5.8290937824874005,0.49283039642712645,0.08446130346125946,0.7276885249345302,0.5051238393365456,0.0028193159111347395,0.03430440758010623,1
6.912860942595029,45.525805642780824,4.232281964269128,0.10658138617561003,-0.010329157620064125,0.6794083259411987,5.673286464102834,5.828401693405202,38.5433516237527,39.716455887599594,0.12255512885363948,40.675,42.525,0.7044090444645033,0.6927178423800449,5.673203424535242,5.828940824731897,0.454989922673256,0.08201150565921501,0.7130023046504288,0.5378593777537047,0.0031722896950768524,0.03155028345970412,1
6.68260264843875,47.790732289335814,4.19633741449918,0.09450044628193227,-0.013545098087879875,0.5020127254066894,5.7477874778573765,5.828643092003593,38.489526090326194,39.25143613038867,0.07762907312890167,43.15,42.525,0.8210784821086206,0.6924764437816542,5.747793929143296,5.828396626895409,0.5144023090134108,0.08497891363788088,0.7996100110662191,0.5705244267469042,0.0031809392362699583,0.03289959275354967,1
7.240561924282296,47.24559956716385,4.143635584415341,0.08669160527937833,-0.012850529924403591,0.721007411599885,5.741033453831391,5.828688339740044,38.63256328213497,39.03451794470924,0.04013794912369759,43.875,42.725,0.882787195914494,0.7077479982043569,5.740872961571808,5.828473912829595,0.5479616127222097,0.09170076085914351,0.7861310262001918,0.5289231680241544,0.0024296640402796835,0.032066893224038995,1
6.908996138226903,42.68652231820838,4.1413748936156205,0.08366039306560999,-0.013007210559624914,0.6030465851856383,5.757126308365432,5.828749018106479,38.35379641686512,39.45769205588991,0.11725142915272434,45.075,43.05,0.9566654667792216,0.7325008628232208,5.757302477128182,5.82879626328005,0.5641736553968667,0.09274035798420645,0.8314058575591292,0.5770375012732469,0.00256136082128637,0.031006295408788107,1
7.023665247115776,42.36575640740366,4.170694027587735,0.09987973846161463,-0.010188640595050355,0.8685170070285761,5.746341514294284,5.829057120808164,38.45353702539167,39.81315674144129,0.14448146823336439,44.575,43.225,0.9301096388259129,0.7455151086224321,5.746158638377114,5.828978163570631,0.5416985151866904,0.09080898776954605,0.8083454524104465,0.5640511478604991,0.0028307582394005277,0.03350829792966044,1
6.593279430724518,42.424211461170344,4.186093887035258,0.1079257042163951,-0.01147929974535255,0.6823178315980641,5.718031356217736,5.828349991569893,38.4159969352996,39.90158133759056,0.1579315835624587,43.1,43.4,0.8470276686502052,0.759517645230348,5.717818255243816,5.828633997539015,0.5077017754336065,0.0891722363150025,0.8052619194866171,0.6125389851761053,0.003868971556057819,0.036605700039429534,1
7.254812825355896,43.880624886671555,4.185397222960414,0.08441985212473067,-0.009694708602707078,0.6762926211729422,5.767690606582859,5.828991352222663,38.4743352618566,39.54647443150826,0.1143537112617264,45.0,42.5,0.9405133259165108,0.6902110529799863,5.767388061888338,5.8289839810637,0.5524071268088702,0.0866967570616825,0.800470202559822,0.5127934197738762,0.0017425866444509947,0.024298993020919084,1
6.918066332286915,42.24696548943715,4.239288546595153,0.09677967803071696,-0.008365410892252878,0.8014693559429401,5.742185564123797,5.8287569764063285,38.715612198695325,40.0717316476148,0.1506781346592647,43.8,42.625,0.8759712789859222,0.7000254521939695,5.742374785425435,5.828971157343022,0.5075845078366256,0.08144625585096468,0.7881315630169922,0.5335130817684404,0.0026657755755917756,0.02983485163945075,1
6.546823908291502,45.220758997266884,4.258482090865825,0.1036123095546724,-0.013635814940182194,0.6924520336080946,5.773922419387451,5.82871944660725,38.341326688012295,39.71725612911436,0.14472825624478042,42.725,42.75,0.7625139185569498,0.7096289687037602,5.773665925968948,5.8284341797560515,0.4865418725654507,0.07976342593632504,0.7871748322705733,0.5812209392943359,0.005666988807370187,0.05172698289507207,1
6.966630729912746,43.99106457300697,4.162467057056079,0.09461683368786918,-0.007835747800177366,1.267919595200604,5.752562361570023,5.828825263990561,38.41621612756243,39.7161259076686,0.1360533048019506,46.275,43.9,1.0500106810367225,0.7968822454004174,5.752698695763908,5.828847610792931,0.5657119414462648,0.09392172963742304,0.8439083735736234,0.591561428008051,0.003069741752037244,0.036396165184640845,0
6.7796461276207625,43.960869116787975,4.203711064213588,0.11585763858801153,-0.012439680555756305,1.0395936513166972,5.723451122951774,5.82885836595744,38.52860295599233,39.838812664266,0.13465572170133755,42.35,43.675,0.7842366384578039,0.7798480127523906,5.723516603230042,5.828619332334246,0.4905399216583088,0.08863011135999616,0.7706005812870501,0.5953754086928797,0.005938444761730629,0.05476608454187713,1
6.617280212922683,43.32396076241501,4.150952782277402,0.08831122810664915,-0.010178428428073788,0.6912805655290781,5.7693848794981255,5.828836756510646,38.46132822696113,39.63799655225884,0.12546269098474291,47.35,43.7,1.1117487480373844,0.7817607959047184,5.769344680540217,5.828461666948052,0.5809312074545784,0.09357762328344627,0.8820383900390926,0.6232935868487323,0.002807658264249313,0.030607045677834063,0
6.751653133757655,44.25557450943685,4.2200016840743375,0.08598576976221278,-0.008679855088947116,0.8318938921934059,5.7373539747455675,5.82882925112612,38.49866737856491,39.76855654605532,0.13774101627272156,44.45,43.15,0.929729345567746,0.7400367088398774,5.73739061223864,5.828848990568645,0.5231874486985814,0.08483603425117685,0.8175121798678915,0.574650564577923,0.0030503221307158998,0.03293607243478849,1
7.185455226435046,46.72390175729982,4.214214542440065,0.09040655794933773,-0.009146171573148457,0.6036014993491239,5.709407988988727,5.828928587134051,38.499160179449504,39.43356969592587,0.09714295234336599,42.5,42.275,0.8097944162139221,0.6729942053943256,5.709226445827704,5.8286589732326854,0.49905325745932433,0.0830332894837561,0.7451222167145141,0.5057690900544515,0.001770815553345738,0.02215633987662525,1
7.076630285115086,44.36726345712304,4.197380843357565,0.10835180005783245,-0.01036015097465215,0.8580823578480218,5.741123223925155,5.829139576333383,38.47280614005872,39.72748279404924,0.13000510329483664,43.5,42.925,0.8543297552113049,0.7225777557864932,5.7412124903967525,5.828910996162177,0.5156268160442995,0.0872342400831894,0.7768290405780744,0.5440434222221968,0.003000563365279791,0.03462853483784318,1
6.6498974084626195,46.21420692864485,4.159514719405111,0.09836302898225772,-0.013739094852666275,0.9623583686925387,5.799711665405681,5.828513035840956,38.41505145199875,39.37267848476542,0.09622509089450089,46.625,44.175,1.0285384764681504,0.8179145760419866,5.799600252111159,5.828736555398263,0.5729814696788861,0.09428627535783939,0.8682336258729634,0.6336710624376316,0.00549214136769365,0.05550525710645034,1
6.899119886534162,45.03086849967364,4.1605070902898795,0.09476516956688048,-0.008404791254151191,0.9345321931825773,5.742328727637799,5.82857569986899,38.25813213169191,39.58572590623321,0.1373997868300878,45.725,43.7,1.0196975958838719,0.7820218525463742,5.742326153292039,5.828350030985666,0.5582346363663375,0.09342225391384631,0.8391649314786824,0.5961233857711636,0.002586684515758562,0.030295462402030224,1
6.931916894333771,47.02123312621913,4.209048468712518,0.09687093013553884,-0.013395337181293855,0.9041822226071227,5.705608767661696,5.828645602802676,38.5154787119048,39.36998648004809,0.08668224465939135,41.375,43.075,0.7267313974726077,0.7345091264414858,5.705489586266118,5.828891164965023,0.4795401478794055,0.08595771860599068,0.7368589997256771,0.5576836576236107,0.005065488070587286,0.050551048709575476,1
7.277830795383126,42.72475622536614,4.195860450935919,0.10927221468083947,-0.009902654013595512,0.4117824282032998,5.788505217399269,5.828961204504731,38.497817694905265,39.83663262272265,0.14238545110234316,44.925,42.025,0.9141062139758187,0.6537079988404466,5.788506713521104,5.828828385673674,0.5430092241431606,0.08434361568845672,0.792853802411206,0.49691189067908426,0.00112968421725952,0.01570179624667633,0
7.015757287453284,43.970724179817225,4.176762844871159,0.08755696242105357,-0.00957651573790808,0.9440300475057858,5.754973945102683,5.828618847073243,38.338721389209006,39.61058398306165,0.13438108001091933,45.275,43.35,0.9736960572083238,0.7554528414793653,5.754837467179556,5.829113976928529,0.5530172083360912,0.09044950804514856,0.8221816762888762,0.5673553458346868,0.0028255007285035217,0.03450538233548118,1
7.25538110421174,44.26340230959962,4.197410499027407,0.08653187312207897,-0.013718192821191322,0.6939847329514311,5.761307615560584,5.828832054832946,38.45176425747608,39.40936991784395,0.10065241601651177,43.175,42.3,0.8094609848392196,0.675012961770693,5.761653899663786,5.829030881291454,0.5219150447105765,0.08464221350542035,0.759705500207027,0.5043811506751846,0.002815985603334858,0.036563006343440535,1
6.629397730295556,43.456250164824176,4.159646244982826,0.07758543041982068,-0.008680255500955629,0.8728572410570218,5.75450098618978,5.828670337653165,38.59413777408126,39.65115129997697,0.11459637585977672,47.4,43.85,1.1302648050336224,0.7932629148041572,5.754452336172078,5.82865318122369,0.5790505053351256,0.09292448226931531,0.8818822341458157,0.620170317306647,0.0029632314130917077,0.032491334067801844,0
6.7574176949587725,42.20171140905037,4.167863143849001,0.08484907474679618,-0.015881250007456153,0.5993743459743158,5.722481734254759,5.828657448123311,38.305498176004875,39.476571525693174,0.1252753443329487,42.075,42.85,0.764042758877137,0.717333691497946,5.722670271592184,5.828568855850618,0.5098055066993266,0.08896408182717155,0.7773135517791633,0.5816305530798963,0.004114865561647098,0.04248107516446532,1
7.011401960070752,44.21568870136004,4.128512440098576,0.07813658043205947,-0.013409087192085558,1.01343194938216,5.743211474241511,5.829006234696697,38.44930394512051,39.256635155284165,0.08328247113699218,44.825,43.8,0.9519360222666879,0.7891506084130215,5.743508729255414,5.829260058291262,0.5658217472003676,0.09680138649759326,0.8229855352734331,0.5890699618383702,0.003991094282336329,0.04759003400600693,1
7.028739670165864,45.73678794688444,4.1668719142970945,0.08453761150355366,-0.009419279087641931,0.6168324309951511,5.699384340504194,5.828802298867029,38.74607627577879,39.37389925140016,0.06555158744164201,43.325,42.7,0.882788553001415,0.7057214022147873,5.699119283625697,5.828828177435678,0.5261418741697346,0.08889047604934157,0.7853914663893009,0.5407008803940028,0.0018617427287334254,0.022502867256738734,1
6.503868210658635,45.00432092495578,4.2165010998297605,0.08926266231924977,-0.015556924477655587,0.8238851436366378,5.742388825594806,5.828949423770509,38.598831390360324,39.47862038932804,0.09218311327296763,42.15,43.475,0.7499143096569671,0.764608037873395,5.7424345707967035,5.828989335818167,0.4930607013937667,0.08547656903963605,0.7880949479064258,0.6107419873828471,0.007505162704478624,0.06435965849530394,1
6.66887847509387,42.794736066084916,4.17310549615245,0.1018941102617442,-0.013530895918865495,0.7774003927074267,5.752584048016255,5.8284419561336955,38.470844929285626,39.70285352802793,0.12932033762185452,44.0,43.525,0.880665532694545,0.7689059958845998,5.752857563467575,5.828863226523478,0.5307990128815789,0.0908136106137766,0.820784338255068,0.6092339161651219,0.004696937822542398,0.04627220505621439,1
6.859848296287238,44.42368758379737,4.162355080588023,0.09985365126855096,-0.012156197374232222,0.6609526658126321,5.7301676073159244,5.828740574241553,38.57836071968133,39.516062228441655,0.09700572805481193,43.6,43.05,0.8728620003717467,0.7325093066881472,5.730215503287458,5.82919636231799,0.5289027240409823,0.09061977077138712,0.8018457066148602,0.5752897190931954,0.0030088880836682116,0.032793208422145594,1
6.673551294431116,42.5792195344435,4.211686542296095,0.09672875712415847,-0.012506874659983555,0.36031579420908905,5.711482109898194,5.828341701993117,38.60439710657315,39.76380712253601,0.12669233825758147,41.75,42.075,0.7499418817618491,0.6581827911387794,5.7113887155341585,5.828502391737827,0.4847430192048726,0.08186682401308218,0.765703469716545,0.551573059556477,0.0022781716809352464,0.022969976216131466,1
7.292226652677013,45.22623141468417,4.2336837133768945,0.0923342338059684,-0.010536873135854193,0.43671087714546053,5.763861924715523,5.828829596422175,38.608448645772896,39.545126653942894,0.0994562250859928,43.325,41.65,0.8183109687900858,0.624851523682846,5.763988730654462,5.82914762513898,0.5106784929806724,0.07880783071666096,0.7524722379710734,0.46914337166459685,0.0013995952768219157,0.019118150466009808,0
7.109369372822499,44.45558663970451,4.174077350149262,0.11376517644474132,-0.013780457261291392,0.9079418568026512,5.7852003884313365,5.8288412657328825,38.42694051214938,39.566978112850826,0.11477353526500965,44.3,43.15,0.870624128486158,0.7400246942331146,5.785111589706415,5.829159912632424,0.5385150207800729,0.09044893599136729,0.7949321846833785,0.5550260650359427,0.003972016102800551,0.046140420248632984,1
6.954896920500168,45.08028233550033,4.194514069901529,0.08221906840014664,-0.008317020149459108,0.668734670368956,5.73668739319663,5.82871381990495,38.54923362055354,39.553028754667324,0.10724115264982148,44.725,42.8,0.9509878381524528,0.7134570736135002,5.736782381079254,5.829231049530413,0.5389999627260551,0.08639763967362761,0.8137718672445645,0.5475613396061381,0.0018869291197427176,0.023025263543181854,1
7.024651947194342,45.586021259212885,4.206350400354889,0.11248827927651084,-0.011124717529361094,0.5513884853355805,5.718447642410899,5.82829890029138,38.682118439252484,39.615119691089326,0.09584395599311488,42.125,42.25,0.7719298504626861,0.6717010997086197,5.718777261742028,5.827820133126066,0.48942720719867583,0.08369625978224095,0.7467568439169575,0.5227218743375848,0.0023328199552502785,0.025877826701409114,1
7.205033560921572,45.760607666623336,4.215813851605455,0.12972327425275054,-0.014159022600170452,1.0726880516167183,5.810662996087711,5.828425137284014,38.61707793108035,39.66084801337038,0.1029642456708916,43.85,42.975,0.8112702563696113,0.7271068777396339,5.810823797926648,5.828632001836902,0.5164012964745802,0.08583411264469415,0.7690662705431837,0.5286181820605346,0.005070746076935884,0.056556551454635555,1
6.554079179328755,43.88059425376202,4.149712443424242,0.08230101206984365,-0.010065179922054303,0.7385391788550166,5.785969146226109,5.8285789389887075,38.61411604775534,39.56621778309348,0.10172057403059093,48.8,43.825,1.1997305324030831,0.7914663780767279,5.785999199621525,5.828576341387311,0.5977987215655681,0.09378240624876176,0.9036082914681097,0.6303616408718745,0.0030360609769777076,0.032814850781274184,0
6.718765824331041,46.672190572144316,4.188993056170412,0.088968636452315,-0.010278011179375893,0.9990584098967661,5.781146536617003,5.828540455967002,38.546297808009065,39.47091675067572,0.09555585661916208,46.575,43.725,1.0434413630293928,0.7839477292776413,5.781193076939724,5.828505319092761,0.5625372279036227,0.08976318203436014,0.8604257248497803,0.6025185358113574,0.004091119841327086,0.043967742306858036,1
6.971660038277323,42.148105959414046,4.136697176229758,0.1008843958034916,-0.01469860486078677,0.8798313179446402,5.74795563805523,5.828432286328386,38.393748074790444,39.58529696315825,0.1231887956140815,43.85,43.575,0.8739776144020919,0.7727039794973694,5.748088280876272,5.8284377588949665,0.5438778700508506,0.09542326115533355,0.8034042661470052,0.5891300203920085,0.00425643643146981,0.047317738468245156,1
7.297573034562182,45.395708060770644,4.254709603579044,0.09937108828884432,-0.01169810925817442,0.8669065815219985,5.741112917548417,5.828665729937347,38.364717568935504,39.6347728853506,0.13274420873947487,41.85,42.275,0.7280446783059302,0.6732570625910297,5.74089534210724,5.829142504430618,0.4763220562624819,0.07946819511480899,0.7099970868514114,0.4890714994914189,0.003425653735840164,0.04104925858642986,0
6.62447947044736,46.703543420410945,4.201682996740364,0.09091737816806748,-0.010333883372130122,1.032529878755944,5.7215550145303755,5.8287409862672055,38.48323326946523,39.542840222584,0.10978536593407302,43.875,43.925,0.9022656352155094,0.7988528455845927,5.721544110506629,5.829201441742795,0.5171254080187605,0.08897177804762775,0.8178154970987519,0.6168843886674261,0.0049951029257697495,0.04802145403303343,1
6.906320691487684,43.14699262431249,4.185803461906121,0.09031994445804137,-0.01131325962453298,0.8582122445663158,5.777350718338081,5.828774992499216,38.555025358486766,39.68383176485753,0.12057751595810637,45.475,43.175,0.9661646853664294,0.7419936079005875,5.777370991406481,5.828551552572919,0.5533437785606761,0.08857625710271717,0.8311832115110341,0.5673347189355828,0.003418580828631144,0.039504147390304806,1
7.037920405606038,45.707210013988046,4.208167051737105,0.09526381399265037,-0.01257811475706822,0.8277125237724682,5.734921598835752,5.828550857205033,38.544207101043,39.464344626930504,0.09504426037994203,42.575,42.75,0.7900305082681776,0.7097975581059774,5.7352289078817025,5.828431195564006,0.5020668068643972,0.08506068528126541,0.7584240990009605,0.5364002664675015,0.003805890729426344,0.042421992733300815,1
6.604627148262916,43.6218270388045,4.1781608153119665,0.0991107294722244,-0.012004024393415118,1.0501330673422231,5.759780752130208,5.828507971101839,38.52358718566848,39.73894955993051,0.12702140712474377,45.25,44.225,0.9670312714066469,0.8216799961664547,5.759956820356897,5.82834718583388,0.5440587450494156,0.09238114067425494,0.8469059750335762,0.6337045415882483,0.005713685598937017,0.05462729911618733,1
7.1427785824135785,45.30304586253549,4.143794694622043,0.09302938494910909,-0.011122139836480997,0.6344740809043012,5.749880038115886,5.828518585699356,38.43140142969681,39.32117521835508,0.09083865368251931,44.8,42.85,0.9434001741567188,0.7174725539219002,5.749616421503638,5.828142103789753,0.5582489074234953,0.09230199398360028,0.8099926642307499,0.5469168080737702,0.0019359654399134026,0.025395675259971363,1
7.262618438252973,43.62464844489189,4.201888780474123,0.10027205235709623,-0.01178781896184237,1.00755116188553,5.747717133921979,5.828475441633323,38.39738397108252,39.688779511215515,0.1348885964831571,43.125,42.9,0.81924563435987,0.7213337158918032,5.747943388487483,5.828522439209905,0.5133489431618941,0.08679568598458105,0.7553048135326274,0.5242039225391345,0.003542933244079836,0.043295404431159173,1
6.547364534538376,46.39621183998312,4.1952004421168,0.08667173195897672,-0.009070356101961866,0.740475562745998,5.764534708146667,5.828808217172393,38.47656197035375,39.55543454662347,0.11371316046323131,46.6,43.55,1.0618845582037384,0.7704341635861738,5.764680822497887,5.828825729633413,0.5564555605838772,0.08830075957396838,0.8702858869440595,0.6153629878647109,0.0030743178870706674,0.032046394253297535,0
6.965127937528251,45.194158382213566,4.165218553993578,0.09653737433136515,-0.010470155997124302,0.9081070861317744,5.692212338997641,5.828476916142094,38.46180469718088,39.5047022240416,0.10716841144975399,42.75,43.4,0.8461360763133694,0.7593907206581472,5.691870563494958,5.828570023104264,0.5132932688470199,0.09179375684783936,0.7761683311200098,0.5758492791184622,0.003307405935046824,0.036264423634500956,1
6.735003162446461,46.18816056026984,4.2136172856324485,0.09314743148341485,-0.014953822555918494,0.8895559070529411,5.742696233332764,5.8287622465018885,38.53459169885429,39.399311207888395,0.08875940962360443,42.25,43.3,0.7573037666672358,0.7515113040429515,5.742846572811084,5.828635420121938,0.4952457682694219,0.08578038912445897,0.7727530581535584,0.5829740599756277,0.006397394545522412,0.06021276550947373,1
6.96537828383778,44.13513394597029,4.196389630280385,0.09298066003353302,-0.010743292721482691,1.2237198267368625,5.715856273980646,5.828831677928569,38.36643362266785,39.68763170307624,0.13835206362580688,43.075,43.75,0.8472984552635161,0.785546599732907,5.7157478838095495,5.8289559283208305,0.5103702501238678,0.08975995069738037,0.7776187876455964,0.5798488077301579,0.004779141340558734,0.05083001255858532,1
7.0392306074849005,43.73478049019761,4.24345848277318,0.09075555614040709,-0.015858481018040497,0.7754083723706642,5.752948029037093,5.828703364536282,38.51771179897896,39.57117003752126,0.11221497088888698,41.35,42.3,0.677448537272018,0.6751416520673574,5.752720186905237,5.82854925039238,0.47516630067292365,0.07982568529518218,0.7208250495215667,0.513136753794348,0.005147452981084212,0.05458187648229732,1
6.761618327434759,43.987087689652405,4.175620639756346,0.10258268486216536,-0.010038939700564749,0.6682354589559788,5.750578295593572,5.828594674410325,38.509477512390205,39.71747291694382,0.1268302801848602,45.1,43.2,0.9650750605587541,0.744076015651669,5.750841560214606,5.8283446469974765,0.5432523952822318,0.08978830935115376,0.8342380504806791,0.5885167906860957,0.0026459734305420307,0.028799465718650667,1
6.995509058539612,43.66583400599522,4.144626812883961,0.07908753228235166,-0.010532983534418368,0.46872754442192155,5.752709972132823,5.828812011816167,38.508389469932006,39.41070085698809,0.09617827568513022,45.625,42.725,1.0019180709203246,0.7076243261282338,5.752521232486494,5.828725847156703,0.5713491707008792,0.0912641302152175,0.8354460426445471,0.5539500758830194,0.001463993455219744,0.01914334593617938,1
7.157872265280321,43.95656202467465,4.204491944950119,0.08506625412335851,-0.011140715482663715,0.7728654851725306,5.697457942599472,5.828651178803125,38.424328853992655,39.57028988267329,0.12230118710988608,41.85,42.6,0.771699653254875,0.6982163700291633,5.69771794503599,5.829059283634107,0.49250972095143214,0.08500159310804016,0.7341501543748172,0.5215663630742686,0.002846306978310688,0.03381651443029962,1
6.749949408905754,46.121630929069426,4.221711639212905,0.08249046453377688,-0.007971439428097095,0.9716065762911176,5.731523664459978,5.828482211128711,38.34086967341605,39.62798100342852,0.13701251766093062,44.575,43.425,0.9449274886602188,0.7612825798179275,5.731561037162999,5.828049277187663,0.5241324327119863,0.08566657487325044,0.8200116360180806,0.5853390406045279,0.0032320563193868807,0.03492252027738023,1
7.223172495589583,42.39959960534056,4.146274295112059,0.09297538260033693,-0.01102705455054327,0.7550432686225655,5.750152878949632,5.828745851195375,38.534089321257554,39.61539884704653,0.11439725374604516,44.7,42.9,0.9356529812290795,0.7210633063297509,5.750137436973296,5.829077160640567,0.5567675545384153,0.09226761978084899,0.8024797859625974,0.5380300211642005,0.002163046499271378,0.028784760563096458,1
7.1082526219713875,44.779313052458676,4.168423518791818,0.10075588944316763,-0.009920668595783408,0.8837955504473465,5.719630340661348,5.828659130238008,38.347350445714774,39.567215770189385,0.12531545742899985,43.55,43.2,0.8796120400972196,0.7440115598239858,5.719419388834322,5.828873519078163,0.5263550291106934,0.09118287562709852,0.782064518263347,0.5575765052535576,0.0026816541345060724,0.03209567663713068,1
7.248797869273393,44.80046200713941,4.212615634258517,0.08203403345524826,-0.010737072760934961,0.8426060083446104,5.7876243360866635,5.828665513467203,38.60917254961399,39.494497964968865,0.09412557009615442,44.95,42.45,0.9168517806580301,0.6867009382375668,5.787809409886024,5.828305049038851,0.5452018720151882,0.08360068994013224,0.7955252030460129,0.501847512920898,0.0025637853416447826,0.03469945992616048,1
7.198887419095332,43.74505870832242,4.187358314503791,0.0950318864414941,-0.01318162371881983,0.768323631841268,5.751880185577499,5.828923564378758,38.467172624506084,39.53089887918389,0.11121088725375097,43.175,42.625,0.8188884148223048,0.6998588642215404,5.752120078196701,5.829462790759427,0.521142257024333,0.08695376954622525,0.7646419270397554,0.5234125473659422,0.0030903958928769066,0.038150219293476,1
7.2486809297902335,46.158076796643726,4.2107939241734735,0.07073812756108948,-0.008320706811994975,0.7425635171789055,5.749105151332654,5.828841554945169,38.52473565208463,39.36017810373035,0.08897982585802526,44.475,42.4,0.9198527882558087,0.6826866834947136,5.749158327492392,5.828988181383984,0.5385795216015732,0.08351526919055374,0.7875283089442849,0.5004992157129209,0.0017101653237490055,0.02386778400978179,1
6.794199526366738,45.42220603545993,4.193332785901888,0.09724607794741756,-0.010764811048920716,0.6539741866496644,5.742211207043722,5.829077597236591,38.46568155802917,39.5626588670879,0.11431287536111606,44.05,42.975,0.8948061953743247,0.7264544177870569,5.742191012025528,5.829415871474026,0.525564269826227,0.08716091451241058,0.8101515937438778,0.5739777689827422,0.0028600807318904294,0.0310124485440339,1
7.104051058844178,47.321403890328604,4.173888659002001,0.08125532646324476,-0.008972255729503099,0.5788350241261148,5.704315211014337,5.828606365037631,38.35147792229795,39.23496149321426,0.09086443003846123,43.425,42.7,0.8854495799323017,0.7059173360441857,5.704280934283415,5.828286555453735,0.5273793265932939,0.08847134922858331,0.7810554713804378,0.5384041802520585,0.0015637290438576005,0.02000555949407483,1
6.819546578269033,44.64934510490937,4.154119338616941,0.08732781752560559,-0.007893369132969985,1.0846582094490047,5.725105215672031,5.8288594883693134,38.38952697830685,39.59932935142098,0.1268364893348466,45.775,44.0,1.0406172143423724,0.8043900923414862,5.725103878233292,5.828658907211407,0.559584474781547,0.09473777920212346,0.8466289873686185,0.6109147983850516,0.002932382892088171,0.033171299132332195,1
7.084342431112481,43.44607891271275,4.177814238290353,0.09114212751043876,-0.01083996269292211,0.9544105104549966,5.736707586089685,5.82848396908391,38.47479982557376,39.6337469012356,0.12237680967629484,43.925,43.175,0.890886245762113,0.7422846313158935,5.736840456065413,5.828318368943641,0.5328409870850161,0.08976918190214576,0.7910613836829143,0.5529325508707326,0.0032322012715337123,0.03862209650093723,1
6.654641326048842,45.211808691071155,4.179465434927305,0.07730073108887245,-0.007429956717467201,0.6025333745772168,5.725044517376704,5.828663171203258,38.55291984864726,39.56726228617022,0.10935137428859694,45.775,43.275,1.0406779126376993,0.7497104879924548,5.724767310505451,5.828564374383785,0.5521387361114793,0.0890594330116111,0.8542034646940576,0.5964176560549871,0.0018099823216111055,0.020214657321373834,1
7.026234205462648,43.00897416788845,4.179741015586374,0.0925326858842687,-0.011676988998770899,1.0149032687749784,5.77732011055655,5.828474442847513,38.53661489921841,39.68109833894356,0.1211038839330539,45.275,43.325,0.9513498917544565,0.7536984506580957,5.777497237591581,5.827997291040116,0.55344945511056,0.08996518225459912,0.8206211737228422,0.561817773288243,0.0037880126734554146,0.04484084069522854,1
6.623911405390562,44.066281960231386,4.240758369892785,0.08442999283568482,-0.012777127975726691,0.9350951008325918,5.80381130239313,5.8288731607047,38.44487169660917,39.70778235505729,0.13620395084099665,45.325,43.425,0.9285731191918414,0.7608916302419386,5.803907873628843,5.828994554965343,0.5348242175055555,0.0832788770966148,0.8388158401766048,0.592382666817935,0.00585544022851077,0.058544013599866086,1
6.722513581078445,42.68360884542378,4.234228019236201,0.09036365898754393,-0.010938219040760616,0.8661983242002042,5.702053979139677,5.828791034835392,38.3680325350252,39.908973109216525,0.1685976410343888,41.95,43.2,0.7748279867448336,0.7438796552266016,5.701927122986545,5.829124385513876,0.47960584680186025,0.08364394144738503,0.7625965155248451,0.5791469472619838,0.004631034453937759,0.044695645636214386,1
6.853332452093846,44.33223142549994,4.161961869545155,0.07735304324287379,-0.014223699880632032,1.0863598603679387,5.730134122975853,5.828664035883082,38.51103247293167,39.3458596469242,0.08694528613989226,43.55,43.95,0.869108257782714,0.800815581703807,5.7303454044969095,5.828409441187312,0.5345778175429345,0.09329692132001854,0.8039135814659946,0.6003188098244215,0.005708148659821231,0.059622981972534204,1
6.980678666274229,43.33864664386637,4.206100817341012,0.07039015222990731,-0.011987731489265725,0.7951213890776746,5.746234408633773,5.8290348190353525,38.58526502995721,39.53185687113479,0.10368683722073391,43.725,42.725,0.8662537766108702,0.7074015189090481,5.7461412801832195,5.828718377696644,0.5274146350881921,0.08463884161283472,0.7914510393664678,0.5369344670189897,0.003364061203147514,0.039929309784133116,1
6.5149524147271025,43.159345499996704,4.187420422340541,0.09067764481395336,-0.012648797580074436,0.6090063383406924,5.7750172220937515,5.828728265859795,38.72744070837366,39.66254078331754,0.10082472403556678,45.425,43.125,0.9647898968080941,0.7382345024220536,5.7752629309045815,5.8291469617124445,0.5479359833579255,0.08742015963199992,0.8550329814894333,0.604061184475359,0.00380718611642739,0.03782427219021153,1
7.1211670562111165,42.90510758777517,4.209711745358259,0.08701282691430158,-0.012179126498258882,0.9023829332050383,5.747103224641225,5.828711225491047,38.708378911236046,39.687770761177354,0.10575277883671744,43.175,42.7,0.823665375758579,0.7058124755907693,5.746978231849942,5.828723312231105,0.5145879676596027,0.08460304753180245,0.7669477952259875,0.5216040069810438,0.003662083069230114,0.04317023024373943,1
6.748571842440076,45.33997175781847,4.156631475784608,0.09365457002989082,-0.011342056983930125,0.9254089259644274,5.721630418778917,5.828390218056411,38.499534838804486,39.46787822376852,0.09944756432371223,44.2,43.85,0.9266776366589484,0.7935430344009111,5.72176633176568,5.8286336467514515,0.537489944590246,0.09370873016047866,0.8227823823848291,0.6123979378298184,0.004111897764691503,0.0425002448126031,1
7.239547511344752,44.55402114356801,4.188125056940054,0.09578779282752205,-0.012278210601242887,0.9223541056888208,5.771939232265504,5.829177030896087,38.56160022328654,39.50340204242654,0.09744886610941669,44.175,42.825,0.8744883796174383,0.714904264442473,5.771767203281394,5.829304483643888,0.5370460814966046,0.08766844750200556,0.783195631264154,0.5236522023249284,0.003240648403439617,0.04105070378737028,1
7.198300458069803,43.563095410438514,4.173158278284529,0.10766736946074267,-0.008507146282463589,0.5104722763934643,5.727010342349994,5.828908869671952,38.39753094860136,39.7501270813788,0.14150607541557,43.8,42.575,0.8911465007597252,0.6960432374319767,5.726928256551731,5.8289754870753105,0.5280668896759227,0.0887074614346873,0.779379739838892,0.5288668290587448,0.0012439309325764417,0.016094380998365937,1
6.845879840165913,43.17595269069445,4.247447809663012,0.0965679036521546,-0.008669023060291405,0.908858646435756,5.733174321832793,5.828711056098079,38.381091545110905,40.00861478973661,0.17770782332199817,43.35,43.0,0.8508973667198152,0.7287274682039211,5.733218421546795,5.82906688779862,0.49701220132348906,0.08211645890882337,0.7818700156695548,0.5574323535411679,0.003393441008894455,0.035996177664574754,1
7.069684289348536,46.16214881077391,4.222914678844878,0.07547718455302037,-0.010282044962207804,0.8922125983611146,5.785739772004939,5.8290427550372526,38.524007158169375,39.410848829359836,0.09403349427781969,45.275,42.725,0.942930230306068,0.707393582907148,5.785946657013399,5.829083157151311,0.5455613592091253,0.08329253809426454,0.8125111449435499,0.5257909658763131,0.0029721067961434007,0.0377189630502834,1
6.813442203728561,45.79106650253942,4.152514735258759,0.09960213397359187,-0.010280236585505498,0.5126007768028796,5.7007558957360995,5.828519638513723,38.66093285618168,39.44003947604384,0.07993110195610059,43.425,42.95,0.889008895210539,0.7251053126106548,5.700542311833634,5.828185485362545,0.5259855495038958,0.09127297792101559,0.8033937522852567,0.5780176123649929,0.0019930142343186972,0.02176707732855294,1
7.042713982972858,43.0294298658216,4.167566418238998,0.07467734588808261,-0.010028539866176862,0.4636025534619744,5.7316343550463085,5.828487426115641,38.52040334857946,39.516922878382466,0.10866996495113772,44.4,42.475,0.9316981445367638,0.6887972845595032,5.731585026817162,5.828177047276216,0.5474271776451924,0.0879242632436262,0.8070298315462172,0.5348084877137361,0.001414878527928438,0.018498978950688777,1
6.879232787769632,47.381341044879505,4.165177933033544,0.08414560150568236,-0.008187980449589797,0.8180504153438224,5.728404239713316,5.828488151432067,38.57447685863553,39.334684888121636,0.07822281317218494,45.325,43.325,1.003980181871655,0.753684742073542,5.728315220006153,5.828543891316373,0.5534170712745465,0.09117856785020954,0.8340898227130845,0.5783937413880089,0.0022571358716188357,0.026584838238018545,1
6.843643224977613,43.7441040965686,4.11186768490485,0.10911466222391328,-0.015877046758064346,0.7917953885142289,5.753874128200985,5.829035530804421,38.39896817929585,39.37359940274796,0.09707913626560392,44.15,43.8,0.8906725079511011,0.7891213123052978,5.75361973306894,5.82896177778821,0.5540800201029438,0.09881706089428166,0.8210558835819788,0.6156823991477451,0.004435295557395492,0.0468035415349672,1
6.984229166813725,42.62423830163394,4.2009441082555075,0.08557440276433606,-0.011695197338326337,1.1213304122922514,5.720374015277715,5.8286609813605255,38.477547297960236,39.75016903336288,0.1370436597784818,42.875,43.45,0.8275264115766827,0.7630004177102734,5.720075015028537,5.828222761102229,0.5092275976031546,0.08805744783290667,0.7719304376439494,0.5645732181387858,0.0047647706951319405,0.051515904940308554,1
7.164324744869719,46.65127993599415,4.166504490276857,0.08431493436665351,-0.011379737718192718,0.7040417819416619,5.794770488530333,5.828503864148758,38.37442702916911,39.19868493632897,0.08409192455713228,46.15,42.775,0.9986086411811828,0.7117560695236032,5.7950097997552135,5.82896699182356,0.5757128908203559,0.089514142511434,0.8301219451444654,0.5366049270571812,0.002162513814256581,0.02965444476067605,1
7.089033670770403,45.63578603480805,4.1417715075032895,0.0721691979529521,-0.010937003071506387,0.7058492992779403,5.729569338369161,5.828536707687,38.51787805883494,39.1632880860766,0.06706902116563943,44.65,42.975,0.9524962105460846,0.7269953073366473,5.729641541669288,5.828544838706461,0.5603316914654316,0.09245628796127059,0.8132618891088218,0.5514570714749886,0.0021470764131868965,0.028083177396241697,1
7.1269401476937055,45.25773012591607,4.156290094946913,0.09753623434136181,-0.009001091900157302,0.8827232922480356,5.706677997144495,5.82872449668025,38.64504235662824,39.49442412088569,0.08718826642960788,43.675,43.1,0.9020283815653354,0.7363345281876912,5.706961592109599,5.82834538666721,0.5317706458347925,0.09191306603155214,0.7862137014481982,0.5496536665299628,0.002318013837592914,0.028264974748401873,1
6.877351629434968,44.90719897849067,4.187699740377815,0.10486642393172402,-0.012607305725805448,0.7561263644499286,5.744453131109735,5.828788098882533,38.52800917227176,39.566730525869175,0.10679965429120407,43.325,43.025,0.8377197623958743,0.7305563805605155,5.744704007340709,5.8291869261940175,0.516712895149711,0.08803758053275573,0.7896194729113292,0.5681399469479714,0.003760245859544038,0.03987179898804467,1
6.76112699564424,43.981627346141266,4.24309930183722,0.09912129222369567,-0.012114436925024162,0.7770787314179024,5.779306046646916,5.828902455988301,38.49414483862496,39.800780295924454,0.1397023101004428,43.875,42.8,0.8445146030989692,0.7132684375301492,5.779528191133092,5.828981353252838,0.5100345892400715,0.08153428349697052,0.7997676610510087,0.5593371779407444,0.004383564537870401,0.04517653292683311,1
6.561422577599608,42.662978852286656,4.1327791304444625,0.12200508532776501,-0.011843004248949572,0.8264180199442432,5.71427390405859,5.828576692540758,38.54766631505083,39.847873018495854,0.13277260707639169,43.95,44.25,0.9152057135282989,0.8234906552842771,5.714063776877334,5.828416452999696,0.5310811102275935,0.09767058199569495,0.8316570949401352,0.6523052522001075,0.0045139032412412254,0.04113815798221457,1
6.927682719012096,42.528771876839315,4.18808364048102,0.09365597396742795,-0.01156023800836516,0.8226042108490801,5.67,5.828829617033855,38.58525893185657,39.758526892488156,0.125989550793835,41.225,43.05,0.7506697469968042,0.732420263895845,5.6696878149124,5.828667261342199,0.48171894111507924,0.0879743211261967,0.738642639652956,0.560745980719902,0.003777308817881676,0.038722961890719734,1
6.785777181333011,45.033041516605664,4.167482129871426,0.0753465724560582,-0.010534793454865358,0.5710066568846845,5.805472822526231,5.82900938212175,38.587024641058356,39.3752444070663,0.08394799532314157,48.15,42.95,1.1335472812059955,0.7246155690026272,5.80552518440695,5.829257934851424,0.5959172089076702,0.08923871675625632,0.8825347318431473,0.5746515426430159,0.0020949093891665703,0.025826665745690827,0
6.725105255943842,46.36259605755047,4.195752954144024,0.0841523051728249,-0.01463503030411107,0.7221528348300821,5.7457909665090225,5.828727539007888,38.549998453868426,39.26364391106513,0.07381332363259398,42.975,42.975,0.809741048514625,0.7268044760157597,5.7460771540126565,5.828225286889011,0.5149982048738101,0.08633579409758232,0.7942382705991626,0.576935566818952,0.004766854722755227,0.048318444743774655,1
7.153993040323954,46.48191449072447,4.1567193675661605,0.08363636817096856,-0.010248560028044444,0.6387356454665839,5.785312146759623,5.82841381540802,38.543387253209325,39.218882122326264,0.06923460542699171,46.425,42.7,1.02827721568364,0.7061098856737971,5.785397592128931,5.8279423072094465,0.5811554919924502,0.0901807049452929,0.8369517483739718,0.5344348203229352,0.0017294454499835435,0.023984453666653794,1
7.025775412743093,47.89003666338715,4.170635281227862,0.1020830992660116,-0.010333268005621102,0.5190196635562285,5.740006737822244,5.828789895311304,38.54922108469812,39.289246473756535,0.07412053717570098,44.1,42.6,0.9007763485313527,0.6980776535209845,5.740164089573166,5.828785095981578,0.5346545903398422,0.08853507636100956,0.7986827176880353,0.5435116901577723,0.0017464845145148114,0.021222367097079347,1
6.741538475272292,42.823529736101776,4.13838280772266,0.06616973860443587,-0.01011281419909838,0.5701809575940717,5.75841623920622,5.829003131246268,38.50873399090286,39.45629790487532,0.10375689885083472,47.3,43.3,1.1190833064135397,0.7512704192985717,5.758591544538583,5.829008779817293,0.5925481773110365,0.09336789270481462,0.8776804712639514,0.5969277365774426,0.001971851708424695,0.02396205186381826,0
6.801207557232238,42.563513826672704,4.137084964886788,0.11011803119363636,-0.011600648322497107,0.891186936292776,5.758522370681673,5.82868388914468,38.45012838086896,39.760915476404875,0.13532532431195796,45.65,43.925,0.9979560019618745,0.7989099427071178,5.758713844442763,5.829109183505051,0.5619263391046686,0.09650432602177206,0.8460407363238318,0.616968398680476,0.0037107132730462185,0.03977281883768692,1
6.549944813997095,42.479042419039445,4.168925204547141,0.11986673327871163,-0.012610503719803292,0.9365715932347942,5.728009012151694,5.828943116557361,38.554452185863376,39.93527971852397,0.1425829927543866,43.425,44.2,0.8617557787949446,0.8193649388805042,5.728299020778862,5.828965079274123,0.5144137818286563,0.09349192776063182,0.8166465589199678,0.6433746155235344,0.005976204945387836,0.05206916948100761,1
6.768380713633919,47.028211138119275,4.234670064392516,0.08505235991690172,-0.010446969830563141,0.7518457526974677,5.709146034562336,5.828606862091605,38.58221127001795,39.487639873938136,0.09544393000736136,42.35,42.775,0.7985417268472421,0.7116530715807565,5.709140919111128,5.82846855648289,0.48805612721316904,0.08199986305056346,0.7692811347835564,0.5558086320920259,0.003627925437926272,0.03715865342477828,1
7.196291091950074,42.22915563264624,4.202160184888875,0.08665080445553087,-0.009834928599426286,1.0053150373330777,5.784508131896675,5.828758689319675,38.53513621603773,39.818498478287594,0.13996365514162518,45.425,42.875,0.9552989870051709,0.7191417375347227,5.784263297397706,5.828325132526865,0.5523059491439694,0.08630583593598477,0.809357345313546,0.5248477800993855,0.002819196214485983,0.036965210210891115,1
6.679318566504558,43.35636165521931,4.21425902666799,0.11452215183295095,-0.010724674305335531,0.6189255763787546,5.74039913903151,5.828679203842428,38.52047818717608,39.94064136771928,0.15040764350787678,43.325,42.875,0.8417737544740991,0.719221223011969,5.740375994158896,5.829170711764548,0.5025906635974536,0.084806373296686,0.797678753400796,0.5794803734656234,0.0032175625440211304,0.031689451554200394,1
6.542457970232786,42.3152263962069,4.223709332976443,0.07805164556571544,-0.009976804387685714,0.8108867400067374,5.73766327538294,5.82873545036216,38.7183207263939,39.8940071371984,0.1323664929005836,44.45,43.275,0.9294200449303736,0.7496382088335531,5.737830684631004,5.82888742874922,0.5220328894404315,0.08414033143928684,0.8321210746619457,0.5945088133974765,0.004080571371842828,0.04031954795903444,1
6.908909009994239,47.27147673249948,4.186569682946606,0.09952307286239825,-0.011845979130857822,0.6817251445508267,5.737003844010307,5.828506186146684,38.342325290663275,39.346127236767394,0.10135549307185591,43.375,42.925,0.8489660921494391,0.7232111459731927,5.737178075814881,5.828967961525263,0.5188288791290415,0.08793548949599671,0.7891917662926318,0.5650044062276186,0.0030440697883219133,0.03379715593148729,1
6.526799581975599,42.13674022935658,4.175383920930523,0.08633652252965854,-0.010543658126102032,0.6959606262477424,5.719038384301052,5.828926079250109,38.51364009948428,39.80429172833456,0.14137978232260706,44.425,43.6,0.9461697894921715,0.7741035284375624,5.718756683842006,5.828613802848055,0.5334707022200172,0.0903979359508958,0.8395009757535539,0.6231142764703126,0.0034927550584471006,0.0344943857586979,1
7.23676336022927,44.3957124265329,4.199244213601245,0.09757422177840015,-0.011947623116217134,0.8312074101861461,5.770265401745022,5.828531912824796,38.382235981524836,39.56432304883365,0.12291180463744984,43.925,42.65,0.8573284301067758,0.7021648340774824,5.770325579387858,5.828466436015947,0.5290711313918454,0.0860710607465185,0.775706909751266,0.5196446698205476,0.0029236811623736267,0.03731045085670687,1
6.967288611640656,45.99342239375099,4.204236518154582,0.10985625527015183,-0.011018119822225043,0.9249356667408432,5.761827255612493,5.828867980077483,38.736336488646025,39.61492345883372,0.08957880127448174,44.05,43.025,0.8751901468055534,0.7304764993655652,5.7615076195699935,5.8290919711069265,0.5216815014899364,0.08650147795422734,0.7948305435132996,0.5514778486670768,0.003775645080968278,0.04117105501393261,1
6.646734891107836,44.71636484346346,4.163928589225681,0.09348982375743287,-0.011164031662841046,0.9773135391803065,5.761677331829842,5.828409924560489,38.36670585586324,39.576670278792534,0.12540509476650813,46.075,44.15,1.0261794727882396,0.8161367115915965,5.761646926034399,5.828063277018155,0.560735490446106,0.0937923376568835,0.8600007745428787,0.6324421534211468,0.004500284611506289,0.04618918044927666,1
6.698502258983333,45.8768992357757,4.249385028533081,0.0920437888738425,-0.013038884284603706,0.5041493510981335,5.7044459463351975,5.8285968494903955,38.424624749512674,39.531548617360166,0.11747469658745574,40.675,42.1,0.6732495622321402,0.6598544295129383,5.704580966107936,5.829004517839573,0.4562274050439738,0.07839483555050511,0.7284915504949029,0.5430248478625358,0.0036288434117086378,0.03488864390093338,1
6.83268971719778,46.315182353920626,4.1581619966756485,0.09396187118028429,-0.012618427827367714,0.7998817504750697,5.7249816240158315,5.828837376170846,38.58052444537648,39.30894452061866,0.07385981489924091,43.55,43.4,0.8742607567427356,0.7590302606293955,5.724749983301871,5.829349662970915,0.5304580375228064,0.09210705889969117,0.8041717622934321,0.5886287816355378,0.003816358343641081,0.0404944872771128,1
7.25194347397857,47.70470677672544,4.227989201949782,0.08489260773861314,-0.011602780588025958,0.8558191131260168,5.728899367500184,5.828749013087929,38.451054881912306,39.27147244436915,0.08421248686163742,42.25,42.425,0.7711006324998158,0.6846986147048968,5.729237326759194,5.82835727497916,0.4943289477206928,0.08215678379403063,0.7318800110961062,0.5005547890712019,0.0031721248322305337,0.039113089761266484,1
6.761523143393775,44.855296160850436,4.1889895197381275,0.08530222693467421,-0.009526086270192816,0.8612870583514061,5.742171768739907,5.828753572071166,38.49519370926579,39.59606742516433,0.11688324790805514,45.075,43.425,0.9716200064047467,0.7610112188754723,5.74228011671378,5.8287508185406685,0.5422554294637244,0.08885950630019389,0.833473286441693,0.5895101761530411,0.00322182008823501,0.03527312349596082,1
6.6903282142099885,46.05859266390354,4.187036055298121,0.08720197537579376,-0.012053218488004178,0.7648377268843416,5.754706372138675,5.8287502688125175,38.5493049073297,39.40881071566019,0.08938450153880806,44.65,43.3,0.9273591767765703,0.7515232817323225,5.754692430669303,5.828538367396645,0.5387980500420497,0.08842029427981157,0.830716213042725,0.5931215251543067,0.00395282233139551,0.04128830916616377,1
7.220234403805138,44.86680827180549,4.15882590352999,0.08315421090512326,-0.010715316261854839,1.029664537509056,5.725847837704603,5.828736784924191,38.35646931859164,39.3694345260081,0.1047846379802893,43.9,43.275,0.8998596716863752,0.7496368742715225,5.7259286454487475,5.8282705215910315,0.5415263900145832,0.09227952380869427,0.7855296641558421,0.5481583993769807,0.0029501520118910395,0.03796252659314639,1
6.905335939815047,46.12023729177162,4.2325990354276275,0.08822314124001969,-0.012232267538478756,0.9821017098680104,5.734027131125664,5.828661080747884,38.51329220432059,39.50568726411004,0.10367783160946756,42.525,43.075,0.7870924046595826,0.7344936484962776,5.7340678456864245,5.828280522204228,0.49378576748953174,0.08347638102591176,0.7629766214198146,0.5531437915489521,0.005031408196699331,0.0521578017364864,1
6.500264348985285,45.189084574278475,4.2099405116603705,0.1173417260806513,-0.009564414409619708,1.1993651954199498,5.800853919031428,5.828396900110967,38.581276314728996,39.95060693975975,0.1409234969833355,47.35,44.375,1.080279708504082,0.8330593971261475,5.800877182508825,5.828001478132587,0.5530318843578649,0.0896669205821609,0.8792641414311684,0.6432393683768945,0.005794855208948454,0.053300039103741904,0
6.782749071237554,43.59762664354481,4.21340976751645,0.10746412172662798,-0.014133055186688946,0.3,5.72063736283054,5.829080776261553,38.35605146635837,39.642390973648844,0.13604496089856344,41.0,41.675,0.6824868746023087,0.6265369323702084,5.720361933472282,5.82898653068904,0.47183338765392574,0.080841315569167,0.7363069527000817,0.5339140290584501,0.0020883073327632134,0.021508173019978347,1
7.150870280225922,43.78680777490615,4.170250346483136,0.09402169297930464,-0.012114654299940766,1.0589172923270165,5.7512446032326245,5.828715573613318,38.60909300150761,39.553696379471,0.09815497174478628,44.075,43.275,0.887655908147253,0.7496580855823956,5.750935629713001,5.828758822798157,0.5389326601986246,0.09095658001031692,0.7906773476649178,0.5491659863636399,0.0037931641981862794,0.04547987148735973,1
6.879005655178369,43.11098082165457,4.147720196108332,0.08672419175846792,-0.01145867461227831,0.444390345614959,5.723409919104202,5.828703912947612,38.3186698579413,39.505128339744005,0.12623297132696423,44.075,42.825,0.9154905922756758,0.7153773823909484,5.723717380383064,5.828507231185616,0.5437526895709474,0.09138364570363758,0.8137382642015395,0.5730636910868024,0.0017536281942889893,0.020904935956333442,1
7.149372699823756,42.85158283800419,4.189846248312721,0.07237522450891579,-0.0128308632434481,0.33553877817370764,5.762752833687789,5.828794975562028,38.522984221758115,39.433898087872784,0.1001050105172049,43.9,41.725,0.8629546757031896,0.6306941683254363,5.763042884757219,5.829144815683145,0.5391533982936066,0.08281671793120063,0.7860838638342639,0.49480549408040003,0.0012991551549195667,0.018016712967339685,0
7.28343979140587,42.62790377550562,4.14356689247793,0.09733109000307433,-0.007143308618060175,0.9909943003159485,5.799118304258134,5.828506874769588,38.35641424818799,39.756202113611266,0.14756073799719815,47.975,43.275,1.1272804714405336,0.7498667844261249,5.7993377921996565,5.828875122171162,0.6015892747408026,0.09436906218404634,0.8541582624545149,0.5480280704719912,0.0015892411145092343,0.02318375349058231,0
7.175988331795561,47.06319086884614,4.125288811027573,0.08970951580661116,-0.008773666994007917,0.5437642128040996,5.784728209515043,5.828810344345423,38.3927675394823,39.167861733130614,0.07782331634323797,47.55,42.975,1.1109225937086817,0.7267216706782245,5.7845122710579435,5.828645591820086,0.6029065697518036,0.0948470571049662,0.8568467901039927,0.5521117058564607,0.0011365214323062415,0.016421164739376236,0
6.782982030779326,42.06634198162458,4.167541557331013,0.10410171500568668,-0.010825553050924907,1.1333731138779832,5.756453014143293,5.828916716246661,38.49072378188626,39.91806563764894,0.1506753102287363,45.4,44.125,0.9814991970259133,0.813748411546551,5.756603972038098,5.829361532255628,0.5493538933268456,0.09374783507085502,0.8391327340534382,0.6158035517750874,0.004683710679505596,0.04843098153871942,1
6.776525766085683,44.789527591164905,4.178671691663116,0.07848409543460873,-0.009105430169585314,1.0518338371258322,5.751745822871718,5.8285329075781815,38.59492346160408,39.55694321965034,0.10247977989913824,46.125,43.7,1.039793030731344,0.7820646448371829,5.751915495097106,5.828150335909994,0.560962427495828,0.09070704839672472,0.8523222308084831,0.5956212287020893,0.003526242136620058,0.039406472717789916,1
6.969185513126352,42.570594407140916,4.120511902767361,0.08917304104856523,-0.010743447792961321,0.9638691744196285,5.766115362842942,5.828525223916836,38.50561079008995,39.57317956271174,0.11206312286121915,46.875,43.8,1.0804166059716351,0.7896316191928827,5.7663286177720865,5.8282822844507445,0.5912090852232139,0.09787099710547655,0.8592828794481597,0.5959998244412557,0.0029625227623632897,0.036396242393955086,0
6.5348116026541065,46.84532331311929,4.1864913808536475,0.09862255747948005,-0.00976860283707335,0.8494309292142032,5.801445926741375,5.82897453869544,38.63617373492663,39.570447550423935,0.09629478611592815,48.175,43.8,1.1393753503122266,0.789182304414279,5.801228705724563,5.829436822116279,0.5762536509378346,0.09003940834107638,0.8923469216241597,0.6249541448984505,0.0037759251736319437,0.038431500847003114,0
6.724735792089024,46.98875516081109,4.194592777826116,0.09953797204072022,-0.007883329594168962,0.5648593407877501,5.777256427337478,5.828677539640891,38.60995938892896,39.582100847322295,0.1008359075897084,46.825,42.975,1.0656230835117384,0.7268544753827566,5.777261021719602,5.828580344944396,0.5596937026707575,0.08697098439451796,0.8622066034740765,0.5785461242720802,0.0017727910979058199,0.02009085657983661,0
7.067645900177747,42.721729994642054,4.120107169925272,0.08088841438209152,-0.010159730644320273,0.6604095471253948,5.744176760983959,5.828730104018359,38.482072726403096,39.46888798663729,0.10486666204915658,45.9,43.175,1.03077711339777,0.7420384963814453,5.743907564181145,5.828354670311199,0.581996308730894,0.09572966544881989,0.8389900009237109,0.5669967920446851,0.0017797553913593037,0.023658874510442112,1
7.057355921048219,42.988316835968746,4.180363689751266,0.0811221777391932,-0.011002568608508892,0.8589106982324091,5.755080534299584,5.829193595101748,38.61470462008849,39.604132627799636,0.10670929301451781,44.7,42.975,0.9307253258791279,0.7263384199218992,5.75512300348296,5.829587836405355,0.5473807566122243,0.08847822421815717,0.8090132433291699,0.544656890099793,0.002938399813412914,0.03623054117443729,1
6.845796010138522,46.8100932764373,4.186828961643142,0.12439968857472512,-0.012356048118431554,1.2068000873120184,5.772902558764079,5.828547246112095,38.33299022401529,39.61802753322246,0.12559588708262656,44.45,44.125,0.8941807615492348,0.814117881681117,5.772922219756774,5.828184246580395,0.527848549190708,0.09228954048622234,0.8123038096446675,0.6104922031626788,0.005961665609308675,0.05858564888937927,1
7.082514357264214,47.90719392201349,4.163984718884819,0.09794134563631707,-0.01086238993072104,0.4887431065957345,5.77408271716733,5.82845171369485,38.52910967051938,39.20419126831692,0.06754825635217401,45.35,42.5,0.9601581457659227,0.690750691507799,5.774069562681936,5.828562344024427,0.5591573185262374,0.08883210373732241,0.8203064239979909,0.5361868787990044,0.001578202906198059,0.02054461118425199,1
6.559360247208536,43.121205545388484,4.1694482479957475,0.0920031601829271,-0.006865591564519969,0.7519992359511182,5.757294180431391,5.828671070939529,38.60698049491836,39.88749359243951,0.13920310243903156,47.975,43.775,1.1691045952672772,0.7875967591894781,5.757065034878738,5.828932295089645,0.5753066249625737,0.0918222789466603,0.8908993042558949,0.6252138099900132,0.002171844689959274,0.023213099565590187,0
7.177188066006249,46.664607299266756,4.175093470742296,0.08745401888917498,-0.01030213525724367,1.154958853080996,5.764454200579691,5.8287058516454575,38.447248516281434,39.31985947588594,0.08870503302250543,45.2,43.375,0.958640325008953,0.7572640845142882,5.764740452068811,5.828869103201632,0.5555243679457246,0.09089060352276382,0.8107131927410743,0.5503367028224638,0.0032952434495673566,0.04193150632559254,1
6.744004938200197,43.588513892529654,4.1426677314758775,0.08784075188422649,-0.01380228195689157,0.555516882124652,5.786018664045532,5.828861754732505,38.38375975886017,39.38819931020612,0.10525038403733913,46.175,43.1,1.0092002433922556,0.7361972701354365,5.786074960094565,5.828506456277331,0.5776615628517382,0.09256910256226338,0.8590602193371091,0.5955817526281852,0.0028429893879599426,0.032644549735062006,1
7.269316983840753,47.922508174668025,4.194792753951708,0.10476619504116812,-0.009628240452377089,1.0143612223432943,5.7542901260775325,5.828634745890674,38.439046309990026,39.37848331317752,0.09352805516239204,44.075,42.925,0.884610385302345,0.7230825862292027,5.754146612731488,5.82861266817912,0.5285806088358093,0.08774810450681943,0.7766371590582999,0.525954675738946,0.002752632294506001,0.034979227005643224,1
6.749313710237906,43.481995768715144,4.161672625238591,0.06717927803510222,-0.01155510798461122,0.6786633458334088,5.748865160945643,5.828640227960711,38.406983352085064,39.416944945474874,0.10960291327883592,45.525,43.275,0.9983564894820347,0.7497334312350024,5.748612720115904,5.828853800352255,0.56414582025252,0.09079639292500111,0.8476635883578593,0.5917417109869249,0.002900779298193723,0.033599480536397955,1
7.14483765278976,44.06678901202588,4.226541556301156,0.10059696767691076,-0.013788181914879825,0.8455882347101998,5.77583947880141,5.828543256074935,38.341440715584945,39.6407848445204,0.13576997898751497,43.0,42.575,0.7815990455005908,0.6964088510289939,5.77590108178651,5.828554323458511,0.5056637715849323,0.08300984077372851,0.7557832824381655,0.5208184262101117,0.004070179207474097,0.04745211545263519,1
7.268590276891707,45.75211750416531,4.149771098593644,0.0918110936239475,-0.008946940196323914,0.7507835227645981,5.735351497836102,5.828577406258981,38.519872318694986,39.35024929991369,0.08483417971077431,44.675,42.85,0.9485844683443041,0.7174137333622754,5.735347015996279,5.82831064266153,0.5541723091244322,0.09184282534485048,0.7985405465640687,0.531352736908265,0.0016712316183028462,0.022943643076317317,1
7.160551050573675,47.426043053737125,4.136104751901452,0.08869284547208107,-0.009265575183423897,0.843430333710904,5.766038079312467,5.828290719393407,38.50452008164257,39.17053314677687,0.06670140036347079,46.45,43.2,1.0493856052430282,0.7443799706685867,5.766245544284142,5.827989548905591,0.5840389495647815,0.09437784468494616,0.839423968830284,0.555471435196885,0.001971896522790222,0.026792220582198267,1
7.0062553855598,42.05892794091283,4.187720532218244,0.09819550886412283,-0.010362286680483505,0.8816046315113601,5.792240904239918,5.828879454483882,38.67735590155843,39.87932159364049,0.12967805200181964,46.05,43.025,0.9937741266895008,0.730465024959166,5.792305516169334,5.828982094447977,0.5600197385226736,0.08811165606925661,0.833807977655979,0.5510411871145514,0.0029619937670927864,0.035734825215295085,1
6.82168060998119,47.99265191152143,4.185331991879913,0.09783732686284638,-0.010445811619968375,0.3,5.763989232251536,5.828607278069068,38.53729071722128,39.31312239244384,0.07905902626653644,45.0,42.275,0.9442147002478336,0.6733155144593086,5.763887146478401,5.828102991488363,0.5436179239806388,0.08555842213306704,0.8275119665860642,0.5503634591013339,0.0011996491017206372,0.014219042270349891,1
6.53219034028472,47.12924725021682,4.170627726579658,0.11335640607401136,-0.010410281206862732,0.7715262967315317,5.72374340392993,5.829023505144557,38.65011374607501,39.5748101557253,0.09302991839910832,44.25,43.8,0.928323943895105,0.7891333379651622,5.723653391578692,5.829268905251986,0.5251586300988285,0.09193762365813903,0.8339995393852359,0.6309253743362855,0.003944355953332542,0.03655151947374171,1
6.717387766574776,47.14125190542338,4.167937218072739,0.09861226536426357,-0.013681466001447111,0.619302477750051,5.786997381486726,5.828947522676342,38.3576116222224,39.258484852677164,0.09057962703961303,45.375,43.125,0.9490994111670137,0.7380152456055074,5.786888244008267,5.8293015508571955,0.5560373486788295,0.0901566290907409,0.8432997197934387,0.5952111594478315,0.0034681689803989653,0.03750121215790128,1
6.781556380077133,44.57685340773256,4.152116295661102,0.10841619792591727,-0.01109795223607493,0.7355140112210674,5.723455419413299,5.828619554331217,38.54802171614063,39.60303349449235,0.10789085875608483,44.0,43.475,0.9097941612975005,0.764937907312687,5.723528705018423,5.82907214571616,0.5329019582141625,0.09325032569843579,0.8159119896381487,0.6004256270235544,0.003168967998480374,0.03309527180356521,1
7.065878685788365,43.72031154002306,4.206420096429789,0.07985362229328942,-0.013824957735276162,0.7499467401695769,5.730446472658576,5.828309085183432,38.453631454778105,39.47136842541953,0.10895936677667344,42.2,42.55,0.7657062349061103,0.6947270177367413,5.730095994995575,5.82879149645131,0.501882086542845,0.08426188864933486,0.7498961331200997,0.527170917091462,0.0036941576405311646,0.04273432145387513,1
7.035438481519476,47.69569341927632,4.197562671551085,0.10590164087487512,-0.014160175712848909,0.9568953087533096,5.746731979472044,5.829014694642684,38.707647550363134,39.30446074102054,0.05910604039357336,42.525,43.075,0.7743875563132026,0.7341400346014781,5.746698707596311,5.829311816394171,0.5029439711658179,0.08730321375702949,0.7582913142178076,0.5477507216322869,0.00502141397002734,0.05273346927241132,1
7.134455778877081,47.52596791617736,4.169271766491475,0.09560644616186129,-0.010474110930549977,0.7730177788811956,5.737466338620301,5.828979226631719,38.6952300694209,39.260796105248815,0.05685119870500293,44.025,42.8,0.8976674203931525,0.7131916668867309,5.737569882046939,5.82873383872424,0.5365751124694097,0.08935155729902766,0.7908190310736068,0.5353513982711205,0.0024067922558957512,0.029833648928355706,1
6.89081016536361,45.66285759545963,4.230023715308915,0.07593400591316249,-0.011025841456309193,0.4848951181161716,5.779618003813714,5.8287991161362855,38.30520011833878,39.44019707583525,0.12208896278264952,44.7,42.2,0.9061878563649977,0.6673535914284008,5.77947308477157,5.828761650702042,0.5339237540069603,0.08070619562769894,0.8121196069966281,0.5306825955509531,0.002053898701366023,0.025337758064303436,1
6.95293031862515,44.60723748017404,4.179605600256503,0.07181363552489561,-0.013362512852706152,0.6813340723697764,5.722625303370525,5.828537380839941,38.46283013727868,39.28592362112038,0.08747201982672712,42.9,42.75,0.827183854154601,0.7098110344710697,5.722874635042451,5.828907918383775,0.522046932480078,0.08739542450260375,0.7806303172765141,0.5499276863894874,0.00323365635058039,0.03763177158838492,1
7.083422595308304,44.3881284151554,4.225728671108714,0.08377532422552113,-0.010781559429317347,1.0901923605965256,5.81811590104523,5.829019224838491,38.592683774048524,39.6382850810426,0.11184322346512604,46.225,43.0,0.9807810683167855,0.7284192994635097,5.817885672427089,5.829043975674651,0.5577300085522542,0.08409826908353885,0.8275846016797918,0.5321822072011962,0.003760197249607416,0.046874222120421555,1
7.243747093282102,47.05472303196031,4.113066284594734,0.09793861974551335,-0.011550389766408691,0.7639408139831709,5.748402104529873,5.828805679547034,38.728063394975095,39.093968937427285,0.035924036662532036,45.1,43.05,0.9672512516224527,0.7324442013826662,5.748708654743935,5.828726134258369,0.5717973261727616,0.09646710953626071,0.8136703306544075,0.5461667889816471,0.0021203644458207844,0.02845023075271031,1
7.255638457959357,44.04819013865693,4.199210454987943,0.08450968232174845,-0.01247555568906324,0.7636524287613544,5.761298352400172,5.828895605789284,38.56579429715379,39.4760735952712,0.09654162157990723,43.6,42.4,0.8417312552874989,0.6826326326505985,5.761218127401547,5.828439557721872,0.5279144349964713,0.08477821142693172,0.7691084847723643,0.5043563638898938,0.0027617417801533363,0.03612129368635242,1
7.157732532318463,47.149112011565045,4.182228543800314,0.0934297851400418,-0.009846041602004987,0.8662034541483513,5.758821675083167,5.828663957864466,38.53144460533778,39.33597783664074,0.0816517160162131,44.775,42.9,0.9325907318754707,0.7211451996606604,5.758540039569865,5.829005768787453,0.5453560083577103,0.08847053937564567,0.8020824334322846,0.535564258600309,0.002475461774381688,0.03157962703036916,1
6.809604484003109,44.30232801044195,4.196145229792487,0.08381396095503024,-0.011604910891393717,0.7285107084385037,5.717518110373435,5.828442939779553,38.497801667509584,39.54618093422826,0.11190005362553339,43.0,42.975,0.8399204139285654,0.7270890752440948,5.717700008140596,5.828087069586392,0.5119684880603843,0.08657241691177224,0.7885601783792638,0.5688491305423964,0.0034698938153350676,0.03713337950941332,1
6.5244637072426785,44.91053652710263,4.189829146452266,0.10844659283847599,-0.013925970907615205,0.7558489576299658,5.734592469313201,5.828802013771322,38.65134147359361,39.60589960224089,0.09801026864726059,42.7,43.5,0.7999312317686158,0.7666509653651374,5.734275609267494,5.8287834060559724,0.5030292322032943,0.08871137969256343,0.8013122745544489,0.6176634631154917,0.005756446867063693,0.05032490531035351,1
7.215223223398985,43.74198200951494,4.218363125307159,0.10200976599979485,-0.012307310824515723,0.9282132503544999,5.67,5.828610656478755,38.68697433212785,39.71525360100605,0.10815078738611292,40.125,42.6,0.6644297296599637,0.698256892353533,5.669759250293197,5.828770426533815,0.45277949480718394,0.08378110543135397,0.6778708933599857,0.5099838581111097,0.004158607483714484,0.04387870300517197,1
6.525263019696959,47.51222037990514,4.160180360151626,0.11115530296574401,-0.01464316736655956,0.8055616533968162,5.754703508531556,5.82871391589099,38.508665556322256,39.33046615743023,0.08082950839179737,43.925,43.975,0.8728903233202425,0.8026509511631517,5.754691401883696,5.828920567722486,0.5307728074670338,0.09345016650231934,0.8303841200879077,0.6413826582390526,0.005948774844371529,0.05327078855101689,1
6.632192181544304,44.061313271585306,4.163709549572749,0.09899643034515537,-0.012689055114828129,0.9451973525771208,5.753129798017014,5.82876707682359,38.68961054252228,39.61031928291542,0.09540408258420062,44.9,44.0,0.947616429083368,0.8044825038872094,5.753079546245115,5.8291281752004505,0.5449418483005044,0.093147960915566,0.8414531467992002,0.6247991531030123,0.005263125060297741,0.05082719591259641,1
6.9052421909226025,46.43246493853253,4.1614944526379345,0.09135000926042505,-0.009170972562594588,1.019756088718661,5.70782838616625,5.828875270903155,38.34107307211305,39.42465136277692,0.11060397381770687,44.1,43.775,0.9329547001873468,0.7873925592258519,5.707539989418335,5.829358024498977,0.5350659051157161,0.09340860994501238,0.809609260013197,0.5953342544088682,0.003195853083836921,0.035741121222989045,1
6.880369214391269,44.11675436205195,4.2285113807597785,0.06731677925147139,-0.01326574652250592,0.7052838134065889,5.739386566171047,5.8286869239787835,38.3122815272145,39.44965303808126,0.1243031862938904,42.65,42.55,0.7913101807312319,0.6943491789413896,5.739071746831292,5.828472698605579,0.5044517183162234,0.08175465050969345,0.7711822879664303,0.5413165126729236,0.003854700973901731,0.04335914793658667,1
6.62176955852905,46.72105463412,4.143768514723509,0.09206455665533526,-0.012921869625645014,0.8850787545326756,5.751488768405206,5.829098557392609,38.37561327231605,39.27716665525531,0.09073801349396148,45.425,44.2,0.9883183504966393,0.8192094980452564,5.751721758517716,5.8292181858008805,0.5598010322878444,0.09597735924345115,0.8542493832166758,0.6407989848594039,0.004764588373513216,0.047947679214803876,1
7.042249095476515,45.78477220063799,4.151090331836692,0.08047312182524997,-0.009373335653405866,0.9790663058808139,5.7796760740386945,5.828069683628683,38.57866670733698,39.32713664056911,0.07743078432082293,47.15,43.375,1.0869096860024632,0.757900252531063,5.7795314180681805,5.827823912867956,0.5893230502745991,0.09301189890104182,0.8559969638779394,0.5660695730236677,0.0025576241020175915,0.0331774289826855,0
6.720483545617673,45.56896606647185,4.250549239222576,0.09588288293098432,-0.011203086660454723,0.31435343777365415,5.778795258967287,5.829033671816253,38.49778951089558,39.638718874112286,0.12231470478809162,43.875,41.75,0.8450253907785976,0.6323903198437897,5.778666917838086,5.829074558673925,0.509063898816233,0.07723077551072328,0.8016853667678905,0.5282597752826267,0.0016992615262637714,0.018981247624921555,1
7.072282078771089,45.86916600576407,4.181834512325102,0.10081647228496267,-0.01064257480201436,0.8820202512496937,5.768822162657911,5.828406760066723,38.4989175116379,39.48799257172751,0.10086867871323915,44.925,43.05,0.9337892687171765,0.7328431208629773,5.768510121351641,5.828322292528947,0.5454107176348423,0.08905621277076281,0.8098488052193594,0.5504503070425577,0.0029423195630151476,0.03563481175508877,1
6.962336291220223,45.886696306421356,4.144240329064125,0.0967058714115617,-0.015288261566647454,0.7897052534709859,5.76078728127464,5.828846214165271,38.69213323819205,39.19053467205759,0.049844180148242496,43.975,43.2,0.8705775857795022,0.743824475896723,5.760482707103094,5.8289408063074175,0.5462287358179713,0.09303145983096323,0.8058454938321636,0.5711864504862525,0.004067020178522949,0.04536477722498176,1
6.823698607487429,42.365868453367305,4.146372675092087,0.09711813881067081,-0.007738990594399274,0.8755641785968584,5.780108385593068,5.828767296176017,38.48539438948252,39.85420653339644,0.1463387658157056,48.325,43.75,1.1715101309827665,0.7856109814854593,5.780095220400898,5.828926334458122,0.5934736240861689,0.09485801126943556,0.8835347924709754,0.6048736083836943,0.0022120483198042502,0.026278454778614832,0
7.078314120953894,43.65063552626122,4.214722373924673,0.09328434207585116,-0.010590702391549085,0.9112085298913533,5.78152308132821,5.828857886929469,38.477041976710346,39.73607022053771,0.13435794541028775,44.85,42.85,0.9154911787730784,0.717133252691788,5.781714817130189,5.828680946598246,0.5370134187602668,0.08492738512492488,0.8032116031969686,0.5347899190681659,0.0031732007129371426,0.0386747593511216,1
7.150300390308708,44.36034199775164,4.161425904864357,0.09868791927212162,-0.01123653286894064,1.0102586154598425,5.7455384378794365,5.828969248186136,38.460296487831656,39.53088505190301,0.10984085133654001,44.25,43.325,0.9065289099455986,0.7532036453194726,5.745600073033532,5.828748288709482,0.5420957953302861,0.09228004120275597,0.7951927133864253,0.5563737109835558,0.0032772548287217425,0.0399316248826104,1
6.8063136563019695,46.58105349940645,4.1502202710581715,0.10362480168442378,-0.01293314346983327,0.704250773934399,5.7510969460908825,5.828528218580432,38.307253480267846,39.313843979074385,0.1004076424579235,44.45,43.4,0.915986374222431,0.7593394182198088,5.751400075497965,5.828212955771368,0.544926904338726,0.09327476024797575,0.823415521370889,0.5998778547028858,0.003426693102481523,0.03711448453036987,1
6.558334382320155,42.807994944510455,4.18754038541905,0.09885787117998647,-0.009824519121538046,0.7754832714758881,5.818611955620883,5.828611126645258,38.51433788599993,39.895999832636356,0.1486888267671941,48.9,43.65,1.1742415391979524,0.7782035370183138,5.8187435774462575,5.828792767166399,0.5855373624571023,0.08958659922683923,0.899647862119739,0.620078061029463,0.0033664597418530443,0.03548534776367955,0
7.246687558798641,44.10517582740802,4.187694238499888,0.09250321961520672,-0.008682138545105652,0.9101072229398895,5.769461471038412,5.828729672740379,38.47951094969375,39.644108967789535,0.12288589667997953,45.325,42.825,0.9629229505465595,0.7153516225981811,5.7697647558405585,5.828468766752851,0.5528509977724471,0.08784634359050678,0.8059566202508508,0.5241301531006977,0.00211301812584106,0.02857014700881274,1
7.1013751914780885,44.094557676966254,4.198789695889215,0.11075524772469497,-0.01012486708174515,0.8676226149413642,5.7521476318134175,5.828501400358555,38.63727833760503,39.779449102322566,0.11879033839179363,43.875,42.825,0.8716730179324674,0.7155798949800047,5.752176816266667,5.828877647782305,0.5209955257843427,0.08665307703583736,0.7826587235764838,0.5353384909073983,0.0028982746331376276,0.033912757497127514,1
7.205965811202616,44.74617375891116,4.219703467603693,0.0984957702372285,-0.010986740351983326,0.9602173554943761,5.777718903100188,5.828489334539838,38.2712262944335,39.646653395737694,0.14325602302234455,44.175,42.825,0.868708708782755,0.7155919607987222,5.777981730294775,5.828655824696451,0.5254783983250094,0.08479565704861583,0.7791093595412821,0.5253080176919265,0.0032573572258370338,0.04065278315202558,1
7.137457997024508,47.279537131733,4.135468624458046,0.08890645788315102,-0.011691590788373323,1.0894769177786134,5.723186642675486,5.829045708867041,38.627962415182594,39.12761501256844,0.049603878443643314,44.05,43.575,0.9138307597425603,0.7720905569587142,5.722943572403958,5.8289596416839515,0.548656322940609,0.095675434980432,0.797826237795366,0.5668529636412366,0.003521943649822615,0.042640095344399755,1
6.970028866525031,47.92720026552495,4.181348431023194,0.11175116848630233,-0.008939479067275482,0.9198478695316865,5.762198544831279,5.82872545764149,38.50427375084527,39.48512851592563,0.09757838335250102,45.325,43.3,0.9701858767536917,0.7515480929033496,5.762229714402083,5.829063023618353,0.5446820507020385,0.09008384494335184,0.8228533777193847,0.5699257691798321,0.002771238045612914,0.03192346747396501,1
6.610118919541207,45.5978949132832,4.1435075646255655,0.09530148032012473,-0.011740001504739424,0.6983502696790339,5.755444159007241,5.828623050133001,38.61304068063249,39.409342490611664,0.0816273373160985,45.975,43.675,1.0250425491870905,0.7800833285768292,5.7553574671326615,5.828358394349945,0.5655255087956871,0.09425394896528214,0.8633726486436137,0.6234567809420479,0.0034104247125577997,0.03529036998176586,1
6.944159007202137,43.42687824672002,4.212023694508633,0.09546726258041223,-0.007885662264156369,0.515020431385812,5.709341915187153,5.828715907666633,38.533869294113586,39.85536595939445,0.143604875605441,43.2,42.5,0.8633287748748408,0.6904864975360159,5.709174414305296,5.828377141900122,0.5060541199595169,0.08388179768299646,0.7786256615795905,0.5374847721096895,0.0015194255748730132,0.017620747891681166,1
7.273678846676098,47.11380960205513,4.186882744936079,0.0934787406772335,-0.009926967637736095,0.7141697082566538,5.770742546867537,5.828787241032998,38.41058170801319,39.30882849046335,0.0911835492889887,44.85,42.55,0.926271713233751,0.6942488618871749,5.771070709155339,5.8285296453103035,0.5474668389908283,0.08697617479307675,0.7949897345096552,0.514904211273073,0.0018937176005946184,0.026020976953731012,1
6.54114423105901,44.22245420109011,4.236733632062059,0.0747847312024286,-0.011044206152949435,0.7912344603674965,5.805232374388763,5.828634367313782,38.439346079021504,39.68127059005999,0.1365704615748953,46.65,43.25,1.0248481522229111,0.7478388516691705,5.805309957984434,5.829083663289775,0.5528251581546065,0.08285222874581584,0.8669202521172727,0.5957333375958598,0.004307650821333283,0.04504230531406232,1
6.655814746277603,43.99821250794608,4.130647933327909,0.09185448943844214,-0.00940721795279362,0.5250682349115531,5.7369758130929895,5.828482053909194,38.54832826116403,39.55295439036595,0.1057004726030115,46.45,43.525,1.0784478714625054,0.7688658981091017,5.736783198838918,5.828766375166933,0.57369560001705,0.09529286215559732,0.8696242876730673,0.6179237003289585,0.0018711817536138401,0.02075240344140335,0
6.720630293513471,47.199084494310796,4.171642416335653,0.0787839601114602,-0.009387443801920971,0.7325761326553346,5.777933829138734,5.828862757349563,38.60920792907845,39.31913303003489,0.07390085578142012,47.425,43.35,1.108647325541722,0.7552089312030459,5.7779386416875544,5.829216707194771,0.5803538443314676,0.09015170846758098,0.875678340211292,0.5926928203975516,0.0025654873738015695,0.02960567168297005,0
6.646839806053221,44.706566190230674,4.211964960565304,0.09082697973131834,-0.009344430924235855,0.8645019453485131,5.751610256040696,5.828740167001366,38.55301322202101,39.74267883179053,0.12729199511034764,45.125,43.425,0.9659041652315059,0.7610246239452723,5.751697787087684,5.829129655461078,0.5330002657990284,0.086366722650651,0.8377243312633225,0.5958659009215913,0.0036469348619125215,0.03752756988913087,1
7.027715645996073,44.11680533787908,4.196855889374799,0.06772781347552319,-0.012109144167054291,0.3525819370011563,5.77343261680697,5.828901982971111,38.49917120084403,39.34625827764768,0.09249393632028562,44.675,41.875,0.9105033493734362,0.6421875698012816,5.773226414980827,5.829114040357231,0.5486692688698376,0.08252709526521604,0.8090838147285304,0.5093923097739862,0.0013877174238851305,0.018747139975080946,1
6.5674684657277185,47.508779448158705,4.225923173211515,0.10512779822713093,-0.010060889899795786,0.6677678758833882,5.725586792532897,5.828825219685863,38.73726417551813,39.62309285402726,0.09159700195546383,43.175,42.95,0.8451818078669069,0.7247997314385142,5.725578715535596,5.828481266012678,0.4964663239914927,0.0834075824535803,0.8018062136300671,0.5852220133373515,0.003593063731405319,0.03379945961784921,1
7.253472920577175,46.450499723525844,4.181506381696355,0.09163903119634237,-0.011301713684923928,0.8422584614842162,5.7714729823894055,5.828805241979172,38.423121371168044,39.305322534733364,0.08971753953611285,44.65,42.775,0.9105925665258399,0.7114546916931896,5.7716119238335,5.828994834785988,0.5471011485456785,0.0882217558554449,0.7935192143873181,0.5244668710720249,0.002586270219892188,0.03439458541818056,1
7.018809566560122,45.902942388659106,4.192418315823271,0.1048749133957236,-0.012353529221131258,0.533863083708029,5.751992167351471,5.828685385628526,38.4825393895143,39.44733214678477,0.09852932153001677,43.275,42.35,0.8263814918442423,0.6790023757810522,5.752009344890351,5.828806936780293,0.5168891109848325,0.08542489837646002,0.7774706911400288,0.5328052391948613,0.0023490962201101,0.027532622817418702,1
7.161051225518793,43.152850427970115,4.119398211264409,0.07927018106475149,-0.011543718868859139,1.1035132424285252,5.7415717519407865,5.828537583207241,38.61955020796488,39.38810464997268,0.08029505359120084,45.325,43.65,0.9908126696441846,0.7782770804563315,5.74146189638357,5.828902443937553,0.576196863109883,0.09757550343662484,0.8237623217398548,0.5692886393276225,0.0031988475450512267,0.0412776420027136,1
6.9258514566465,45.0595068700198,4.179318293242075,0.08939673173475438,-0.012709941514406966,0.7732781366823035,5.757936454511769,5.828686503169743,38.45991850442928,39.41219247743856,0.09883582331966989,44.225,43.05,0.8922515127565251,0.7325633777599574,5.757719919252086,5.828745742697596,0.5384822880623693,0.08882472676247265,0.80786194610305,0.5648659435471625,0.0034992062436468114,0.03997670069741876,1
7.102479625858129,44.04773391946168,4.171157265040766,0.10627395743318901,-0.008985136213518097,0.8343177376402474,5.787508340958356,5.8287930887802,38.67475617672214,39.7138078443849,0.10803739351923686,46.375,42.975,1.0224108949797621,0.7267389262434474,5.787631017155693,5.829078680863355,0.567424007319659,0.0899794976437189,0.8350496920627278,0.5453819080235971,0.0021733183029000887,0.027624901840639163,1
6.6024580305184015,42.8786105655327,4.238343178922492,0.08578601321531489,-0.009667392433426313,1.0592418359599225,5.772813771362816,5.828857531033725,38.42574346542759,39.966333225303444,0.1698241670509976,45.525,43.725,0.974407879064862,0.7836306542109188,5.772628751742981,5.829239184040294,0.5321174368503476,0.0845934994559753,0.8438930985597904,0.6048635419625337,0.004937318678347987,0.04933580008078327,1
6.949667922104134,47.54165966345503,4.1975627300552825,0.081030675687524,-0.013334098929547317,0.8628847110177815,5.763787480072651,5.828565258506241,38.35482802411458,39.18269495886636,0.08452758487171261,43.975,43.075,0.8675773869814911,0.7345894707379212,5.763691903302925,5.828525394844046,0.5323036438212654,0.08697184399545356,0.7989339012037452,0.5593730940623528,0.004150835328943254,0.04751078804307454,1
6.5598076941665795,44.0195972389701,4.160973282416599,0.09614393611169691,-0.011359272344981885,0.8453352804860088,5.797495720837376,5.828788125394691,38.68204704056902,39.641061204165375,0.1005217196783277,47.95,43.925,1.1270981300682497,0.7988057064571068,5.797298607769942,5.82888360504336,0.5841041933061557,0.09306306865330789,0.8912244943355151,0.6308105389899745,0.004149530863204304,0.04230397398854613,0
6.540970042581099,47.32339990872998,4.222685238626234,0.08227860543738583,-0.009924391748382359,0.7338526287645325,5.735232543862294,5.828895239892381,38.56669328905696,39.493395810844305,0.09801361065320674,44.25,43.225,0.9168348039627414,0.7456769895382154,5.735121186240213,5.829140141623801,0.5185989861581758,0.08427348118758539,0.8281712525461408,0.5971279419932702,0.0037026641598884706,0.03669601452322665,1
6.503593880476074,42.74530501956259,4.1384653450981235,0.10156798188831388,-0.01542551257192607,1.0099265463265816,5.770408766016544,5.828851092149811,38.50732049087395,39.60374120147498,0.11228906787392323,45.35,44.85,0.9638320969167085,0.8681631679514776,5.770259851192977,5.829208044277479,0.5596110194716378,0.09826213382335908,0.8603226251382982,0.671507550379471,0.007377342042702093,0.06591638162178841,1
7.016288979990503,44.116991365167884,4.139715404425902,0.11645744332273752,-0.011385181019529995,0.7600495478096877,5.707726372820908,5.828569913660086,38.47592690170257,39.61269273189233,0.11463379435484947,43.05,43.3,0.8535235081087924,0.7517036368847538,5.7080166895689395,5.82898994554406,0.5223801904133412,0.09455326119268981,0.7813889244067462,0.5766333293033165,0.0028280848480573897,0.031489533568119045,1
6.552150948275129,42.126391750373784,4.133310020679954,0.08068684724089417,-0.014434905915490086,0.696871083096619,5.762585549972992,5.828649209823194,38.4062790057559,39.47356885121738,0.11399772134176861,45.8,43.85,1.00498417630246,0.7932840426341281,5.762525372066705,5.829012856947508,0.5730404040676366,0.09553224031677103,0.8667124319804517,0.6385936479766826,0.004318174068213689,0.04431590615226517,1
6.682259926502492,45.17083551189233,4.158911495710765,0.10849294764520725,-0.01374208929457871,0.7619251610400378,5.738323429404051,5.82838135849651,38.55957464255699,39.48405056877299,0.09339121064195094,43.5,43.55,0.8571295497324085,0.7708610222620571,5.738462409546335,5.828472496641375,0.5256493129706591,0.09247957142212794,0.8118819484684663,0.6112788022769342,0.004624393814319953,0.04472285037768639,1
7.017263407330167,45.52251534120389,4.191302043794036,0.07397754103761356,-0.015107408157374056,0.7490195957790484,5.757796078986216,5.828659636926802,38.46173776836171,39.18098545201911,0.07515457136911868,43.225,42.675,0.8167761504443805,0.7039508673050241,5.7580674023199485,5.828833395060345,0.5266265745849822,0.08600841792467792,0.7805536743469,0.5385390564756569,0.003934885397788648,0.046411106612688484,1
6.914499215229906,46.77549466429179,4.168757512955022,0.07454422222925074,-0.012075432699434622,0.857012751481238,5.760117513737585,5.82848829018621,38.69046679000676,39.17429269127143,0.04997045874406431,45.2,43.175,0.9629770118510592,0.7422803102135935,5.760133523887541,5.828041985409846,0.5588397863409023,0.08997953617233065,0.8301048807082431,0.5656515275523977,0.003481327374729147,0.04096162199729981,1
7.098845333809271,46.4750389976108,4.188479501847704,0.08087351855921224,-0.01235434642339565,0.6401717589804087,5.724916511446076,5.828790079992021,38.52107035481143,39.219569952635375,0.07230577379811781,42.775,42.45,0.8153434222262854,0.6865763717127491,5.724906273293102,5.828758028528754,0.5158330957409316,0.08579787200060733,0.7644640157508391,0.5241760216067104,0.002579515881715924,0.03157940056680663,1
7.184611762909426,45.00802702085656,4.182608531246492,0.08591584158470097,-0.014550914546968254,0.7914629027367286,5.783028773511638,5.82829089402879,38.556564200854154,39.28620268611626,0.07542035725073844,44.125,42.625,0.8596363542815739,0.7004915345715084,5.782696959301707,5.828527266288934,0.5427177124594709,0.08712280417434899,0.7880845409241389,0.5227550975650959,0.0034145967311864853,0.04332680382516593,1
7.0258283397823025,47.804934608214275,4.221849338572152,0.08666849253230931,-0.010395763903810992,0.5490641628918783,5.768446782108424,5.828757361355952,38.49610885300143,39.32523841091006,0.08587999353477434,44.3,42.225,0.8873777348090703,0.6693192771579399,5.768342250615787,5.82868956737641,0.5280142217426065,0.08179396347722928,0.7953121827333296,0.51747216104079,0.0019918573570542938,0.024903799197674586,1
6.548113830467511,47.34462377575375,4.184651913391036,0.09091480789770214,-0.009561359717926012,0.6838503205288912,5.735698725423926,5.828885384179494,38.542329057605926,39.462092768512925,0.09528683858067073,45.2,43.5,0.9873958001647187,0.7665675949569657,5.735669872054647,5.829217077919471,0.5400234059626775,0.08923982752921354,0.849532498717516,0.6157729391837538,0.0030522534902526705,0.030838041763203265,1
7.2884714006500415,43.066919705980226,4.1570518449301455,0.08868018236270142,-0.013948409795217807,0.7152706190201048,5.760854360409512,5.828804243082318,38.41985801410363,39.42134364154087,0.10484818149347748,43.85,42.625,0.8610788920478099,0.6999781855179803,5.760886745096743,5.829262360762448,0.5451141255931113,0.09006988472922013,0.7795454879456338,0.5222243466917706,0.0026082260106656276,0.03506924739510556,1
6.693628849912863,44.16185549231808,4.141238414764578,0.07193669022948224,-0.010492941593640148,0.8765726905189736,5.749168058392679,5.829122050381764,38.63296316445125,39.412466103863494,0.08306889004494279,46.775,43.875,1.090057043912406,0.7946985993641213,5.749082008956926,5.829535521778159,0.5817658170366828,0.09495531316436522,0.8723976859213204,0.6168867047561497,0.0033573961781534637,0.037389117158786865,0
6.9962054958676445,42.40228830796049,4.211321052060091,0.09479043554800941,-0.013216341525698642,0.8803708438590908,5.754054083807915,5.828846514872291,38.51401685663857,39.77632555964323,0.13551012673980634,43.05,42.9,0.8071957971217847,0.720962642652835,5.754307869725865,5.828513390694536,0.5097495905646764,0.08521539839530669,0.771736698745331,0.544927496920756,0.004366289571561407,0.047976825211545934,1
7.2094017710141545,42.35839657963191,4.179127736279946,0.08535194818762812,-0.012498224844287998,0.9324210747947059,5.825570725868092,5.828893089365978,38.465296119626394,39.626694207477186,0.12437347095171444,46.7,42.95,1.008169099439863,0.7247318617584,5.825743631195978,5.828494486652909,0.5819778868232643,0.08886977601258983,0.8347297761424414,0.5327601464480327,0.003103357988829099,0.0421632020874905,1
6.8492837530861905,46.42700772578388,4.178834611782976,0.10364499129240208,-0.011792650409505903,0.6106607287585951,5.728709814011061,5.828598862561924,38.434667116345494,39.42668823759093,0.1006929349325975,43.225,42.875,0.8458624154195356,0.7193015642924738,5.728893283118069,5.828175734324828,0.5168228730211494,0.08849268387038077,0.7912797336025504,0.5703898460375206,0.0028373891081406146,0.030665407501350574,1
7.159038088132894,46.66941274983571,4.151541223502303,0.08989586031595417,-0.012980337692988453,1.0430750833015325,5.783064352194364,5.829110609728467,38.497700667510394,39.175435446896465,0.06771135605070087,45.5,43.425,0.962304429421657,0.7606541812181717,5.78280417882427,5.828619016806114,0.5693274700610179,0.09347209184312823,0.8209048009645997,0.5588274712541452,0.003690531759408826,0.046597330804532655,1
6.7064238831361775,44.30755573369323,4.204828926517186,0.11252989844724073,-0.01280350185110778,0.9289631824089211,5.750121726893261,5.828435485839133,38.70188763215012,39.76918599134318,0.11017987425606193,43.25,43.475,0.8263514920896915,0.7651219758047709,5.749912279754411,5.828613340417985,0.5065289103425185,0.08749296095874304,0.796263819234065,0.5931520277294784,0.005649180355520931,0.05262237835488319,1
6.518960780120747,47.27665358296793,4.15462749551158,0.09602188419396002,-0.008134772086923526,1.1138297084356923,5.801237541127567,5.828766617608653,38.40284419373977,39.535340269228975,0.11529379410288997,50.0,44.7,1.2698302707379083,0.8570392425700586,5.790499063650928,5.828823831061068,0.6046987809064064,0.09635543559208178,0.9165141786180285,0.6632057150612422,0.0037860531548525016,0.039000213385500054,0
7.157037221648908,47.72127296404344,4.164172748696284,0.0918819012362581,-0.009315092761508792,0.7333721556935832,5.716711100557599,5.828601580794004,38.4772172937458,39.23780553747682,0.07657667756773932,43.75,42.875,0.8976671771038776,0.7192988460603935,5.7165610313142246,5.82858918238106,0.5336192849104258,0.09027905049229858,0.7848259539904452,0.5401706133869196,0.0019568761315120935,0.024884918013559878,1
7.135353742346187,46.99544430602025,4.210579208454421,0.06427666289119353,-0.008102506585147478,0.7675580032094271,5.746083921354169,5.828506952061541,38.58885356708205,39.27877339841498,0.07349751357675043,44.775,42.5,0.9453284856044695,0.6906954531411085,5.746398862682428,5.828254204004898,0.5428448779542057,0.08359977150970815,0.8019128551942375,0.5122010588800494,0.001842848317452857,0.02490492518429896,1
7.296593736348145,47.19875937126136,4.196154962283608,0.0907337420686011,-0.0104135717856291,0.6540234941758986,5.783913023650407,5.828690517497441,38.340570069155554,39.28046141475344,0.09575331846536717,44.95,42.375,0.9205630930942865,0.680917765648327,5.783740568331311,5.828564312253697,0.5484900187994581,0.08540683615508426,0.7941046073458634,0.5060322828016411,0.0018124902045467174,0.025519579974239686,1
7.148140999968889,42.10800520118832,4.168669127133795,0.067955590234231,-0.009396987807815688,0.7288752086118198,5.737895152039633,5.828176854869526,38.33844290395591,39.59890082029635,0.13928862511512205,44.85,42.85,0.959119108061655,0.7178142847517304,5.738070732841791,5.828285807677904,0.5564061337233653,0.08931263469242075,0.8090676376826025,0.5378415422680844,0.001869704390915062,0.0255184276900703,1
6.844355296399714,44.34655588325704,4.190616088351387,0.09506131106486339,-0.011869909692876192,0.6599283881474831,5.764781691652615,5.8290206648164276,38.533249614179745,39.57972642767253,0.11012640101081772,44.525,42.85,0.9079239065286799,0.7169704748048291,5.764795365543102,5.829205109303415,0.5367626503507898,0.08694275911021337,0.8166445378662225,0.5639170166362962,0.0030257835517856733,0.03387185548132758,1
7.060229664945023,42.31310984922244,4.134757244970904,0.0903617906498252,-0.006006064376268529,0.8862426466898261,5.727992392707142,5.828701935309953,38.584010371301744,39.790452793826965,0.12982344831636214,46.275,43.4,1.0745806498996036,0.7591657014902884,5.7280406914315645,5.82861499544304,0.5750734391609321,0.09520336434305636,0.8426650929984202,0.5705161944118736,0.0014303809967323381,0.01863509679678084,0
6.933746142115759,42.87242371892083,4.186388227906464,0.10310375481687739,-0.01188471682065789,1.123965642062382,5.752841031094622,5.828864971496148,38.53244954250628,39.81217198237615,0.1341114804761789,44.1,43.675,0.887942055258975,0.7798414072136826,5.75300585026046,5.828818334915845,0.5286722439930185,0.09050288591859085,0.8020811822770813,0.581681939540804,0.0048692597815455626,0.05166686916831516,1
6.9923228413495115,42.264158599259325,4.168735938837332,0.09966250023479868,-0.009286900955054939,0.863895489970062,5.769653453826264,5.828492591548104,38.26483578856122,39.85511578573869,0.16919673326271842,45.975,43.375,1.0108332543680678,0.7574773446116421,5.769721077026522,5.828270529707208,0.5618750199625958,0.0916612269147096,0.8358854153690015,0.575758095109644,0.0025105768581958833,0.030617464014016816,1
6.902110712376181,45.610105819746124,4.11922293674755,0.09518851882271923,-0.010574101874614415,0.5260046064595715,5.7972775860551415,5.828744467778073,38.49621975649762,39.303954119703754,0.08200855887833516,48.325,43.225,1.1543409305206929,0.7458277616525235,5.797278044886652,5.829145085427873,0.6087844772441503,0.09597102289365482,0.8825941076836149,0.5874917319955699,0.001649948616846379,0.021005525002070608,0
6.796661244476598,47.14033156634312,4.156723088859414,0.1056081526956296,-0.012229536870129941,0.5488059516381342,5.7602523609082805,5.828912792474095,38.642515890453666,39.31249704713417,0.06705740950324734,44.825,42.925,0.934895135599918,0.7228045396457814,5.760121548946078,5.829037021034529,0.548089031945782,0.09075775257235867,0.8297909537864229,0.5792279813077622,0.0025629951241440516,0.028194750023678942,1
6.711610191236832,45.439378242816716,4.1648637928273144,0.08186225084297916,-0.012818751707748374,0.6404111778876628,5.795153538900584,5.8287366088149675,38.47283311715312,39.308170222148476,0.08716935889533248,46.7,43.175,1.0385862864073712,0.7420319915848363,5.794952820328243,5.829020683399253,0.577953473327008,0.0902568462721595,0.8664536405487747,0.5931891043535391,0.0031757653439537506,0.03604451111345788,1
6.713498870147205,44.042663565264576,4.157758146163415,0.0912864155218529,-0.010971373125323581,0.5416306465593563,5.723698235823732,5.828826875619375,38.39635784053197,39.540140041856986,0.12057713870761813,44.3,43.175,0.9321262810937627,0.7419417247804292,5.723728029359281,5.8286373111298975,0.53969602013002,0.09134345242216405,0.8270039258337676,0.5976897554921855,0.0023791419287167554,0.025868335851377468,1
6.600794156224597,43.71920726698346,4.186865249632141,0.11412593702679193,-0.012450102846427067,0.9109491516268237,5.7576537616395695,5.828543597026466,38.432901656767655,39.81828442548677,0.14273381445986205,44.275,43.9,0.8962924359186886,0.7971639123645122,5.757907075106313,5.82836949573568,0.52506072588921,0.0907645102395234,0.8269398399473468,0.6265985612136681,0.005496134890111099,0.05097141103308519,1
6.945935363463406,47.353847042979545,4.152170052427231,0.09453158219194212,-0.010325875096171512,0.899079137089474,5.7534754057875634,5.828896785253982,38.54512559432807,39.28598619984804,0.07437000188921288,45.55,43.475,0.9955986047712182,0.764660676389922,5.75344468842306,5.828635826496016,0.5615960861076142,0.09334715918978724,0.8346764701650145,0.5813590816198481,0.0029655328600568585,0.03487298541530111,1
6.778156323452435,42.3416198948454,4.159736774543158,0.07936141699190141,-0.008454521021634308,0.9228251512804763,5.7454210601669695,5.828888424607827,38.57724261054522,39.75316441708136,0.12870114415278752,46.525,43.675,1.075502630947013,0.7798179541020032,5.745199766580752,5.828865517717324,0.5708389088919776,0.09268629107855296,0.860889882685766,0.5998110061971059,0.002742706176891449,0.031497259712171356,0
6.814635228733295,43.527410296997125,4.227970901388708,0.09624226744091342,-0.008942342902677423,0.8622085583969332,5.734340093128586,5.828846294866107,38.491184188776245,39.91054914492554,0.15363562276931933,43.75,43.05,0.8800381845328902,0.7324035860635929,5.734320427076903,5.828519208985221,0.5088793187443927,0.08401956405129948,0.7965255300867368,0.5647565130705318,0.003257067542695227,0.03466053441985175,1
6.613122356687751,47.3188615417122,4.132974463009741,0.08628571965256718,-0.01236336580147889,0.8564461459046756,5.74220384505696,5.828314505919692,38.4853039227447,39.186572524060736,0.07062319538590682,45.7,44.15,1.0179736674052684,0.816232130232394,5.742044100064485,5.827997664081501,0.566967502082256,0.0968203446020366,0.861134787149412,0.6400307641075339,0.0042871842313413925,0.043947738918864575,1
7.221590936144653,43.42606087095327,4.1987756413268,0.11091556618223178,-0.011025617111816865,0.32200316649837923,5.741265087374576,5.828416000973393,38.51195558689279,39.73572838270171,0.12883616237289608,42.8,41.8,0.8009058061438736,0.6368759491244527,5.741520902978953,5.828844938567056,0.5064751774715415,0.08309947294113222,0.7499929145481364,0.49453111075329603,0.0011131634641751386,0.014326234869967225,0
7.094045191767433,43.41018344284295,4.194289259728161,0.09927919435618325,-0.011070577318642312,1.031529274491921,5.765353378396978,5.828357482688907,38.37491934943258,39.739802200654445,0.14323730017295086,44.425,43.225,0.8998547953962452,0.7462147467416891,5.76532980620883,5.828092507951047,0.5347020413022486,0.0884944877666607,0.7965744061203786,0.5526408126004856,0.0036447558849853623,0.043210279041001685,1
7.288512419911848,47.39239855751544,4.193903645625718,0.09109924857522235,-0.01047853022516162,0.9709643501676408,5.736733518273259,5.828551151076896,38.49688818593822,39.287735753161904,0.08005481191124414,43.4,42.8,0.8511341185269821,0.713619742441554,5.73685620297991,5.82855039923986,0.5219714544987389,0.08706743088183311,0.7625474241971397,0.5172405087490515,0.002845289070334281,0.03653286441033447,1
7.075627884899375,43.113111366197465,4.166759937892301,0.0903384786681696,-0.008479601189579463,0.5247974844127863,5.766338250281957,5.828643967437962,38.62881027227735,39.67938508017067,0.11293816965684661,46.05,42.625,1.0196767806474618,0.7001384611623358,5.766349529952368,5.8283782070066525,0.5674745359886094,0.08889122004614106,0.8333935248081809,0.5368658330548126,0.0012832385653322742,0.01705721637220174,1
6.762033441795308,43.812141609191606,4.196328129361606,0.09335482032451603,-0.01080682050276918,0.8003320106912444,5.740655080503532,5.828750657242976,38.58704720512464,39.709266761016245,0.11963807072018594,44.125,43.2,0.9020100472896795,0.7439200328190179,5.740719788257545,5.828549639500107,0.525851445293427,0.08739361448885173,0.8138284191350639,0.5804135424240904,0.003603931591691258,0.037934835936177705,1
6.682778507729091,47.21792146234521,4.207022060991453,0.09459740517670011,-0.012191466391335408,0.9421755401508946,5.744265641235715,5.828763132949278,38.45377957544674,39.44509212637553,0.10130035978734482,43.65,43.625,0.8625490224278574,0.7761592738621754,5.744211774962018,5.8291940806493425,0.5153401511018599,0.0876029320582889,0.8078733925259447,0.6016815428836733,0.005322870977305246,0.05174420363988599,1
6.980554330761897,45.11301699440709,4.1829448549344255,0.06297426755604622,-0.008880162852997735,0.9148186450535413,5.742800292947178,5.828658085261175,38.33247437162148,39.375337767212166,0.1121577661395469,45.4,43.25,0.9951519182220281,0.7478151337217778,5.742561707403678,5.8288685761791506,0.5581202317015319,0.08894767419534745,0.8281381845420994,0.5624177581536218,0.00253459548926731,0.03212450414711273,1
7.127369624853588,44.124980320392076,4.175207986713011,0.10227441211696603,-0.012819897191727098,0.5774113629802929,5.722395350382253,5.828983278889976,38.718072958299075,39.512289258125094,0.08236582991134483,42.375,42.35,0.7872129327635156,0.6787044825196018,5.722743693679326,5.8289757942514395,0.5080042561383614,0.08707192844635464,0.7531544344233573,0.5213695913370098,0.002423072600501201,0.028607527362272348,1
7.11511918330298,45.39057912603801,4.137033979449451,0.09011407618976601,-0.008948172906040849,1.0770877446561906,5.7109978980752185,5.828984365257358,38.564152007654535,39.39554566696666,0.08497941603270703,44.475,43.55,0.9579600415132443,0.7702580155012093,5.711270565992616,5.828863709959696,0.5513344907366192,0.09550847517239924,0.8071576263232882,0.5692357147552476,0.0026419131503304834,0.03274624323954285,1
6.872953994261221,46.83225865271078,4.149536703391084,0.09884375251351173,-0.008438042142980062,0.8836476275371286,5.747108113798337,5.8285337239468324,38.338270679268255,39.43592140297479,0.11084581500863205,46.175,43.725,1.0481107936394505,0.7839544612978111,5.747182783392106,5.828384912357964,0.5660597276792257,0.09463421826007554,0.8493699894972818,0.6012459297928551,0.0024530449600369975,0.028597409557678994,1
7.018948005376098,44.036454838807245,4.2268861323460225,0.09611422879842474,-0.010500634251403108,0.8543479522445104,5.762729397692791,5.829081503208847,38.601009328053834,39.75906229259412,0.12366124887994484,43.925,42.7,0.8648644341590073,0.7054421978729692,5.762782561130448,5.829039313366271,0.5171367567958733,0.08307099380590148,0.7860037671074432,0.530993900539366,0.0032590719427566684,0.03767024549488467,1
6.656333939235214,47.31573920076482,4.197144472367712,0.07279627252656386,-0.01204844580014936,1.3,5.757365431037998,5.828507064436196,38.39742091917378,39.323532225117674,0.0957074610521535,45.25,44.525,0.9694465924988567,0.8441985337450992,5.7571336727822935,5.828508837728595,0.5455190149640964,0.09102286118321935,0.8432306564372718,0.6305292057406259,0.0067591131544319,0.06680252329413923,1
7.171048659859587,44.91587688775039,4.210035016130759,0.11792955225534753,-0.012132521069264296,0.5634243210979947,5.732431950308459,5.828597404331448,38.4232828612373,39.65846824281613,0.12620818707516482,41.925,42.15,0.7425197869634106,0.6637057309203254,5.732320051682815,5.82894731739387,0.4859736298701431,0.08343000470048861,0.7289574297903713,0.5103019985028592,0.002389637811815288,0.027754586126281754,1
6.996185775331315,42.0451268094358,4.154068993324732,0.0754722379682675,-0.0071931998561821,0.9045983783812386,5.720356635765775,5.8288340932506015,38.55114856152635,39.739319379043174,0.13092368578716157,45.525,43.35,1.0268650146619027,0.755237595302007,5.720589936128261,5.829133210788725,0.5626785941162189,0.09253523458798395,0.8326543631424626,0.568910879356091,0.00191270991772821,0.0241782461158475,1
7.170625307909969,44.01377225433917,4.236897944044834,0.10029350133104907,-0.010026447423090218,0.7351400110987395,5.719472114862318,5.828902991116193,38.602558802459896,39.7957420315055,0.12754543097766352,42.05,42.25,0.7651250198870718,0.6710970088838071,5.719232387771785,5.8285451162497885,0.48249939161925604,0.08078716806257277,0.7288540174353005,0.5001018601194697,0.002598218185144039,0.030477714935200025,1
7.24405027689497,43.71876680155495,4.180628812987226,0.07331059309053124,-0.006354990254342707,0.8402753033325249,5.719673712578573,5.828841318025155,38.561065701216734,39.59832172482717,0.11293835163046001,44.6,42.75,0.9586494302470268,0.7095070972858553,5.71942454744442,5.829230556256084,0.5462273850609463,0.08793371709768381,0.7954391654050842,0.5190919070562788,0.0013824445583063318,0.01926763610043694,1
6.684157974709197,45.93019082397338,4.149406592387549,0.09290456311297472,-0.010484229415772853,0.43691202839827115,5.784375127717252,5.828899956981985,38.57442972218367,39.38596752197339,0.08388820011326777,47.5,43.05,1.107649248327859,0.7323499239477149,5.784540647487418,5.82913174395727,0.585461341889322,0.0916808200815527,0.8802466224042234,0.5960543773538607,0.0017393906345812638,0.0200389233182935,0
6.516742788891626,45.28311272103238,4.130805507452846,0.07716532873612296,-0.009439575136469468,0.7120740875558341,5.74676135299289,5.828699172070889,38.508348258719835,39.3950560549449,0.09335037698626689,47.925,44.1,1.1760271025357056,0.8120839142827077,5.746574917343659,5.828847204779322,0.5911424730917395,0.0966377747539665,0.8976018312427109,0.6477258576881367,0.00273929478927126,0.029301473041603122,0
7.085180331321776,45.32551482295459,4.229083512039898,0.07825741313877074,-0.010235882322826809,0.6529999116189341,5.7773600793210385,5.8286809700410975,38.48913671971612,39.495372436725056,0.10806998483655532,44.625,42.275,0.9028345286226553,0.6732418224872792,5.777098999115736,5.828480851420128,0.5338936274532896,0.08118552963106025,0.7974760114491197,0.5099423643260049,0.002209401435021915,0.028611156823927508,1
6.978239786360144,45.8763190715468,4.2133783520867905,0.10087038571021133,-0.012948328191511637,0.80637992813272,5.73711729337922,5.828790978798176,38.35653022787326,39.49705678864524,0.11689441158119065,42.35,42.825,0.7705704680303578,0.7152903165403837,5.736981479671083,5.8286762441644715,0.4953010745136399,0.08498386620277439,0.755594085908479,0.5481457987776591,0.004101437480106325,0.044011925002792926,1
6.588767079610824,43.734336782721684,4.127344740001731,0.08457638318960997,-0.010308836773292617,0.5893822382586051,5.704575692337964,5.828799298226151,38.45178924221268,39.498691685619626,0.11080633959678989,45.025,43.775,1.005491371410356,0.7874685319028556,5.70432791936852,5.828959575809501,0.5563216886708884,0.0962563151930196,0.8529137830880075,0.6336885189814061,0.0024741512682574848,0.02605312483548036,1
6.723650752780531,44.98532684039156,4.197924986489589,0.09951014772306523,-0.00780486641297844,0.8834785853357717,5.785660599073931,5.828846882744474,38.811320357391494,39.78446358959842,0.10306169596657665,47.325,43.3,1.093656227472147,0.7514266678003656,5.785787071197194,5.828653577807167,0.5643233748970726,0.08758776890558088,0.8692728133124499,0.5838183893162949,0.002743496242291592,0.030156649290764777,0
6.6878320818523465,42.76730359854655,4.174366290023349,0.08816015681445635,-0.011811709285319981,0.6749960641480817,5.766823523785283,5.828741188845142,38.5631572681436,39.66738200565473,0.11899573030068945,45.55,43.225,0.9822504867734985,0.745831040585454,5.767051408525962,5.828915052015587,0.5551305655320594,0.08949449105934751,0.8482347287765399,0.5941747728588083,0.003281125782827986,0.035418029115300675,1
6.690223537644938,42.366434247057626,4.186014576162835,0.11674774617363255,-0.008742408603552637,0.9709811975818191,5.6999074453173915,5.8287534184249665,38.45681660812856,40.102196737310464,0.17397126778186875,43.35,43.825,0.884164243235217,0.7912918986404689,5.699933096094657,5.828280986807324,0.505880260647641,0.09100569553795952,0.8023624667848788,0.614978232723274,0.0038064076887312508,0.036434234286907154,1
6.592264700470873,46.67670908974102,4.176437426954471,0.10191843455584744,-0.013462817258701531,0.8088465421338646,5.766282113324064,5.82865573586623,38.380801468679124,39.405329637553926,0.10326989614345525,44.675,43.75,0.9176538528563416,0.7857225417952467,5.766566500357436,5.82853445478219,0.538879542251176,0.09113821568945066,0.8377380309732761,0.6249291641830511,0.0051146183246511285,0.04938994510824556,1
6.989017706360804,43.02376509762236,4.151959759086031,0.08238872758855062,-0.00907063058728167,0.8406662949858837,5.749591416347109,5.828417637271919,38.294745838784046,39.61141861388632,0.14071044713017183,45.975,43.425,1.030895291847222,0.7613471536747198,5.749606516082038,5.827944257467946,0.5704794214854416,0.09323613293412335,0.8402112651760482,0.5782866181124332,0.0022629640407993584,0.028551803080285845,1
7.036501653171893,43.41757367986935,4.2069877807034874,0.1115825969215116,-0.010089116698380385,0.7866779011276928,5.781757236785834,5.829033026777973,38.46044407860601,39.87970784924401,0.14916696399562596,44.875,42.8,0.9171232667012967,0.7131378667404773,5.781586333492083,5.8288310769349945,0.534071015184051,0.08584999621107935,0.8057367852979744,0.5426037291470289,0.0027148250483930766,0.032127410035333925,1
7.062028816804036,47.75886406897847,4.19187600813662,0.10931228637559433,-0.010792107965472104,0.862571962080666,5.795326992348197,5.828974651456418,38.5373518919519,39.41342384747557,0.08721945683798785,45.55,42.975,0.9537470182105849,0.7265573635672293,5.795455955815512,5.829494797880237,0.550240138848746,0.08786960986667812,0.8195844144954606,0.5472694966420352,0.0029928213175521123,0.0360350063780651,1
7.111571796035574,43.704480814552426,4.212597410122252,0.10219172774566257,-0.012979306382065271,0.7264972843778976,5.758899906788103,5.82909614927507,38.5728767336477,39.66970665605538,0.11538619816335251,42.925,42.425,0.7928174253317737,0.6843514785177556,5.7591976654969095,5.829254685145442,0.5069222305956138,0.0836556432138106,0.7592861644399729,0.5184708476678104,0.003295427862334984,0.03838605620768639,1
7.182914074945702,46.47574599581105,4.24948587788929,0.08959886222699216,-0.0070749450704202,1.1850425676211407,5.7426318743025835,5.8284002192077216,38.50025684739348,39.65735824766308,0.12219505980812402,43.8,42.75,0.8755249688071354,0.709948196103289,5.742728482329519,5.82811024075358,0.5086438204635646,0.08137705335307079,0.7680886945795841,0.5115326518204629,0.002716077253445699,0.03362377960186979,1
7.189913562555846,42.62069374503707,4.156718445529636,0.09340310327101042,-0.013578827841277334,0.6837441431657547,5.73351315437445,5.828785384112599,38.51325022420462,39.52425765873254,0.10636611301071439,43.025,42.65,0.8258313250685978,0.7019113627896791,5.733812404055481,5.828419656715423,0.5281068153967111,0.09013183710305105,0.7681962581909566,0.5315675419215717,0.0027002789354892555,0.03372417422236003,1
7.02747503504571,43.410960006625146,4.221496216461228,0.07729643132757143,-0.009709287317917162,1.0731318391874312,5.722436315536943,5.828411692725241,38.4096195402883,39.72210763838199,0.14327150363429836,43.225,43.125,0.8521359138936528,0.7385510755566083,5.72211674491284,5.828477405493241,0.510306280964177,0.08489674950071265,0.7735181925757378,0.5452709636599155,0.00366412934883651,0.042309697466314966,1
6.635797882545018,44.59656688173485,4.1790803631871904,0.07905548327771211,-0.01223997834729388,0.8393398795963676,5.729562804599203,5.82868565401397,38.4784609523794,39.4657043721785,0.10469108688806554,44.075,43.65,0.9093377067806747,0.7781290096496019,5.729787421268881,5.828607548681743,0.5328652996301018,0.09017146907804434,0.825947192858316,0.6113275274348641,0.004549574273651758,0.04591919389412652,1
7.289839010964517,46.95988490652643,4.2048886398277565,0.10324242983889913,-0.010887935797568964,0.6018022131234328,5.7968023696242446,5.828258905377997,38.37660220606867,39.39070785414969,0.10262181396052382,44.85,42.2,0.9002118904770438,0.6678938021866889,5.796564198359981,5.828098049304179,0.5418187348712761,0.08406733440991628,0.7895855251889223,0.5004137811159369,0.001826265736913895,0.025153805927996,1
7.232037004262084,46.423942736624525,4.160017938894261,0.09018107068251631,-0.010822011076029795,0.6817708449577153,5.692955231777756,5.828939853567851,38.312500631387664,39.24455424293893,0.09452129029999275,42.425,42.775,0.8204923960150703,0.7113200801045103,5.693005543830254,5.8291968079697964,0.5149580812312247,0.09048367867336805,0.7511848236588212,0.5337759424320143,0.002072823419274367,0.02636404228580934,1
7.080127941858792,47.77303390866109,4.1962550644016625,0.09446131584604316,-0.014858525914931312,0.5577104041455249,5.77078107204621,5.828716545570373,38.564067435607285,39.12406209672621,0.056300135810417845,43.075,42.1,0.7923736571979516,0.6597347334329609,5.770444603600029,5.828468647246992,0.5189838633279819,0.0838426964615808,0.7692893210432177,0.5146297676134721,0.002870900394499272,0.03460607092018761,1
7.226699220800872,43.49092875875575,4.238517640883332,0.09662759058332414,-0.012377586785129811,0.6126756451319225,5.756968928957663,5.829013742016132,38.455529301948616,39.71519551211004,0.1351674514658634,42.45,41.925,0.7583975227471065,0.6459379952557374,5.756740592802875,5.8288421436928965,0.49352532419596207,0.07948594178917164,0.7346854822081076,0.48665503600812254,0.00256330326132322,0.03191799721260573,0
6.673581014800851,43.47340005580316,4.176656505231576,0.08037967972005292,-0.013226954696100881,0.4889915385793318,5.716683225612774,5.82838506965176,38.48286780639281,39.46260886282601,0.10559398135176604,42.85,42.7,0.8293079140084822,0.7061386314300568,5.716451750105023,5.82889420341854,0.5174491886911925,0.08728746948450711,0.7993415329875366,0.5796268046115212,0.0028935397248406325,0.0304019670996616,1
7.283180004197246,44.067184524495914,4.213503260273602,0.08187742778514986,-0.0116954710003294,0.8171811120968137,5.765431842931003,5.828765912890961,38.35262855475747,39.52489048738272,0.12509879164050033,43.725,42.475,0.8470563423136408,0.6885187977841838,5.765142858610521,5.829089088814444,0.5261643979069136,0.08379838473166128,0.767337208609003,0.5042923580433183,0.002743269997595235,0.03655986618517815,1
6.888591804756036,46.475127356635504,4.18392669826501,0.09169323149436973,-0.011465767798807683,0.6984295890848398,5.731688427188847,5.828271687798015,38.526195942260564,39.369243706458185,0.08669290458739556,43.575,42.925,0.8694478386369084,0.7234456443218615,5.731970822090305,5.828723306856868,0.5239063350995953,0.08787915680391482,0.796357191725522,0.5628680316434348,0.003000414371821492,0.033478498024937305,1
6.821332542823313,43.48356780581284,4.1802175092020075,0.06681216502503966,-0.011365955611909253,1.1285057599155597,5.758507417577906,5.828596857480165,38.46489109407767,39.515471005215886,0.11370035027700774,45.625,43.875,0.9961206254752417,0.7952237922657197,5.758281799967028,5.82911135044627,0.5603091252239506,0.09095353524778388,0.8421864072275254,0.5961654518678103,0.004606625744738634,0.05167163764057517,1
6.992116091238149,44.31705541804206,4.183903094786587,0.0762077940467616,-0.014722457497751673,1.1568174593113798,5.779796208395321,5.828369368976536,38.5107891996014,39.3652317557576,0.08933393924241705,44.625,43.7,0.9003983995483731,0.7822281834388285,5.779756910923882,5.828385653596761,0.5489724393220008,0.09035874863233542,0.8117940871120926,0.5732346855797487,0.005717922631922067,0.06431530514379119,1
6.90400609861314,43.37347829142725,4.152267710386916,0.09481260208351909,-0.009388894056595903,1.025935910142693,5.7690167537641885,5.82882729358557,38.533526640792786,39.690545745092415,0.12156940537933368,46.75,43.75,1.0683804118244833,0.7855509840759067,5.768844842662515,5.828956618354662,0.5762033339543609,0.09424497657628184,0.8565557022169092,0.5939432661693861,0.0030847605929787644,0.03615895727437921,0
6.591624830933914,42.37456864733782,4.176584879621824,0.10413271867492205,-0.011142894604798633,0.5768201248102749,5.769909395110881,5.828554736513616,38.59182065244193,39.854152067873876,0.13531448394865336,45.7,43.175,0.9902681173513477,0.7422138638861879,5.769747775892934,5.828398638299227,0.550370380349198,0.08924427526892156,0.8548719180683368,0.6044542028870113,0.002919780928363894,0.029988078905817707,1
7.109669603386769,42.59191681540976,4.172383337940232,0.1066887991067168,-0.007569159625435122,0.7423310390542115,5.771372306405136,5.829117633630102,38.62745193919074,39.9112779761483,0.13676834145982267,46.125,42.9,1.0201665471979258,0.7206915238950238,5.771269701308321,5.829392160022192,0.5619560434741206,0.08969036393116492,0.830114179995651,0.543033804731814,0.0016165082646788405,0.020822145645875346,1
7.272003733694125,47.81804782926277,4.223527842023539,0.08500255352581475,-0.011943218579806505,0.5717580252668114,5.783238481706057,5.828604340531299,38.547425517046705,39.20578011666053,0.06766409447563178,43.95,41.875,0.8462411358808319,0.6424852122410938,5.783344986650966,5.828075789108271,0.5271846138822557,0.08047848101812166,0.7708154745054163,0.4807386680923131,0.0020231737524790726,0.02778850283908696,0
6.913495560493308,42.922324636471814,4.2023637755579575,0.0938415320894483,-0.015573562938561577,0.6645333413779674,5.706594245952687,5.8289370181769256,38.39979447234973,39.5696968458199,0.12411554520868312,40.65,42.55,0.6691410057653453,0.6940990847432476,5.706347981113958,5.829468615953077,0.4722288245649879,0.08472910241865245,0.7214264041339595,0.547127941661935,0.004523885654975988,0.04548742762787456,1
7.126405956918615,43.8948068364389,4.203303490697946,0.08181158198678554,-0.009255897800640352,0.7605148010584675,5.7182128911492365,5.828675501839502,38.26495667718436,39.623323831407035,0.146111142178492,43.25,42.75,0.8582603278337162,0.7096729134715085,5.718194052651845,5.828805887822208,0.5162940246267382,0.08577930351684998,0.7698954113834144,0.5322812703648648,0.0022192428304635397,0.027783747289607492,1
6.5510689157684725,45.20219101721854,4.173483474139754,0.09464578601095171,-0.008534496713617367,0.5813447717422715,5.713157630898574,5.828511926491857,38.37008742768952,39.65182473896269,0.13498953827423055,44.825,43.55,0.9819898656096244,0.7707304542667099,5.712871197714816,5.828327622183539,0.5353754290765843,0.09083108960338612,0.8442397464865972,0.623461798569561,0.0022707498014776957,0.02315289684597773,1
6.765224810536838,47.354975927829955,4.17368647361427,0.08244001665205546,-0.010328051766829457,0.9182968430386006,5.7261045800280055,5.828707756369167,38.5611545748705,39.309948744380286,0.07699033311397642,44.55,43.6,0.9484740583580908,0.7743218513185042,5.726130001211984,5.828736893520728,0.5400886360543599,0.0909143753884346,0.8265621580638598,0.5963477976486027,0.003666981246519236,0.03941415249786473,1
6.896291681566855,47.069276128367775,4.162205982131546,0.08153872240745723,-0.012631993027087993,0.8524645533678235,5.746760815263857,5.828725264109063,38.46068748138085,39.16575152468611,0.07171729245818613,44.475,43.375,0.9221971243246054,0.7572446720506827,5.746455281090276,5.828312504326768,0.5481634603483329,0.09156023851317731,0.8183623757399388,0.5805455245491477,0.0037306036763228296,0.04252284874742022,1
6.910526455442363,47.279197712984946,4.1689528700018545,0.08834084297793729,-0.00943356199248633,1.1074510061512326,5.756341834651291,5.828510106979171,38.64757714798458,39.35452253687982,0.07200018220724123,45.9,43.65,1.0186120397304377,0.7783045566844011,5.75636743407409,5.828984603092539,0.5612867559703174,0.09193995737829241,0.8409523899459738,0.5832163260161187,0.003466903627959847,0.039910159145442214,1
6.759320946555878,43.402338268347954,4.180230648294527,0.07927725056622124,-0.011996694253041364,0.9224744546741878,5.728157253487388,5.828586775876047,38.25920371411302,39.574641627706285,0.14061352487453369,43.9,43.725,0.8975502559035906,0.783901409368597,5.7283080259636465,5.828997601100532,0.5311163750236235,0.09068901424241556,0.8138056172441699,0.6043072061613718,0.004437909975177774,0.046855924597788055,1
6.847708935519191,42.45878547475896,4.142900766632044,0.09802914496351346,-0.014437121608522395,1.1873281367622286,5.739609833419213,5.828906055692319,38.43863766053247,39.63034583721297,0.12265997266918961,43.925,44.45,0.8879839984325848,0.8381772646209944,5.739475072103923,5.828813967724501,0.54066018578014,0.09741415908965038,0.8126197918545466,0.6241205601565136,0.00625437303931849,0.06284626790412226,1
6.502398538529405,44.315338610226966,4.178384292238533,0.06903364902395004,-0.010900330836763353,0.961100806811558,5.794444926187417,5.828468550855216,38.57240880940144,39.51830457371549,0.1022947232913874,48.55,44.1,1.173338078470521,0.8123145354983814,5.794658269367975,5.827996870234328,0.590013858864045,0.0912111568078586,0.9013131014303358,0.6356880944835184,0.004649371100854539,0.048298055539640436,0
6.529973959587297,44.227446959225524,4.134021852899878,0.09546995965154552,-0.010980115086272103,0.8697982467894759,5.750048902500415,5.828405250214242,38.52895045423023,39.572409397319184,0.10812210381218969,46.75,44.375,1.0873482630882565,0.833051047022872,5.750066981972571,5.8287197558119175,0.5739825784706684,0.09741805243981945,0.8803021637798745,0.6555530022218877,0.004089268549802877,0.04066608465585053,0
6.7809022413661575,45.42717900841816,4.188580131903486,0.10760136439451193,-0.012205576467853935,0.4808300825567681,5.7618369547829875,5.828593009704208,38.70165624676208,39.53903837769824,0.0863297165680327,44.05,42.475,0.8751804476350591,0.6886917009709368,5.762020984590157,5.828625611147344,0.5270434767914325,0.0858408132017136,0.8108345864502313,0.5582733975275124,0.0024659460021606533,0.026597372351940637,1
7.037552731698791,44.7842748705965,4.192785361912518,0.10517852546788413,-0.012727803623067456,0.6581486752201462,5.777781197361518,5.828996567245474,38.4408539683611,39.54675515403325,0.11383627540284735,44.125,42.575,0.8648839304316933,0.6959555398584554,5.777812399327187,5.828603773247308,0.5312708553138573,0.08626978623752286,0.7939773669444317,0.5386162954749218,0.0028755967293207763,0.034118859675575736,1
6.502581801630277,43.08628110214197,4.201441632004658,0.09929579688351878,-0.012261179269288146,0.9075880096676366,5.767587041296988,5.828962479758791,38.41167715897276,39.83785642084008,0.1514635115550824,44.95,43.975,0.9368890754477057,0.8024023872953512,5.767870843789539,5.829263915534179,0.5328443038856179,0.08903462597755865,0.8448492498120252,0.6342736933638621,0.005769423188583855,0.053359212391913435,1
6.781611426111706,44.462338002037576,4.158725621098396,0.08942194979195518,-0.011424225070284292,0.8131416349134554,5.791693425948977,5.828563858283445,38.382357482704755,39.49451518434942,0.1159345449398134,47.125,43.6,1.073071682924014,0.774465749404226,5.791768261433082,5.8287362600253925,0.5817617929211925,0.09271840725003459,0.8686963433286432,0.602684430222099,0.0033205361222442623,0.0380237769044364,0
7.277080218781656,45.4758514593816,4.214654307622385,0.1001177797184104,-0.01355566208396127,0.9874532117055278,5.754511135506922,5.828786414498727,38.18590531740871,39.47589006728267,0.13132020904246358,42.525,42.85,0.7666084002783249,0.7172047251225298,5.754602772442014,5.828815574430171,0.5010134166269433,0.08551132756337347,0.7373221977926177,0.5224917449382848,0.0041750093733560305,0.04993779904354276,1
6.968561639617778,45.325879749122,4.163726644811014,0.09860017595237615,-0.009775479665444297,0.9695530463860121,5.706720170306896,5.828573692393899,38.48050270242515,39.53377165559986,0.1079500379932484,43.55,43.5,0.8925222104516708,0.7668792867425607,5.7069241361133844,5.82865937147558,0.5254985246236555,0.0923607572441291,0.7930595017290756,0.5787853034675944,0.0031955498452114774,0.0356975349703548,1
6.9180914947460455,42.22034815419947,4.1047789579707095,0.09505552764517772,-0.012418929264970971,0.8454482800058439,5.723928950165847,5.828631106639866,38.353362266464295,39.53948143818433,0.12297306800884804,44.725,43.9,0.9637462811832354,0.7970764027511121,5.723910138302767,5.828343297636082,0.5640711942785938,0.0999953897721625,0.8291470128266113,0.6112922151397027,0.0032326323230013813,0.03721765253376826,1
6.886439061105381,42.29896480297281,4.19605161320518,0.08017137706793773,-0.01029943861586941,0.7794107131629894,5.772144819349963,5.8284667889386,38.39415053098062,39.75864713172102,0.15008444277105168,45.6,43.05,0.9806323871036904,0.7327830919910996,5.77195476956322,5.828412545149138,0.5535629898780666,0.08701391505548449,0.8339732726171385,0.5645796278726766,0.0028483061848411273,0.03397355838311132,1
6.601614614373777,47.25284210148911,4.209339599488395,0.09499551912104962,-0.010173709684005269,0.8342828611314702,5.754144782526367,5.828770671546456,38.59383957237289,39.537964797404186,0.09775174540170929,44.925,43.45,0.9484666488487203,0.7628907275243426,5.7538814785682195,5.829159395250286,0.5303622726249392,0.08664239263487715,0.8371873786487887,0.6020226702529251,0.004029231360583292,0.04006038996700435,1
6.616483110758887,45.93484374004385,4.231250267730173,0.08760157664916367,-0.011648622879446577,0.7709297514088127,5.759734056216189,5.828697990229733,38.57276944531193,39.569800105500086,0.1057304888918221,44.05,43.05,0.8772833462018577,0.7325518906999671,5.759700720243015,5.828223320485399,0.5159374097055281,0.08301917175511249,0.8170582090348175,0.5821076841021573,0.004483160046378227,0.04458705200809462,1
6.504357306007203,43.340207166748385,4.165303515729794,0.11587072363349984,-0.014729547988849035,0.9974240985238728,5.759338796594713,5.828453700306381,38.53281283517557,39.74682611298605,0.12314851825154254,44.05,44.525,0.8776786058233332,0.8442518978749138,5.759501513880051,5.828194479829018,0.5288410424505211,0.09460611254883368,0.8327727887072216,0.6580153036354338,0.007641625951045527,0.06492356716596245,1
7.18211056881043,45.2711611150737,4.206321511945233,0.09902038972425382,-0.011142065029060204,0.9946700287905582,5.759934732005581,5.828864615006309,38.39856197165973,39.566935715737976,0.12043380030989567,43.8,42.95,0.8582221111041379,0.7247603361180683,5.760157512492969,5.828546226250967,0.5224683102112044,0.08643388771653789,0.7753074429225547,0.5321923547396356,0.0034474451740866426,0.041822170664234805,1
6.80847207349901,44.874038646078276,4.155415128009889,0.09254724135461423,-0.011841038945632229,0.8793096806083225,5.773481128561403,5.828702456062565,38.5725691990534,39.45788202003251,0.09133695548922065,46.075,43.625,1.0143756760566793,0.7762199507488878,5.773213572103931,5.828836944526774,0.5683927630793482,0.09313806704227734,0.8515572048165128,0.5983761966646728,0.00373065969110478,0.041425810941540145,1
7.199186963202872,46.595693590700186,4.188752533524954,0.09949563457035872,-0.013995969853990759,0.7600192829145395,5.732839598678704,5.828737290592766,38.47754480448669,39.27171010941703,0.07981281013397028,42.125,42.55,0.7575378941948809,0.694298812327407,5.7329091164059145,5.828228228220557,0.5017834249797762,0.08660235768988044,0.7392390458757274,0.5212567847962296,0.003417380120274732,0.040330407735635065,1
7.174946827484707,47.56888962992603,4.187258921540896,0.09068443502012342,-0.009470110055215093,0.7439459505312808,5.735086188076858,5.828396254632454,38.474507589772834,39.29528295033327,0.08347250990481571,43.9,42.675,0.8906213213141205,0.7042142495993717,5.735398989947093,5.828105040462111,0.530317662841134,0.08717166067388352,0.7826068746393139,0.5264423595459824,0.002072081198135171,0.026602156328650938,1
6.542590928538153,45.32002519180693,4.2073743450522985,0.07952697419494875,-0.012270442792402275,1.2627458603480588,5.763578703576976,5.828873386300665,38.37434333178443,39.5697476972999,0.125630172914327,45.275,44.7,0.9650912987340305,0.8569324738780466,5.763774068030667,5.8291809545510915,0.5395318226047308,0.09034050093743153,0.8487806193611838,0.6467696374188251,0.007554602690396782,0.07008318537918469,1
6.881219418026319,42.24755700542801,4.158283454879568,0.09038856958676628,-0.012642315317794054,0.7471097953150321,5.723812707990692,5.828539538615184,38.470592445129554,39.63611094647446,0.12430623273357609,43.475,43.225,0.8697447536532117,0.7460326908154125,5.724087515528653,5.8283201516488985,0.530836032647955,0.09157857691506846,0.7995907389915963,0.5798472088838604,0.0034205137690784923,0.03774832883759559,1
7.031966175931727,47.26811397512879,4.1788462012386685,0.09066018375459894,-0.011313938562586837,0.9680224583778215,5.764867469665848,5.828840753849179,38.57500865015933,39.28741636367508,0.07209639013217337,44.925,43.225,0.9377439617092396,0.7457314755814171,5.764850411188376,5.828473925269824,0.5485567941848953,0.08968056548990559,0.8141528678544574,0.557444778808978,0.003493794504408998,0.04154883096890843,1
6.729700781621446,44.89374350654995,4.210785218450596,0.08273069964752852,-0.009479253415273042,0.738273025358415,5.75620909853504,5.828802616774208,38.438629541137715,39.628344765361966,0.12790543893736375,45.2,43.1,0.9668854270536045,0.736256408093733,5.756460526745347,5.828535180000833,0.538698078156517,0.08551569309950953,0.8345703323750036,0.5784711970243324,0.0029102898357340114,0.03218372876419408,1
7.095970785814809,45.28983426491998,4.2058914089471,0.07284403208750974,-0.01089155970382676,0.6203372884263633,5.782095184210992,5.828742441300734,38.56330850513481,39.367168571308945,0.08604491347337301,45.175,42.3,0.9391398213516009,0.6751025753029056,5.782000687585391,5.828189346200118,0.5514157441158741,0.08338079814937532,0.8120445584740961,0.5131285661078973,0.0020882487711756247,0.027888794736316475,1
7.163947329541111,45.98897548405828,4.172507451270872,0.08064270222635751,-0.012542716360811815,0.7369606286492513,5.7637279124865355,5.828517389147919,38.52869366357412,39.206163823929934,0.06985705009928404,44.425,42.675,0.9014802613066877,0.7040931150839072,5.763448301157662,5.828992870932712,0.5492760275406714,0.0883079739950251,0.7979059806982153,0.5285040904669633,0.0026487598408744613,0.03455513702269754,1
7.264066709240838,43.90681749091406,4.1475153932598445,0.09290632413357686,-0.011436187106923519,1.0819931132601588,5.718211255905222,5.8288323583636235,38.3804545422861,39.472940024470816,0.11229208459130932,43.425,43.4,0.871553535041417,0.7590352784366177,5.718359095255384,5.828686082618542,0.5352499484821001,0.09414929329407634,0.7734474811883144,0.5514837879050603,0.0032308774156259317,0.04075860200706902,1
6.9960121488329765,44.91047660191691,4.172973896958283,0.07573461069869508,-0.012492272572145894,0.7635983686669028,5.728600033893461,5.828466108002023,38.6481375786584,39.305580025172816,0.06927143984596981,43.475,42.875,0.8649574277504435,0.7194343188523744,5.728330437950986,5.828789734087132,0.5320026928000612,0.08860054810656676,0.7906900406784091,0.5481343786111766,0.0031850640790821766,0.03756070639782358,1
7.25402685808359,43.6018898369017,4.191791641098164,0.09105197754074572,-0.011675582232943153,0.7812416203928606,5.7124615637465155,5.828924773041649,38.664069620405385,39.57815303610992,0.09688206852302776,42.225,42.475,0.7856150747673762,0.6883599376334955,5.7126609750875526,5.82838267223982,0.5029198083287689,0.08589285139444498,0.7382724746814368,0.5078970586686027,0.0027448557134534457,0.03384518671801235,1
6.643736379158409,44.40372556937466,4.175779560983954,0.12004568109187137,-0.01334421868715173,0.6776772540877828,5.745045624375816,5.828807185368233,38.64554067379884,39.68233350332219,0.10544919800923923,43.25,43.25,0.8314275946071366,0.7476660336147196,5.74517324785048,5.829117577112777,0.5137598054684966,0.08980475049224249,0.8052198955027953,0.6025217294420712,0.004353959154177042,0.040747659111236456,1
7.203418819512538,44.64434334474004,4.157364481626987,0.09524315520675031,-0.010755770168585081,0.6574904691593124,5.74991778957616,5.829226901456942,38.60537525127806,39.4394339786704,0.08616054445842014,44.5,42.675,0.9209142424870072,0.7033836027748839,5.750062851248505,5.829373564172377,0.5494463180807856,0.09025594659466575,0.7977865135084964,0.5294204814799361,0.0019224869168659854,0.025341958223328825,1
7.232542749919019,45.56708432366914,4.211102535518323,0.08799669337025494,-0.014790410306083671,0.5946789896482813,5.7691676948679245,5.82861415538131,38.40205432564196,39.28387385107393,0.09146891478318084,42.75,41.95,0.769180720443086,0.6482678105032011,5.769479725800942,5.828196256218891,0.5114926511550394,0.08199872857046461,0.748525017899783,0.49356334804994645,0.0027869992248704934,0.035855997105971156,0
7.294181225493712,45.21236649162756,4.186431595726016,0.09854779227708291,-0.011900576073352518,1.0098849380223052,5.77094012507323,5.828727891607603,38.44681333708731,39.46740842650582,0.1041618375646141,44.2,42.95,0.8773679303646347,0.724897059516775,5.770758676536759,5.8286363309460745,0.5373099056901212,0.08852116270754266,0.7799002325057097,0.5252765398664163,0.003281335161377831,0.04222328000353119,1
6.8360209855315786,45.5647820400679,4.1717730755989075,0.07411853141538241,-0.009045119303363906,0.7227143601204161,5.716291693540395,5.828482809937925,38.5372927502136,39.39690824830219,0.09127199251397618,44.6,43.175,0.9620314492852051,0.7422857904618789,5.716274179539972,5.82863937300617,0.5437324624692282,0.08969188085166425,0.8239290395251978,0.5758120710573735,0.00232804045570789,0.027100111272014175,1
6.937269811688523,42.50927487292645,4.188521935832566,0.10799343923061006,-0.009961772859056636,0.48518484483056373,5.783051709854651,5.82878013135896,38.66284587478231,39.88557996730787,0.13106699555781126,45.55,42.475,0.9660223007041306,0.6885045793161844,5.782765385586985,5.828609404937235,0.5493541894084001,0.08618001200834222,0.8283415977855224,0.5428357919957875,0.00169612462010662,0.02038279178859278,1
6.688731716410836,42.385017644359955,4.158098402930883,0.08344180084254893,-0.015639909365898833,0.5964350822831054,5.751977478476078,5.828790684309421,38.3121980109119,39.441060790967946,0.12045285603953063,43.65,43.05,0.8548371851874936,0.7324591966202787,5.751851857753739,5.828847297228143,0.5385649209596566,0.09054261328855667,0.8172054238215323,0.5969536567628931,0.0039773877572429304,0.04192798460611257,1
7.121807148539605,44.134663848721644,4.103226033554542,0.08477294631599717,-0.014045393065649898,0.5643806680775144,5.746936999455943,5.828857291214987,38.41221165975173,39.13874765157679,0.07423584057398012,44.775,42.95,0.9444754075026953,0.7247676599093902,5.747130333357816,5.829153906306029,0.5746154981128833,0.09678488266841284,0.8182636458394117,0.5609314220374756,0.002059185121558053,0.02741196057797727,1
6.835699698325959,43.373656741147656,4.2042672889982144,0.10860052395819023,-0.008986616315852675,1.0602987763104759,5.735804528241405,5.828699080017213,38.61572260884631,39.96372551385813,0.14270780019869705,44.15,43.475,0.9087421079106806,0.7648583816266914,5.736089345136791,5.8288656290657945,0.5182451998404047,0.08794952581450238,0.8060836894004967,0.5807147939732354,0.0038237967224045953,0.03965391089988735,1
7.260745120702002,43.22549453626461,4.171588722119883,0.09993294659946823,-0.009161123873029085,0.6501401510762989,5.762238849161284,5.828440864866688,38.63793108868752,39.70161125894789,0.11244221383232693,45.0,42.525,0.945965083338085,0.6926786709185588,5.762331405769427,5.828559144661878,0.5515418293458944,0.08838337706044787,0.8008118416375433,0.5158653399851167,0.0015663926773291483,0.02137116643193621,1
7.207543516290582,44.16848687807592,4.1477431431671565,0.09206165718799927,-0.017968935391703213,0.7891348434521245,5.772605539900594,5.828804479257409,38.75345625794728,39.17542487588793,0.04278696719110474,43.175,42.75,0.7981630604992098,0.7095439360536018,5.772714987523184,5.828454189377905,0.5388106117302527,0.09120189813566192,0.7722890117686737,0.5305473748854757,0.004115288552675158,0.04971956017449849,1
7.133256703722145,46.09346468624408,4.2139017499868245,0.09212920346061587,-0.012545219928815327,0.8356969758630272,5.764624676812628,5.8288033711109914,38.505604289323884,39.40780094079415,0.09309263982901249,43.45,42.625,0.8270367222581712,0.6999790574893066,5.764524187672855,5.8290939750419986,0.5176810189246158,0.08414828789537135,0.7705873804770755,0.5218960351755708,0.0034828851661222585,0.04182225432407033,1
7.108493274335224,45.88580264275149,4.22370476982329,0.06985886664847213,-0.00909723972405478,1.0697220663477442,5.778276937302091,5.829001572653171,38.44670116348795,39.44463691392335,0.10673868665873308,45.45,42.95,0.963384578971179,0.7246233784712066,5.7782750242985905,5.829014644886142,0.5484610029247001,0.08406012943538398,0.8136643146929214,0.529226194684207,0.0029980249091914163,0.03878770165775203,1
7.022611189354895,46.92772973492986,4.174395642340549,0.09925669674288311,-0.011996776899734957,0.8281989892082282,5.705357058133617,5.828730281460203,38.5937863535404,39.324285231556225,0.0734707660412656,42.35,43.025,0.8023307032759606,0.7306141979828453,5.705004939501955,5.828350091074498,0.5058396354082841,0.08953168527007285,0.7607938250319755,0.5544850860902886,0.003472736452671995,0.038189314306264176,1
6.641676971072946,43.68661270296466,4.156562731062073,0.07887739387324891,-0.012483814830590372,0.8882169615786338,5.713496293066251,5.8289588308016755,38.699896957140005,39.48008575007517,0.08294858680161615,43.9,43.85,0.9122112163247271,0.7929744216556465,5.713443603574868,5.829127307221436,0.5364555486970366,0.093123804417466,0.826125415390105,0.6179433368022406,0.004733967176576777,0.046958996451329324,1
6.877447451454256,47.03139646294285,4.211341478550877,0.09393910517911587,-0.011386114255991352,0.6841089042040216,5.750731555818409,5.828990757253559,38.37340970194626,39.416960027304505,0.10740434097909493,43.65,42.775,0.856083107845163,0.7112691764188028,5.750405559676797,5.829403399005709,0.5171863003216667,0.08477801863820071,0.7932834018814777,0.5560562821101099,0.003093615196224709,0.03441537948634913,1
6.838413487396762,44.98120117679627,4.187909884526641,0.08206438317845438,-0.012449787860170583,0.850621889329855,5.723542564335375,5.828553397803115,38.61375477966207,39.428681228084386,0.08576945902961515,43.15,43.2,0.8453233956306221,0.7441172922588786,5.723654941608175,5.828764271311117,0.5182061997990403,0.08808025436035426,0.7915172034742399,0.5721506471344958,0.004188667371761102,0.04446718220630928,1
6.61287596028201,43.24401491055035,4.129882201546775,0.08972197001192563,-0.010819200691376126,0.9003954538649517,5.775735035300549,5.829399249014689,38.48302988565098,39.5998628487488,0.11733397618829644,48.175,44.325,1.1650862417530528,0.8283030573369548,5.77561240376895,5.829295628236166,0.5961879854397519,0.09788894157540945,0.8949045678109475,0.6462060563549588,0.003735761351867502,0.039811353467161865,0
6.900252043093384,44.001650165385634,4.166181139106451,0.0787502741651689,-0.011224877161339922,0.9065776300825255,5.776718688571145,5.828757692610782,38.39973405555072,39.47553573688683,0.11400017112074119,46.275,43.475,1.0258543540356007,0.7647997690331225,5.77660989233666,5.828249347176626,0.5728221725163665,0.09153489608490445,0.8488380349686161,0.5828226505428754,0.003347681880866191,0.04008120113539542,1
6.847210349077123,43.53359146912342,4.180621986015984,0.1022691784915392,-0.01067541010420237,0.8011907309149915,5.695350156380942,5.828670989319619,38.581185992555774,39.745002602223984,0.1224712691889295,42.5,43.225,0.8238522488217068,0.7459012401109772,5.695130144088801,5.828765185170879,0.5023310324109187,0.08940120284632343,0.7755343701999178,0.57762430046676,0.003429598664237516,0.03529260448180925,1
7.101414976728909,43.97500822308958,4.167369490117442,0.11448671480454092,-0.013071254512413134,1.2700913752937013,5.735296244248759,5.828828535261596,38.694109577408526,39.67553176661128,0.0988208005136639,43.05,43.775,0.825953636680941,0.7874392948674114,5.735255410824957,5.828407203346698,0.5166484865347406,0.09324559601579153,0.7703637757817163,0.5711678027703635,0.005427313689799893,0.057284895851402395,1
6.995173274792127,42.82421959698244,4.177461503576033,0.09383185055494822,-0.013800547572449681,0.7651852475751008,5.7254507797544765,5.828922384141274,38.63941720646124,39.59328599157524,0.10092861276579151,42.475,42.875,0.7918339309206681,0.7189780427131236,5.725457916567274,5.829335149828322,0.5105448754806415,0.08842940129907012,0.7658226370129169,0.5502256605367964,0.0038057803677885556,0.04176341576406092,1
6.579950914823619,47.12018509959162,4.160484204150527,0.10337853553002352,-0.01037307349381273,0.9988383652497724,5.7313880740884064,5.828781645771326,38.57629028364384,39.498234705187116,0.09283915516242894,45.125,44.275,0.9861263471837951,0.8251645517869317,5.731250141524318,5.828851254492358,0.5429252180968422,0.09448826467882353,0.8486162868267321,0.6415884185225799,0.004628375342532843,0.0442872054462028,1
7.1927626733192325,43.448366146085,4.141582061552303,0.10817387911132131,-0.013098940557740848,0.6024824498031934,5.737717791765205,5.828745465467653,38.39381379479591,39.509660054961046,0.1138688761764876,43.325,42.7,0.8444551017404036,0.7057782356141633,5.737511840845017,5.828402915141226,0.5336655520355177,0.09229138994544825,0.775494632371777,0.5411306295942834,0.002235549237761377,0.02807959793095675,1
7.287625727574679,43.39271826102446,4.239875413642349,0.10320679776535546,-0.009319834824657843,0.7782172454073719,5.723470170887664,5.828632705355738,38.56738151445985,39.8981415000505,0.1430274010849462,42.2,42.2,0.7726825366770225,0.6675200022089482,5.723661066228872,5.828423016687654,0.48394181040693235,0.08055903849709266,0.7227239384633931,0.48777599092601426,0.0023420166379173706,0.028820842643556895,0
6.647134193135882,46.8635226041393,4.207376995099892,0.07607167043467562,-0.009863743647551378,1.0264376652055298,5.74367741193374,5.828717460954341,38.503045327165836,39.45251499383578,0.10012137798826705,45.075,43.75,0.9701143632109135,0.7856608167071357,5.743490123713167,5.828683916247027,0.5372901899816565,0.08761545514942595,0.8389941732656944,0.6052043910704749,0.004456675800994171,0.0459329529031225,1
6.537005495934197,44.763586577613445,4.150860149422559,0.0725515675101482,-0.010951051602106923,0.6598616337432252,5.791255053646459,5.829006503299482,38.589699469545955,39.38151972185144,0.08454312598336171,48.85,43.65,1.198022448356162,0.7778081603640903,5.7912491022435075,5.829238368916094,0.6020085643954386,0.0928659187039841,0.9054747303019088,0.6257892105219447,0.0029791636617138616,0.03274033749752904,0
7.181658087681759,44.39881654245744,4.183568737478787,0.08556127442521771,-0.015863856665626275,0.7959686906983968,5.768478229454836,5.828327568738287,38.556120219983846,39.29396797692397,0.07656347494068191,43.125,42.6,0.7984845388270134,0.6985399800940009,5.768219600063314,5.828264568051437,0.5267436493202887,0.08688262705657393,0.7667704500090662,0.5219846770294453,0.00391192564115486,0.04777004705141706,1
6.566920238813703,43.89806042120826,4.209002945871301,0.08351941877248799,-0.009594694748226981,0.685468619840268,5.758455731801036,5.828461658654413,38.40638087940063,39.74056528500192,0.14539277375033774,45.65,43.3,0.9980226408425112,0.7518118918904273,5.758651724985781,5.828914101728842,0.5423779207382597,0.0860857587640284,0.8528132123763248,0.6033525148739071,0.003086744527465883,0.032268993270207685,1
7.04027519391773,43.294351910648494,4.164465207023148,0.0986921954389317,-0.01280053850248723,0.42806149175277786,5.772629485767343,5.828752411408822,38.442576730961456,39.533095205207445,0.11448506613918927,44.55,42.325,0.9019491526187533,0.6770142613208421,5.772394092096793,5.829127763050866,0.5485806109868023,0.08809881416894963,0.8079377415221595,0.5367547317021942,0.0017434258446204919,0.022054819185055613,1
6.688126870916925,43.71852827513317,4.186241673772319,0.09007338706679438,-0.013324047198501457,0.7189814483293206,5.723328810023245,5.828763146945194,38.475238479604315,39.564607757824895,0.11539759867716276,42.8,43.2,0.8188420834952046,0.7439075431167996,5.723483072559418,5.8285407410809835,0.5107810581745106,0.08822036074115225,0.794247063343909,0.592464238226174,0.004378669893561433,0.043433547282360624,1
7.1756412170058494,47.990423491003114,4.174658789117399,0.08514329919792635,-0.010183439583477947,0.536320601181125,5.773531408651503,5.828680341172477,38.53330717934849,39.14582774637817,0.06216461363040552,45.4,42.4,0.9644208025177035,0.682847897267405,5.773374035074656,5.828393064612611,0.5610145058284277,0.0872708659402766,0.8148773778100875,0.5190720062964486,0.0015049158903328683,0.020776837740690852,1
6.8501305171779,47.30697034985827,4.153480790531745,0.1063963021988145,-0.011128004404649547,0.45080926879677335,5.784566540563367,5.828243956688898,38.469890966888244,39.31964493598016,0.08494589334157832,46.275,42.825,1.0180065020433782,0.7158373386496617,5.784816580804199,5.828749195261563,0.5695650074199615,0.09097659588954063,0.8511537586876444,0.5748030308966606,0.0017485455864142052,0.020782225819072426,1
6.531125719760569,43.083165354010674,4.1952282631283975,0.08730941661989479,-0.009305888124505552,0.6228827753183193,5.727378513053196,5.828719131599752,38.48803017986829,39.81706072904567,0.1455636640561455,44.75,43.325,0.9621655670766298,0.753453761905857,5.727228004122693,5.828384703915163,0.5311672377892237,0.08755424804858397,0.8417120265750117,0.6103822208536942,0.0028008949568635575,0.028324645712425947,1
7.01272789637393,44.74241962314883,4.216330326333858,0.090362915951579,-0.01058358819172478,0.803361654533668,5.718474042854347,5.828646884368718,38.423258796615265,39.615794781334934,0.1263284448164506,42.6,42.75,0.808393505977941,0.7097015309422927,5.718222527391187,5.828134390835219,0.4991672974237323,0.08431500531126,0.7597624294141074,0.5385428986282137,0.0031366870624881605,0.035521715940069705,1
7.015073254327908,45.03979006447147,4.149203855251812,0.10336501237498125,-0.011365441757581293,0.7286636004148017,5.736775932464723,5.828794847331863,38.46947806500652,39.459072582493015,0.1005106497046562,44.175,43.15,0.9096516794182197,0.7400711126341344,5.737088488996277,5.8290056031558235,0.5418237232037593,0.09278292401156522,0.8044473425007802,0.5681895091421708,0.0026234966205904643,0.030898220226993223,1
6.716338103032973,46.688091059094425,4.188349329359213,0.10187017369426615,-0.013593041522103206,0.6629401610287146,5.729055022401338,5.828926059849192,38.40090067396784,39.37783258537826,0.09897130169511119,42.525,43.025,0.7920645133839086,0.7304184195938559,5.728995241216599,5.828449038904153,0.5038597446375345,0.08775618913331175,0.7842332711071933,0.5869970476890644,0.004156255486977944,0.04099845419642536,1
6.977493348692842,46.72505066031392,4.185184806297993,0.09025906637619807,-0.008266645585972955,0.7443287510745371,5.783987443302681,5.82913176127598,38.69481788892904,39.44740206951274,0.07799775894360131,46.75,42.875,1.0534097222859904,0.7187686655784171,5.7837941179750505,5.828710600558261,0.5698020579038147,0.08774237343215067,0.8482100828463975,0.5484391599673937,0.0019527981982537,0.024569220194976267,0
6.717233521368592,43.53292594507569,4.226224097750601,0.10044327910071076,-0.013952975005993348,0.5912483134625703,5.775573237370816,5.828654029007207,38.57172345368142,39.70250109892632,0.12067502780124671,43.225,42.425,0.7989989920597802,0.6847935987856193,5.775542605627253,5.829060717100123,0.5069537357471717,0.08171629449990912,0.7923247586730487,0.5553189512904902,0.004012872329164614,0.04080388701000894,1
6.984047118185165,44.683336899961404,4.133041153053015,0.09963444443327485,-0.009972038102367268,0.7105046239287703,5.751927411742949,5.8287204521084,38.43341731167074,39.47827316779256,0.10684233816843582,45.825,43.35,1.017489106687572,0.7553512364442083,5.75194834205471,5.828658079375553,0.5702967323908643,0.09519392558012867,0.8392169523413261,0.5812638132274744,0.0021114321578158844,0.025961579319657157,1
7.297793245599742,47.90802701930261,4.162664404345027,0.08564516271033769,-0.013120468461245503,0.9042492437186035,5.737363265113364,5.828734987372174,38.32411010683373,39.02367123056124,0.06945539523455362,43.275,42.975,0.8410103940823488,0.7267970276514735,5.737288566722271,5.829190380031586,0.532961200671096,0.09084962539276287,0.7658060445256684,0.5318283377795275,0.0031300779527577535,0.04078979617467479,1
7.22704901367686,45.003632512066446,4.197508988867554,0.09352524589686433,-0.010848056138065791,0.8648364912536574,5.763224425406069,5.828951877884735,38.66636654752732,39.517091367724746,0.08867012910544478,44.175,42.625,0.8832031864768739,0.6998305507155633,5.763402903861254,5.828842537833111,0.5333403851169688,0.08590164431662263,0.7826560450521517,0.513994168420374,0.00272996456462112,0.03495074228190545,1
7.238798487410578,47.597910764015865,4.17150919352252,0.08627579649627053,-0.010140117804106884,0.6854248655971589,5.734391296731406,5.828865743466127,38.55448701806816,39.174824056982665,0.0628544220388346,43.925,42.575,0.893202535120392,0.6960863636378019,5.734420969288446,5.828555703731282,0.5381610677025646,0.08834408557813316,0.7822224933428398,0.518882527348669,0.0018871123781643946,0.02524299197267732,1
7.163851734151002,46.523701610712365,4.1780960798053774,0.09212286829276024,-0.010352890539100545,1.2664613533982498,5.7428628926253795,5.828500875376658,38.33050271745839,39.385040083599975,0.10666984972834453,44.275,43.6,0.9110833049328786,0.7745287323110128,5.743068545646539,5.828400612779115,0.5381334331318484,0.0915257985878146,0.7925066731193666,0.5605538086620327,0.0037957544880839298,0.046018464274210476,1
6.723843039652396,42.508192749473274,4.145536387496185,0.08246700466846903,-0.011675743546212727,0.9703975887363114,5.726984857268258,5.828874109455743,38.3699626407218,39.614610433584915,0.13266101135007186,44.875,44.125,0.971895646218873,0.8137910183374686,5.726978122991117,5.828455814371424,0.5533623729354837,0.09564561095428259,0.8393162506506586,0.6261128954529165,0.004299168158867877,0.045423650435630424,1
6.625841136348114,46.83312906663022,4.246241635871033,0.08687531329539395,-0.010044064947354377,0.8878466376156323,5.758579583577852,5.8287125587023345,38.58293126337546,39.61255649880927,0.10921149369650203,44.4,43.2,0.9047529160052203,0.7439581313596593,5.758639704757189,5.829156599150059,0.5147192849136633,0.08207275572316641,0.8206585449582501,0.5815311638521992,0.00442800674438175,0.04423413476768396,1
7.131739204822483,43.549409340190955,4.14819191598761,0.08859809668039402,-0.011917092137695188,0.7022577154286077,5.763684233749905,5.828820829691877,38.55879424706302,39.44666708351589,0.09299585194061159,45.1,42.85,0.9519691224024207,0.7171703099293794,5.763493684674208,5.8282875440685515,0.5635589633830397,0.09164661543507971,0.8161049977840036,0.5438291912028984,0.0023223931888351154,0.030273731291008642,1
6.721780283814416,47.99119711910175,4.163806568849786,0.09502390107912374,-0.016005183837877936,0.6910892343644801,5.736167827292636,5.828922593966153,38.35981585090781,39.07218178438081,0.07058306778785899,42.5,43.225,0.783034577910013,0.7456496354644431,5.73585404592393,5.829008186806117,0.5155109052782051,0.09076292448165837,0.7889126812979859,0.5981047284241838,0.0048983347364061685,0.04839797680173249,1
6.527046504906408,44.92856274599733,4.20593767394051,0.10250796497600259,-0.011530964730275789,0.7393050502895117,5.7487205853930785,5.828534988462983,38.45769150496243,39.70840305919246,0.13091542412910964,44.1,43.425,0.8920625009605185,0.7612298024836557,5.748737546753595,5.828073189713539,0.5183233266257118,0.08698103501858666,0.8268585936519807,0.6140984293875469,0.0044551398626307805,0.0419737008800218,1
7.064208648989466,46.37433602794746,4.181081750632285,0.07870336953939527,-0.017832359529703547,0.5397469194742394,5.7474992334403625,5.828621510090381,38.53050653776616,38.960874422114266,0.04403625863480508,41.775,42.0,0.7158590267831881,0.6521191883174797,5.747403695422585,5.8287737453479975,0.5074111929673207,0.08457487225899062,0.7454113536586977,0.5150172930356575,0.0034271015983613,0.04040253993189005,1
6.899179491588563,44.927567977913554,4.1583105185375615,0.09756818098287189,-0.01092653457289841,0.9039106479984881,5.720169167564066,5.82828355965126,38.55381064315581,39.514199443417496,0.09870239982683944,43.875,43.5,0.9036514821818189,0.7671694194851995,5.720055486824062,5.828189702774328,0.5331083267644987,0.09269558179453835,0.8055820868277405,0.5856984939211041,0.0034805326759250166,0.03807739287095652,1
6.663907615124351,42.36492665540172,4.161493424816359,0.10899491306719596,-0.012536639814412585,0.861034518816066,5.694794108086098,5.828797176117177,38.41118659943592,39.82102103715972,0.14706552059657418,42.35,43.9,0.8128936533234796,0.7969103332738019,5.694863060267757,5.828776859825533,0.5031674150385111,0.09349497530393422,0.7886212755205515,0.6255084020673741,0.004964170705460002,0.0458303444082384,1
6.7934888983042345,44.468270411627834,4.130027719313328,0.0916248316797389,-0.011833708787238918,0.7107633608798165,5.7471719352709405,5.828608174324079,38.52601605415427,39.399666176595616,0.09010586738278854,45.575,43.55,1.003753927157116,0.7706342064344884,5.747166223287678,5.82881326061496,0.5682288499065391,0.0956086033942589,0.8480847145804509,0.604585179213232,0.002937040496702133,0.03304830109503244,1
6.733623381160887,43.00383362637416,4.16229825322692,0.0765019833549382,-0.015780564445295398,0.7963730921813309,5.749568666271151,5.82875107362077,38.60809878263147,39.371634336427654,0.0812458667324805,43.675,43.4,0.8591377124386792,0.7591165631794707,5.749875785153967,5.828615933032716,0.5389125558638076,0.0910503366739042,0.8147819284904215,0.5947562763113395,0.005174935251793511,0.053302172169888466,1
6.982814918225429,47.31723604309176,4.241899215726636,0.09738848962857684,-0.010368366836679115,0.5919105893278158,5.751604873804104,5.828580216919331,38.549325595270375,39.50409143223594,0.09911732062038107,43.15,42.175,0.817261086161893,0.6656479897269367,5.75141240340982,5.828238107247769,0.499959321856718,0.07979549786373781,0.7684801973267116,0.5157344707215838,0.0024163257735658706,0.027924283751561127,1
6.740664232602171,42.91148559568247,4.198967186379202,0.08447315898539538,-0.008684866332336139,0.8413472902713379,5.791087466877014,5.829155060211321,38.58071520845726,39.831673614185334,0.1373264091595259,47.425,43.3,1.095493687803442,0.7511184903335186,5.791309155225621,5.828718778868789,0.571047579542439,0.08736709950661013,0.8707357775240201,0.5837303296300694,0.0028174033792802825,0.03222567266522808,0
6.651384126026328,44.869606423880164,4.210761641711541,0.08364161456505455,-0.012552822279717742,0.845517808113951,5.734568538766547,5.828368480925667,38.57863006896642,39.54297284612487,0.1025504435122391,43.25,43.325,0.8419046802164054,0.7538044125799424,5.734609434216019,5.82849784324038,0.5109627627330102,0.0858737657725515,0.8026313562202593,0.5910245837175405,0.005082862315760816,0.049636664390333984,1
6.583804360641085,42.940118774941986,4.186719375610496,0.09172075999593837,-0.01266515058506547,0.6936538567551647,5.786437445960847,5.82870880703665,38.40749183625394,39.69114197723425,0.1375114513066858,45.825,43.375,0.9829790724696741,0.757261129123096,5.786309772252675,5.829083477528831,0.5546256297560502,0.0886615731773082,0.8569836874138255,0.6104235807898968,0.004043686361184144,0.04155318892959425,1
6.981639374026979,45.37255259661308,4.214464193505121,0.09661738050322756,-0.007762078648614648,0.6959033794634811,5.762103731803071,5.828633104680433,38.53626184601426,39.69913677488127,0.12294799385182445,45.15,42.7,0.9572712391298648,0.7058905964013835,5.761904318157243,5.829106260917996,0.5364290215533934,0.08439200127309907,0.8151030872160469,0.539335132678846,0.001871295875385873,0.022731681512949055,1
6.906289118523204,44.69208944819121,4.145512286572373,0.1039657512122257,-0.010213839632419197,1.0857909254306557,5.753830062555225,5.828835602864127,38.56115232160155,39.58934012569645,0.10468805956688317,45.775,43.925,1.0118923674591782,0.7987582289876709,5.754028263824626,5.829256222955021,0.5626074834632873,0.09568590394879091,0.8410201170971077,0.6012874746183969,0.0036377032923999267,0.040689011157394275,1
6.515712883780141,47.27843937683946,4.168571070677387,0.0918590093511716,-0.014133866992971538,0.6417452264807454,5.709902619929449,5.828782591595816,38.27817513382761,39.23209038276221,0.09664825626495942,42.45,43.5,0.8054638317753211,0.7666703875406435,5.70970405199311,5.829136318356261,0.5091371885753728,0.09088220243057345,0.8025318805661988,0.6284151543741273,0.004700903338261635,0.0435185032608709,1
6.687556772925018,44.14851506410194,4.207826839147622,0.10051904766558169,-0.010356218167399128,0.8843349118224906,5.794089591217505,5.828679090220789,38.507419600303116,39.80283021566073,0.13705054089580923,46.35,43.45,1.0139938395286254,0.7629823088500096,5.794348051774639,5.828546386057239,0.5516315144040421,0.08712627809412068,0.8551766668344823,0.595643759581888,0.003951534179070508,0.04148628876892351,1
7.047667894519645,46.33323402208176,4.170952450675703,0.10348865463537349,-0.009517259896456147,0.7426751859466812,5.723435418024798,5.82855376104375,38.64897487704692,39.470502353601155,0.08344627143344736,43.775,42.9,0.8928324121042088,0.7212553964813759,5.723149665939319,5.828213982101434,0.5277260173400067,0.08960434783918246,0.7903850941796478,0.5486756131913453,0.002277762224853322,0.026880951606237106,1
7.280323051926845,45.871166391033924,4.164127613033595,0.10104395558446731,-0.00862575558366125,0.8575646440533553,5.74303462215887,5.828641847262538,38.405005783727276,39.461291216083715,0.10715343898495411,44.6,42.95,0.9352885206667301,0.72498310386184,5.742779332683688,5.8286683899723135,0.5462724523320172,0.09098982012810067,0.7926936603091079,0.5333081336466008,0.0018950512341437049,0.025439437300353307,1
7.228365548586438,42.416993457525095,4.092887144793856,0.09270109686894215,-0.011511292244716427,0.6435734753614553,5.779083336390406,5.828654102151371,38.55588571394119,39.42793434589486,0.09043205007174122,46.975,43.1,1.074747709090654,0.7364049227165701,5.779118682942235,5.828228129860896,0.607156708041526,0.09885021197937349,0.8492975990581947,0.5562075191488491,0.0016448633899928528,0.023631156878914858,0
6.558076658410764,44.111728891609594,4.120461812903627,0.0714072738297432,-0.011734267924811833,0.8627790095481832,5.754952282001291,5.82871757225675,38.559610927958104,39.336303499586535,0.08204049169582275,47.625,44.325,1.146134588919839,0.8289847340948944,5.755096742859856,5.828562863585317,0.5962720090727359,0.09839444625119124,0.8933390788759368,0.6501952873981681,0.003966722623834364,0.042065589629096435,0
6.552186348498665,43.88340694344501,4.184294407051941,0.10326639702242449,-0.010255629747574598,0.7057037249485255,5.763521819743009,5.828847841787119,38.3977434104321,39.79264843277971,0.14705982598789175,45.85,43.6,1.0077409871490701,0.7741817659005523,5.763748091219997,5.828655013569728,0.5474852943560772,0.08993786732795668,0.8586039763527795,0.6229575676619731,0.003391198836171144,0.034000000464958706,1
7.086426620310482,44.46091959693911,4.203544070328423,0.10190907940150443,-0.010847546604835957,0.7594743875641925,5.807370796827822,5.828815254402005,38.62920153637094,39.659795848832175,0.10785608554490367,45.775,42.6,0.9583516331865809,0.6980522944302834,5.80713134745115,5.8282830952874125,0.5534310482989399,0.0851969216036821,0.8210625107232926,0.5275034591460488,0.002620800577189989,0.03287648384807741,1
6.509680521655149,46.906963988737274,4.172929149871217,0.100424004150168,-0.009016045184666394,0.9606451646881936,5.716492589190063,5.828682754784673,38.26547625755409,39.59363789739195,0.13551154369042337,44.975,44.4,0.9898476944519778,0.8346497447983996,5.716658496314906,5.828589080100578,0.5345847848465866,0.09362292964557459,0.8489298346343098,0.6549542694443055,0.0041221955522135895,0.039176147952456844,1
6.586477293950891,47.614338868770055,4.150069448803193,0.08242227208850807,-0.012251185614531666,1.0500377972208026,5.738326783790199,5.828674826012936,38.40006159748358,39.223662332310205,0.0832241614436149,45.4,44.55,0.9996254273790077,0.8459038123731606,5.738423691763703,5.828411548442021,0.5574374463311492,0.09613198801641877,0.8560461137346308,0.6509833214006009,0.005478023477350554,0.05398251145238473,1
6.565423044815439,47.122922455180806,4.15589987371314,0.10342423033257031,-0.011940737078828404,1.1485358611897534,5.793490300479415,5.828690126055309,38.53349099778899,39.451714580217626,0.09143203744682955,47.625,44.75,1.1075965704417152,0.8608539540745168,5.79341323074456,5.828777601568762,0.579304280453128,0.09637145679969585,0.8867811189954485,0.65810827987269,0.005940172618008449,0.05722183639671358,0
6.660687396687482,44.436776338324265,4.174353184172724,0.1075408684629536,-0.008437776732178055,1.1089249909723968,5.790306701900872,5.828632230612289,38.407389129334746,39.840661018559985,0.14861469557278537,48.1,44.225,1.1451096518590091,0.8215557366560047,5.790089718324836,5.828615239004227,0.5766652590176868,0.0933049991069869,0.8853268874497586,0.631934358707384,0.0037473249811006315,0.03931139300289852,0
7.222466604707552,43.88228968003175,4.191121752668898,0.09492320507191043,-0.011117867034094536,0.561917180525696,5.725907311393783,5.828450978260564,38.48588331920408,39.57831440395038,0.11534782721199012,42.75,42.25,0.8124411039172275,0.6715490217394358,5.726002479060814,5.828512394900117,0.5112870075089109,0.08527179586576479,0.7525252361723849,0.5083016447157475,0.00188568493401375,0.024098664590997267,1
7.151203291522809,44.772137575561445,4.175964224350972,0.09058469088152349,-0.009748023776750965,0.821799258518552,5.705168988926369,5.828657720184678,38.522626916376915,39.50824467375618,0.10291409569774733,43.025,42.875,0.8541754905166794,0.7192427066697196,5.7051118626560955,5.82830460278854,0.518503578042711,0.08898787951006341,0.7675537909826543,0.5367258588644108,0.002414850739467082,0.029605805133433315,1
7.1158268873075015,43.838341632540306,4.149637148649405,0.10295906601682596,-0.00843972827654547,0.6153676637620265,5.7590981185324415,5.828420470652415,38.50124479635249,39.65004446411165,0.11949199662277897,45.875,42.925,1.0140104735395914,0.7232968614674613,5.7592343677816,5.828363306917342,0.5666932338386832,0.09214740690664895,0.829172346524704,0.5506357082331244,0.0014304630454410373,0.01878962461348334,1
7.289922458334195,42.98485190634447,4.1729510651456305,0.08931473494101357,-0.010319920281134905,0.8511256459475178,5.766294166835173,5.828642572714935,38.473843787185295,39.62608743614886,0.12249717091324024,44.925,42.775,0.9363172645399152,0.7116173609574261,5.765970640693559,5.828228994192773,0.5542007760574291,0.08911410774812918,0.7983005750924782,0.5217386046748674,0.0022456985301777645,0.030854422259245354,1
6.999968780419748,42.16519460509764,4.2102295737200865,0.0885711636543374,-0.009096485563113247,0.6830339198121917,5.720437086071759,5.8286756821549215,38.5292759065073,39.88948178607369,0.15027954729226764,43.3,42.625,0.8598364644730809,0.7001067464453765,5.720257914910898,5.8288685727606,0.51178868638657,0.08437882286794762,0.7780130642209008,0.5350735317447775,0.0022111017717100535,0.026052535959565127,1
7.10415241703178,45.05523651690361,4.2132481285200845,0.0823152918951144,-0.009621572692512455,0.6856445430909768,5.817282703644964,5.828700882100657,38.51541098159172,39.527962138935436,0.10812952801416348,46.75,42.45,1.0201144619437077,0.6866655696041128,5.817430987962838,5.828668459435391,0.5692114727678104,0.08346437584858438,0.8372296599264808,0.5177000372830258,0.0019865878771429864,0.026996800264919855,1
7.273393583507369,44.52062172445548,4.195523074716504,0.09397862255623667,-0.010627019257027895,0.8023698265630371,5.725871632531201,5.8286924311806025,38.420120321283804,39.55408720725219,0.11853989088636818,42.85,42.6,0.8201195070900553,0.6981751176516857,5.725645453159164,5.82881324659035,0.5116034741752202,0.08625538997621134,0.7503475802573267,0.5141857947046858,0.002473307364017965,0.03149353763145504,1
6.906215544068451,47.36202835533119,4.202452656621116,0.07653266625569534,-0.007035329868867343,0.7534917071537677,5.750719677547489,5.82862790156106,38.23436173882913,39.41183035081262,0.12373150932671867,45.825,43.125,1.018696840883032,0.7383348667207894,5.750899567959519,5.828749279304432,0.5520436734997655,0.08686518818383504,0.8358893540585091,0.5658774795684456,0.0018066198290414247,0.02237070343779262,1
6.703781634781305,43.33766736940134,4.205229284793817,0.08627399999415146,-0.014852712948609197,0.5981270935356763,5.756226861754464,5.82903886721243,38.43958812291519,39.53014084892819,0.11707353949576824,42.925,42.625,0.7954904703654124,0.6997435613878684,5.756340107198801,5.829439906276081,0.5120292048372309,0.08426993160207007,0.792604540019868,0.5687575693131673,0.004173230441328909,0.04290160752660666,1
6.564954688914192,45.56852380624842,4.136071260187608,0.08335055942474605,-0.011255875982117932,0.522670623884466,5.752208464427478,5.828780215476187,38.498615949892375,39.316254719479936,0.08513547222314276,46.6,43.5,1.074210801922927,0.7666727636602726,5.752142296911953,5.829185857222466,0.5774885727448237,0.09425827616253182,0.876950879633678,0.6252895173668214,0.002426928867486156,0.026231358421023587,0
6.869655180150412,44.34887326635559,4.211366126850151,0.07970359611789876,-0.009993395462298566,1.1931476496558802,5.731470419101587,5.828545837629177,38.36328126375941,39.656811515753404,0.1384662858931392,43.975,43.7,0.8998944479525548,0.7820517147861876,5.731465169688791,5.828875090713788,0.522216440797676,0.0876418495064301,0.8021758783339434,0.5825267442627633,0.004565993624288216,0.04928592807564049,1
6.517951097900739,46.32715013986257,4.126154817571422,0.09628059254213026,-0.011354855843293099,0.9365895167450414,5.757032079731057,5.828586406648748,38.44217150281751,39.387602648111574,0.0952326189054673,47.225,44.675,1.1150127396804113,0.8553495595316578,5.756808835432738,5.8284698651075955,0.581925612964271,0.09925529174753286,0.8880520596861489,0.66836540334528,0.00451272207155131,0.04458650452398492,0
6.825139734648655,46.60841163579855,4.19039859518221,0.11779720235539573,-0.010980657084655837,0.8164396890667422,5.764655419705734,5.828569897195242,38.58979445967053,39.6034033037426,0.10169579949693133,44.525,43.225,0.9080501784755617,0.7460023322353537,5.764426230990273,5.829044769320748,0.5290985787603816,0.08859984256600609,0.8154499967161608,0.5796347992416406,0.0036081569366486466,0.03769923595516543,1
7.245764371785119,43.55334629500236,4.189399621534072,0.09193610631540693,-0.010153350554740512,0.7655789272575955,5.762214088172208,5.8287983082371175,38.50729403203333,39.63755255005276,0.12003855053134815,44.475,42.6,0.9067438514162545,0.6980692405951707,5.7619200230918795,5.829257588609143,0.5409228047401567,0.08673864612913079,0.7891305293557005,0.5163096114755212,0.002155509710371587,0.028731175034629707,1
6.740468852595887,43.642452060375675,4.200440833355123,0.08877358638410765,-0.010646307148446972,0.6653818527535549,5.77023019899858,5.828680279524532,38.557082483503066,39.697242961337466,0.12302549547476062,45.375,42.95,0.9658665936551598,0.7249446715998458,5.770501040242363,5.828947087457532,0.5448163162922589,0.08602902269730557,0.8379851338974671,0.5739697066772687,0.0029133567283834163,0.03223151823266737,1
7.2606513736780185,44.90684498137385,4.160710915879931,0.10473391789068082,-0.011255141457860886,0.888137712100955,5.748667324790754,5.828484435706735,38.49883043559021,39.48438331148261,0.09989084591791642,44.025,42.975,0.8864664342227,0.7270475793169124,5.748430340194205,5.828728482801536,0.5391005940232155,0.09130339365095455,0.7825455052564889,0.5355846803036319,0.0026891975381850806,0.034361164293698065,1
7.058357717877128,45.373267694211435,4.181572217877866,0.08954648235148382,-0.018410657065010206,0.6676495713980698,5.753864439858844,5.8286964609744825,38.42435269415704,39.11934259628815,0.07067400148418204,41.65,42.4,0.6998166802461769,0.6828317774653998,5.753746399070746,5.828961588057486,0.5024071911624192,0.08625506853211728,0.741118229958753,0.5318167278923461,0.00450466286794357,0.05016464449258014,1
7.182781395266664,47.244088449294935,4.179930131123501,0.09422318303340893,-0.011781082062543052,0.6277904708306783,5.721889659900404,5.828520694102123,38.4746705408879,39.229168366173035,0.07615633185496261,42.7,42.475,0.812634041181413,0.688764016573022,5.721933581708326,5.829019812872003,0.5138200464768481,0.087153679065982,0.7566228507109503,0.5219891491594886,0.002261336898644146,0.0281157799492239,1
7.213619622681125,43.8705481431912,4.11311764553141,0.08960962486780676,-0.012858103667794435,0.6946964850193039,5.770324593781558,5.828564834212515,38.60695761215684,39.27270523927539,0.06819783088652591,45.7,42.975,0.989852918680671,0.7269671808111324,5.7701932130499625,5.82873021912031,0.5848574930450309,0.09596709439135771,0.8269638853424518,0.5475906335007557,0.0021567968514598335,0.029602541131154975,1
6.511808202908019,47.5229721348337,4.104650491875514,0.07854146784730576,-0.01085676971691651,0.8861610523517353,5.747215686681395,5.828835880762528,38.455255868453094,39.13793467942644,0.06899519442223638,48.225,44.725,1.1972065355052717,0.858839350586555,5.747111453861666,5.828490030295963,0.6024430649591938,0.10153984093959625,0.9038114597440696,0.6724013869469465,0.003787268832984578,0.039498166786583425,0
6.982876449850824,42.67891193783128,4.202334096633227,0.08970675794523994,-0.00909453878531685,0.48236897156113834,5.760270119435824,5.828707999906822,38.393384910202734,39.80516939830504,0.15446039935048259,44.9,42.475,0.9404761076645576,0.6885767107683227,5.759993466680019,5.82908902937109,0.5398946490535584,0.08475361195587269,0.8130151412590327,0.537176211563731,0.0014916239152623185,0.018703759936195698,1
6.504203727348783,45.119850366471,4.182307384301477,0.11522271735219476,-0.013365193015540325,0.5065492788035303,5.717993616874249,5.82870768164334,38.44281914539109,39.59828979170415,0.11804142944911647,42.15,42.975,0.7743095183775237,0.7268243333803079,5.717817515984346,5.828376279229917,0.4944904679440591,0.08810777117157445,0.7913660352082728,0.6112062416858788,0.0037903104662706244,0.03398627569229781,1
7.064213087010322,45.843925101852626,4.172910093094622,0.09522527477930633,-0.010664797976191534,0.8343271404572664,5.748960006413905,5.828244445292992,38.4721794316628,39.42279903651734,0.09727408469978305,44.45,43.05,0.9181233138994083,0.7330054356367084,5.748671167596597,5.828108448954672,0.5416938582347982,0.08987568492203159,0.8033554816516261,0.5531072316175591,0.0027709621547717584,0.03362927995961557,1
6.61023210967275,43.006112487839154,4.184393630879955,0.064253750373797,-0.01204785278716533,0.8409576321424796,5.7566605721367,5.828550368880053,38.5456465667211,39.529973147425736,0.1085452606443832,45.55,43.575,0.9924134384220817,0.7725858969457029,5.756540096904286,5.828464820964979,0.5563915165521034,0.0890044313009327,0.8538176223714794,0.6068804856831419,0.004379545767890683,0.046318429052470154,1
6.634990150318885,43.00494738671148,4.203870284837221,0.07965543776861114,-0.010708472060788277,1.127536402948877,5.7369218884944875,5.828941302069606,38.49869114336843,39.78166754563307,0.13970318009745009,44.55,44.05,0.9376567498916089,0.8080761003484405,5.736682628794475,5.82904464470893,0.5300653944844342,0.0889380306049551,0.8306465099220208,0.6167970082414446,0.005460382262938714,0.053772581143687326,1
7.107610694592082,42.06197762479204,4.175683020867344,0.10806401326754482,-0.00874236697622415,0.8088126187585566,5.769519422277541,5.828763671997468,38.52135640078872,39.951179533663556,0.15240583074651406,45.55,42.975,0.9795545882812409,0.7267683430261798,5.769550652756333,5.8287034569728515,0.5532951164100359,0.08967462243340064,0.8193839062032253,0.546891971502513,0.002093354132566744,0.026304719816072887,1
6.85968799290833,47.224604490038715,4.211479558936164,0.09645049062941456,-0.008444203932121107,0.898885668488369,5.742032804031922,5.8287766733102355,38.516352760600405,39.558528243157824,0.10764020130440512,44.525,43.175,0.9306727941493733,0.7419919270895683,5.74203834478824,5.829261985325677,0.5255586302194437,0.0861301073163038,0.811886789601838,0.5674874466779313,0.0029324250399894516,0.032436121426279114,1
6.692807960062227,42.29022143580349,4.159172230235061,0.09547408263365657,-0.010108159199192793,0.7694837326649238,5.713497301610958,5.828570759430158,38.44447610684652,39.80851758485073,0.14617274609607733,44.3,43.675,0.9423272153065367,0.7801356192796725,5.713741232203652,5.828683166322942,0.5356235057076669,0.09288375384457709,0.8277462052932225,0.6139205541002766,0.00317171738633483,0.03291682247062161,1
7.155234260739232,47.53728707269324,4.139044060369194,0.0979977031465183,-0.012285189538377237,0.5868987099963484,5.725076360496851,5.828610099605811,38.482971348094445,39.10357855033308,0.06130892115457641,43.45,42.725,0.8665850385739482,0.7078262383385896,5.725373887073746,5.828293561962177,0.5375585172605022,0.09237683467339504,0.782557555860139,0.5429290860137237,0.0020458940529050292,0.025867163923765573,1
6.866693619263325,47.70747696426376,4.181373051599258,0.08525179203247191,-0.012873706048353471,0.42338758207722904,5.82977112049111,5.828850776014119,38.33948398603684,39.13580126802076,0.08137415215803322,47.175,42.35,1.0386348081068792,0.678836985395459,5.829767779844468,5.828805039652077,0.5839418758050681,0.08609507575492281,0.8619907321220401,0.5509600079897712,0.0019023232120188686,0.02431295699075901,1
6.669867384947898,42.02622647554505,4.186515205885464,0.10075378010752702,-0.014507762930281425,0.8992357944130159,5.78026819445067,5.828953628011255,38.40748108205082,39.78687350252446,0.1457519650619011,44.475,43.75,0.8886897451377926,0.7854246496502215,5.780293004942838,5.829252337956829,0.5361151493293174,0.09014835937624409,0.8274720459545922,0.6134990091276775,0.005923159897542866,0.05753155401550815,1
7.205820828516443,46.31101353916432,4.161808605214268,0.11163029552584945,-0.009846342447865399,0.9752221909215214,5.8022432257384065,5.828621909795185,38.33714791197275,39.47588978054101,0.11313969599203166,46.6,43.25,1.0241760406119989,0.7478513091877677,5.802498029002507,5.828193591497867,0.5747278695660213,0.092441776187934,0.8332204600667372,0.5529199811891033,0.0025258514633991294,0.033239172575056264,1
6.951241009897406,46.68169176411395,4.155634660522484,0.11705158573966547,-0.016346269255359196,0.913288439808246,5.7320819715245115,5.828368803314623,38.545455715754414,39.27601558164958,0.07073121665572836,41.925,43.5,0.7428697657473577,0.7670841758218367,5.732396726545913,5.828774381200169,0.5032212305007606,0.09320387596323425,0.7575653430597519,0.584051962530299,0.005733081131251032,0.056150068377715204,1
6.9754623809156655,47.48761048091939,4.173010151041224,0.10551894736439611,-0.010027333856801561,0.8379126116586543,5.785874649924502,5.828452190102222,38.402878732546064,39.40523788640012,0.10011670544183511,46.175,43.25,1.009344257513285,0.7480210288807303,5.785858772643242,5.8283209339359185,0.562958746603384,0.09071163474149632,0.8391512991574105,0.5709457684858025,0.002717391179983188,0.032563601977474044,1
7.025210768166349,45.248292051533724,4.148596411028032,0.07197699362492413,-0.011926930560491962,0.7230129273020404,5.706593826191549,5.828777762159366,38.58111712501544,39.19288009365239,0.06395251066376387,43.4,42.975,0.8812738106086924,0.7267542528642812,5.706647784811832,5.8284728908924945,0.5381595751314714,0.09158260442161942,0.7919279682410436,0.5549634326871276,0.002661868669299961,0.03243865739234169,1
7.180831452860899,42.0714006827641,4.084043422979883,0.11875793920745639,-0.011434564644789811,0.8980023693798292,5.7545891492723005,5.829066735939803,38.55564711190248,39.66490458064742,0.11162740704725518,45.85,43.7,1.016673657619779,0.781530816475561,5.754812760721643,5.828566973199836,0.5841162068375277,0.10249986887592309,0.8329204384319134,0.5842821736578584,0.0024648923416024453,0.031554606520491066,1
6.649797988359059,46.44348039442833,4.139747379626093,0.08735367775648359,-0.009910739305719394,0.7992312036375075,5.743140858020922,5.828987413496949,38.508941994335785,39.35661492459224,0.08696669985949,46.525,43.95,1.0777828330930603,0.8004922040899398,5.743141386162793,5.8293441101276935,0.5731604859635321,0.09562328859328298,0.8702576529159753,0.6286234309690925,0.0030488058007210007,0.032846367145257016,0
6.902135316077449,42.207451429757214,4.185234258539189,0.09923715981970535,-0.012692955043656494,0.8550733566479146,5.781365352248986,5.828589729435462,38.39977175968331,39.787499291961325,0.1474559311384051,44.925,43.25,0.9212460791261021,0.7478834895474904,5.781558373492494,5.828509934837088,0.544729476813378,0.08910299871098859,0.8206394205848222,0.57457363362632,0.003960311136021236,0.044275020441495665,1
6.678405488371296,46.7311720479948,4.194659159272195,0.08681661149510261,-0.011319379704076989,0.6197985691432586,5.741501198566381,5.828911812923156,38.37042567631245,39.388031168618625,0.10584935166056442,44.15,43.05,0.9030454375857051,0.7323380680065439,5.741194875766122,5.829106142349327,0.5285299120971448,0.08695273398671499,0.8209558043501269,0.5885245991328364,0.0030905714636344523,0.03275901176987013,1
7.049413252532802,44.26576697667295,4.13908945512743,0.0924778040889893,-0.010857066992684294,0.5508049912630665,5.753617962030097,5.8286627383237555,38.41123088584516,39.41937985396615,0.10447029174417721,45.325,42.9,0.9787664595548744,0.7211464192013706,5.753498540197129,5.828623990172244,0.5660756819144107,0.09286574232379827,0.8263594910632119,0.559155001938902,0.0017236861927597334,0.02223797330353575,1
7.160586386690597,43.64835790886409,4.154020353669003,0.09055190049531715,-0.012046323934814373,0.6956778287818809,5.736556640450104,5.828835733625982,38.55167059456143,39.45658448114329,0.09460104211084881,43.8,42.775,0.881600202659615,0.7114242000463795,5.7366134801690025,5.828974319730484,0.540788027111249,0.09081041989794696,0.7876731599746097,0.5377158040116599,0.002388219630315628,0.030343504823510066,1
6.845747890226276,46.12482404965617,4.166442399175604,0.1033991792417366,-0.01255326038551586,0.9234162178011187,5.694809517249254,5.8287975339642175,38.50701620617333,39.428143998434706,0.09264116637920355,42.15,43.6,0.7974936180025187,0.7742320737234536,5.694796545047483,5.828369536095101,0.5016765064998803,0.09217371427835312,0.7703581793185644,0.5939245149649675,0.0046501969663181545,0.046041903597234035,1
7.1809664865597,45.003379935913046,4.234156194233018,0.09409055087219394,-0.010587160602258916,0.7439785465494009,5.726763967577642,5.82885104878748,38.30565776899279,39.6274604515342,0.13945533456463624,42.25,42.375,0.7732360324223579,0.6807572343582882,5.7265694423381825,5.828521153754551,0.4890441788577389,0.08166773968665604,0.7343936643649343,0.5089453271500983,0.002693470734914591,0.03240575532823493,1
6.996284133071728,42.355352627447104,4.193022599316036,0.08750682053300994,-0.009770287324828706,0.46549126110693895,5.76686818232076,5.828675143325547,38.61490835876173,39.766031343649004,0.1265876157114239,45.15,42.35,0.9525067886121761,0.6790126180840312,5.766918284738647,5.829181316155245,0.5479292311473337,0.08499215849433414,0.8187010322413694,0.5294622403782032,0.0015037703216236819,0.019101276584140854,1
6.594235701356582,42.74863420489864,4.2012873612109916,0.07307697369237834,-0.010816944918542338,0.8328160494444563,5.715605756366195,5.828248746664253,38.520627153059365,39.71544525397639,0.13236324964731055,43.75,43.5,0.8987725212952817,0.7672042324722064,5.715704540973504,5.828728820873805,0.5205159293925722,0.08719607466480997,0.8195690698778368,0.6042121401216091,0.004246811644190518,0.04248145660694823,1
6.594753635613058,47.00649851132348,4.151098987241892,0.11193125298264288,-0.009933988847968393,0.8094983019196199,5.721705951918593,5.828425632839039,38.44650373167044,39.530929532567335,0.1083722117383069,44.8,44.025,0.9715742603540116,0.8067081261744145,5.72161610544438,5.827949629354958,0.5389202671701749,0.09500807291236059,0.8426547524601727,0.6386405713201406,0.003540013985101661,0.03451167303081991,1
6.688296608168804,45.336119698809824,4.199427430560249,0.09527719577525008,-0.01602640807795158,0.7152444526123873,5.758857917981352,5.828636167109212,38.34200148110939,39.37438569288687,0.10611557616859627,42.575,43.025,0.766094189122577,0.730708312333836,5.759185592545087,5.828742873916975,0.5065694198288624,0.08637033402322936,0.7860687824398898,0.5874621618795427,0.005573218264809826,0.05389072004054126,1
7.025420047556299,46.0030871918852,4.159420307495854,0.0965137766495427,-0.006204007397308689,0.9117551293244333,5.740151543830574,5.828727107681006,38.458588502801426,39.55235514252727,0.11256979553209459,46.1,43.375,1.0495465348766082,0.7572428284787396,5.7402681533605495,5.828589661523566,0.5637150155612227,0.09260017242238298,0.8377227227594596,0.5704726261666255,0.001653506393726767,0.02082552859939343,1
6.643539867253767,42.470956216003785,4.138275174985105,0.09588124157332685,-0.011489221089710094,0.9600909380505398,5.740758748020665,5.828605527211441,38.57841777147942,39.715918067523184,0.11978300699893298,45.65,44.25,1.0157196246228821,0.823461820613594,5.740751680554086,5.828389630056087,0.5612550196678944,0.09679894693186254,0.8569809256938452,0.6381835435107424,0.00443493951705855,0.0447147268186232,1
6.845223896053256,44.05858863798902,4.161528148346701,0.093079355669211,-0.00913052194124918,0.9547417280606132,5.729091635790363,5.828603922434656,38.35149496108236,39.65344447743212,0.13647278521430226,45.05,43.75,0.982838042029571,0.7857743552268204,5.729116627964126,5.828213816392442,0.5481145169832032,0.09324744947359113,0.8310186756619126,0.6008731015226778,0.0030616313703486437,0.03428800195866707,1
6.97674870934343,43.61874084116296,4.234633733363444,0.11706669305953703,-0.014603170414539944,0.6925022038248564,5.761950731958338,5.828894867702246,38.4510714432549,39.78590812390823,0.1387393197650238,41.775,42.3,0.7014075282652126,0.6749501489013934,5.761688060615604,5.828419370123825,0.4777975091276452,0.08122824027958206,0.7345944836053508,0.5272981316523851,0.004415370975033697,0.04543037022947233,1
7.133457835646835,45.14245961611853,4.189815903665005,0.09849767783844854,-0.009105370848210132,0.6839587728821575,5.7479553846398845,5.829160970961403,38.48350369834224,39.58277796390632,0.114377361674255,44.35,42.675,0.9116241816690875,0.7034495332704234,5.7480109769027425,5.829498422954493,0.5341919572332717,0.08702204043974615,0.7933384137096213,0.5309585236774853,0.0018925046904440365,0.023968512818578345,1
7.206860390430347,45.147776955052436,4.149330390693439,0.08836353060662011,-0.009162392253575275,0.4830096135852161,5.7407040052087455,5.828761354864067,38.457398316638574,39.36485526091487,0.09403601930101918,44.925,42.6,0.9619074261663423,0.6981061939682212,5.740978295673214,5.828482305024862,0.5588552748819882,0.09083839233337682,0.8077774109811152,0.5304858191631918,0.001142166949167298,0.01589027655747044,1
6.900550873404229,47.23496922725089,4.161328944094872,0.08346123119648904,-0.013164589448761355,0.3,5.765995965982696,5.828556840115111,38.61519377344905,39.069952910321256,0.04657294145544988,44.7,42.075,0.9198098941960158,0.6579676530167857,5.766051104370385,5.828773183845499,0.5545242400438927,0.0869215303756275,0.8222684936390124,0.5381903561376868,0.0013700687451199559,0.01712352873764069,1
6.513540527579245,47.81850449080181,4.146472969073483,0.07261444942488242,-0.009851978778563234,0.7461801793291213,5.726003497035844,5.8287244903366755,38.38018053761479,39.20996190830178,0.08584607853329382,46.275,44.075,1.0765695455709015,0.8101760210432021,5.725777227258787,5.82889696422963,0.5682916473149002,0.09479282319151727,0.87486054451304,0.6452929383645317,0.003151968408808573,0.032959138639493936,0
7.291388373956891,47.79329201279462,4.230967372408041,0.09286378489651552,-0.01091604329237086,0.33902337888518846,5.726623686483251,5.8286705116749085,38.42286067337137,39.2943303734693,0.08955949240244927,41.95,41.525,0.75025827940126,0.6153189358645577,5.726473978483232,5.828369187980331,0.4872253715829883,0.07878675381426084,0.7195687223181987,0.4700423391961091,0.0011772433492607543,0.015617305855945656,0
6.848197541058026,45.952979977078584,4.200858121755032,0.09587948976821359,-0.010045419311807195,0.4846326564202139,5.701744670979233,5.828672318272537,38.2886023372723,39.527657651078215,0.129145613438968,42.5,42.625,0.8174577342234164,0.7001101103277607,5.701686924350445,5.8287526301239225,0.4985921362088504,0.08545581112572655,0.7720550324826566,0.5592420355964743,0.0019906919735277894,0.02183014154696237,1
6.50367183521094,43.148383493283234,4.181042163649778,0.08976563105521931,-0.0069756151176066285,0.8216813133631905,5.716106131657863,5.828786235632151,38.66682607751531,39.915041599732895,0.13665627443463693,45.85,43.825,1.0551566752342163,0.7912590814332843,5.7162115657588695,5.828967243755708,0.5442540215328039,0.09056823729495292,0.8633757406311456,0.6285246520859304,0.0026651468069073697,0.026683295614487373,0
6.618527488200729,43.39635768373768,4.189856549901805,0.09964023615717318,-0.009878464545923588,1.1376537149673014,5.759576905556174,5.82861386336691,38.52905383845523,39.883883839608856,0.14352284507061044,45.875,44.2,1.0135316865158588,0.8196941920709548,5.759766657710794,5.828623911415229,0.5463832849459582,0.09120086508057176,0.8545097467615729,0.6287145870757247,0.004990075793169508,0.048931376856404155,1
6.895556522022809,45.163197085048076,4.187659943460982,0.08559874692974011,-0.013041225048181702,1.2256241785786206,5.766705593678994,5.828742813433352,38.46235016539394,39.454694502648444,0.10247279973305665,44.65,43.975,0.9153599552362515,0.80262205362079,5.766408981267832,5.82831803295474,0.5420688501033241,0.09098604014554332,0.8170518600900676,0.5927009418877165,0.00582764840119821,0.06207929328469739,1
6.686929860378125,47.69779149974699,4.157580864452947,0.09416239999773734,-0.007829129025232797,1.0323794639504222,5.712175207707818,5.828965897348007,38.362111838519034,39.44985718219171,0.11035284675122509,45.375,44.2,1.0239215849459216,0.8193421580898583,5.712319040746282,5.829050237616933,0.5479924252231647,0.09488920985215628,0.8471818675763904,0.6312408508751481,0.003154185008698071,0.0331140384850809,1
6.5580301447655405,45.64343987892013,4.158086018300405,0.11623872770053356,-0.012258921366362769,0.9960850998844886,5.779245435756992,5.828928761003859,38.53080904630397,39.62418958523191,0.10919130452729656,46.225,44.425,1.0196515336050238,0.8362794127893638,5.779228244793817,5.828720296026029,0.5586642792285067,0.09534681738058415,0.8664339111445164,0.6512312790527239,0.005595375477634572,0.0522923303533562,1
7.277388018545528,47.7810627254467,4.16440249036105,0.11516580811177057,-0.011064581660232203,0.5510205348083138,5.7148159154570894,5.829004688853938,38.40720013620353,39.28675039008571,0.08603368682306219,42.5,42.45,0.8043864897455597,0.6863617628508321,5.71486583059077,5.828602139633223,0.5096746980746036,0.08928258491117162,0.7453905846187329,0.5205711822837804,0.0017336088148612512,0.0218682895365372,1
7.078015887563041,46.483441747541946,4.121837298435922,0.07378375469816487,-0.00793853145721149,0.6599537645107535,5.7361451407140995,5.82876353401565,38.51705251604308,39.1555842930339,0.06572100850567794,46.45,43.2,1.0792785438413954,0.7439071560463439,5.736039961621504,5.828756011394374,0.5887089814351136,0.09557045273775817,0.8476163978241966,0.564491300469246,0.0013362572089219082,0.0183507243564985,0
7.082472432685947,42.74708337046226,4.181075167874689,0.09603687972041348,-0.010715579502911946,0.6267224840766109,5.746172671387,5.829060218169433,38.39921555772983,39.71867700104537,0.14083376308436546,44.025,42.675,0.8889610876264538,0.7035502860623932,5.746333610808943,5.829264718487476,0.5331433493127782,0.08780436353169704,0.7920261971488245,0.5394848636866469,0.0021205672079051188,0.02629962861398815,1
7.10756469816353,46.22244152844709,4.2056709384122675,0.0962280113532622,-0.010985564491858437,0.6650071792690606,5.776223932489455,5.828605346925509,38.58006445276807,39.44741682946356,0.08954322710504804,44.5,42.4,0.8946080995737118,0.682922891514373,5.776550899231373,5.828116742347318,0.5347341783078384,0.0842080598091837,0.7956107706865753,0.5187635864814998,0.0023534399884673506,0.029563225112398075,1
7.014022017738765,45.76465406910585,4.204202649572881,0.09971088020900422,-0.008526503649331066,0.8304439116916248,5.779617784027462,5.828894366782827,38.53227776132162,39.634265149284765,0.11460987510585269,45.75,42.9,0.9842568452068798,0.7209147907422988,5.779882757291469,5.8289226100754,0.5486066754740905,0.08621272331600668,0.8253095528287516,0.5453375997405943,0.0023363384880191796,0.02855927993953735,1
6.51396227910812,45.72595388706404,4.186095570696357,0.0989265161829719,-0.011125037736898727,1.035964625158469,5.747246379459375,5.828773455158864,38.459793524019155,39.63298935288141,0.120847611034498,45.075,44.35,0.9665453956852792,0.8308061111501077,5.74701756017111,5.82896528178466,0.5364010520548265,0.09179793348146499,0.8486101185172505,0.6462951535768735,0.005685422738600269,0.05251448573503282,1
7.1701710293324386,45.55230632249707,4.163893260638958,0.09419351422310598,-0.009236666264137858,0.4680699289501909,5.708197276588338,5.8283851760554235,38.57280986876502,39.41353314662922,0.08684223220196281,43.325,42.45,0.8739756169172708,0.6869812756493463,5.707943277403671,5.828284081433319,0.5266917204711067,0.08872410874999795,0.774708700357311,0.5245947802645297,0.0012470391367472157,0.016134021910447615,1
7.009070007183305,44.7638463396984,4.202095277281425,0.09399260662781356,-0.010990678911516158,0.7269700346640521,5.758490372011442,5.8284951887233705,38.432252814703666,39.577638059468974,0.12025463538851779,44.125,42.725,0.8841747557817694,0.7079411492210301,5.758532605756854,5.828391617091437,0.5285718832956166,0.08566937383894761,0.7955870547670277,0.5421328636998085,0.0027706853299771564,0.032933871951309326,1
6.663078995283911,47.57633422139142,4.1573635143942305,0.08841563701494995,-0.008262319062793226,0.873015950369832,5.807675156153169,5.828712693516605,38.455480576190276,39.39533074109055,0.0962272776546998,50.0,43.925,1.2633926557123063,0.7988811383351928,5.804958760753686,5.828519767189625,0.6089771313376213,0.09378383906125991,0.9102021402992511,0.62344873271527,0.0026589356076930884,0.0303502966989276,0
6.619308915779801,46.68401851690619,4.179594349687633,0.09449574248356343,-0.009262822659885084,0.6417280689821422,5.714113716171441,5.8288387755041,38.61331439202158,39.509899533677874,0.09301748764595519,44.275,43.325,0.9398324813868175,0.7533341180015087,5.71404834298116,5.8291243132579735,0.5280074965459096,0.08935515489872235,0.8291176553683366,0.6032932534907124,0.002658967364764338,0.02711248965605084,1
6.856074834015182,42.65062296028805,4.177399645859659,0.0802165080388859,-0.013023704226974166,0.8098284229884452,5.7397968912490365,5.828707914205346,38.577728623559906,39.57281047930974,0.10739166250639588,43.775,43.175,0.8764709388799705,0.7420606861944581,5.7398849266693786,5.8288359397486476,0.5330830929398443,0.08908483704368111,0.8052134078372616,0.5725658102678838,0.003967879195630678,0.04360620797890054,1
6.503674458553717,46.28664448725073,4.195258716607391,0.0964168317368292,-0.01404566912949038,0.6258740937216014,5.725620927502295,5.828485799802478,38.523388849786734,39.40412363917106,0.09074237026671636,42.35,43.125,0.7820668339072832,0.7384769684793708,5.725442438453021,5.8289212484789985,0.4992173315663378,0.08676590213710227,0.7957663207497098,0.6081841958056026,0.004901598670812307,0.044297784294832124,1
6.506855733969331,45.131161132379646,4.153587123257984,0.10750090960952957,-0.011515429115873907,0.6208757592030412,5.787091330210197,5.828579742882705,38.34508275068023,39.57857287036306,0.12606644550974694,47.225,43.75,1.084953489201271,0.7857985347787713,5.78696572234048,5.828398422360946,0.5742665773343093,0.09362851453209961,0.884641815157999,0.641035373934237,0.0032701129177186354,0.033044950353299074,0
7.228850684064951,46.30370525793287,4.131002663231677,0.10611790170621055,-0.007239259276267534,1.0923883494716087,5.74194476849801,5.828446576502649,38.52647148867155,39.43831607369651,0.0908543208523788,45.825,43.45,1.027471749932511,0.7632148225681501,5.741827383593533,5.828318366010892,0.5702799811249678,0.09633756718447946,0.8238197233453439,0.5597512322033279,0.00191755814489206,0.025537670681289544,1
7.2920702959036126,44.81132014546129,4.175846500121791,0.09208745751511523,-0.014126219322037534,0.5522623524266959,5.719579663591797,5.828693949507057,38.364269854159865,39.297535062419875,0.09613915685482127,41.825,42.15,0.7476453982102118,0.6636091857447157,5.719528696620142,5.8288472972999505,0.5033934835385472,0.08644609207488575,0.7287701297273679,0.5043922871549326,0.002274774586042199,0.029216446202269167,1
6.98655345021572,43.10616946682854,4.186420797964551,0.08502478964305324,-0.011455331403613255,0.4932661950067128,5.760165809105973,5.828712821465624,38.662145863290085,39.58829603110493,0.10033469069955726,44.475,42.3,0.9087921304824897,0.6751321951380156,5.760269638051371,5.828259292459198,0.5417794473709171,0.08534949043378709,0.8079908499203124,0.529254655452577,0.0019099153646438512,0.023728358870009937,1
6.521820546929937,45.24322363194019,4.242152045543567,0.10240280468183824,-0.009625743778552173,1.1250220481809217,5.716383225621188,5.8289028068066,38.27499333514506,39.908143171252895,0.17184240724753885,43.05,44.1,0.844866655308512,0.8118802795469975,5.716545169144422,5.829168092991768,0.4874315490557483,0.08567366210285157,0.7995264213328833,0.6293118661057702,0.006100097834555319,0.053347945611978684,1
7.110801738937584,45.43940192392535,4.1489704796221325,0.08571645097048593,-0.012568425421631531,0.8336683910132193,5.721733233750932,5.828709454923063,38.55407657875,39.245679474770164,0.07072223729934324,43.4,43.1,0.8661344030493092,0.7363495699448785,5.721518892227038,5.828746975002591,0.5362316714723657,0.09236284314999149,0.7842839977331076,0.5528427907868634,0.003097650667134649,0.03758128317035141,1
6.933861210770119,47.34264505698418,4.193382827341376,0.07493712053674621,-0.008321590355110011,0.8655419309022134,5.7590395459473855,5.828893308853164,38.477501495566145,39.33238917523336,0.08941827793941971,45.925,43.125,1.017759108284567,0.7380694594286847,5.75932438673501,5.828934421410463,0.558291317122367,0.0875433066915763,0.837494007745181,0.5600634478688948,0.00238372012615222,0.029430608760427336,1
6.965534032299701,44.41428060958126,4.20091678886685,0.09234307331424481,-0.012107465786115351,0.8988962486610503,5.750849884312807,5.828609945374232,38.55531488510381,39.581701108639884,0.10780664836340331,43.65,43.05,0.8559647793507654,0.7326399355554676,5.750943279995716,5.8286991736942655,0.5216198869945956,0.08668685197303681,0.789289957615775,0.5540157549723125,0.003978663342869071,0.04430461990067282,1
7.202459032682719,42.89806485175079,4.170230347036672,0.09516263438712934,-0.008393168092096025,0.8645623335029273,5.7841240430270195,5.828652136686599,38.44956930584014,39.75302577911604,0.13867906004769953,46.45,42.975,1.0312996415284754,0.7268798783370487,5.7843904778919635,5.828378237588569,0.5730000107810381,0.09020694273772185,0.8313279126097878,0.5382923475540827,0.001894535955496558,0.02588752634193446,1
6.916491417406472,45.85576356707437,4.20271722468373,0.09652843262269417,-0.012585273290504791,1.2734434757179414,5.74833460971388,5.828881897957323,38.33406896280421,39.52988195289546,0.12169270360422935,43.55,44.0,0.8509077710446871,0.8043676827534769,5.748415972708249,5.829010098343183,0.5168362349283043,0.08986387012052383,0.7896807473227172,0.5918186005868201,0.006152253386242206,0.0628206426135034,1
7.1073333896499244,47.33646468340309,4.177700240971198,0.08529881029511911,-0.007781311752088988,0.7807888253175175,5.762883393236051,5.828777657074091,38.44344483929139,39.329290605486435,0.0909909866085026,46.0,42.95,1.0194465898892169,0.7248472940502868,5.76312563650328,5.828947338926753,0.5642867766349767,0.08903655318744014,0.8293236044237101,0.5435570751742987,0.0017194335008252834,0.022868834346900357,1
7.0188552762566125,45.154276888997465,4.20402290005117,0.11144915318207875,-0.00772374064997052,0.8279352631196832,5.753813354806372,5.828912609716772,38.384475558890024,39.79772705696622,0.14626565783347584,44.775,43.0,0.9375990521522661,0.7285259145852283,5.753764514081667,5.8289137957705535,0.5299107969935222,0.08698397878510997,0.8054612534073495,0.5526959999886948,0.0021687001023882723,0.02560556810866866,1
6.7828659770837945,46.45926266148068,4.220773619195707,0.10354558972629221,-0.010343744518727166,0.4461685608406481,5.780701155498933,5.828567261334011,38.535108767297935,39.587558730447995,0.10950264623619341,44.875,42.325,0.9181793479881977,0.6771994113956534,5.780638437833941,5.8287755231963505,0.5296976810565325,0.08225015198533041,0.8213808617628641,0.5478771786042664,0.001962859161967743,0.022108746585919343,1
7.1690015067827915,47.92985414983759,4.174740367241249,0.09128192508198715,-0.009783888957370781,1.0930059700140766,5.767166863613839,5.828661590218903,38.381195587318736,39.2564626937259,0.08768373872344273,45.4,43.325,0.9707853475553678,0.7535113032867056,5.76723560878973,5.8285852927161,0.557281718690198,0.09087607794347317,0.814563878854938,0.5516136331476514,0.002965953066697971,0.0380219195304985,1
7.114691375384832,47.63501250589004,4.136489239666942,0.0786943382658896,-0.013534140084825803,0.801866130617535,5.731403873172036,5.829023848293767,38.484519488467726,38.94053096429496,0.04553506197466957,43.825,43.125,0.8886414438933992,0.7379389199880819,5.731559306819985,5.828594080819088,0.5498605299081751,0.093689817773517,0.7957572090215993,0.5564061591808983,0.003070014171330726,0.03844154631505665,1
6.674400986297276,47.112569722456264,4.161943757475783,0.11349136106517295,-0.011812891111785321,1.122058336221018,5.762419018655518,5.828463678677312,38.48400068325446,39.50767851749335,0.10094151560322803,45.425,44.425,0.9773881002463272,0.8367444951159113,5.7624528007367255,5.8288846525082745,0.5481888702261206,0.09517371360796847,0.8463452867973686,0.6384294630012352,0.005588212824082442,0.053792651706204946,1
7.285366203412275,43.735324287001944,4.17648558190902,0.08824138163731282,-0.010752804402345743,1.2967804029325596,5.731901281678392,5.828826658898896,38.570089626072146,39.57829042358528,0.105556554738328,43.65,43.35,0.8749133819851798,0.7552450296537128,5.731739572106768,5.828365860660493,0.5314091510701612,0.09079185176135676,0.7720249101378109,0.536614398707912,0.0037408622206538903,0.04680298694025996,1
7.209267159827019,42.87066959544413,4.153295509463128,0.09823093342241224,-0.008231012965723278,0.8238162168724744,5.746755772573359,5.82871963009177,38.48208658394658,39.73106292394886,0.1318378150554079,45.3,43.05,0.9837716956121767,0.7325302508379297,5.746768840145509,5.828974908107634,0.5594073609668031,0.09229161138430923,0.8129307368443855,0.5439319877842552,0.0017564232896370006,0.02347157105086123,1
7.00088279904358,47.81639100541905,4.13422836090828,0.08137077549107212,-0.013342488252925186,0.8620410029654264,5.74123552131044,5.829039080930305,38.443095588721754,38.981314348350736,0.05356117784594015,44.5,43.475,0.9295965107527273,0.7645183807135991,5.741464462898331,5.829129175017351,0.5586286673021551,0.09507316176438263,0.8164826711207108,0.5799049377740806,0.003487694093026882,0.04171172273500768,1
7.024939830600015,45.75313200053749,4.196138600066833,0.09051358207729168,-0.010145814480792548,0.7991903062779401,5.761744570803749,5.828869682054169,38.3633751032816,39.484960827310466,0.11661860555622319,44.75,42.95,0.9277995093260767,0.7247552690702088,5.761552713564916,5.829366028088601,0.540168145539201,0.08710713278635832,0.8082901044487751,0.5496803099499953,0.0026669825058848193,0.03247708773786616,1
6.7219771561495545,43.03087792265965,4.204418802085442,0.06776087948416783,-0.01634242918290194,0.9602346474904531,5.775473572056798,5.828851581088975,38.56348132404663,39.43058593757175,0.09381555484828266,43.75,43.55,0.8389047056046781,0.7703907996695918,5.7751949421833,5.828966136637419,0.5308958790459767,0.08695977930165008,0.8106856117994096,0.5894025322789611,0.006974961981283166,0.06971605836257252,1
6.553812180469135,44.037445754601144,4.122590703544675,0.08781825911992795,-0.009363921306461086,1.1101211770142776,5.813494535542624,5.828490797325627,38.46134008530685,39.590112772467535,0.11774528923920789,50.0,44.875,1.2575732763228515,0.8703897061615038,5.780070383977772,5.82806071880444,0.6279463237570635,0.10028636846466257,0.9181525165475092,0.6692202441160859,0.003987048496305957,0.04199012147502313,0
6.970981720509434,42.718152338092956,4.152875761157534,0.07124572372294828,-0.010565268288218988,1.0256349371139692,5.728213514721581,5.828378567465636,38.37965221654605,39.532519030077644,0.12436865603455688,44.85,43.65,0.9688007453797072,0.778436096197936,5.7279889028222275,5.8280104753831345,0.5571997598427628,0.09355510108982372,0.822860675042156,0.5830723236585853,0.003338150340296798,0.040237102450337306,1
6.9183559125271294,42.69535438727343,4.200488291458343,0.09382000245408,-0.014275904133974802,0.7029937270958283,5.75179736159936,5.828695677858719,38.56293278967324,39.64939879969706,0.1161454361563931,42.8,42.65,0.7903735319190899,0.7020010690435594,5.751908043845572,5.828866518637908,0.5100278547368,0.085196315191395,0.7741490939359575,0.5468403852199605,0.003985889640359564,0.043159052418003475,1
6.841372258824496,45.205155791993384,4.19179732615737,0.08991838481482883,-0.009980472585273249,0.845084529434768,5.784372425092599,5.82863513975915,38.53617262806928,39.56849989816604,0.10849115651433339,46.325,43.225,1.021874705301654,0.7459370896714459,5.7844953863229085,5.82857806424681,0.5610526206542295,0.08807278999302222,0.8486528751229462,0.5743861541392228,0.003071720887710424,0.0354652060019162,1
6.875778273630299,42.16285000145218,4.172237046605053,0.09507352195820519,-0.010925773023574037,0.8665664256908833,5.750015576592654,5.8286917422108075,38.50980703193644,39.80180141349853,0.13849498884787834,44.8,43.375,0.9432646356799506,0.7572781939489381,5.749840114239627,5.828239396625456,0.5443634362211899,0.0907596384333907,0.8226980819360624,0.5814388591965489,0.0033943193012323566,0.03793207462777039,1
6.643278837893992,47.26714783993743,4.193215222174991,0.09586260408071562,-0.008332112752028215,0.718588640654879,5.748454740971485,5.828863447445697,38.49133352331537,39.55109601517608,0.10968131522882128,45.75,43.4,1.0154198882628567,0.7590041893545445,5.748579243612926,5.828873449537342,0.5443869520967631,0.08839634984041977,0.8508076736149324,0.6021179635184266,0.002583987107899235,0.027374724111321004,1
6.676840570876533,46.77879482553356,4.167200708690867,0.1003458546745023,-0.010888680662989212,0.810011684016907,5.752132795341832,5.828866792343442,38.52379940519673,39.44931342905578,0.09390382510727756,45.325,43.675,0.9802516262431391,0.7798395863663883,5.751859358354387,5.82921504084753,0.5485914162088222,0.09200710879943029,0.8450589955440971,0.6129600485912307,0.003664722794094287,0.037808226877416626,1
6.732219025926814,47.03752488158582,4.15497301841608,0.08577016292691288,-0.00953643135635883,1.1406589478144218,5.74339424800176,5.828992014501943,38.62571194121726,39.36830320622367,0.07587243715976577,46.225,44.15,1.0555027213602557,0.8155546216501426,5.743208244890787,5.828650190467557,0.5660002258580827,0.09474708941667728,0.8591711291285499,0.619712142536275,0.004024806457569274,0.04308157310693027,0
7.183491674236895,45.93001722435588,4.212964019534874,0.09583742941471862,-0.011530762720184943,1.3,5.73358340142731,5.828728021685934,38.60769051130416,39.52189666693211,0.09365145328483562,42.8,43.325,0.8085874920911396,0.7534448718196751,5.73359981984705,5.829142797643457,0.5036527485247956,0.08685269226044443,0.7519507815722392,0.5371068670310805,0.004876756919944533,0.054783745511114215,1
6.959336223737248,44.29495604937942,4.157712675698699,0.09510876897067631,-0.011077391673683955,0.6038047773977508,5.746997368725018,5.828888517979252,38.72266988812676,39.5003574127382,0.08117167445359395,44.675,42.8,0.9369385974553879,0.7132823755391984,5.746790655240974,5.828485463273233,0.5488794401237386,0.09027152107629616,0.8173515439399014,0.5552529682679812,0.0022030751640789983,0.02624279949687961,1
6.723921857511471,45.18414968034151,4.250289152130844,0.0999073845585967,-0.009796971325362946,0.6143489669186055,5.716595861806169,5.828911731634103,38.435242996456296,39.79920284039671,0.14571957792567738,42.25,42.575,0.7834041381938306,0.6960403754698259,5.716343058878282,5.829374613976578,0.47772232183783686,0.08022661081690693,0.7648915332808975,0.5559272660908792,0.003016393594781563,0.030182840952682307,1
6.779755177921517,44.123072375026766,4.143689734238447,0.08889235109136681,-0.008411932822806736,0.8070229306117677,5.735967995888468,5.828489576543308,38.60245612788329,39.596354108735625,0.10487175204636766,46.3,43.65,1.0684423385931314,0.7783250871202645,5.735822423143813,5.828758334739406,0.5697509035184445,0.09447302376425355,0.8587155945365873,0.6038653392652176,0.002356510601545399,0.026881962179532058,0
6.7606015333009015,45.7051386965354,4.171172300771776,0.0706633684167157,-0.01166168292203497,0.885524993019552,5.759288843200115,5.828609579597958,38.26237890529951,39.29450899007961,0.10838887053657328,45.7,43.7,1.000888669262114,0.7819879728174062,5.759043313219662,5.829078913886096,0.5629277553077393,0.09139065116477245,0.8480723512914656,0.6041233012900895,0.0038451513871052894,0.04340194904600227,1
6.865298583659009,42.2492205528266,4.12862558982124,0.10500482328893591,-0.011862285889081857,0.8948711466233398,5.7515286237171,5.8287265766678775,38.52538429991043,39.71202466010188,0.1231969232137881,45.425,43.825,0.9882784951847459,0.7913187403975579,5.751518452291348,5.8284313991418975,0.56385130658557,0.09709688215293737,0.8400769265741321,0.6074207385882558,0.0035615112736860134,0.039375552203453915,1
6.961169035688059,43.62123766606581,4.09533024852277,0.08503865803492522,-0.010036120402144902,0.5566125530449021,5.755115185522949,5.828748435879083,38.400017423935786,39.35485575660102,0.09923137700059166,47.3,43.45,1.1223843600968104,0.7629129631917158,5.75523968968294,5.828675614891874,0.6046533122213376,0.099422145889433,0.8692452674609816,0.5938792641531762,0.001505677437611718,0.019779251589660037,0
7.199010926882008,43.86241936255649,4.141972662840585,0.0921239605030289,-0.010551069864449335,0.5996326490913358,5.752138702067229,5.828576333164905,38.578343495765644,39.45270830101456,0.09109835974992767,45.05,42.7,0.9597909757527052,0.7059473679169113,5.752388531599412,5.828206543990202,0.5631227246343591,0.09192740098623678,0.8114978652789804,0.5344700624343596,0.001641232337418659,0.022287183758764196,1
6.767870065817122,42.04885504127988,4.196211102625924,0.08631735764727802,-0.009200768109818036,0.8708028308717377,5.691040693905279,5.828483568869862,38.456137298849036,39.902820785613116,0.159340731910877,43.0,43.4,0.8663978303967212,0.7593840679303794,5.69122242292779,5.828831710881536,0.5071047194750474,0.08808984028144845,0.7912515830710419,0.5872431353594301,0.003339988330050544,0.03473218341372365,1
7.271892977865775,45.77542856901436,4.137311289792817,0.1007056376600321,-0.008208861200778982,0.6769710189868352,5.773410510709235,5.828784797167271,38.40058764342652,39.39583008900989,0.10045101626808958,46.525,42.975,1.0475131804047475,0.726747217856377,5.773494023330556,5.828975956307341,0.5832196333011778,0.09390583499398095,0.8326596949022829,0.5414628230228515,0.0012954247486934394,0.018564422186801283,1
6.582706472764843,45.58019886871767,4.167235086144635,0.09018580776780231,-0.012021792647154384,0.8882076149948083,5.8237609219321005,5.828687074029783,38.56148722989936,39.459638934506344,0.09287778892545837,48.925,43.95,1.1708798837133187,0.8007925435571064,5.823736118121086,5.828205562654799,0.5973835445734287,0.09245921262699912,0.9013614954726109,0.6288028241388348,0.004486227019573726,0.047086276971845455,0
6.996636624516099,45.40681626597706,4.144929817550486,0.08709808637139976,-0.012099986584546613,0.9260442634761897,5.765978883583702,5.828484092319622,38.7582257036344,39.2991633534407,0.05535725381789645,45.65,43.375,0.9904994890598458,0.757485843840124,5.766241372237166,5.82840785469746,0.5701295525009535,0.093565832733791,0.8351235918801423,0.5701037627937527,0.0034036835637260465,0.04071160436868577,1
7.214329504911648,44.356081141009135,4.151159530472922,0.0889292248585138,-0.008542405083450368,0.3683841113345449,5.751110466631025,5.828942732135333,38.403096427275315,39.46182568338417,0.11105471734491315,45.425,42.525,0.9886966522708205,0.6921768036499136,5.750937066864351,5.829371022796106,0.565858574765625,0.09043403553432966,0.8161610534817684,0.5281650800582829,0.0007973119438761289,0.011384836209405898,1
7.166694157720854,45.24973150321095,4.192339360017364,0.0876149292590024,-0.012001512427508364,0.9696183235975913,5.729806572730793,5.828940365206001,38.5082362677368,39.42071530792284,0.0946321334852053,42.925,42.975,0.8219107593890831,0.7265916498176468,5.729466309633767,5.828982279020404,0.5151217428779121,0.08756744556109818,0.76130812138893,0.5339273387064829,0.0036337513233318016,0.043336659283043345,1
6.872711947650349,42.155309043509554,4.181572719112455,0.09765454121365208,-0.011583726811477584,0.5265048728367933,5.756383295309721,5.828621672487567,38.550678116014105,39.77566785983839,0.13224314944196217,44.35,42.6,0.9031962709992509,0.6982458763447212,5.756519132451672,5.8281574049257845,0.5362545907878181,0.08708496038852867,0.8126363339349753,0.5556873843699508,0.0022802440715374243,0.026223801247222202,1
7.183329248068067,42.11294150757855,4.18772966891382,0.09175243202558594,-0.011360462890814653,1.0594396312833732,5.7604648581697075,5.828920324294764,38.37477359151923,39.78284093109544,0.1507436983334684,44.275,43.2,0.8934813393885506,0.7437503657672302,5.76021885669151,5.829002092227436,0.5376562793931432,0.08907260641746872,0.7895252083623188,0.543499995595067,0.0035253427745389754,0.04367034884111828,1
7.29718316020321,45.27409591627511,4.173050050442469,0.07152778351064791,-0.009756339042259284,0.7739840922399034,5.75392868771255,5.828661372172287,38.658900662595705,39.28255327830254,0.06583939405619328,44.925,42.55,0.9486827436625376,0.694374730747886,5.754241273293927,5.8288640680727895,0.5583400335553965,0.0878322132582076,0.7998480505375496,0.507680406958847,0.0018751480242494365,0.02681430625915778,1
7.175141503940051,44.95972306270452,4.1461856699807775,0.10284275781040862,-0.010754886970534581,0.74785905082383,5.723943440256282,5.828602541361711,38.801204174805754,39.446630382132156,0.06567072267371818,43.725,42.85,0.8885447449883612,0.7173885982595456,5.72414685778883,5.828768769818255,0.5370183453340548,0.09207459761052406,0.7852330927636945,0.5379785238575797,0.0022650535974862345,0.028053882772728803,1
7.038781894684006,46.60714198446288,4.182691243137148,0.09295000647555385,-0.010077158782089106,0.5295046686182175,5.736129865917893,5.828142196497574,38.57941756856893,39.367051360972134,0.08106383214203072,43.925,42.475,0.8914639659339052,0.6891425141775702,5.736133876023946,5.828195324189589,0.5307263115266417,0.08665496905887177,0.7931718312356975,0.5332763306314856,0.0017435883172840815,0.021508666008246805,1
6.981354194536709,47.89758169349846,4.222557771096714,0.08727116687203423,-0.010227088968647557,0.9417432221185056,5.758115709507482,5.82885893717477,38.61324754888881,39.380802926083255,0.07910391977594006,44.2,42.9,0.8901923459303829,0.7209502203503559,5.758008249368582,5.828577688037569,0.5239133679889384,0.08397683922443021,0.7962171701754942,0.5403652769981759,0.0034927712971694943,0.04026024626773037,1
6.907601348841196,45.72330940447075,4.226480121862848,0.09856202655109733,-0.00899361816844982,0.5776997610679072,5.740087754657273,5.828644727759579,38.435164886175166,39.672542930542676,0.13038861021526987,43.65,42.5,0.8667269090062995,0.6905576774430697,5.740051469885306,5.828354070186992,0.5094505448422124,0.08252514047604408,0.7877434185276317,0.5401214901573212,0.002050181256426182,0.02340949580022364,1
7.010760470601029,46.815878032488264,4.1827991111530975,0.07737939671847671,-0.012052357833891964,0.8349414483599397,5.758817994896919,5.8287322358009765,38.47771589371997,39.20470910227694,0.0749932571441292,44.55,43.0,0.9157606434891772,0.7287062885010238,5.758692425418256,5.828604594827376,0.5459499943972439,0.08821146703045787,0.8091581525168755,0.5514904818566497,0.0032724980487393073,0.03973449666468911,1
6.9047298467271645,46.11325869150449,4.1924224985046505,0.10386673334785172,-0.007728309067210506,0.3,5.786816073820274,5.828708229950533,38.41832895705917,39.6149349331126,0.12422358281882359,46.65,42.5,1.0432644527913997,0.6904941752521161,5.786813903320843,5.828276109345305,0.5616298324626963,0.08607660992228756,0.8485765376483216,0.5502104758917418,0.0008000876864672122,0.010038009178449155,1
6.722988287598954,43.20948737125397,4.176854780419471,0.08653181355086279,-0.008693513724870913,0.8780053363773902,5.721737056279644,5.828754711612768,38.51802519997853,39.764418516627536,0.13469949094674802,44.925,43.625,0.9808743750954436,0.7761676951986853,5.721576099415842,5.829182626364168,0.5409425685437097,0.09074445926247336,0.8351227619902006,0.6022382845412336,0.0030216233909332152,0.03244806837893204,1
7.015186289554448,46.304202083364714,4.156858039821373,0.08673078001793805,-0.00862752780808607,0.4926364291398836,5.769420062879258,5.82840471181361,38.54521007628954,39.337306371266656,0.08189840432456566,46.6,42.75,1.0569992034711477,0.7099437034974008,5.769583416834583,5.827912920793364,0.5778949816487475,0.09028024657610541,0.8477727989959002,0.5502242481100719,0.0012412313537973072,0.016447416692436174,0
6.777168520949698,44.83319047618882,4.143397350498007,0.10452189195592843,-0.008557322900679159,0.9586373985772281,5.758786920663476,5.828794711495688,38.39363644111913,39.65239934358263,0.12889801347893595,47.025,44.05,1.0986907497340006,0.8082226909223582,5.75874545912391,5.828979517509953,0.5753840998818377,0.09625567919352314,0.8682005392224074,0.621757041538735,0.0028668379814864534,0.03190189466786047,0
6.7842846755062745,45.33922612813479,4.220001137816474,0.11434642547814453,-0.017165178825345434,0.850358775642278,5.74189892722595,5.828629007801927,38.65884147632692,39.51885732104477,0.08661770023559125,40.65,43.025,0.6338363244920817,0.7307154716411208,5.741847923879707,5.828570434363367,0.46318593420248566,0.08449958980006929,0.7245041859273664,0.5685988941398615,0.007697722419928011,0.06591050424908579,1
6.935133242300508,44.635745968815776,4.231094743343557,0.09835336310528485,-0.012863316262155079,0.7746335518928877,5.8199739915742565,5.828882411195013,38.47779520916056,39.64310886811139,0.12257904165296932,45.2,42.625,0.9031205340143877,0.6999000174052847,5.820192370398796,5.828608042223656,0.5382217363304601,0.08233431931694532,0.8161138742831644,0.5390367133592097,0.0038363680430676924,0.04423010394176925,1
6.501373467520028,45.567127384161175,4.159456635789719,0.07758320014174296,-0.010467816538541034,0.7713960906340901,5.703493931409732,5.828673409589757,38.49057387971818,39.41986315672763,0.09805828521749536,44.525,43.95,0.9692116667715629,0.8008062079971321,5.70339930989133,5.828483883704866,0.5400679571661341,0.09298496438021178,0.8462012810622854,0.6388393095865633,0.0037545063946330354,0.03700432340588632,1
7.009606772373054,44.17878534536014,4.1490964691641326,0.09419170992208412,-0.011615767047601215,0.7821235707005468,5.756437658890624,5.828794381182965,38.49041051205799,39.470811687733814,0.1013904825722957,45.075,43.225,0.95735411625403,0.7457778482476316,5.756564424858902,5.8291903871928525,0.5585785000131525,0.09285621651555921,0.822755667122153,0.5691918421138206,0.0027948514027959933,0.03380764338226195,1
6.720270617932744,47.81603539246213,4.207703194311126,0.07433926318175661,-0.012095598169607187,0.9417719139114993,5.754983159270133,5.829025623247688,38.363321548564635,39.257635193751725,0.09271637826636409,44.45,43.55,0.9121001610431803,0.7702167575108794,5.7549338889048265,5.829106057124263,0.5331472414593174,0.08706029466358245,0.8229017802623058,0.5938353117799738,0.004865989420152762,0.0511122471266714,1
7.020159529614041,43.73718134309257,4.1782730535477555,0.10770292307475154,-0.008660439725445716,0.5737537188524046,5.765927753708594,5.828423615007273,38.56591531304869,39.77941644597208,0.12746867363321301,45.5,42.725,0.979441027907427,0.708012722937128,5.766208393153991,5.82861172296808,0.55061632147057,0.08833018158407428,0.8237315473984568,0.5465073853765963,0.0015852822746889978,0.019618064056957096,1
7.100175400449636,45.951407647901135,4.186379281622486,0.08062895762539833,-0.013271672628421358,1.1184271147865954,5.790019388884438,5.82862449533286,38.37079336161333,39.279770498750125,0.09328698019300809,45.2,43.45,0.9330751367042067,0.7630369037379392,5.790326195344971,5.8285519498894205,0.5563658397153238,0.08966459199284778,0.8145308086486168,0.5577559784510739,0.004502783389852819,0.05487564202584262,1
6.636622586771593,45.63490517828774,4.169908083044946,0.09214111397713715,-0.014193561725395834,0.7925939279365151,5.769108229316863,5.828125130117577,38.58511621286807,39.35742062369137,0.07919962438092204,44.775,43.55,0.9223041776417746,0.77111725064099,5.769275030401027,5.827916987245507,0.5465311171790277,0.09089533399750131,0.8386867644012659,0.6106002362575997,0.004996891406872059,0.049800458809081925,1
7.163936085310693,47.83556643475087,4.167191358826042,0.08540403670667449,-0.010218824690081306,0.5220193455040666,5.701300280023411,5.828414308061025,38.503345954338435,39.13957644204915,0.06449423047994024,42.875,42.45,0.8466001468309861,0.6869521436437447,5.701353309187309,5.827873947815226,0.521075293920576,0.08823318748599628,0.7656702408180259,0.5242615909133929,0.001567208058902885,0.020149880213192126,1
6.851162844861903,45.062326355762416,4.203676946584254,0.09651218395513206,-0.008614672568146426,1.064033747543031,5.715932459628532,5.828866182005706,38.51590324171505,39.72849292047744,0.12741583086629124,43.725,43.475,0.8965557256161114,0.7646912796381979,5.716070376699857,5.828442455899219,0.5145045575929408,0.08793068112976704,0.7978895618469022,0.5793348373579857,0.0035924640683673505,0.038082930388553364,1
6.561580859944193,46.829207659772074,4.1608964366587236,0.07328930207850018,-0.008010913378940604,0.7962646359127818,5.738214912873808,5.828298007066287,38.56490903816717,39.38487484751445,0.08648917894493315,47.175,43.85,1.130191015724181,0.7936352453910347,5.738005704857352,5.828440229505637,0.5740958329519177,0.09259569660010937,0.8827860879841176,0.627042583147225,0.0026258822951775807,0.028400391251458885,0
6.605653338883107,43.11568635279325,4.151627817954968,0.07133346110322804,-0.010747012334563653,1.2685139019570917,5.715104948531811,5.8287435351224275,38.30434482768252,39.591704134007045,0.13786383821671458,45.3,44.925,1.0154225196537254,0.8738678962526603,5.715035688902788,5.828623264879698,0.5555160981450964,0.09706418066242269,0.8539814829175526,0.6588472524834363,0.005572389465170384,0.055704788294038,1
7.0296983880391934,44.49148208488477,4.202562721761727,0.08429034688132282,-0.012223131882179617,0.6984953784817659,5.7592741811332635,5.828552602114894,38.566874185351736,39.48095667770132,0.09710300850773954,43.825,42.525,0.8607711359321719,0.6925669336703528,5.759096762263718,5.828455246406249,0.5279519367952685,0.08459598938912119,0.7891147616452449,0.5294723168644985,0.0029356349866084936,0.035379305445514604,1
7.127720941781292,43.32794162431414,4.209880534707546,0.09515414874831232,-0.011326882420420206,0.9591542477590098,5.760231734241187,5.828725526950563,38.45326443118352,39.738944663551464,0.1366212981108157,43.8,42.925,0.8579251088685318,0.7229918051693138,5.760161203805592,5.829230949077971,0.5221322857690961,0.08575406664597378,0.778956824064084,0.5341685433296365,0.0035359691543144266,0.0421851798503773,1
7.183712031200669,46.513746688795486,4.229611804660093,0.08939789412246824,-0.011939340268108388,0.9492108399550165,5.723749523966464,5.828618468587238,38.49689745232046,39.419361138675974,0.09543335586746016,41.975,42.65,0.7550620954588148,0.7020782783150405,5.723680069780098,5.828455732839653,0.48719275663005346,0.08275032413120238,0.7291560911401722,0.5134654982610948,0.003896932454849716,0.04499077780977903,1
6.988590838954721,46.73023038930153,4.120854361986935,0.09076359917661492,-0.010203437065966693,1.075288065765604,5.755719945284295,5.828633147028821,38.522753626664034,39.23197847878563,0.07085720562626016,46.55,43.925,1.0670360960819796,0.7989606848229771,5.7555210624512965,5.828289027012558,0.5856994410450562,0.09835886962064028,0.8530830419078809,0.5975089426121172,0.003106292193269367,0.0378313017923274,0
7.217491600995011,45.65552983272636,4.191063169523144,0.115059338041892,-0.009847143606307427,0.7004253494407372,5.7248471915512615,5.828857800268065,38.55186576832945,39.611917652032666,0.1075012365782547,42.85,42.55,0.8211439480699951,0.6941783026521078,5.724858715205981,5.829384887415523,0.5061630573449661,0.08675413504980159,0.7525078178061606,0.5198502837041367,0.002125310774607299,0.025779230506193476,1
7.26183956775204,42.10641331870559,4.213921061991641,0.10387070576278254,-0.01683719594940346,0.9282798819791347,5.7817016780473,5.82881420459005,38.36664524422073,39.713761694792474,0.141171905098283,42.3,42.675,0.7221433385563394,0.7037962996417759,5.7818290043485465,5.828884685504207,0.499728374562478,0.0846867843134948,0.7326934779186783,0.5156549464557113,0.005140805597844105,0.059233331396112456,1
6.72928818009826,45.73360645476446,4.157139594680645,0.0736153824705113,-0.008209297030516776,0.32717931617050633,5.740128136656474,5.828787359328389,38.55653844338366,39.364509810845284,0.0861836844049339,46.475,42.875,1.077129376449511,0.719113067526008,5.739928437588063,5.828319694893587,0.5723024617451656,0.09007332469940545,0.8638204866982222,0.5812638034433917,0.0009710051938681224,0.011768908508346356,0
6.866339363672242,43.694736246472345,4.156609905496214,0.10117492891042902,-0.006536626351836869,0.563834181327384,5.764095761283858,5.828664443475175,38.483942197070526,39.79195637575222,0.13842878633121383,47.4,43.25,1.1206700299395438,0.747808775507778,5.764069610450425,5.8282442754436286,0.5781908939459913,0.09226615746923329,0.8671782460937949,0.5839632730914759,0.0011987828839178693,0.0146617204612715,0
6.754226760087478,47.11834014722293,4.266389606260679,0.10174866419080701,-0.011529642996096321,0.8623628199304686,5.768811229205565,5.828772415550911,38.46884351602805,39.65051818649753,0.12276555700187679,43.2,42.825,0.8038594608564287,0.7153088797876492,5.768985221506062,5.82825063740084,0.49072173833551924,0.07949241395655637,0.7808958145716347,0.5558693514582088,0.004946801297960004,0.049037750660267464,1
7.03972415354008,42.059747265562976,4.215845191698716,0.09049357604990926,-0.010514234126099883,0.6665632739813251,5.752315309335273,5.82911692145477,38.542773568779126,39.866546715132294,0.1458116492744828,43.75,42.45,0.8620629683262031,0.6862495302499996,5.752239474185112,5.8290245472392295,0.5195823246741581,0.08324274545790308,0.7835765908320714,0.524274399362761,0.0024465741255364024,0.029518130598972528,1
6.995026665631904,45.96249043471284,4.187539783969702,0.07734253993177616,-0.010133416898111631,0.7824607767292441,5.734300992439997,5.828512144137461,38.36180300059577,39.356510562287255,0.10437305633421613,44.175,42.975,0.9121266194429456,0.7270198708861866,5.7340102233564565,5.828094537555898,0.5361857601742751,0.08777108865598947,0.8020202253090671,0.5534398925913793,0.0026178060510919747,0.03187822541899419,1
7.121835838380468,47.796504006055166,4.164139500169541,0.08132670150581861,-0.00806435602349494,0.7974966420080549,5.772848266621596,5.828593055841939,38.617425921392496,39.21547084217992,0.06107076475594621,46.7,42.925,1.0608915586863592,0.7231242762779377,5.773074900937401,5.828305913884306,0.579835411942766,0.09018598912060326,0.8425430272183321,0.5408020588484771,0.001728733593955232,0.023544867902344148,0
6.855544190132334,42.36549503865046,4.130574747858097,0.07406770527527931,-0.010104884247714637,0.6794755070553739,5.735843097673897,5.828469648436314,38.55950470230709,39.527916423760026,0.10507167289517436,46.0,43.375,1.0464868854513707,0.757500287723432,5.735900682658969,5.828675256682059,0.5773951572231251,0.09477477203496347,0.8525876155413507,0.5894812699809018,0.0021819346797378805,0.026519688688298956,1
7.025976936268179,45.94940146197014,4.198116630367425,0.09821136928698529,-0.011716891902883901,1.0919102171011716,5.729108920036762,5.828767482720168,38.56586489387957,39.502578791072146,0.09568741195764822,42.95,43.35,0.8245160310876152,0.7553042058324406,5.7289748543678245,5.829052896733925,0.5087580783044167,0.08823366116777581,0.7695510904193212,0.5583663519236856,0.00455712959503117,0.04924600739957152,1
6.577569479731984,45.637550415422474,4.1782701682904255,0.09646182957856927,-0.013157746656665425,0.9804582526581181,5.742042342561945,5.828569612703669,38.54982612663461,39.497356745187666,0.09697908040162158,44.025,44.125,0.8930914164515089,0.8140955150895426,5.741795090706175,5.828401743630679,0.5281480900523905,0.09188500604034781,0.827304501615068,0.6328851660215387,0.006195682774000521,0.057083665453873056,1
7.265578242588569,44.49113993669425,4.20268498590208,0.08468861200394452,-0.010922569833128368,0.42278705934763483,5.762452518054713,5.828636602191701,38.51718491454392,39.465033544620596,0.10107628951942466,43.925,41.875,0.8651413137970856,0.6424529505806911,5.76244963896828,5.8288605046553315,0.5318380838837956,0.0825417914484251,0.7747296454813175,0.4872729327735009,0.0013106358034040957,0.0183774469193962,0
6.651004932606527,44.45960273628267,4.145236654921841,0.10060608694002679,-0.01192459160216586,0.8169267014850005,5.785139490761445,5.828897821347989,38.671503002858685,39.545076428921206,0.0898739712260272,47.1,43.85,1.0778044839479515,0.7930354311093328,5.785236321252243,5.829261073544168,0.5796836161898616,0.09477124612969495,0.8766007710126175,0.6234638630305033,0.0038845104446312323,0.04051937931898454,0
6.620864657120654,43.920397037986874,4.210767948133736,0.08286148229319622,-0.013624612045313799,0.9522194666238009,5.726690076193998,5.828652856475887,38.404565594200456,39.60005721379856,0.12745503936856417,42.65,43.725,0.8040066707082802,0.783835328768757,5.726801401110707,5.8282368672369005,0.5017720841380453,0.08718288175217485,0.7921346774971567,0.6095216132115404,0.006513735627857955,0.060416736454113946,1
7.121319308522337,42.53851213345787,4.186279320492712,0.09444060983190054,-0.009695328551143748,0.9306117908576734,5.791339396156284,5.828824345699669,38.617250577441,39.80656219760909,0.12780708532807747,46.125,42.975,1.0001994574467785,0.7267076693239787,5.79141877055831,5.829143312478894,0.5638109819838858,0.08824586684127374,0.8285021302738071,0.5389303222266082,0.002632396837502907,0.03373956763012923,1
6.834377766818684,43.250600838099004,4.115170845101105,0.08368970129421112,-0.010186519155529195,0.70418926388148,5.772118276998547,5.828989157412066,38.61160206984581,39.47080042075476,0.09067568956667223,48.0,43.6,1.1560849532769621,0.7740404502756055,5.772180665421718,5.829292186947245,0.605338522350556,0.0973967303149396,0.8833060835530906,0.6026492735012766,0.0022086846213637294,0.026963564475120712,0
7.173551750572041,45.6965259635346,4.172111830142625,0.08267995061754031,-0.012185512485760547,0.5945478058970406,5.70851226472413,5.828903435398529,38.51552614233071,39.240857866573926,0.07513337147485537,42.45,42.425,0.8068541869806394,0.6845441923942968,5.708553124467779,5.828908747072301,0.5149551748332021,0.08751382256159823,0.75466298428852,0.520619227345467,0.0021866102654244553,0.02753450373439295,1
6.521240771758848,45.114786510091726,4.2020528880153165,0.10218688168696179,-0.013905045589421216,1.000332503425542,5.751172022549882,5.828951188664417,38.49027396536441,39.62651143772103,0.11668067080622299,43.45,44.15,0.8404893765209165,0.8155954474876683,5.75119708718329,5.828545417255705,0.5117320714025909,0.0894766445582215,0.8154005638677381,0.6360125333539527,0.007526391292622949,0.06510067269758639,1
6.574856506916299,44.280159849651724,4.186118295088234,0.09062841739825324,-0.010133847800113276,0.8696155077929129,5.757421932213114,5.828816013272036,38.3483721439727,39.696103333367525,0.14291324929033003,45.925,43.9,1.0193767220188388,0.7968914961189428,5.757581829117556,5.828982404685499,0.5506785397529143,0.09052416288990811,0.8592617458442792,0.6277814321530459,0.00397632702945635,0.04033907485882149,1
7.280530410926569,43.85978535409321,4.1818840715897565,0.06451465577532778,-0.009876304696349687,0.7232597905489425,5.763285851021167,5.828603946124893,38.29729080328276,39.38832981557133,0.11822329897804922,45.175,42.575,0.957949154541426,0.6963481609790358,5.76360486818876,5.828064489122479,0.5617480334054435,0.08709049017854008,0.8047512787862846,0.5135688671549367,0.0017883202138181352,0.02623800296213196,1
6.797700684161533,43.67771844500178,4.159239932735604,0.09527105397040585,-0.010634374396218059,0.929322817643079,5.733737267481444,5.828392614621282,38.64862597170314,39.650537275171516,0.10512246020846427,44.775,43.65,0.9576751394771943,0.7784220490422902,5.733767281079386,5.827940496721905,0.5451794188495253,0.09285316923026796,0.8295110521248376,0.5983565896016186,0.00368534254749663,0.03938042269488693,1
6.619121388885651,42.893000158118845,4.195516551430693,0.08684970233430431,-0.016178538490194922,0.7447950239194914,5.746062846493266,5.828413227622283,38.528072908599576,39.52896414550113,0.10673597055241518,42.375,43.175,0.7635454366525023,0.7423553727775207,5.74584927022025,5.827970789702014,0.5057754385683726,0.08683444631846059,0.7887934001394892,0.5953345258613245,0.006137340680839192,0.057247257433569176,1
6.981238976105256,45.19094562201878,4.219202364579187,0.07433500962784302,-0.012348941922133873,0.5778342905741607,5.7182812657787725,5.828563315140052,38.43462284872753,39.38094506124736,0.10153234751981133,42.125,42.225,0.7720962270948126,0.66951332337384,5.71802925713181,5.828440084078737,0.4963973342421377,0.08172167429875624,0.7524648408974256,0.521826370982136,0.002734460175806788,0.031883912835338556,1
7.082512306787001,47.598020180235274,4.213487446095525,0.08379116687716204,-0.009148947888082098,0.5919341202863594,5.757504823440906,5.828666055665262,38.67469553652396,39.33743210119534,0.0689710062334361,44.5,42.275,0.9133272086222615,0.6732567368631148,5.757607853934983,5.828455308248346,0.5333797390946082,0.08270857453768547,0.7974105782974971,0.511382664111554,0.0017535160539663148,0.022531636591901615,1
6.592500481119107,43.77752981784028,4.121290155642988,0.07881415399091213,-0.01120647168241,0.6327446869382217,5.777413264364588,5.829021686726172,38.70154928067007,39.40347592051467,0.07443844067298512,48.575,43.725,1.192163480316541,0.7834664985184716,5.777299685923287,5.829280191345955,0.6068795517731551,0.09653929142918595,0.9022252600855123,0.6281139230272536,0.0026909917773557967,0.029864267651232904,0
6.56483128499986,42.60804805554125,4.148037565991008,0.11068957502821955,-0.011227305169927402,0.9614469523765408,5.756766640659341,5.828783832522687,38.60016364743133,39.860530443029084,0.1311193150112409,46.075,44.35,1.0310901639587406,0.8307957337862852,5.756704694891801,5.828355985034756,0.5588790688573384,0.09613092499490729,0.8656335299518743,0.6488050432144911,0.004771420715249368,0.04560743170501864,1
6.873718127789401,45.65441854428749,4.1654848250982806,0.10178974044887923,-0.008532479639468467,0.6759337640011301,5.741865711255519,5.828263965822201,38.691862884937926,39.57373629820564,0.09098329984430682,45.35,43.1,0.9923751516777335,0.7367950590457406,5.741584548854441,5.828532437581675,0.5500159459553773,0.0905781842621105,0.833129525629099,0.5727653842926989,0.002010067696127094,0.023157113960274176,1
7.280323711514768,46.8916916876881,4.182433957152541,0.09272175135381393,-0.00985504646856856,1.137693690539186,5.7563173399608125,5.828863643345482,38.480511892593114,39.34551412339329,0.08749280851355493,44.575,43.125,0.9201338131593841,0.7380991249363671,5.756589159049912,5.828585108981208,0.5434361483529773,0.08950298960546098,0.7899710149192949,0.5312778308374811,0.002972095722013605,0.03878967269969735,1
6.961334439953532,45.600416011698925,4.148822224962192,0.09004366089898062,-0.00791230670613185,1.2577811623914168,5.778422469882818,5.828760910482205,38.40681051925779,39.49620899739028,0.11191028397315855,47.9,44.0,1.1425601193164932,0.8044886702285945,5.778593137977745,5.828784547796866,0.5926466874822663,0.09562696335518002,0.8707437219110962,0.5977043243086655,0.0029063923421595033,0.03579885253615667,0
6.620619671770591,46.56684138598383,4.178030648221209,0.0934240608610434,-0.010930600886717694,0.7527518766896539,5.758759528122374,5.828505315261666,38.53161531242147,39.45082385249324,0.0947099216644056,45.575,43.525,0.9921663343056828,0.768842636756629,5.758750255009328,5.8286352524814875,0.5501157135623221,0.09012940369654225,0.8518192192723318,0.6108116238063757,0.003598770032230083,0.03711381792244197,1
6.86174280139402,45.57694056834161,4.200380580914811,0.06991290043456343,-0.009887622834117288,0.9634862158708403,5.750465012252451,5.829287891629909,38.60059087806017,39.42955141528071,0.08872315561018564,45.1,43.25,0.9651883438998752,0.7471853273530433,5.75016906190151,5.82890827898948,0.5457981475021895,0.08693035164011646,0.8271852157170545,0.5662971377596008,0.00346456925778242,0.0400023876108035,1
7.008313325317862,45.7091524600379,4.2141241373051175,0.11969688057614071,-0.013747747582774538,1.1511466126269043,5.792584115218679,5.8284162219668865,38.60097472112544,39.65659116536845,0.10540904532864627,43.875,43.45,0.8312365345272061,0.7632451771039124,5.792870554499597,5.8288219891862525,0.5166108562794061,0.08718307021989535,0.7851335449017167,0.5617111198084367,0.006008921059441515,0.061814353056496484,1
6.738131066235295,47.731725787161594,4.185177799346209,0.09683196754627045,-0.01017248792079118,0.8935772899261076,5.71635417333263,5.8288016046115665,38.497138439234014,39.423462733828735,0.09400425756211801,43.7,43.575,0.8942433790827344,0.772334661214189,5.716212852231373,5.828765615691326,0.5196433352736896,0.08990006392008823,0.808630367391714,0.5991279513878721,0.0038169800693427097,0.03886836605474287,1
6.957429862994929,46.80122049768622,4.156769447836696,0.10420707006206222,-0.011335388689536288,0.7143388759368458,5.779675783011652,5.828620436632924,38.57251842733663,39.34868766616028,0.07770076650506466,45.825,43.1,0.9897407354188692,0.7364385882350168,5.779804083726849,5.829085474963858,0.5642685678230238,0.09164698991572705,0.8370091664667696,0.568898612446107,0.0026262828633071187,0.03123688730399315,1
6.927265607922868,45.531611586103104,4.205023992936487,0.08330699080926351,-0.01288455445134106,0.6657287041329472,5.763884145936011,5.828919933434619,38.49792882262325,39.37581385613203,0.0922734260968662,43.85,42.575,0.8580491065213112,0.6960321736693098,5.763809111381477,5.828942807449067,0.5275609796061375,0.08440565149550237,0.7964175559657037,0.542039121981537,0.0032155606879012482,0.03731309797530618,1
7.158972247521945,46.26856637356042,4.216532511829558,0.08564181280489205,-0.012903060082994803,0.7364513065970998,5.762573978468935,5.828524997580715,38.505745579985124,39.324432788837726,0.08499407250075244,43.225,42.35,0.8119982509616612,0.6791627638288631,5.762245109527938,5.828669390271322,0.5157953298222984,0.08278244273987367,0.764041252534333,0.5091412832690507,0.0031147439302445998,0.038582997501488525,1
7.119596981987286,47.458449253672626,4.220272408109093,0.0777610257363715,-0.011009026770008352,0.7524245599902811,5.734410820923466,5.828561495742336,38.41942045778528,39.26167778254445,0.08758625617701006,43.0,42.475,0.8230277033785347,0.6887232149328089,5.734726129363673,5.828578513472232,0.5099624174603099,0.08281401430883947,0.7619906244193294,0.5163596383471813,0.002762138049718745,0.034109257969379275,1
7.134661095581659,47.447540523126165,4.17125777656164,0.11920292207723614,-0.009522606954363357,0.5745908262308247,5.7438116113630375,5.828603496745859,38.497950869505594,39.452965006546385,0.09431072461930004,44.05,42.65,0.8932057910550091,0.7020932501564197,5.744148705569587,5.828842086487148,0.5296924100398032,0.08916873138744738,0.7879865279815899,0.5376169191447665,0.0016700938061501313,0.020545846418179074,1
6.678792360940413,43.79879978961142,4.189917515871841,0.09055008539986008,-0.015194416291961107,0.915509740757588,5.735178582781247,5.829027857565742,38.487431769525145,39.527262801868595,0.10874017840638155,42.55,43.7,0.7878575201389264,0.7815696948496225,5.735445185926146,5.8292407429957045,0.5071041065646027,0.0893780847676596,0.7887770604602465,0.6071886637105447,0.0066063635841127795,0.06140830298855531,1
6.988060066846921,42.68303765051613,4.152884411909529,0.08340582327705912,-0.012503899474786235,0.7489595269658287,5.799569219929682,5.828732625990047,38.484414098457876,39.51611546112807,0.1099334171663839,46.725,43.1,1.0359995201240668,0.7363263988778943,5.799558952664162,5.828421736523741,0.5859712569175143,0.09175696434554385,0.8521321958284459,0.5651035376910438,0.0028241740563377756,0.03577324601268262,1
6.897061481500953,44.068963761753174,4.204639484807116,0.07999572986422057,-0.012086270043872681,1.0105641163646377,5.738183639291525,5.8291210005090965,38.39484012870822,39.56536448492568,0.1248333092155555,43.5,43.4,0.8572693398449349,0.7587466362911446,5.738350562528021,5.828597237746115,0.5196995244574145,0.08730713606485573,0.791689200070945,0.5718261915711654,0.004664451998240369,0.05063089190064001,1
7.040505334058714,45.804412405200864,4.262558240044451,0.1014825689083477,-0.013429455125262522,1.0195262460818109,5.693987418934363,5.828770414650252,38.6292388987268,39.63738199487932,0.10468993544940378,40.0,42.75,0.6305679014023964,0.7095780006607582,5.696389238160035,5.829150656589668,0.43672383953132254,0.07977314428114336,0.6767576690197004,0.5214773817370927,0.006293857352564573,0.05918017800644425,1
7.284917741471224,44.39239914518223,4.190102550053137,0.10883012209153889,-0.010400514074148055,0.9445390732659656,5.733224545745707,5.828913990854418,38.502450070616064,39.67561441399065,0.12061013405957856,43.075,42.825,0.8299301834984547,0.715167304484142,5.733039097789626,5.828890388314133,0.5128002313094145,0.08787941282316544,0.753876549201055,0.521994619632993,0.0028318636709114067,0.034964032603381164,1
6.909508292849859,45.683127171305436,4.169913709326954,0.08124293947324454,-0.012887776858289917,0.5686075018018515,5.7507758444382775,5.828444409994893,38.66534558262839,39.245338616029876,0.06043867193433427,44.175,42.6,0.8956517674446651,0.6984231388373949,5.750620173665645,5.828763591057216,0.5430415734324053,0.08788234710031935,0.8106300223816623,0.5499505627268131,0.0025852464011306923,0.030526412046541936,1
6.96632620217553,44.54911202051335,4.235892823054886,0.10677046672889871,-0.008493059729034006,0.590510970325513,5.755338983838046,5.828650169603007,38.44354846451683,39.86848136407539,0.15144012642730711,43.95,42.425,0.8741406337488433,0.6847974581898191,5.755081150723178,5.8290235225230305,0.5100668783514427,0.08158529011346449,0.787115209839613,0.5305010256967313,0.0019233931321770439,0.022343771137849907,1
7.279926837479046,42.18573905260688,4.157884596311567,0.0839011496871297,-0.009375832215138137,1.115134178122026,5.6908208053532725,5.828646452103569,38.46925593741743,39.686841561089054,0.13072255047204584,43.0,43.25,0.8666177189487279,0.7478267668793839,5.691040014541203,5.828966183372384,0.5255998086591616,0.09235541534136932,0.7622117386406064,0.5398947278396392,0.0027217713706816763,0.03488874159662744,1
6.932466937625368,45.97436646480919,4.197635596226802,0.08978522743535232,-0.00946535869500824,0.5874020623562007,5.761647019023738,5.828398424073433,38.42076192921858,39.49078131271754,0.11204344639031809,45.075,42.675,0.9521447561209158,0.7042120801583929,5.7614850117302945,5.827867854714574,0.5430950910385067,0.08583580500010748,0.8204021302519708,0.5490921839397207,0.001947096633291119,0.023682573251254543,1
6.668333009967117,42.55398212553443,4.1945372120950575,0.09539100525692809,-0.011937644444861784,0.8414205973923824,5.727215306046605,5.829072461483278,38.51039834730122,39.8162518141641,0.14026016430261137,43.325,43.5,0.8549575874590039,0.7663805176531815,5.727193743795224,5.829174867763625,0.5130738341908045,0.0884518626674289,0.8044976128094029,0.6016095850530071,0.004646190166585993,0.04522196841903522,1
6.998519342217703,43.08740965656931,4.154896818788547,0.11315319875402365,-0.00822068738479417,0.9323191734675212,5.766040132378744,5.828531928558227,38.36345189638774,39.87021516626579,0.15621356305326253,46.3,43.55,1.0383702021028558,0.7707104522003405,5.765760849532313,5.828316592254585,0.5654503697925874,0.09394994211808452,0.8416763824201738,0.5836996332994708,0.0023396995306865097,0.028136216798503724,1
6.698134232554835,45.754583381014044,4.196689571532793,0.06980185189514877,-0.009608622406334187,0.7685931205838602,5.779100216175434,5.828702831170731,38.641154051089664,39.43379829972256,0.08528945418939313,46.925,43.175,1.0710822631458283,0.7420657692290726,5.7790360813241435,5.8286193640213835,0.5693020580324352,0.08673510357448871,0.8674859121607189,0.5814690519042849,0.0029279254094612592,0.03348357155636013,0
6.785558851465101,44.97468859260263,4.154661911452289,0.10008545119610884,-0.008505500411600838,1.0536392051311818,5.730883222946334,5.828370634688574,38.42704136061112,39.64784835635518,0.12578309203082558,45.6,44.025,1.0218939835073195,0.8067631243248794,5.73099089560097,5.828146671019445,0.5537322975387576,0.0948650464189667,0.8446028219572113,0.616283473657219,0.0032421562720388025,0.03513108903433482,1
7.192469640974647,47.443129575393876,4.221842630817582,0.08683893565634677,-0.011680242218213323,1.0437848847209885,5.7864610562620635,5.8286437225057375,38.39123768541312,39.319786780610904,0.09490745566211259,44.475,42.9,0.8824968833263993,0.7211654350193886,5.7863458726287185,5.828524219892125,0.5333045614928992,0.08446842470698583,0.7873904447836737,0.5239656197229408,0.0037500095853821845,0.047001945538983694,1
7.232926491161709,46.70250527642183,4.175115019869526,0.08583202824416472,-0.012263043071909988,0.8027548014935413,5.776301243779901,5.8287345160055075,38.63662285428525,39.19189047835182,0.05650150868074946,44.775,42.65,0.9151111631787368,0.701962230896771,5.776293012174608,5.828438896592549,0.553366246013548,0.08811369036106888,0.7992347165473178,0.519200675302345,0.0026819497266208467,0.03568185965505725,1
7.150313206345532,47.83957934033434,4.145439028201441,0.10698625014293499,-0.010197051621399734,0.606212429861334,5.7625450833297585,5.828657884771642,38.27025333908739,39.24168733016591,0.09538887767451446,45.3,42.95,0.9679823848557776,0.7249670663527352,5.762396113480502,5.829000986839669,0.5610557478445453,0.09292553312947702,0.8169144835707005,0.5540090027171107,0.0016874227275633842,0.0221286464956458,1
6.9598947955871555,46.29358221921989,4.152086768561782,0.09788396591165606,-0.0156120596688236,0.797673709253517,5.733444595852305,5.8288030598626355,38.48695789440948,39.1750525487817,0.06846260687840953,42.625,43.225,0.7953378327479932,0.7457691695679607,5.733470572615815,5.828931385466181,0.521077462724201,0.09238008618949736,0.7761908038691565,0.574144540221483,0.004444408302669888,0.04769392702454903,1
6.760372174258972,47.03188228097956,4.20744393461861,0.07121866432372514,-0.014724782634580989,0.5371485111976003,5.778897479919468,5.82872923827835,38.594941050704755,39.11245049143494,0.05434117690396927,44.025,42.275,0.8562362790939853,0.6731935542500267,5.7788927634643645,5.829031427659587,0.5340166290511199,0.08250432359585445,0.812530911271928,0.5454952961347413,0.0033841137733122465,0.03818637458951959,1
6.6836086791806295,43.791755797753794,4.1909036728048665,0.0993518896785807,-0.008978639343620903,0.7750438168519904,5.83,5.828896680916038,38.429873670383714,39.82474824822788,0.14839386735029803,49.325,43.475,1.193175919767353,0.7646607807278665,5.830044172225713,5.829108104363243,0.59196954774137,0.08903508915989117,0.8979249469766974,0.6022861371901767,0.002747721389196225,0.031036334241051015,0
6.534234615692441,42.913142790240116,4.203913446557197,0.09446870563679167,-0.010835485981086614,0.9059237244648981,5.735892366911535,5.828709277415216,38.480233055317605,39.879736248168214,0.15092136602723757,44.225,43.825,0.914295600356759,0.7913360396502194,5.7359673391854455,5.8287704314783015,0.5207258395957426,0.08830058108070475,0.8299317602505136,0.6238541800582907,0.004971899863584285,0.04669492064431814,1
6.931891267557112,46.4342524755853,4.179981973376719,0.10918107288996384,-0.012211887097314114,0.7990322732156974,5.781416172729008,5.828880434679956,38.467718741516016,39.4563816167654,0.09917456651519087,44.95,43.125,0.9230599440156855,0.7380823336018931,5.781664653861402,5.8285790019986194,0.5440642592897837,0.08942896708170354,0.8189540188976273,0.5692554292069149,0.0034825602932172916,0.03920009109227167,1
7.18132729130307,43.93880816091699,4.171565056747164,0.08715076665307786,-0.009815553380644094,0.9825640224423977,5.767287179996852,5.828950779486683,38.47096879195905,39.55780919263318,0.11443193282242486,45.475,43.125,0.9762282237076585,0.7380119887951659,5.767281931474958,5.82880129021165,0.5609649155830433,0.09037190332627967,0.8161395724967581,0.5428291844531067,0.0026197859404479594,0.03442058634202399,1
6.7433039863858095,45.422100923620036,4.11483561180623,0.0904313878890378,-0.010507774110113556,0.7820137241586125,5.731468417770965,5.829089192226059,38.53071720439358,39.34177973636021,0.08275849415188004,46.075,43.95,1.0563883868471171,0.8003904253608303,5.7315707655296935,5.82909007996515,0.5759806709456787,0.09860738633014518,0.8611162727075456,0.6246902742527528,0.002845880014514901,0.0316225132027711,0
7.25950168467255,42.91797099949951,4.12514820786145,0.08534254890325559,-0.007765926872907836,0.5548159580770127,5.73955321825678,5.828571344705552,38.58686375539478,39.54011445239195,0.10133099596050205,45.85,42.825,1.0317095886352998,0.7155099506330078,5.739366726468537,5.828604903648594,0.5800415923616031,0.0942464334678553,0.8253354445136141,0.5353423310132414,0.000985719484162455,0.014345788481599444,1
6.783955581753003,46.15190688745745,4.181500643457647,0.09788477937361978,-0.008836479664321654,0.8379442077432863,5.715463931718495,5.82857890265817,38.537812382394,39.57385080823599,0.10705210559283614,44.125,43.425,0.9272011960747166,0.7611858882884688,5.7152842430148905,5.828887674705982,0.5262700122327052,0.08989530448745016,0.8143337638759468,0.5901421872476253,0.0029204086140872266,0.031081882409900057,1
7.248815220179406,46.29819466461124,4.194871218956582,0.10979404775242847,-0.015134578859133533,0.7023156457976862,5.745011803845021,5.828669604633537,38.51901705775843,39.32450629387991,0.08032708746244405,41.775,42.3,0.71834645637853,0.6751754119701028,5.745005301840284,5.829003780711816,0.4928616656175685,0.08521215389184916,0.7240305652503635,0.5080581546653672,0.0034623347453799445,0.04053062283769812,1
6.636005456684777,46.14721003232844,4.186957402447919,0.08570324427778644,-0.010093794118923666,1.2836241035774378,5.7624296046318735,5.828644758795926,38.36066801487427,39.546184757972235,0.12286914499310891,46.35,44.55,1.0456538261142567,0.8459338795901701,5.76264083096627,5.828810049072145,0.5572234460951146,0.09247287091203499,0.8624216939063837,0.6384521225068975,0.005472328005813508,0.05505573927988524,1
6.566349221377906,47.97448533030353,4.209944075567964,0.09948274802366504,-0.016130020191822626,0.9241274955717056,5.773782847326973,5.828679526964963,38.541543758486554,39.29454198098674,0.07518436511814483,43.075,43.775,0.7893718819171891,0.7875883031640436,5.774004231772972,5.829117953969979,0.5090366004255372,0.08738895332804222,0.8033933092932405,0.6170005979896994,0.00811410814496327,0.07057100604193937,1
6.987406406834736,43.39780458111994,4.17556029612127,0.08681497050177321,-0.012790606875123647,0.8799347738573718,5.7422325600215895,5.828715238174863,38.62466726177697,39.53821318007067,0.0966775888835204,43.7,43.125,0.8683649923937748,0.7382475301069862,5.742193997695756,5.8284258496962,0.5320326699434587,0.08943663754463088,0.7941633987250567,0.5582112540293644,0.0038427322609754016,0.04370975970871144,1
6.660315591486327,44.77373218954261,4.1553002385405975,0.08384915335929892,-0.011744656005806863,0.7369381646318711,5.730385011656535,5.828936943702593,38.543688298938946,39.421763580683454,0.09207199617066524,44.7,43.575,0.9554208485221762,0.7721993221231624,5.730293115016438,5.828670963736464,0.5477288728101171,0.09258394393078809,0.8388807507345815,0.6118026079543749,0.0035596936906049617,0.03725835328714175,1
6.963989534464148,45.04811537226924,4.149475635794811,0.11517525214041105,-0.013513125272304813,0.8457655030540087,5.7471623630047075,5.828781732418855,38.39956742861708,39.48323546350114,0.10771369844892592,43.65,43.45,0.8596523006588646,0.7628796666519442,5.746959528484566,5.828973627823798,0.5320767364543079,0.09391092664074475,0.7959676051547275,0.5851944285476209,0.003950035257722894,0.04281666266544785,1
7.08019867985644,45.77558072535614,4.212833057794807,0.09271974376670675,-0.009496200100881879,0.8245974482331958,5.730876022987565,5.828660361083558,38.741818572777,39.55748064750721,0.08551503211411406,43.35,42.6,0.8531956655650434,0.6982071877487304,5.730709035918089,5.828386131851001,0.5120815858601329,0.08405579633597984,0.7724494272641032,0.5220537006082112,0.0026628362427657233,0.03152660584995107,1
6.8703375019533945,43.08622800458941,4.162010037490743,0.08020082200051949,-0.013350133256836136,0.9974622007861922,5.706077557745051,5.828790167476006,38.39627931188993,39.499800721855124,0.1167712309165981,42.8,43.775,0.8360933357733993,0.7874776626530009,5.705762675756098,5.828978031904428,0.5209317785237882,0.0928711432621925,0.7867352115200764,0.5960181914501955,0.004938510404692913,0.05189975522503885,1
6.669670941480664,46.230183908757745,4.208486449608371,0.08948618385827284,-0.011657430787964235,0.5484348869941932,5.758156404610469,5.828656782109257,38.419450881730484,39.457517930838634,0.10888661513146396,44.25,42.725,0.893910943214566,0.7077795558351436,5.757937698763954,5.828801038476134,0.5265529295353379,0.08445390081581212,0.8208502427744953,0.5756256247880784,0.002924151358548803,0.03114245228053094,1
7.02212461136215,43.10813321894424,4.166125567303995,0.0944448831304936,-0.011544530581216907,0.5821630518733033,5.743660997858967,5.828930766816687,38.50174007609711,39.60071474199133,0.1163858260719751,44.075,42.7,0.8952395135209104,0.7055929342651295,5.743866580948659,5.82927022452105,0.5387403260855718,0.0892008395867001,0.800086901451307,0.5477629440078852,0.0021711571951265577,0.02641530919150439,1
7.1131662799773885,42.4303890518057,4.184932488559216,0.08439882376445859,-0.010112807995519163,0.962257368061697,5.746193499557322,5.828679714583782,38.488815377188594,39.73200117661226,0.1346692549362559,44.425,43.075,0.9190146742359016,0.7344750146603802,5.745913068433206,5.82857462027857,0.5405884287031596,0.08861891308402055,0.7987064271731893,0.5439230414694918,0.0029310665569323964,0.0364620966122637,1
6.779082834788272,45.9442594311838,4.196527229087934,0.0884367940808083,-0.010822844206937559,0.6842056539846632,5.774530438594885,5.8285991890142155,38.44657390312504,39.471330442975884,0.10722471936599932,45.5,43.0,0.9708383430211356,0.7288393352877849,5.774468200820554,5.828560723552123,0.5488581106826343,0.08673292879222061,0.8382368340341432,0.5745151408981747,0.0029202957543467837,0.03298161815462814,1
7.068368171180249,47.14710746390394,4.193984853601411,0.09862920143608923,-0.01069602315767539,0.700051296592425,5.722728502967793,5.82856638297814,38.49850187617928,39.3791670907573,0.0894477122693804,42.9,42.65,0.8270806545573333,0.7021303639241383,5.722437672936937,5.8281984711672115,0.5096323358956872,0.08635098212785686,0.7660745263376362,0.5353286612207742,0.002547450746864298,0.029846190468875402,1
6.97493230062893,45.32196443683272,4.221559678425174,0.11730060711700697,-0.012018806921863258,0.925600046859739,5.7275179184448985,5.8285069514652355,38.60978552253342,39.732572050917575,0.11454140965631485,41.975,42.925,0.75129370098038,0.723210380654641,5.727797556756671,5.828052955269992,0.48060918801150493,0.08462278437319985,0.7427603430117211,0.5468169490373124,0.004606441021810331,0.04629843340876562,1
6.8866096524256974,44.6314626683677,4.1846235752088825,0.09287710664873748,-0.00970105553373976,0.9248103179115862,5.724331831602711,5.828531980818659,38.56969685522346,39.629504596323315,0.11137724796254905,44.0,43.325,0.9089177491080882,0.7536409126869499,5.724011765954509,5.828219256111705,0.5274464284277401,0.08927611458261045,0.8048615312068331,0.5742921770883922,0.003291800402187093,0.03626282652565365,1
7.046831067252921,42.96134971400776,4.233995428077963,0.09499070510764095,-0.011513760432687106,0.8868570448793641,5.732444102951033,5.828790709079494,38.57703319774221,39.8396128512423,0.13653986389688935,42.35,42.675,0.7752436584585451,0.7038197951523317,5.73237455440509,5.829201206688948,0.4897752768290773,0.08226703005004299,0.7469878888410023,0.5259061638138096,0.0038951905325172484,0.042906437594754425,1
6.532346075251655,47.6908004784073,4.2027817379175385,0.09030917271470747,-0.010078004148118488,0.7191701253069445,5.8014563142798385,5.828793212363976,38.65276313799346,39.46693089529623,0.08458159851877307,47.625,43.35,1.0996305566412916,0.7552784761886322,5.801695778056209,5.829022891122911,0.5684426006897434,0.08674748983622253,0.8842241818335833,0.6063948983967631,0.003398674460401425,0.035342821283071216,0
6.687604515408492,45.21039226374972,4.1667525876963385,0.10252928256082584,-0.011640842477163554,0.8906744438624731,5.746303278189906,5.828737558532102,38.635049257142335,39.56568660298449,0.0953602512467967,44.75,43.75,0.9432408019399201,0.7856407191293746,5.746292733553805,5.828412598414928,0.5406386487885496,0.09227241306369045,0.8343540397068593,0.6123996984481253,0.0043684123747514975,0.04368854395429745,1
6.851332486778276,45.99758692490683,4.172860188007313,0.08844955766382205,-0.010050831288870894,1.13002583031761,5.794064903667954,5.8288489092607065,38.55760614416917,39.46525949676639,0.09358057285225937,47.425,43.825,1.0925162510125013,0.7911964078047289,5.794160886651993,5.828577465096286,0.5808507139332927,0.09205973879966409,0.8674214873339852,0.5951613841522695,0.0038762395624820337,0.04446096438776151,0
7.1925769585264625,44.6903134670181,4.248766598404505,0.07911351938687429,-0.013396272073067192,1.0494373295225483,5.75955545464791,5.828557097602114,38.549189498288456,39.52443436576143,0.10419876919198864,42.55,42.675,0.7634806482722629,0.7040534066297122,5.759223668806372,5.828317926113223,0.4960799119058068,0.08070724597270103,0.7399523333987882,0.5056605340827723,0.0048679916099950305,0.056846131068158674,1
7.1136792252488075,42.38684649829823,4.142523066027235,0.11294072068418999,-0.01472837102133755,0.6667331870955023,5.765713275922326,5.828713359884219,38.383973531937,39.608486764159224,0.12534029824847834,43.8,42.85,0.8524435671873931,0.7172777797370378,5.765632571504859,5.828301947859003,0.5412449597176748,0.0926755572191389,0.7901973984778212,0.5540714999141425,0.0029788379711443206,0.035793517189659466,1
7.054643050781846,45.50209509249771,4.137383191598955,0.09131587298299763,-0.013365163075440131,0.7261940012699668,5.755353110669281,5.828605844321653,38.59804787036588,39.21598433273273,0.06258159540831412,44.6,43.05,0.9229700321563188,0.7326440366080469,5.7553222850442,5.829060545806815,0.5583537228281987,0.0933714686106109,0.8133406671561253,0.5599191305404734,0.0028798839649608306,0.03527134707643981,1
6.537090235946101,47.72341026337679,4.1859375521155116,0.07737361878934557,-0.011305707800637268,0.8159746579254193,5.732837539642404,5.828543047077038,38.462487875708455,39.293022195114425,0.0862010616090325,44.65,43.725,0.9492280092728418,0.7839451381676055,5.7326138357065775,5.828105632190191,0.5371407891821646,0.08952278527548058,0.8419860601137067,0.622636202552915,0.004379472836205291,0.043449515483029236,1
6.650372244916591,44.29838383751848,4.210317851260313,0.09316740029971918,-0.010363052486979062,0.6578155277238665,5.75918117219523,5.828902789304464,38.515507076216764,39.72267517258774,0.129358719685661,44.85,43.025,0.9378330879060579,0.7304416901385844,5.758958239330609,5.828954599371576,0.5314076816252644,0.08528560358665963,0.8326094073055007,0.5849899514289938,0.0031166492104588907,0.03260174548997557,1
6.597334423048397,45.77690873929829,4.197108484208228,0.09578441263222638,-0.00947550554762284,0.6095839709894799,5.773885736663809,5.828776181589431,38.72598663037881,39.626412870016765,0.09491520886183713,46.325,43.075,1.0323613937304437,0.7343785476547309,5.77373235367991,5.82913191323017,0.552732802537878,0.08662039251317753,0.8622743551488076,0.5918760454950277,0.0026114348836768484,0.027504101867838218,1
6.868226257420148,45.99156491878844,4.226282839076404,0.08018437784845352,-0.013912279527770324,0.7355580334052533,5.79696557792477,5.828602269002328,38.47591427682815,39.35062024814308,0.09209700406817019,44.425,42.6,0.8682425958684528,0.6982652798299602,5.796926051974451,5.828493517966371,0.5324098368446568,0.0822139196582673,0.80858890405856,0.5434379850500021,0.004127901597590413,0.04689795673127305,1
7.214037282406847,46.90557850669404,4.216024649755876,0.08953913794036195,-0.010738578061669595,0.8237760053997188,5.777842443027873,5.828548068932382,38.49579429569607,39.372892013824305,0.09037703953723322,44.425,42.5,0.8873657307653504,0.6906543362702671,5.777951228651311,5.828256468547487,0.5332507373361773,0.083627788960885,0.7856988823058405,0.5094060291766351,0.0026501825580036546,0.03452615561936401,1
6.754455855637691,45.753068833469165,4.1787990456525375,0.10572478298066665,-0.009200853615162834,0.9063688830166415,5.725583719871925,5.828510470460834,38.47332551384438,39.654598129606015,0.12115107360432942,44.4,43.65,0.9377487797111472,0.7783041932027377,5.725680533146452,5.828624830688659,0.5289229221646232,0.09105192741550952,0.8211271673105409,0.602930541593125,0.0033706775825493728,0.0348979693071325,1
6.691218397391533,44.037413859264774,4.151539284809759,0.09482107152394495,-0.009886681394535836,0.8279544503125518,5.768829556286511,5.82821395440618,38.406536386732,39.633226780134656,0.12832224703122963,47.125,43.875,1.0959355525864796,0.7956066953397052,5.769051477751063,5.828487290145156,0.5771857641712002,0.09435776339321833,0.8742721276737488,0.6222560876356485,0.003101823843410043,0.033968518013122166,0
6.608283056781928,45.59880703247538,4.172212236949277,0.08812276624013533,-0.011213418906060525,0.9162201949566754,5.723961332527841,5.828624360008898,38.47215161571416,39.48708422509982,0.10545880214164974,44.35,43.975,0.9356182337811312,0.802740507045244,5.723781720544818,5.828897761099618,0.5344010714568195,0.09209007137655512,0.8330155368404479,0.6268906740837098,0.004583631959620282,0.045093385269227605,1
6.523417077183477,45.43989702046449,4.146689654005549,0.08696381303452615,-0.008948490188548163,0.9623011347460143,5.731269745109295,5.828635328506563,38.44783252987215,39.5399896792642,0.11385969817720351,46.725,44.475,1.104298994944454,0.8403226110819002,5.731244946154679,5.828970848049425,0.5683980775173026,0.0963005577504973,0.879445970494151,0.6562840765378053,0.00368217626929078,0.03718585251456815,0
6.989866601461722,47.069099307760226,4.166968126449725,0.08755611659717913,-0.014574403296557672,0.765441083417351,5.766061546652372,5.828819040027863,38.32729666148697,39.112319483218386,0.07892188716743317,44.05,43.05,0.8709558557656747,0.732430840901837,5.765816305675161,5.829221240660279,0.5429789471825658,0.09018792428500136,0.8023287178205821,0.5636577660980545,0.0037389006667718663,0.04383401743904752,1
7.216664254527353,44.696342228492504,4.109963906217663,0.09701311661801874,-0.011976171538185027,0.9102005443324779,5.729230833547406,5.8288017632027564,38.453261659682724,39.29171571530118,0.08407052098328248,44.4,43.475,0.9341016660356667,0.7647556984411477,5.729448966633871,5.8293246448770155,0.5612969572728449,0.09842509489840719,0.8027342768603458,0.5666501796738633,0.0026940855988409275,0.03480981500180114,1
6.956811242607147,47.497858474167856,4.197068875785013,0.0903150632266118,-0.010580903555420284,0.7011202956279619,5.7256023481539895,5.828993722153292,38.51122632244839,39.333365750053694,0.08425348382168374,43.3,42.775,0.8546712023908505,0.7112662115190691,5.725730630819932,5.829082776277287,0.5159587486060955,0.08616846933830853,0.7834191307395278,0.5480505937410894,0.0026984171737754314,0.030904996250701432,1
7.222090396742481,44.288440186199374,4.223734596360839,0.09808193420277417,-0.010853190968223155,0.8591075249562187,5.74744698353937,5.828795311603976,38.53154654895682,39.690656700519504,0.122337808610759,43.0,42.5,0.8099915407626304,0.6904070935986732,5.74730701992764,5.828792203023883,0.5047420183828439,0.0830114921917619,0.751216128353736,0.5073429549265347,0.0029850237052284653,0.03649280916584374,1
7.227008824962328,46.52136161965681,4.221137149812383,0.08997471994953031,-0.01164211777501898,0.9090129650771295,5.67,5.828563790391666,38.61372395580675,39.39667014428887,0.0808597250028844,40.45,42.55,0.6900314464631387,0.6944723125285073,5.6701896288508005,5.829082971675475,0.46081581307401553,0.08318896061880704,0.6873802503232253,0.5060868685129726,0.003691017210562086,0.04098605065721684,1
6.775449036104792,43.00465918672023,4.20037195660125,0.07573923547943222,-0.008492793521743508,0.8101504599998126,5.723060353655822,5.828580701202102,38.483888698916836,39.761081689916075,0.1413310670109246,44.55,43.225,0.9515182847302741,0.7459915282284939,5.723242126181244,5.828880426210318,0.5326810016247882,0.08690189850719947,0.822177224495193,0.5778841062339463,0.0027032571792609647,0.03025754838551119,1
7.215683547273114,43.034594333227886,4.100192608912566,0.10332310391281489,-0.014019143753341292,0.8900216765991891,5.691108650348101,5.8288909529928805,38.581860482492615,39.397776880995906,0.08221709955867863,42.425,43.45,0.8223389774447245,0.7627704460779183,5.691145402681601,5.828638456797907,0.5309412242809037,0.09943570467194719,0.7627904172992139,0.5671241239969976,0.003286115846088703,0.039245085104896583,1
6.793946278944868,47.672105131958524,4.1527877998186975,0.09869256024468441,-0.010689772223924775,0.45337362896431505,5.760047612396667,5.8288552883107885,38.45019818703204,39.27096223100728,0.08258612804978287,45.7,42.95,1.000129900065562,0.7247696628135891,5.759855846559115,5.82902808473932,0.5616109051476195,0.09132609542847467,0.8461437193866964,0.5838045294833105,0.0017614850590328785,0.02044533024315499,1
6.8932240476729145,45.84529817801985,4.209657758957304,0.09394543312494602,-0.010173741476156345,0.7474590504954082,5.742619867587459,5.828346610024452,38.39110549814794,39.55998058275004,0.12202926272973588,43.85,42.9,0.8793133848698629,0.721462547500674,5.742378048010078,5.82820318556245,0.5192618565218509,0.08542406416247812,0.7966373470563106,0.5582735487434561,0.002928472312854495,0.03287082344850724,1
7.132810325930378,47.70112730374933,4.225322486547199,0.08338717433265519,-0.012220255876410128,0.4478313952705353,5.745186001224179,5.828494275925322,38.453440471666354,39.213234311955354,0.07868004168810068,42.6,41.775,0.7816815476081089,0.6348639842982289,5.744979950859445,5.828771015077066,0.5027317569803007,0.07982127211585398,0.7499570310031919,0.4922417397082052,0.0018851649056124873,0.02396577183008751,0
7.125122907115245,47.11899301575738,4.210510765344731,0.08967455542155967,-0.00986401819968707,1.059287806727486,5.7318082783382795,5.829004724511196,38.539759275958744,39.413646288993405,0.08977778910247458,43.375,43.0,0.8541616578214661,0.7284337997908041,5.731560468381618,5.828481708387243,0.5143378315051182,0.08587244101754186,0.7705116962526127,0.5339307925465193,0.0033963896195932913,0.040212639908299284,1
6.839704013477143,47.80933266293625,4.161186357091956,0.11559137464902754,-0.01187493888287066,0.9853817882074515,5.7752841867378875,5.8287749708451715,38.5251292801059,39.403056613521564,0.08579379572704866,45.45,43.8,0.9663773295353826,0.7893818722645474,5.775195682977581,5.82889331046716,0.5522893941677774,0.09360985505088175,0.8361928110892168,0.6030833787668598,0.004321370925484302,0.045545117625809296,1
6.949471390514429,45.26725273840851,4.184720413765159,0.09303292963593665,-0.015135509078905372,0.48822537118290427,5.761131544044077,5.828639416867299,38.457099436323304,39.28633155861253,0.08562675218040378,43.0,42.175,0.7963069802579232,0.665588789778969,5.76133441247978,5.828862681934377,0.5205440810773853,0.08516517149540948,0.7794452102620908,0.5350253231347446,0.002774578473612243,0.03219659160224531,1
6.985699124317268,43.03346221443882,4.204191645777317,0.10194085745171358,-0.012056053692596201,0.5208017538078266,5.785226116344854,5.828705642615573,38.35675875118664,39.7404156296847,0.14731968061644907,44.475,42.325,0.8837318232436084,0.6770610301140918,5.785301419744314,5.828860488231676,0.5335819397181658,0.08420211583499171,0.8028714455741661,0.5345544702162,0.0022474555312410184,0.0271738700219409,1
7.165988423258059,44.19111742135613,4.212904577044237,0.09403105130074305,-0.010999854180284777,0.48460998797520943,5.717876763176289,5.8288233699867185,38.3311748975114,39.6068301229119,0.1354758450465711,42.15,42.075,0.7744263720754843,0.6577011231451779,5.71824336289365,5.8287489552800205,0.4940620670165899,0.08256415645270672,0.7377546825269344,0.5059362429782024,0.0017817931760032715,0.02208448371030513,1
6.884728526004953,44.93621369265454,4.153177600850586,0.09857407504336627,-0.013790767754880619,0.7053357670261385,5.7537042793708375,5.828690520973784,38.556760157229206,39.37118115757104,0.08301208399230499,44.1,43.125,0.8870788069827595,0.738272247308065,5.753662362863965,5.828720461912239,0.5424369020601891,0.09182888632314834,0.8117367021854525,0.5774320360311429,0.0034980996711091996,0.03870969619303876,1
7.189820907094956,44.21441881402761,4.154506174107418,0.09856878800796218,-0.011493507618850742,0.950426449121272,5.7212457887459385,5.8285792424323235,38.47906892059468,39.50180327832051,0.10484280126111012,43.325,43.2,0.8609271047596705,0.7440914476296703,5.721013873098084,5.828102096104105,0.5296229945712653,0.09259112635031716,0.7745113113250752,0.5501133246313904,0.0031049981724538232,0.03780841391619797,1
7.179187182797339,42.57021628124514,4.183619181942566,0.07304765175578629,-0.01487866055361586,0.9578469891169172,5.759800594395378,5.828557024966287,38.6169837138863,39.44917843488493,0.08959133367925913,43.475,42.925,0.8337568672485265,0.7231603071535897,5.759541136459063,5.828432129141559,0.5341614939533749,0.08785895833911252,0.7761670334453473,0.5288555822854417,0.004268420364433982,0.05243482021390785,1
7.0051418220948065,45.9331458514252,4.178695088625366,0.09236782157108829,-0.01508231360849988,1.0211643448229637,5.749115769988216,5.828747341802863,38.48533435595041,39.28487776669967,0.08070912085598254,43.025,43.475,0.8102287094548322,0.7648101198410409,5.749332286073234,5.8289864091600005,0.5207280618535283,0.09045041702504435,0.7772460825561962,0.56961629288332,0.005445106607084829,0.058436266037868036,1
6.996547824949371,43.97823857822127,4.23457292340238,0.09380488803381642,-0.010018631009480689,0.7729691814228072,5.734154536450439,5.828661211309475,38.486113988198326,39.78249319000357,0.13953462114494875,42.925,42.575,0.8175627956694376,0.696290895794454,5.733838908266582,5.828373031284087,0.4982043778605367,0.0819250850483342,0.7642764362553847,0.5294311880429354,0.0029681244492296894,0.033647270583762656,1
6.676240909082235,45.243635409299785,4.136697744510454,0.08664481130037377,-0.011118045444334949,0.3007767606656604,5.751867952485037,5.828672233512364,38.465632857054125,39.3199771556026,0.0891542779174978,46.075,42.85,1.0359888521330447,0.7173189061088925,5.751665188652129,5.828290194920573,0.572841668228511,0.09228250495627974,0.8625131330324806,0.5951202329788297,0.0012746847340613324,0.014796009225421023,1
6.6463289108135895,43.0823358463478,4.201151879987419,0.08903036197539582,-0.008282921085529867,0.6372518336077615,5.721504573804784,5.828500604581057,38.438673500903576,39.86728255305647,0.15653495134971707,44.5,43.2,0.9493274582583835,0.7441700854809365,5.721354600669643,5.828433286025594,0.5261830699731994,0.08684597941208601,0.8283977169681236,0.5938607794340596,0.0023438880666364326,0.02475558761949429,1
6.992323413990077,45.56061899803565,4.162344318661235,0.107161425370767,-0.008347768136822824,0.5981335933916523,5.679723068702521,5.828360035745044,38.628451014398735,39.58337744357743,0.09779855139345399,42.75,42.9,0.8586253466084894,0.7214491217800818,5.67952082850295,5.828238235610822,0.5101387810374971,0.09053356843626606,0.7734831284338118,0.557361409806074,0.0016960919844842247,0.019261829705118708,1
6.695415234010262,43.201335980224584,4.192551821164413,0.09094452303957222,-0.009339454153707684,0.909929314952597,5.758622423993219,5.828808864959236,38.562908541004276,39.82389419930044,0.13616208728269522,45.825,43.575,1.0107940944373022,0.7723274008665193,5.758348190382356,5.829029173628485,0.5491111462518747,0.08892814137097811,0.8493657939974592,0.5997138489286208,0.003511140224733631,0.037293088339853675,1
7.157396518942795,47.580929553446765,4.195333536711283,0.09218576491326151,-0.010947774487726962,1.0302222979308195,5.735774485674504,5.828951566595121,38.61460692097246,39.3056808128459,0.06987102560344824,43.375,43.025,0.8501954504852414,0.7303929128479272,5.735458563746659,5.829364026840077,0.5195520085868663,0.08747515235321061,0.7709165208363056,0.5343003188326849,0.003519095640891194,0.0418614319044801,1
7.090918217953187,47.68639405387169,4.1640789887128555,0.10369528959371595,-0.012694911339392136,0.7719314799521704,5.7707162151794495,5.828723029745999,38.59093386473717,39.21896215470152,0.062018066734366044,44.525,42.9,0.9019893830018457,0.7210861277791274,5.770438643816079,5.828261042266306,0.5463497559761732,0.09031770330101146,0.8036580098711924,0.5472001847368548,0.0030190371598822034,0.03647574079117494,1
6.8674261264886365,47.12026592833298,4.159674796100308,0.10575267636558346,-0.012523741771072681,0.5264535107912257,5.747018592619794,5.828461502675226,38.71105662253213,39.29146881941301,0.05806024034463129,43.95,42.7,0.8824610249670952,0.7060621984065909,5.7467985385891645,5.828567491108283,0.5351795345111887,0.08968693424985738,0.8081544107430617,0.5630344824333773,0.0024538402168269966,0.02726367407600939,1
7.071896363643236,42.15462486089784,4.206097195410125,0.08349416905899129,-0.012528251064453488,0.4237022401140933,5.7288483645504735,5.828793684542153,38.55102622818232,39.66245223088171,0.12268494102752425,42.375,41.875,0.7807599185952947,0.6422958682302395,5.728944670510444,5.828634861574894,0.503822473059838,0.08192034691783645,0.7532444378865231,0.5043033548531997,0.001866582317851999,0.022990985830676686,1
6.658069830905089,45.032537137795316,4.186819461842554,0.09167981514266167,-0.011794898687445383,1.0226998671033385,5.770128233736722,5.828814557976335,38.46509679968977,39.57755545741005,0.11577298958388146,45.575,44.0,0.9807976286913345,0.8044350227344648,5.770031916211427,5.828885019323572,0.5493265115284542,0.0907972479351805,0.8483251576295497,0.6194631884559082,0.005207145325925636,0.05236445486946986,1
7.131016268987298,45.22315305433443,4.182869775312164,0.09972430414002025,-0.013178311957659419,0.8053314545105702,5.687163779168337,5.82905798225646,38.58055469712495,39.42692611341257,0.08647040172123273,41.075,42.775,0.7218142984973994,0.7112019514159016,5.687479519428759,5.829159649983406,0.48221809073953964,0.08788812127554946,0.7193414377862193,0.5342959140904553,0.003675975449218641,0.040168543076630786,1
7.125036701650949,42.09703940248455,4.236138978891328,0.12550772153364045,-0.01143470874398065,0.8189523945803708,5.759166894560676,5.8284653506513875,38.27380988214498,40.13493738816155,0.19599298766954146,42.6,42.55,0.7677006542716125,0.6945707522687856,5.759239598899929,5.828106859924172,0.48692347641732464,0.08264193329747861,0.7420788443580534,0.5248193560321789,0.0034889268535188865,0.038708771937790286,1
7.0512372065779605,43.83425258215119,4.212222804814894,0.1080392917075527,-0.015062807223067572,0.5038821339543746,5.724109873155965,5.828661309075025,38.54314329733942,39.58410966867052,0.10858264608985647,40.8,41.875,0.6633778959125598,0.642428243697367,5.724412845198763,5.828953859202414,0.4695506781751997,0.08165995699620963,0.7100167560628976,0.5089795070628174,0.0030917580278444533,0.03332453796963484,1
6.940532120274441,46.73058140793326,4.212046967155412,0.09634686666847939,-0.010527469054364025,0.44081070801212874,5.707671300404789,5.828867654471095,38.42001465649977,39.45237350652947,0.10699004711795582,42.15,42.25,0.7846318348469836,0.6711323455289051,5.707319663782558,5.8292742611426736,0.4912556016660792,0.08299927934280789,0.7546312813176124,0.532629368303234,0.0018394647442223715,0.020758077942664394,1
7.053644252742058,45.04800321551529,4.168911182161113,0.08107687700910791,-0.010849551804080966,0.39001407557943746,5.746491143002913,5.8288557098026565,38.39711677514654,39.33221747063054,0.09849715968563783,44.475,42.35,0.9224667965855495,0.6788320516069213,5.746404344645688,5.828946309769953,0.5481278791273024,0.08752513848647778,0.8067576303354109,0.5330678404703679,0.0012938679297200466,0.01705395987228022,1
6.568091273600627,46.88034644211338,4.197326839239155,0.1049649050299783,-0.010605093334352418,0.4911045315133915,5.776362198055845,5.829100087555917,38.44794811853551,39.547933228582565,0.11314381806245977,45.65,42.95,0.9801161745877023,0.7245248635684609,5.776477162582452,5.829431014479423,0.54304745215147,0.0865115005331776,0.8524172351293183,0.5981257632065358,0.0024922917801076267,0.02575689227106309,1
6.774428437687018,42.85219011626877,4.197430300650491,0.08482642888825681,-0.012533879362286258,1.0174302286988786,5.7307331943419415,5.828766205079105,38.469766990333554,39.704516361603396,0.1326694535710656,43.325,43.675,0.8514396991636675,0.7799401736307257,5.730954415063596,5.828934664132055,0.5163283538027631,0.088719550296686,0.7975937648134119,0.5938954255516524,0.005382077183885779,0.054213195843670924,1
6.906934822681458,47.1256459098745,4.180943032081442,0.10581477819775567,-0.011808285959791614,1.125618358397974,5.734329400121846,5.8287519377649515,38.61979474889887,39.44208744041857,0.08199292175249367,43.525,43.725,0.8630185518964497,0.7837362474796921,5.734057862865973,5.828729940971515,0.5196902121502083,0.09117872080397496,0.7929190551517667,0.5860248216138874,0.005001293286447277,0.05129653388255674,1
7.002732880607221,46.721061231487845,4.186814003383188,0.10100844237482662,-0.010721827451289013,0.7423379775591469,5.74200183021839,5.828869331619101,38.58800896082517,39.42940435734897,0.08553937205526432,43.825,42.85,0.8780434868470453,0.7171218080021555,5.741938528728741,5.829206622367967,0.5255809289930736,0.087668104187358,0.7919060132766529,0.5484541606213446,0.0027461664828240667,0.03173205877129824,1
7.2250918749611674,47.99720995952123,4.182202473472256,0.09495550909648016,-0.0073246974531939206,0.7391337332998668,5.752775655163039,5.828725145167458,38.644736786098946,39.33863359090759,0.07026530810459299,45.2,42.65,0.9703188704256052,0.7019716017348205,5.75296989047318,5.829188864670451,0.5502370586311213,0.08768730683293731,0.8057321768344058,0.519493486686979,0.0014577340477003146,0.019743624288232224,1
6.921895614426189,46.78910600645862,4.168706814254781,0.09858242619974433,-0.010878819784244693,0.5544302864904945,5.744999563227635,5.828471917125413,38.54369657908883,39.35119680690378,0.08204650581626215,44.4,42.75,0.9183329363554371,0.7098764981855972,5.745223195743354,5.827994518929004,0.5398455238320866,0.08905506165514414,0.812347872918003,0.5586951280549203,0.0021048318511716927,0.02467189639308888,1
6.736969917564596,43.865991479039465,4.214564840267824,0.10589223741115478,-0.01090140451579698,1.194453372060261,5.743624559652336,5.828457168889137,38.57564662631692,39.894678847817595,0.13830937137899021,43.8,43.9,0.8745322834573832,0.7972503405018418,5.743615507497219,5.828674747535562,0.5109663555918843,0.08798956078918911,0.8044178709485891,0.6014946796538679,0.005872067151416586,0.055909457482113796,1
6.631733212221858,44.09390596508892,4.167251293721341,0.10338168298774977,-0.01284148280786639,0.8889677098696813,5.7775459016548245,5.828552091494494,38.66364090633615,39.63225581056093,0.10003542532780194,45.65,43.85,0.978932470988723,0.7933811609628281,5.777307879855414,5.8287992167302445,0.5546012819009631,0.09235927804328191,0.8530031653275316,0.6207650528091981,0.004999597811817376,0.04912981660341573,1
6.594915682728409,43.598513788351774,4.154682346901636,0.09081930628519554,-0.009098520287631846,0.8330387156535599,5.744309061153404,5.828753324934668,38.355894909769496,39.70651821925646,0.14332496793489014,46.625,44.075,1.083941080720428,0.8101471864452092,5.744325565561244,5.828471582035507,0.5669223606570442,0.0944959658074142,0.8726358530479683,0.6378183344555027,0.003117598969272929,0.03277108688017601,0
6.854904932990103,46.97895745729325,4.206273243442041,0.09020932483057159,-0.012360139852725119,0.7559599141717125,5.745758968299352,5.828786401518454,38.47992139570208,39.35740394736083,0.09028460442739357,43.375,42.9,0.8402109678603935,0.721022756006672,5.746076613277614,5.828845714743254,0.5154362725343821,0.08546936277001152,0.7905730344661036,0.5606871894569372,0.0037866671008864963,0.04092298409293812,1
6.7683707249218035,47.33880334456462,4.241789628489369,0.08857640680112891,-0.008256429375633138,0.5062995628032524,5.741789104504545,5.8284732201085285,38.524141464178534,39.56974231291297,0.11088547274564638,44.05,42.425,0.8952282979135013,0.6849744076842974,5.7415885126855635,5.828551649873005,0.5113218706417391,0.08034393268590397,0.8043581559601852,0.5449251397850414,0.0018345979986404877,0.020516866991461193,1
7.191635107795489,45.48903684863907,4.143127397530246,0.10558158021722694,-0.00945416468074871,0.5143731451884758,5.735158166120748,5.828814698291775,38.58836568524948,39.432914000144926,0.0855015779543933,44.475,42.675,0.9337997734677153,0.7037958059400511,5.735161011830978,5.8289902057896175,0.5489068942083905,0.09196914364763434,0.7993479541865255,0.5360731848024318,0.001305254534920138,0.017187981828980795,1
6.619814684274437,46.54866456896269,4.192760858416128,0.10666399721499718,-0.010987213238140999,1.2467145847249337,5.709575652352381,5.829099468377346,38.62251408209009,39.64613075043853,0.10360353049623677,43.175,44.425,0.8611929480474227,0.8361087054158771,5.709307742814674,5.829250308537594,0.5045828132231676,0.09162865218700302,0.8039277134640094,0.633606414240307,0.006649553053897406,0.05861238751329777,1
7.263837181804703,44.89235888957781,4.155914002537226,0.1024652444104013,-0.01195023211174197,1.0771302744557003,5.742179263588446,5.828728821738657,38.56494067340275,39.45112252011652,0.08944137395787938,43.8,43.275,0.8759775795212725,0.7496448374570566,5.7425066150637925,5.828786542807333,0.5372745198972463,0.09283527069395853,0.778818942341309,0.5438635659732156,0.003451696096139688,0.0427994509226071,1
7.210346638536566,45.05991132021263,4.098543404490553,0.11303971475311923,-0.010920451171561915,0.9248922819225838,5.695036981013079,5.828819782133157,38.46567850912712,39.37862571080711,0.08961352417100298,43.425,43.625,0.8947278099335598,0.7761026246782965,5.694888888005186,5.829131519090856,0.5428361151763674,0.10056349953287719,0.7837903896747025,0.5765089776970561,0.002556365014033401,0.0314622607592236,1
6.533071704914363,47.052321327588736,4.19926030553721,0.1005819332097691,-0.008564182469941145,0.8063810104996404,5.767471821577631,5.828899000639738,38.44085594064682,39.645586901328706,0.12459491216391894,46.6,43.725,1.058947444772774,0.7835891846049057,5.76735697235121,5.828928243631469,0.5507210885398722,0.08873081071404781,0.8694036476449166,0.6238684005082228,0.0032685306152887934,0.03289407740528209,0
6.8648571361345905,44.8169391861196,4.174120736542101,0.10210471833583114,-0.01111736024473662,1.164974019350313,5.735157984207432,5.828685984333496,38.50529875466955,39.6307903075261,0.11525724155855534,44.125,43.95,0.9075071435857796,0.8007936332533934,5.734869930212659,5.828561888631167,0.5305366241375502,0.09259835177344099,0.8095602491597301,0.6001341435481468,0.004829727803813779,0.05007035991865692,1
6.566143862263245,42.713866784296485,4.132830972633324,0.09993491609575716,-0.010318822664670118,0.7571089698854041,5.753839244840848,5.8285433678874465,38.491376339938334,39.74153806452033,0.1316257053961572,47.0,44.1,1.1018153555601957,0.8122397184661505,5.753990467084386,5.828101905093081,0.5766302870133515,0.09691963096366764,0.8814332286436767,0.6455810036426582,0.00322660157211359,0.03320688963409492,0
6.747584198564034,42.48382941812632,4.132186818158121,0.08973645292000776,-0.012817756646942726,0.8760938666440123,5.687057120711162,5.82863274457624,38.18565505603221,39.56930159421135,0.14489881369374613,42.875,44.1,0.8608433061432352,0.8121503417773575,5.6868130509178005,5.828271520790817,0.5260820854167845,0.09727466057445879,0.80138535013078,0.6304445778258752,0.004357414897640029,0.044344612108433275,1
6.694260348755354,44.98487422014793,4.2291670904341645,0.08103340818355992,-0.011977402323603784,0.9604236894672855,5.745237108085262,5.828137007770866,38.65517105359778,39.59479089026216,0.10069288912109876,43.525,43.325,0.8521108439330334,0.7540358857347433,5.74511929201988,5.828433792145631,0.5104375645286029,0.0840170907817112,0.8021755595331087,0.5798285548169729,0.0054177912872407094,0.053551204582452314,1
6.881680340468563,42.37624868761959,4.152574248460672,0.10899275977068204,-0.012606204892513302,1.0100046288854294,5.7760955573021135,5.828939799136089,38.461356648147685,39.778566603968045,0.13621345850863603,45.475,43.875,0.9674198464023966,0.794880850609796,5.7758789867307545,5.8288869136957615,0.5583784031245563,0.09477557115086811,0.8359001219756618,0.6031903469510093,0.004446639611661461,0.048092279045369876,1
7.149624574654037,42.181538163770696,4.173421337053526,0.09674453882412633,-0.013239990610616108,0.9087152376526895,5.7530039035930605,5.828371202973792,38.41460759854306,39.690054339522135,0.1346317478303541,43.575,43.075,0.8481323622326951,0.7347835262703697,5.752831120060561,5.828714086978983,0.5306433605806574,0.09000942986033288,0.7793002332283472,0.546602515264029,0.0036680229749244276,0.043955961032262285,1
6.848313545665512,45.15465223263599,4.192638167587343,0.09379386697583493,-0.010974534545961773,0.6395375935134874,5.71415971594436,5.828647334378867,38.48687816081399,39.53817929805593,0.11012277418896903,42.9,42.825,0.8356494415807658,0.7154339609596931,5.714320732483275,5.828332477012376,0.5087997851524498,0.08670641568018941,0.7829950114865476,0.5629549291852316,0.0028108645607698613,0.030456644785854057,1
7.192717861653527,45.971811677201224,4.196977915846781,0.10888496688408901,-0.019065091940280166,0.6541476059552472,5.801487882665678,5.829284413251673,38.32013430965339,39.19325661999436,0.08653708243511467,42.275,42.1,0.7004349098626985,0.6591668657516605,5.801629610183293,5.829604265225837,0.5066255151673298,0.0842200578971093,0.7401363107740193,0.5107196196410291,0.004292658794908784,0.05028172841403398,1
6.812098800836126,42.62699278171489,4.177892753632641,0.10074831920713267,-0.009968219917834888,0.774435477802065,5.74672098318027,5.828563462370977,38.60578558595906,39.84741738396393,0.13277455768069088,44.875,43.25,0.9521595203068607,0.7479097566119757,5.746464845963713,5.828643315476242,0.5404073494249977,0.08969223109157241,0.8268015803544193,0.5820226707765742,0.0029454720633245095,0.032171286269090216,1
7.230192802387743,43.384321941995076,4.157561434124022,0.09611576675052871,-0.010637833144856227,0.7128546263093595,5.7490290453872905,5.828739548817772,38.63839081834626,39.575307906491545,0.09820832273794103,44.45,42.7,0.918054274926023,0.7057841522640445,5.748873000978753,5.828635149967908,0.5485842090598635,0.09035774660821842,0.7949000449137865,0.5270684843990854,0.00202456099982303,0.02675836621749056,1
6.507438082127439,45.32959424296218,4.210938137140345,0.0869207366436496,-0.007943581532459412,1.0056794226779209,5.733809592615609,5.8289813403777915,38.50272101873114,39.76437826972224,0.13529420928488414,45.525,43.95,1.0134120578120687,0.8004982772090976,5.733995870105839,5.829074336816143,0.5340037852930559,0.08789023405830947,0.8539852577887851,0.6271473059405079,0.003926069430311665,0.0383799837589511,1
7.101221088406946,44.906783847718685,4.1283463615381555,0.07480730217119023,-0.010390120336717937,0.44298072264723676,5.76685854880411,5.828232650097519,38.445240960356,39.20252176392533,0.07915203245418295,46.55,42.7,1.0558974925621651,0.7062910509842979,5.767140711326084,5.8277256227981695,0.5923714405355125,0.09299976853690844,0.8468131265399217,0.5470816437127077,0.001183607805683833,0.016803450330476238,0
6.89230635502637,45.117466022623915,4.179746869935847,0.10118448357443957,-0.010331812178452414,0.7591534306153157,5.7431269810807555,5.828439446462551,38.49634907757136,39.58867042804881,0.11294078951690797,44.375,43.125,0.9183293161563588,0.7385233218192981,5.743199513830501,5.828319154816641,0.533954996622734,0.08927599353267458,0.8116734053939608,0.5716230215363688,0.0028565927480045704,0.03202396014025611,1
6.9655641383109,47.6297962705795,4.226191446841446,0.09708193615216579,-0.012683227501087546,0.8078488041375256,5.818764995450183,5.828602437875286,38.483320474848476,39.37581827686518,0.09083009651169316,45.325,42.7,0.9136194261347876,0.7059212632065304,5.818599036287142,5.82876744210745,0.5419830133422531,0.08307428487067292,0.8174019030842258,0.5391569696968518,0.0037925235212671097,0.04432818096548448,1
6.643617880252655,46.9643210317126,4.148524969303253,0.09649044205598581,-0.009551376920949815,0.8732960040523408,5.779985054917987,5.828760250656947,38.528575616426906,39.42898798056072,0.09137194083662836,48.1,44.025,1.1554312988418936,0.8063735083565069,5.779982516385749,5.829051874107526,0.587790939061147,0.09506039455662019,0.8899602362392655,0.6303643677512193,0.0032264121932777477,0.034749005978528834,0
6.779663820857674,44.73062408108634,4.167796291062289,0.08268973143837974,-0.012398666600329405,0.6847823114976684,5.726753976371537,5.828800517920627,38.351162206975445,39.39179793274601,0.10921257641668344,43.725,43.225,0.8857342088731066,0.7457717115099696,5.726672129754013,5.829071877991918,0.5328054220428243,0.09035087770486035,0.8108003769493702,0.5892114056618258,0.00332347353492378,0.03625683911477015,1
6.702482529636184,45.806497832674,4.198920147539502,0.08807197383531769,-0.013463966743839978,0.6310832600516834,5.731957410583475,5.828635160077718,38.35554682467584,39.38265968605721,0.10703718291534021,42.725,42.875,0.8044789273609254,0.719265266776679,5.731911071090856,5.828686195554246,0.5074812382993238,0.08591055029751878,0.7893237166321018,0.5801197658529589,0.003928347851690643,0.04003247189844147,1
6.54890223135198,46.210131001275535,4.176499599469005,0.07832300488216455,-0.00937008565165498,0.8607149188707482,5.736069381802493,5.828567567379735,38.497163638482824,39.463611699204186,0.10196645012643402,45.925,43.9,1.0407292724294592,0.7971399420112437,5.7360522992869445,5.828770587677536,0.5542251857009047,0.09115310815069919,0.8633077758837038,0.628168137893003,0.003580482546877639,0.0367901045526463,1
7.087263733837741,44.148507339910736,4.142827807532913,0.08545797264775587,-0.00917019179128858,0.886045212190125,5.765188261254275,5.828713858977774,38.658060322205415,39.47721964545524,0.08586368743368752,46.55,43.225,1.0575677801119996,0.7458583704528223,5.765271049210953,5.8282896220292235,0.5826731418480318,0.0935224628656366,0.8448187412829815,0.5585432895706884,0.0021916938903633067,0.02871509962597906,0
6.980095352045037,42.751580794279064,4.223138358915134,0.07563336845058342,-0.010229262617616175,0.5604220217357173,5.758120444854286,5.828903621973094,38.4916446046212,39.71662407882253,0.13665757952748608,44.225,42.275,0.892067522414008,0.6730191705552828,5.758096208697061,5.828611684775692,0.528220177181396,0.08159316785026872,0.7979837963384934,0.5215111697493731,0.002046856110277316,0.025511809977135518,1
6.532242193173492,45.095242441373856,4.1774956268770485,0.08646651273770392,-0.009040524428292255,0.9149581591922433,5.805341568405847,5.828742282684809,38.37934015909299,39.634445883686546,0.13273108511375104,49.55,44.125,1.233834519745379,0.8139228451084026,5.805261006407673,5.828816719308493,0.5951990624136411,0.09197857027000793,0.9098220804432464,0.6396231453164345,0.003549901174887646,0.03769941808553925,0
7.028674411969156,45.57878647057692,4.1664590495587275,0.09307142238889227,-0.01466981807964036,0.975943048566622,5.7222722131674315,5.828331147139885,38.37735899884931,39.2907822977255,0.09220128561452914,42.375,43.45,0.7873360699783367,0.7633302519309142,5.721962156879557,5.828294643821825,0.5126141581348862,0.0917765755082525,0.76323130401628,0.5716444573175218,0.004934552432260941,0.05335101189651201,1
6.70914987285276,47.948798722519676,4.158275895914966,0.0862608740001197,-0.012084932870657527,0.5635576662669975,5.740544173538887,5.828528266188155,38.53575558815044,39.15526411791114,0.06289279195872848,44.65,43.075,0.9415213753763583,0.7346264630560073,5.740819273415496,5.828705502919342,0.5477208204943244,0.09068051314256399,0.834106088584498,0.5916079770931825,0.0027274843026952817,0.029796711596127144,1
6.898223334762125,43.121425294465645,4.1789614148947685,0.09447540486443327,-0.008472940943548758,0.8914891760814997,5.732684669126407,5.828682047887343,38.47837774214251,39.80825733321756,0.14232117489655213,44.85,43.375,0.9643295909748817,0.757287888272403,5.7327216920734365,5.829017724827487,0.5405143976218963,0.09018533280312692,0.8210905095409011,0.577970453163962,0.0026375860230312275,0.030169549620936223,1
7.059057909504793,42.57055327345995,4.154170611508882,0.09063890690198567,-0.009269670027688838,0.7761761181556827,5.7699490173895605,5.828698157866921,38.576890077590406,39.697313457097316,0.1198982806550713,46.35,43.1,1.0381344133565698,0.7363608670010207,5.769969793808277,5.829046503684855,0.5752129363507076,0.09191542157075859,0.8411733018791084,0.5570799647745323,0.0020486141031565157,0.026443798562039954,1
6.9304102792319,45.62265458265194,4.195509302818889,0.093194392273658,-0.01323122093551873,0.6469594637977688,5.738930036031891,5.82889284572437,38.44147330178706,39.394008437105526,0.0985140959709164,42.8,42.625,0.8032408574865588,0.6998895828759277,5.739057760407659,5.828760452568387,0.5104575895509864,0.08576875682139502,0.7742634127901099,0.5484426994672049,0.00329780486031854,0.03664790602931692,1
6.525031013835804,47.32679766197913,4.187532759920373,0.0962206939173603,-0.012865903182959918,0.9482022451150547,5.759240646851361,5.828778581511739,38.50876276635006,39.413118253992224,0.09164262924238063,44.725,44.1,0.9284345844977215,0.812004504841858,5.759065313766019,5.828882664501038,0.5352142233184934,0.09074912249214341,0.8419810378887255,0.636394351811801,0.00609926570059273,0.056248269929643206,1
6.797101861880954,47.68840232364724,4.16898535833405,0.10490777081561536,-0.012093323651249531,0.6021717611773408,5.718772452006178,5.828803066622469,38.60353639143109,39.31205336459225,0.07083535643000384,43.0,42.95,0.8386660722958226,0.7248218845019085,5.718947612881711,5.8289303031752135,0.5152203184051168,0.08956848735321671,0.7920628415735985,0.5774923655466013,0.002976572988895519,0.031011020249950207,1
6.648423030227945,42.08480450202643,4.193930319931637,0.09493255021809277,-0.009940746862627177,0.8869077752335353,5.781667923244363,5.828690815094729,38.575781219280906,39.94948944009491,0.1497136951261162,46.6,43.6,1.044751343106042,0.7743387925929417,5.781545338191298,5.828677519080301,0.5584143212915702,0.08881937578954058,0.8638177090060254,0.6055301489877798,0.0037768498018559585,0.039551028911816874,1
6.668786321380675,43.94536697399675,4.193032515017975,0.09166985868930462,-0.010784121704012163,0.7228577040814435,5.790945935601642,5.828983278719128,38.456245842815584,39.685534840881786,0.1311308761073967,46.575,43.3,1.0336419640447536,0.7512902718257122,5.79087713988854,5.829236434801987,0.5616998904775974,0.08797138659332754,0.8625814500940131,0.5964797762665095,0.0032830671498432634,0.03563013840850244,1
7.100948114286898,43.35700066927487,4.1678320576988135,0.10100420913675824,-0.012400671303300033,0.7019549279683285,5.796698819367476,5.8289525000964355,38.486211709507415,39.59485573329764,0.11552708060518688,45.6,42.775,0.9560783870861771,0.711307433575926,5.796907407029754,5.828515836144479,0.5629157454737727,0.0895256079240981,0.8226721802373725,0.5430563140279531,0.0025890615475920816,0.03290425559094833,1
6.662696353649692,45.31351580533636,4.147088395748705,0.11063277377984793,-0.013070629699458105,0.5714196608694605,5.740320599500469,5.828643208955867,38.554455336426415,39.45839413596742,0.09126730538306736,44.0,43.25,0.8929289812103303,0.7478300100270854,5.740082038062512,5.828758015985894,0.5359113055993258,0.09279343532705978,0.8246196577927949,0.6078623089308371,0.003231203003982584,0.032478343206832024,1
7.220594853989148,42.237915509424745,4.136747417140291,0.09937197156588741,-0.01325860012311561,0.9023208912417416,5.7430203960910475,5.828690273362357,38.476311909786496,39.587079450152025,0.11526782963599196,43.85,43.225,0.8789128563662745,0.7458819560682395,5.743154300424664,5.828878033795075,0.5456846076386828,0.09456753085918093,0.7866316088417991,0.5523835635442494,0.0031982934442651,0.040037890136822164,1
7.120984604348313,46.55771176658142,4.1410579402356715,0.0868607180479296,-0.008688498912981667,1.0525124367465775,5.74595180884409,5.82891266696255,38.52892707196577,39.2876075779266,0.07697359946600985,45.875,43.475,1.0271567832279427,0.7646447946813542,5.745686617624514,5.828387432639546,0.5728046584911058,0.09478618499057208,0.8317267923502012,0.5655722776229384,0.0024176003072979174,0.03136698384566042,1
6.62164939390519,47.87853637365061,4.177277588718317,0.09160209915919686,-0.011963360733041299,0.9804726208306722,5.762029157914567,5.8284077557383,38.44726959447271,39.33138184784035,0.08930323702489709,45.475,44.05,0.9814862457899434,0.8086096466797468,5.762177713396017,5.827923377521678,0.5499652647089083,0.09188120599478171,0.8503645688901148,0.6273880828934945,0.005146499484153034,0.05119354951021209,1
6.850080175843371,45.67622420166473,4.192040869077869,0.08514231574536572,-0.010113709469308957,0.6206926077774558,5.722932858919138,5.828686244157175,38.51132172224714,39.46427423646825,0.10044324410007643,43.7,42.825,0.8876646934962267,0.7153950511813854,5.722735669802194,5.829094148012487,0.5234014633416286,0.08660178769105609,0.8009120444580888,0.5610254646551942,0.002404585844271265,0.027204344134020942,1
7.153270913604486,45.27629537160542,4.175285100351578,0.07509626737726498,-0.011693815306528018,0.9068968905096857,5.7474333473685295,5.828729988997674,38.38119545067615,39.28879077774179,0.09482899918149083,44.225,43.025,0.9027546198997642,0.7306144904453742,5.747139762006657,5.828363396820371,0.5449398903497501,0.08933315246397422,0.7946832774723095,0.5413743985382611,0.0030454952596331714,0.039099901506856036,1
6.5496556477309955,42.68931305169096,4.183734361824965,0.0875988938331223,-0.013555487856618873,0.8984467591392078,5.736251048412723,5.829017648306346,38.502403548765386,39.681210063570155,0.12612412109823595,43.675,43.95,0.8724553302971074,0.8004619692805433,5.736519857853786,5.829341950562444,0.5237936699977955,0.09055380505031793,0.822647113467102,0.6291449662264899,0.00603979265609535,0.055922786888729835,1
6.626499363602987,42.60363434455846,4.203945581815832,0.09740730474193454,-0.009611955461675306,1.2273794572543644,5.7669568454644216,5.828605414134822,38.526067368829885,40.00207465479402,0.15889114056237957,46.0,44.225,1.0153731376608466,0.8215825531334717,5.766766180539588,5.829069392100316,0.5446583527048865,0.08979413764130353,0.8542196733062419,0.6249514506360501,0.005290513440290817,0.05186046106504187,1
6.529286077879194,45.90331101154795,4.227489468732421,0.09383497945045896,-0.009447139675446614,0.456572541276443,5.761705610361764,5.828660382710731,38.5247537904668,39.678799688441664,0.12335937886740972,45.075,42.675,0.95208616478289,0.7039501215210953,5.761909697792639,5.828539925171281,0.5269289237807628,0.08230843341808879,0.8418357966333532,0.5831980813720657,0.0022189039415859493,0.022901127245399645,1
6.891847699800022,45.23607988799943,4.123774895680671,0.08930512412480654,-0.014414789906787191,0.914307539549665,5.7345728067811965,5.828508277223397,38.53999630829109,39.20501619489351,0.06700563517198137,44.125,43.825,0.9080923210120151,0.791537039842038,5.734373922216022,5.82883262049427,0.5531355231870014,0.09728354773209234,0.81763720297328,0.6032550742893955,0.0044063623769925635,0.048179355818386164,1
7.072781557517046,47.570805583862274,4.199261404702144,0.09937927674958787,-0.010532052553265779,0.5519184362001935,5.723502328931429,5.828559484170533,38.51598355377307,39.35529459443979,0.08522269645406706,42.8,42.35,0.8186685645870213,0.6791282772390446,5.723346563450231,5.8281712980112275,0.5065115179087759,0.08475062495031097,0.7623201009464887,0.524107391488698,0.0019990815755201075,0.023839676033155604,1
6.515642028537617,44.92371545224629,4.191637599851469,0.09934552376482941,-0.01182098368818305,0.9475731300993895,5.797429080703869,5.8286749869501735,38.49977699336616,39.67336023813445,0.1219919484635813,46.825,44.075,1.0454504301453476,0.8102255244297041,5.797269922934125,5.828711913987258,0.5607865913723815,0.09033099343823339,0.8747822576750616,0.6363584639684563,0.00542397878554854,0.052157592161799486,1
6.7011244913752686,47.163767784176656,4.178222039812544,0.08522428750234892,-0.01262839014050172,0.9518234027910724,5.7681186251428525,5.828542517043158,38.46940347941443,39.28898185766814,0.08361702965438064,45.35,43.825,0.9661222377904002,0.7915028000222772,5.767952230358392,5.828971649626593,0.552388778310813,0.09104717844634828,0.8437365520670392,0.6107821259222568,0.004945314967007922,0.05130868187486805,1
6.602524836849933,44.56084294049348,4.131696935568359,0.10866273188138006,-0.00916699382057688,1.0073846583352863,5.784481320072648,5.828797206212865,38.56562320163981,39.700773050587436,0.11589012301055193,49.05,44.5,1.2190891978846032,0.8420348258503019,5.784410437941675,5.828931069337063,0.5975408111923564,0.09854607634887409,0.9040814111874007,0.6530062165198404,0.0035941667948516743,0.037280631986736944,0
7.072153648839085,47.39580380284183,4.140380031422303,0.0935957252428793,-0.011164222767577024,0.8724070949967356,5.741923211060102,5.82915194293978,38.45679985913627,39.17838143520141,0.07174624610280667,44.8,43.375,0.9513570012125028,0.7568179932199657,5.74220381678619,5.828937290078146,0.5569615996255513,0.09448594487585409,0.8151118467946392,0.570000006520081,0.002808548576235269,0.034541201151985494,1
6.6388574919961325,47.57715484856862,4.131654952095295,0.09056444227323909,-0.009235063163229704,0.9398684210558245,5.7435526333088545,5.828313420111875,38.46485158782341,39.31977030175825,0.08624621966473599,47.15,44.3,1.1230331267323033,0.8275110968056199,5.743609477314627,5.827955155412333,0.5806050958000332,0.09772236121125001,0.8802643737283137,0.6427779454654351,0.0032818766924915354,0.03508099428965624,0
6.672335668464274,45.37812369254441,4.19060634757107,0.09213969479373997,-0.010849072297218652,0.5930606359017324,5.782223331392028,5.8285242240717805,38.75097720283042,39.53847903186155,0.08301325661653489,46.125,42.875,1.0093155222110344,0.7193762027826169,5.78244203854531,5.828152843943727,0.5565884719255962,0.08661067069374868,0.8558526353867544,0.5782617899036329,0.0027320788414993656,0.029764479542019093,1
7.159158236100714,46.71904868773802,4.14876609394683,0.10187031359022276,-0.012177195985140447,0.5895301137158387,5.7903027489689824,5.8289131332915645,38.606011976667816,39.2264332968629,0.061850578234378284,45.7,42.625,0.9698747634932463,0.6998692953087335,5.790263363303398,5.8290135771050196,0.5705003287005166,0.09097396612222124,0.8237193876266661,0.5354180154734997,0.0019658004965475667,0.02605303426244235,1
7.15214440029056,47.50026450068078,4.246352255588309,0.06900160829664802,-0.009032426816853553,0.741833809722338,5.729153477887338,5.82880333941966,38.48205651846747,39.329545790742635,0.09022060710686754,43.025,42.25,0.8301910015557104,0.6711966605803399,5.729426608215339,5.828772016784343,0.5037557123910251,0.07938620971183133,0.756019106619887,0.49663680471439514,0.002232225450246258,0.028586466511639125,0
6.792951449027424,43.996696621055435,4.140761879600231,0.10106405506636254,-0.0083708177032515,0.9834821140257723,5.77188756293123,5.828366711883237,38.34690891304232,39.7011063625826,0.14024740231094665,47.875,44.075,1.1472886886177935,0.8105337994966408,5.772126711367295,5.827966975832772,0.587914304146176,0.09663291607798767,0.8796037622242882,0.6217748310660687,0.002767306279909465,0.03169203740910489,0
7.041840852455446,45.06341439645368,4.169970303297764,0.10153476867594459,-0.011127623588877587,0.8258683311884083,5.709767945779318,5.82858500562785,38.589614965401815,39.515157882490435,0.09485108451147865,42.825,43.05,0.8343133495592419,0.7326648753018503,5.709447072694197,5.828540243874242,0.5140222902101687,0.09017443914865439,0.770772651969381,0.5548432912758297,0.003078585924141481,0.03474821602325514,1
7.289047673718487,44.412066917187296,4.169414505304456,0.09537470452015849,-0.013539938306320679,0.7076548571186356,5.777822710599396,5.828782597186023,38.35259569633935,39.382903653405336,0.1058363908826224,44.225,42.55,0.872365256668898,0.6942535057341503,5.778104298879646,5.82859066516375,0.545821529820545,0.08871962825650236,0.7842025464055657,0.5192364116452927,0.002552538222065318,0.03441016315562955,1
7.266719040585696,44.722464910848934,4.207705983516601,0.09362031876609916,-0.010888877633948796,0.8153970884113168,5.729076587777015,5.8286126239973255,38.50181930692686,39.558994166943606,0.11079144767594044,42.675,42.5,0.8035339164548114,0.6905897812053237,5.729095005306501,5.828898494990815,0.5052161681288502,0.08457165485394359,0.7442794294715043,0.5070036848261702,0.0026756167272605613,0.03354836921452661,1
6.80588489417216,45.0833607881428,4.1955163590204565,0.1080969005581394,-0.013233491826249876,1.0243421443979701,5.747278317257392,5.828937388259219,38.44135341774172,39.623497096662355,0.12018064850813451,43.2,43.725,0.8253923728046022,0.7835507969854243,5.74707757299945,5.829451436004984,0.5106448258346157,0.08956633506576457,0.7901656447849523,0.5966384553452247,0.0058062398084908875,0.05634642750474345,1
6.844211288812291,46.5692978513629,4.182669976316982,0.07666012062151381,-0.009932446465382515,0.5489388774395335,5.74516713413093,5.828370514068153,38.57881568589619,39.30897327925536,0.07680960842776598,45.025,42.725,0.9648999296173901,0.7080658238762476,5.745211848470794,5.828472026544404,0.5486139072374161,0.08699685445197113,0.8291042324065551,0.5582025907188601,0.0019710495731259776,0.023574604723022884,1
6.918920793347742,46.27820804982321,4.2000445650130045,0.10733262920157624,-0.010550898053042128,0.7723825619418088,5.76299878301244,5.8291531078149665,38.46645109538298,39.57350448776971,0.11292553217157937,44.425,42.975,0.9022093907807829,0.726378907208681,5.762903957817318,5.828945528972511,0.528561469490154,0.08688416462324366,0.806604592697417,0.560847523553237,0.003044740268890777,0.03405351975029075,1
7.057275222932244,45.21793391589475,4.16243981737773,0.08245589640271933,-0.010470878525620494,0.9828063911059953,5.709816595278964,5.82857431594803,38.56908783664206,39.38183314975616,0.08446493660188106,43.575,43.3,0.8913196705467916,0.7516992345968099,5.7095270808364145,5.828072170412356,0.532719391190946,0.0915879789039917,0.7895863236656331,0.5600139859673025,0.0031763856194436113,0.037694851083948114,1
6.522443054100664,43.53085469852378,4.145000506599421,0.10114962531481772,-0.009205363503398204,0.3,5.732679630370202,5.828840452897699,38.45607008107661,39.708638153483925,0.1327935335018704,45.975,43.275,1.047807077824129,0.7495332062980138,5.73281239653897,5.829208065327349,0.5584703432768324,0.09294881672459236,0.8678473806207274,0.6247489970592114,0.00122380060715831,0.012878419182738405,1
6.898331379971165,43.5198151194099,4.225435736993711,0.11041374466893175,-0.013570458454619594,0.8700239268477798,5.728456899258938,5.828575323367001,38.53447956772715,39.809288122923775,0.133311568549456,41.525,42.925,0.7155325482805281,0.7231420087528759,5.728439456369036,5.828838258785371,0.47454855866965884,0.08398334553111386,0.7375269235820913,0.5541716500061366,0.005324377125743592,0.05143773672229995,1
7.03873452966325,47.6785174670264,4.176830489308244,0.07473436673763663,-0.00837152132184237,0.7646045701209249,5.767074917050503,5.828424449682925,38.43044400888639,39.22234614119038,0.08189707542968987,46.35,42.975,1.041008513695627,0.7271075653407229,5.76724401477103,5.828120886075984,0.5716811696183935,0.08889442824182192,0.8405412428119097,0.5498691596719503,0.0018747484785884277,0.02482607149125384,1
7.020681427931355,43.90456941157777,4.182362166735527,0.09410147857075937,-0.008490379928212173,0.6376123093562468,5.770000963263038,5.828852604208043,38.582339850767305,39.69020547110453,0.11795223741166161,45.9,42.75,1.004952911118691,0.7094958111029674,5.769724022247235,5.8283751226623925,0.5588300737087408,0.08777434799129544,0.8315008796799246,0.5437333216889686,0.0016901182653123274,0.021457124553450523,1
6.854968573685409,42.04884890873949,4.1695937745918625,0.11666781622582573,-0.00936460010043234,0.8442776268053703,5.742443923892616,5.8289584698744905,38.576948449748876,40.02113859482046,0.1524032522874115,44.775,43.425,0.9489684830660217,0.7608063210721481,5.742647679980254,5.828932652594553,0.5366704422047175,0.09157445267181165,0.8217414751487719,0.5876931360166945,0.0029278455402903833,0.03153399765555254,1
7.139550002381501,45.93792620261171,4.226390669351754,0.07773338482682343,-0.012133537084265832,0.6695674738234627,5.732362096240813,5.828286720892315,38.565497842152645,39.3494044512503,0.08303521155867234,42.375,42.15,0.7772461869049554,0.664016414359458,5.732513981427636,5.828400685153327,0.4989153016682993,0.08089010044117262,0.7446971698759137,0.49969226625261465,0.0027905994760957223,0.03420619340731515,0
6.761520645877591,42.50754011220961,4.191569806993261,0.07746150385449058,-0.00865450084151472,0.6804897309288384,5.749345576675032,5.828863686481121,38.49169531740295,39.78227346083483,0.1433303762086039,45.75,43.1,1.0145290525593094,0.7361953383868203,5.74959133189337,5.828419672819545,0.5526569245580929,0.08740797563194705,0.845373410799659,0.57792285996552,0.002251133907236103,0.026042714891395563,1
6.623234009275809,45.95250036019766,4.218405663135239,0.08866552740035225,-0.013504515111025862,0.5590934883562856,5.748062631209432,5.8289463166523054,38.59532697412576,39.4257347985676,0.08745499527312739,42.9,42.525,0.8017465263156938,0.6921732191329415,5.748258269247544,5.828726693042379,0.5046404660972403,0.08249992415804773,0.7952674945557282,0.5682201366480496,0.0038595518033160124,0.03842053646175365,1
7.141749489304897,45.611445210413706,4.161365018760187,0.09829782056540368,-0.00829742117102374,1.072298524965848,5.767927553471379,5.829042648639568,38.5319711852412,39.51668699023146,0.1006222737609676,46.175,43.35,1.0272913539664081,0.7550290399130404,5.7678812808319355,5.829082330569339,0.5686917339433697,0.09241192272152243,0.8314279744278946,0.5565849758918705,0.0024205546379741753,0.03117892740068295,1
7.162760973796487,44.06115235990458,4.198975492230547,0.10203421818982474,-0.009408791724312571,0.7525751518036065,5.727478940418138,5.828812929233025,38.433194374862914,39.72524180113557,0.1357451192739005,43.225,42.675,0.8470932890124585,0.7037975749988012,5.7272409358396645,5.829020725081704,0.5126280733967258,0.08623191089886381,0.7650974171116137,0.5273477399071617,0.002226927735790598,0.0272391659161805,1
6.932363375055342,46.38507258460513,4.162048769197978,0.092761529679092,-0.013353892979191179,0.6084290374212565,5.748269380058627,5.828702264116905,38.60855881938668,39.228505071489415,0.06297287656171706,43.85,42.75,0.8736638723986951,0.7096461511941055,5.748535196856337,5.828771494804805,0.5377173805542268,0.08951282798753586,0.8027279263166279,0.5571358783529858,0.0028502762913034762,0.03283696799661261,1
7.238394696774404,42.233046101837914,4.2305111306446515,0.07770644434107175,-0.013398712818969394,0.5383672399719216,5.747443574685882,5.828706628580405,38.50852860543134,39.64012664294012,0.1257522396572254,42.225,41.725,0.7506330638280101,0.6307825153070592,5.747530567908343,5.829164811439158,0.4977451044033301,0.07902738213904004,0.7327629442898976,0.4769778655777325,0.0023551905223939966,0.03061220091711092,0
7.214723213595255,47.342857822913196,4.189087914230357,0.09087400172148487,-0.014141284896639458,0.688108139909928,5.752294836692611,5.828861572298599,38.45968034884312,39.13377875595924,0.06785552590324295,42.85,42.375,0.7936963029286455,0.6807467108471696,5.752614742727936,5.828619634046049,0.5174747419169741,0.08578057980819241,0.7563335381735531,0.5132658139143456,0.0029794307658646954,0.03733713045257986,1
7.246531657154458,46.54990504132689,4.155347155103173,0.07672689585698103,-0.009710558191858794,0.9388767836381954,5.729702113610659,5.828552725866922,38.4193317975939,39.182150889373645,0.07816178084951758,44.45,43.1,0.9373812067026543,0.7365062990010189,5.729598022557572,5.829028898996028,0.5530095297879493,0.09188507317701554,0.7962330574721694,0.5389908586056447,0.0023049534258689666,0.031268270203883536,1
7.041711599683551,47.613632462484276,4.189168670020297,0.11669694807670498,-0.00891194057908796,0.7988448129519772,5.755729088181901,5.8283444553340615,38.28219987045365,39.53539877196337,0.12444894816553566,44.6,43.075,0.9225940546436986,0.7348102739101003,5.755664021742685,5.82879296861704,0.5317098709801713,0.08890678658880052,0.8024025400304271,0.5591342305095228,0.002351109665409524,0.027698153885004607,1
6.798510344552447,43.70293008057069,4.15635496238065,0.0978206304728975,-0.011811198701826916,0.8092344517395579,5.75055293930513,5.828863388655176,38.31680399148059,39.59719855188559,0.13298865534886664,44.925,43.625,0.9520584920699582,0.7760590181562774,5.750257232735319,5.828723262777645,0.5499331182928424,0.09330070181105114,0.8321435350624555,0.6047263651431679,0.0035567087364865107,0.03871532185421989,1
6.658887967894061,47.906234821790434,4.174362647992461,0.08522574676424369,-0.009232621823571695,0.8539499848801347,5.718036535043458,5.828866386088703,38.57077120386527,39.357167611982184,0.08085962468406842,44.8,43.675,0.9752436772291464,0.7798399926211275,5.718160613758963,5.828830140036097,0.5394288130587018,0.09098575973917941,0.837663359093372,0.609972929940368,0.0032927171975491516,0.034297192906689714,1
6.599634943127706,44.43062818843948,4.176327273835544,0.11135232616590292,-0.01250351412810432,0.9041154114662725,5.781999589890766,5.828587571314016,38.54506943915554,39.70490304593153,0.11869882674881758,45.65,43.925,0.9744787827527812,0.7990062605377819,5.782116075234442,5.828354906788213,0.5489826991785139,0.09180855244112686,0.8528940390266757,0.6274728002301825,0.005204129927960995,0.049921932296632394,1
6.579309562848899,45.9384936665067,4.157963474151866,0.08997560644799514,-0.012407485559671638,0.7688605170808688,5.725308248451146,5.828896700337747,38.434279131543015,39.372695939707164,0.09641372753816778,44.175,43.825,0.9211193634317967,0.7911486167276882,5.725277804561168,5.828648892551948,0.5370746445030706,0.0931048774566104,0.8338642544133661,0.6300715481889336,0.004320151103386393,0.042405245550069866,1
7.115548927596755,45.19731561407407,4.154384477970481,0.08460543853334349,-0.010982446463452658,0.675208785714979,5.7677723965456105,5.829190900062958,38.33746589944244,39.31530921525586,0.10114185564523571,45.55,42.925,0.9813016140131712,0.7225264320569185,5.76760336516983,5.829271745245242,0.5685162705780066,0.09133933127660032,0.8245362707832536,0.5496854191581538,0.002053850553615857,0.027349635562036456,1
7.251543641448878,45.10890271387391,4.152778405766969,0.0879717849285982,-0.010543597418198727,0.6667013839039199,5.774848945369613,5.8286067882218955,38.50605481962958,39.33067167792226,0.08506327650981316,45.675,42.7,0.9834792502716727,0.7059169128599212,5.774538047431986,5.829143775589338,0.5720586606715016,0.09079743951235725,0.8182205631691224,0.5273491455597132,0.0017483660822505019,0.02464579692639742,1
6.998796738458109,45.50632535545357,4.216501004036267,0.09281102188612377,-0.012230357406811533,0.8330880269680095,5.77515621442585,5.8287873047607395,38.407507953759314,39.508737037023025,0.11465672431289016,44.075,42.825,0.8637442969540272,0.7152939905778206,5.77526316897871,5.8291674196287895,0.5251871501016095,0.08451624668631,0.792773087674559,0.5429288061330141,0.003690573320149109,0.04267533742745715,1
6.946590556293793,47.21579363708066,4.18452069827893,0.09063769880612113,-0.006665742026367468,0.8740828825113816,5.749721983671568,5.828827529033496,38.5656444232449,39.48383313804066,0.0949067987676944,46.025,43.175,1.0344507735627282,0.7419410713663082,5.749560196734998,5.828603185398796,0.556383548196524,0.08895465375966795,0.8382532872461801,0.5633644121880144,0.0018952729115592475,0.0231322426880595,1
7.180728016316288,47.93836936167315,4.154572549924497,0.08566654876495206,-0.007918146306072037,0.8127023249502593,5.767807946373839,5.828804430802665,38.2743792419883,39.198495377412264,0.09312495915579087,46.525,43.15,1.0531157447401434,0.7400615291633317,5.7679035376985714,5.828479801836291,0.5799482238568947,0.09242048719871274,0.836973748326325,0.5513172116468884,0.001625094328409944,0.022659155161267708,0
6.919606731011982,45.57410937501595,4.097127628694383,0.08988313649598081,-0.01109430735936389,0.7290086564224383,5.721036419320694,5.828715854146222,38.342464762558286,39.205382826505634,0.08682120599085535,45.35,43.775,1.0132044436125582,0.7875519759827849,5.7207656760094245,5.82839805398181,0.5755480410785694,0.10038671362895168,0.8413675974462278,0.6087761649078445,0.0023775572661409116,0.028671748473605044,1
6.691763049152051,46.16195954589362,4.1722462809396665,0.08599155621032434,-0.009561936137113,0.5445426214539302,5.752251102728537,5.828476295460798,38.53658264007913,39.43000791690345,0.09358077172970854,45.925,43.1,1.0245475515034155,0.736582729407143,5.752056361952339,5.828892936346569,0.5584743023909465,0.08935821161302507,0.8545258770108441,0.590703123413113,0.0020683258307746142,0.02324009392894249,1
6.6742463890180685,44.229577748005546,4.190716752429473,0.10741909498818238,-0.014882173156549517,0.3000484283311301,5.760098768245844,5.828666337007532,38.457008415637844,39.50176034812169,0.10888781468225832,42.7,41.875,0.7744249328359727,0.6424232157648602,5.760143161911624,5.828792421149053,0.5088611706470395,0.08351908739291077,0.7900513969430342,0.555438132621414,0.0021798867138574543,0.0227328554288387,1
6.9231658466993755,46.65741171636369,4.217633324520397,0.08921099062482668,-0.013282763032716253,0.6900788257223791,5.758345348047481,5.828812588298495,38.53169727822862,39.34482161965004,0.08416312328664992,43.125,42.525,0.8086174202343681,0.6923069474867516,5.758613135125425,5.8293514155547435,0.5107555954019545,0.08302748731791844,0.7781968432077786,0.5379974024242459,0.003652340185269084,0.040622975486470016,1
6.85800277683431,47.2176197024528,4.194636463412624,0.10696085363327149,-0.008516769850350013,1.1200526340063257,5.685054902089556,5.828824879230803,38.47547182781031,39.605107837087324,0.11432849983197282,42.65,43.65,0.8456418448127225,0.7779897844327692,5.685186463856125,5.828314547584991,0.49645180092596886,0.08968234646811693,0.7746137862330016,0.5883946835263426,0.0038243482193627983,0.038602682656819154,1
7.115010546462427,42.95984887709326,4.1779146805635845,0.0962422178047921,-0.013141402857531383,0.8039077255171558,5.807740546261287,5.8285937482393395,38.59739945589099,39.61168108340167,0.1068067083210772,45.65,42.8,0.9487378263822608,0.7135771452791104,5.80794376452541,5.828310392697124,0.5630856125621496,0.08838830107500628,0.8216407647611149,0.5370125904401527,0.0031650300895268257,0.03991951410161977,1
6.927844878723778,46.67627507868493,4.225768588198656,0.09894695155485544,-0.01097154835064636,0.8834923548136469,5.7824064324068445,5.828522758534872,38.423599272710355,39.5455515324419,0.11553500984005678,44.625,42.95,0.8977881755368493,0.7251021925895058,5.782148316209776,5.828272922736989,0.5273227243583268,0.08409171480572833,0.8063662786299107,0.5523150086889852,0.0037149522681374702,0.04177212295473503,1
7.264600471541092,47.114760729034025,4.225034550808092,0.10130135613719657,-0.01429804980254626,1.0292798301501624,5.719012019408459,5.82837229995908,38.57454194894929,39.349157721898905,0.07775437659141043,40.95,42.725,0.6802066829020035,0.7080640379853209,5.718853692549188,5.828002805941883,0.46873351544640474,0.08365357857362815,0.6954396967844877,0.5094934685644656,0.00511370936087538,0.05558244665456821,1
7.286882320920576,42.99041527526644,4.17003993249178,0.10172164118044909,-0.012885309348455843,0.7869365949574468,5.74974976390167,5.828980368270954,38.59164554932037,39.60753152228168,0.10589329381933898,43.325,42.65,0.8324231296039386,0.7017163786313247,5.74965849235715,5.8292655671321905,0.527608542240203,0.08899344960355138,0.7643773980424206,0.5187210543209692,0.0028083402799537935,0.03573038413825972,1
6.843143148113442,43.41562935188451,4.182554470693111,0.09603934886911672,-0.012080243852646472,0.4364548224683838,5.725267648356808,5.828582078769909,38.54294873327557,39.61214391620887,0.11388566291540748,42.95,42.4,0.8283573027675697,0.6829461596699735,5.725213823159446,5.828331188072448,0.514183364428218,0.08619111503920923,0.7861547925285831,0.5522778948796027,0.002106761751455261,0.023413371327018144,1
6.641026003584416,47.87489865707939,4.187560083865131,0.0981357316349984,-0.014551361758114285,0.8117655589889791,5.7408550007184065,5.828706206997169,38.583311918573635,39.26492984536659,0.068274034645299,42.875,43.475,0.807045426135991,0.764851254646735,5.740862526825196,5.829144415091514,0.5107856909092179,0.08890623225754697,0.7981079918051939,0.6045472846721359,0.005748060697694074,0.05350374345251966,1
6.7202588908415555,43.459369598967605,4.192495320874476,0.10775279330120328,-0.01375761424349068,0.5769416759688804,5.758489856378599,5.82862162108967,38.52463892611764,39.678346964872446,0.1208024825156858,43.275,42.7,0.819883802817114,0.7059020799921463,5.758272516710431,5.828198909757219,0.5148720273195849,0.08622727120813244,0.7986014071835509,0.5741450604466825,0.00364202988035847,0.03688349472709257,1
7.278573006562128,46.47211843790275,4.199361681228609,0.07860900229927659,-0.01640795384305744,0.9098282283304613,5.796788042417645,5.829016405088503,38.503480840310395,39.082432548341274,0.05904156047047123,43.725,42.65,0.8157001428269988,0.7016803418137751,5.796620309601732,5.829326767229817,0.5357315777728082,0.08549720527828059,0.7708873739281973,0.5100228511627982,0.004315015414396461,0.05530835830184039,1
6.544836456315513,47.02284768017299,4.166184060241082,0.09576076031474295,-0.011502140822628596,0.6702457129035864,5.7462707365588495,5.82859234501651,38.603689271451714,39.38669744340862,0.07997433084198095,45.15,43.525,0.9731042343740866,0.7687556070017854,5.746258919790008,5.8282788370419825,0.5463074477830379,0.09122692196127176,0.8511846825985456,0.6209465657629504,0.003582076557787167,0.035541209936795146,1
6.746037413650006,42.207937144494664,4.142038213384988,0.06824792610969732,-0.012309090969209785,0.64792739392031,5.751080116769056,5.828561482718403,38.43135576731852,39.457484538846586,0.11210496957870628,45.825,43.325,1.0183364016614656,0.7536114107872063,5.751249747413617,5.828065981562698,0.5744599673407764,0.09305149086936146,0.8553245405106813,0.5980677616361013,0.0028582168026790697,0.03331922051006242,1
7.218444852087146,42.38832461842504,4.199975441564547,0.09275198450771077,-0.010712196765029106,0.8427161164340252,5.752825893254329,5.828464194473922,38.40483177015902,39.78814225850779,0.14906224095952778,43.8,42.7,0.86533094985539,0.706059506607895,5.752902033358228,5.82882293224287,0.5263561611031362,0.08607730697340316,0.7747721331592949,0.5215161761895852,0.002667755343026665,0.03403560134504517,1
7.214322221428001,43.10230901054511,4.194586120793875,0.11449107510732218,-0.012080322396199439,0.8333936637033639,5.762232186523723,5.828344327314848,38.568547220396944,39.800474630421284,0.12793593809510706,43.425,42.65,0.8275326044229159,0.7023524195874309,5.762431729448021,5.828102123724324,0.5172886459445288,0.08665800721237028,0.7652022594946831,0.5219081810529,0.0031224936401370138,0.03753813919531621,1
6.964307410452475,45.00297759614181,4.155899579791281,0.09701609933987541,-0.009123711422999987,0.7734859879858131,5.770430845352032,5.828789512260538,38.60381233869653,39.535970580662315,0.09640886624098252,46.5,43.225,1.0486600031408955,0.7457827171700577,5.770403010396362,5.829216827044307,0.5729311362319827,0.09213531566619462,0.8484537895696281,0.5704686443971925,0.0021849418670515973,0.026792796439267748,1
6.526042324277409,46.52207886576892,4.228780994752279,0.10260771793925454,-0.011751648418061525,1.17428420253868,5.704399682408648,5.828348673284217,38.401531714262816,39.70113845970578,0.13329525597680805,42.075,44.325,0.7821248107232481,0.8293536330674272,5.704378640584004,5.828388533581553,0.47757377981544213,0.08743482630965001,0.7802579637430942,0.6359312424772755,0.007963943442722977,0.0656126702090997,1
7.024283245969198,45.43862824826948,4.165940929501064,0.08999318922925673,-0.008062875883552891,0.8610852396217835,5.762659734694803,5.828812517390846,38.539638685607365,39.50645444417676,0.10059921707341565,46.325,43.2,1.0435873956994497,0.743858172671148,5.762679121752292,5.828794792794544,0.5693386004084955,0.09104552617393391,0.8412234059634252,0.5612330353780376,0.002057551446851597,0.02608169066178928,1
6.920483032841423,46.28173583983751,4.162695328588315,0.10055499986740965,-0.009342646510904301,0.7442224156504218,5.715767376563295,5.828610787723717,38.38698663231481,39.46930320229308,0.11007173251590913,44.025,43.3,0.9193663824501588,0.7516627628211232,5.715924746361756,5.82890550185355,0.5323075965484583,0.09181470568676445,0.8058795330799612,0.5801120214813056,0.002395325801078433,0.02725494746677102,1
6.734582677016001,47.71736496999541,4.169570557547566,0.08224065872335673,-0.013387613953712036,0.6644331798521372,5.759989104963842,5.828769665373762,38.6121470432216,39.125110478986144,0.05227637083825305,44.7,43.075,0.9258167552148695,0.7343850638704001,5.759942414158583,5.8290691935942665,0.5487741023856239,0.08936296237516957,0.8319986347101981,0.5839987226498333,0.0035778892374220294,0.03885025925713494,1
6.869285467008847,44.37954647914439,4.183819040900559,0.09951539989288566,-0.012280834750781863,0.937701362221105,5.752651525534299,5.829304730013996,38.367805174297175,39.606183900539015,0.12801951902827655,44.075,43.525,0.8862489858455787,0.768043222004299,5.752755837726098,5.829217213235551,0.5301179674015103,0.09019842153763034,0.806806216841718,0.5871305885503874,0.004380836489278403,0.04671641347050938,1
6.714708532965172,43.068180067972314,4.194493005454965,0.10007935016641553,-0.009381234117643128,0.7286344231653763,5.72811894988914,5.828735931949079,38.528324375056464,39.88017389835234,0.14523379122300825,44.15,43.25,0.9164276862629457,0.7477372870338739,5.727852630059888,5.829237171239818,0.5225670716994559,0.08788124950694758,0.8170983660561382,0.5895920508792984,0.0029385829714474536,0.030517747082753423,1
6.611572337308164,47.95707967340982,4.1655031934824,0.09400758184484075,-0.012999602755634089,1.0406405363735636,5.765941239811178,5.8286926623573265,38.53669408054609,39.28350057823978,0.07457140821708219,45.525,44.325,0.9812804106164998,0.8290096439943175,5.766136731217274,5.828980635999381,0.554336227651204,0.09391485156466932,0.8533148528209594,0.637781400788044,0.005930688327103078,0.05732105021527467,1
6.681150345409888,42.86923558231811,4.166601678709599,0.07895108731969527,-0.013858105348582705,0.7292720399736724,5.778223938694393,5.828427411879477,38.570585689897946,39.4925799119938,0.09909959009333844,45.6,43.325,0.9745532677592603,0.7537454816261322,5.77827045402876,5.828329340364091,0.5633241941645276,0.09037031054501606,0.851434423098856,0.598165211715002,0.004132335574921382,0.044438995958206995,1
6.711552012516762,47.8518007119238,4.158620207979171,0.08609651520298969,-0.012321446805002398,0.7539215328698957,5.765715327118545,5.828835566778987,38.373227802421326,39.17665942420421,0.08117614443493913,45.75,43.575,0.9981593021157966,0.7723006990467685,5.765907722762653,5.829026868618102,0.5635802817006205,0.09243121908472761,0.8523489682788142,0.6090461952783247,0.0036193813249051905,0.039494851626907884,1
7.022177260372715,46.63144208212166,4.211012255273843,0.07954344131077701,-0.011290529534273504,0.5931511338592547,5.7506374165570255,5.828523697491231,38.51102481534048,39.30996023263893,0.08381613443209004,43.7,42.325,0.8599601358583389,0.6772429752384337,5.750498552993292,5.82879018612704,0.5237895263234208,0.08300497348301189,0.7859756827686241,0.5221995779516341,0.002328459957491975,0.02869561133690082,1
7.201720833805055,44.821128497037435,4.219948574961471,0.08536253882041049,-0.01300023188530144,0.6762973007358986,5.756504922988779,5.828874800106384,38.563520580415,39.443161837436946,0.09312224263119262,42.85,42.125,0.7894862166324774,0.6615026927672014,5.756557597985116,5.828376564196693,0.5089217089491046,0.08164275703340641,0.7517236270846184,0.4958968603184155,0.002849084906410273,0.03583657802727336,0
7.26604010686192,42.153413073901724,4.204420812471869,0.08091669206798885,-0.01114929837119581,1.2976529197568705,5.712217249558961,5.828669436282876,38.53489520633321,39.76678662959501,0.1339059557644467,42.475,43.225,0.8050674611161837,0.74590279314772,5.712276451011818,5.828585361353298,0.5047501495252884,0.08729383106486359,0.7420165605084302,0.5272026039343882,0.004289510810466258,0.05126825236976278,1
7.040912890022643,44.89838115438882,4.211273892193058,0.09774056024280778,-0.010339087085313283,1.00214928639949,5.78551924698699,5.828826522998194,38.43460310338804,39.663774908802665,0.12832413431062756,45.2,43.1,0.9375752786016545,0.7362325018697469,5.7856466014800745,5.828490007194103,0.5411470223009693,0.08622512899803117,0.812487842590606,0.5485646072042154,0.00346488133563191,0.0412160032672094,1
7.235342057837583,44.3126988988304,4.1804768764483455,0.1099852463722076,-0.012032100430081573,1.0627865895037993,5.766346481823139,5.828798773385289,38.54855544348538,39.630901135154375,0.11014417865849623,44.025,43.15,0.8687872771903145,0.740067186580708,5.766207975441017,5.829345020153369,0.5322092247159488,0.0898899012984305,0.7800148400383811,0.5382410270570037,0.00369677534585016,0.04470731743709509,1
6.988907478162772,45.9046748458844,4.159882355026516,0.11173361414080274,-0.013410508538281053,0.7691877876596628,5.7988278959705735,5.828510531692163,38.53531341727087,39.40158729227903,0.08620963580168504,45.5,43.1,0.9465408856454474,0.7365484931757784,5.7989094599582325,5.828808633883478,0.5601835521723261,0.09144758498979125,0.8281705133853341,0.5667479927319179,0.003389297313803636,0.03945287643323815,1
6.8573175698385995,43.92148133437149,4.2197351376747445,0.08156746743956236,-0.010459432024686596,0.9151930434812784,5.784248378965695,5.829105328191472,38.51677907554372,39.68754395700993,0.1268742835936496,45.575,43.1,0.9666774834623615,0.7359536966764688,5.784504082690855,5.828755366159191,0.5456063619960093,0.08471024104161817,0.8316573675777093,0.5609618378796412,0.0036470541674480466,0.041772142001432,1
6.515177138144565,45.67620011971197,4.202206872671012,0.10215162534238464,-0.011652493402722943,0.552343660961121,5.751558279674946,5.8286105920210005,38.48384962424003,39.60399299184747,0.11678627974545386,44.15,43.0,0.8929883564771401,0.7288279322809998,5.751732242785906,5.828429848532077,0.5210854227231069,0.08595302632695251,0.8292928391781226,0.6031116977159711,0.0033770314273460123,0.032729064129105964,1
6.785617407438432,45.61400006346335,4.204015317524362,0.09528835530954792,-0.009566521173078081,0.6357192558882674,5.7609626951849,5.828723966875162,38.58582181927615,39.609817484740276,0.10773515365169323,45.075,42.85,0.9528290799597539,0.7172671727460944,5.760663044894677,5.8290936827294955,0.53732255291428,0.08554188694478752,0.8285353212341336,0.5657019552485024,0.002447453019688592,0.027312927609459407,1
6.9517308312846335,43.03660509195996,4.189701865445355,0.0876828865712018,-0.012250881470607725,0.7741699314231208,5.7911977802203145,5.8289765226273635,38.4494332406431,39.63169172963256,0.12657989750429982,45.5,42.95,0.9541710013957063,0.724648428497014,5.791429271525992,5.829014932777346,0.5557909221829329,0.08745289244599817,0.828322306587425,0.5565379755129316,0.0032480636626406843,0.038908454458867286,1
7.0046504081766106,43.8829788643064,4.159972737438098,0.0794645494457765,-0.014580730957911956,0.8641672260443579,5.749780099515434,5.828657648289872,38.522595716156765,39.32214357998612,0.0836770959849849,43.8,43.2,0.8683767435942853,0.7440130417721216,5.749808326819812,5.828362523193266,0.5424031514965325,0.09121688038387422,0.798579037765384,0.5633006677556217,0.004111442325722849,0.04780040467611008,1
6.883893032261628,47.871701136085186,4.202998044180464,0.08894483206188467,-0.01189032205503297,1.2389827699795875,5.762813420778781,5.828484824701718,38.484592869242526,39.34413711191114,0.0869532517628639,44.525,43.85,0.9098921774025142,0.793448427755604,5.762645770408511,5.82833933090608,0.5333725838041712,0.08903944835343792,0.8125212561565639,0.5866302029544957,0.0055752178572628834,0.058892268041759184,1
7.187379206021034,46.692140419975416,4.206210905539987,0.10328185393880064,-0.011810572005494645,1.052606463038051,5.764485163633819,5.828980849281557,38.53381727644141,39.4521561108801,0.09261374150683618,43.675,43.0,0.8442212150760113,0.7284576750204437,5.764200434525881,5.8288051135235195,0.5200565171279418,0.08657411904794027,0.7717868573005399,0.531199880291397,0.003917140918198746,0.04632783832351606,1
6.862221859146405,43.38084900012748,4.193775200323548,0.08567861269298017,-0.007479051211148732,0.7922099678262202,5.761535940535745,5.8288844557236,38.35588409682247,39.79587773593765,0.15647429688403505,46.3,43.25,1.042874393945855,0.747588763259353,5.761764260829831,5.829213609942276,0.5582559166646214,0.08815490872975627,0.8469989516520445,0.5753442587629409,0.0020740446087753437,0.024862050197685663,1
7.086874680021743,47.966500772706745,4.217011291851017,0.11613547890898092,-0.009535716871677069,0.8061085779778652,5.751128440336919,5.8289504704791435,38.44359579346309,39.544285913726064,0.10993665272080792,43.55,42.725,0.8481139404216478,0.7074858674652571,5.750866120398343,5.829375273000211,0.5085907496151925,0.08476919397387597,0.7723199553113209,0.5337926883821091,0.0026815420538259856,0.03096789877510908,1
7.0702420696427435,44.345240542969584,4.114535283574223,0.08800063716362315,-0.008784091103703935,0.744192794649513,5.785399085609494,5.8287127302441615,38.348241551752615,39.40254188872151,0.10881529229487519,48.35,43.475,1.168017340867494,0.7648447313997426,5.7854224272703245,5.828261433471133,0.6135082631469077,0.09769440727043652,0.8751213138472379,0.5804271194808552,0.001633343259014897,0.022470291738865788,0
6.735362198059873,42.14684924264155,4.188275433263659,0.0999294177383501,-0.011368182772832556,0.7461788310924866,5.748398858312802,5.82887404161222,38.35532107285231,39.870811740468795,0.16261176625671914,44.275,43.325,0.905547339245456,0.7532988518933887,5.748419367061309,5.829207785519606,0.5293709691458716,0.08887172206529911,0.8190546371103329,0.5945271984131207,0.0035817761030545402,0.03740613828498797,1
6.780692784376225,46.88729272923787,4.181680356619665,0.08127132386227805,-0.010016941860354232,0.7640481217158521,5.7361653204251875,5.828669433144118,38.525401269775415,39.34891628468273,0.08566878702766939,44.8,43.25,0.957114891847417,0.7478037858388351,5.736257288832178,5.828769500968216,0.5424606871588529,0.08893858078851469,0.8288924675792507,0.582831249564563,0.0029363178380134233,0.032755792824210116,1
6.9538936963914475,45.21968825070424,4.2483323907534345,0.11188412138463581,-0.011210298609934182,1.0088327026276076,5.765910139014003,5.828777895271387,38.6380353079324,39.82005648334388,0.12281420125392235,43.225,42.9,0.8086620904165933,0.7210312622537387,5.766048774920649,5.828324524742208,0.49505611894019924,0.08180627071399282,0.7690817877803962,0.5399729013437938,0.00472702331506631,0.049060561574937614,1
6.610994499212474,47.339671661915936,4.1916969058143785,0.08735897509881425,-0.008043445721131949,0.9812152213037281,5.7579484101289955,5.828630267385852,38.44205674559635,39.528498538736905,0.11299708208953643,46.775,43.9,1.0812766921760897,0.7970772420051269,5.757935370082514,5.828583337169152,0.5586878468780465,0.0899699329072151,0.8694864135907547,0.6202478465808736,0.0033670766095353394,0.03544856432253008,0
6.667304771158102,46.65595305968112,4.195238998907315,0.08567301005684429,-0.011962523418680952,0.9432869524337643,5.74504706061264,5.828622516242878,38.3669621888702,39.40783426137057,0.10753052811672052,44.275,43.775,0.9088991369456183,0.787645313886129,5.744955232010087,5.8289720255109945,0.5298835605021619,0.08916249542768713,0.824096784487456,0.6108945905564379,0.005015230644061627,0.050303840370512956,1
6.943971763059342,45.177308404011974,4.132157583307093,0.08464822733925699,-0.011310783589674103,0.6842853622878953,5.715424421523033,5.828558981305558,38.40471871023411,39.28028139990467,0.09011998013884916,44.225,43.3,0.9347635457452608,0.7517145692392821,5.715667792022865,5.828603315162778,0.5509166938229902,0.09472079802109531,0.8150793230460243,0.582277053919697,0.002438501468162026,0.02911268087880347,1
7.005371314819459,44.417553079184295,4.142807775787006,0.07038372508062386,-0.011034718497312834,0.42318184086922783,5.789510124914494,5.828871218456979,38.42756480422011,39.24635501420959,0.08704755686305503,47.25,42.625,1.0843534175192664,0.6999112101433189,5.7897005922997495,5.828802116173683,0.5984884751071892,0.09096263913754848,0.861387455714128,0.5504243166580871,0.00131288954867179,0.018247699878172288,0
6.559773074233547,45.12646938725105,4.186665571345491,0.0797591690201271,-0.012146209869075086,0.7705314518492077,5.763860908975427,5.8284508413873874,38.434844441124184,39.45625211617218,0.10821035639030673,45.475,43.575,0.9796544947290835,0.7726854244383681,5.763864544874722,5.828337863682437,0.5504975270390011,0.08903265936283115,0.8540009116410006,0.6165143153153368,0.004332464428591322,0.04415925772412765,1
6.677608008783757,47.7649900450719,4.194537512523866,0.08868147469066032,-0.01454729720560651,0.8983938798883712,5.795954973449422,5.828850449915425,38.5301201103971,39.232702251177365,0.07107261869014875,45.2,43.575,0.9271395521392227,0.7722858159103305,5.796178427751617,5.828473242717768,0.548062011086391,0.08846607303216214,0.8399231048064981,0.6014058658869701,0.005789982021692075,0.058375467114997116,1
6.67944696624344,42.96836802472209,4.163483055065441,0.09372241272493846,-0.009903571513384871,0.8147005097225614,5.730273695316383,5.828682162663984,38.61066943079721,39.757496416879114,0.12258106946086096,45.075,43.65,0.9835180798282712,0.7781325009995879,5.730505105664606,5.828594294058656,0.5457754185334243,0.09219605717728761,0.8419151172976572,0.6102709919093835,0.003288587544030067,0.03429447975145651,1
6.540945698939941,43.55515642524604,4.200031152221599,0.0919472651314996,-0.01007671466831904,0.9387743526905103,5.726226528097542,5.829011531331537,38.467524023121356,39.82575780737737,0.14588615448279757,44.3,43.925,0.9295979888199524,0.7985823005202608,5.725953930221014,5.82920371324949,0.5223588900398257,0.08902775792897144,0.8317581953672115,0.626807350264186,0.004673957005645465,0.0443713086137112,1
7.229181728430248,42.97618200733847,4.203837108160973,0.08387829983248327,-0.01422199589499026,0.6481644938690548,5.759297364296283,5.8284514428923915,38.71083002309593,39.515215180450085,0.08669337624588917,42.85,42.05,0.7866937753249736,0.6561456918569988,5.759401172030528,5.8279105651776115,0.515549618434558,0.08279376921773077,0.7533599371554923,0.49188982058090497,0.002862216535589962,0.03646099522494504,0
7.168007620759362,42.83598040767662,4.17891959943005,0.07685843759756851,-0.010347390056458966,1.006748452068451,5.739638138329527,5.828996953622626,38.43873182160116,39.60396153111789,0.12587308004422962,44.3,43.125,0.9161863785879678,0.7379658146592227,5.739960713328364,5.828920078539231,0.542995438486051,0.08939265568730188,0.7943878572379719,0.5412194498422969,0.00295456408077745,0.0378649042839582,1
6.668125679964624,42.7886888656134,4.146047297251385,0.09088253857023718,-0.008705385597282565,0.6978201770203158,5.746605424499853,5.82888578844895,38.34985569929176,39.74469091096063,0.14934311155790178,46.85,43.8,1.0981005589591888,0.7892710546607686,5.746385232481922,5.82843918563776,0.5739258659771395,0.09472299983891751,0.872693295916986,0.6243079991783799,0.0023004239570586322,0.025545346596391745,0
6.617899836490014,43.63664113586056,4.164888301108215,0.11597240529164217,-0.009510219720694041,0.8179583353877039,5.708977172242417,5.828734213770498,38.591102695446814,39.88408077779364,0.1341896497624626,43.975,43.825,0.9223876948117251,0.7913111032949374,5.709017514240152,5.828978612088301,0.5217362778288285,0.09291196194553869,0.8236781365353861,0.6251756853843123,0.003528773948974493,0.03367271575447552,1
6.87301509245937,45.814330961998586,4.15891715023936,0.11395149472826993,-0.009389077773905217,0.7252645524155887,5.733825163584103,5.828606372857818,38.599806224900576,39.5991199659308,0.10096204717048798,44.625,43.275,0.9463694443595907,0.749767286337895,5.733699416877843,5.828589329484834,0.5387162947787214,0.0921390451437739,0.8198242719432338,0.5831955013059675,0.0024384949756304864,0.02689046102278131,1
7.006360290678831,47.290497969926264,4.1485152050267216,0.07623386761809865,-0.014019264451126109,0.7406975218678292,5.713499496263199,5.828532018144513,38.298282892637175,38.98145222383683,0.06899162371347822,42.875,43.1,0.8344009305911984,0.7365270067234286,5.713343695162192,5.828110989646898,0.5304833161566394,0.09215955710999081,0.7815461363211054,0.5666668450708366,0.0033570711489500703,0.03960656129037384,1
7.064368728707935,43.25776080819552,4.189745932159717,0.09491801390613591,-0.02029199463264899,0.9131163471888403,5.785198375416953,5.828516693162713,38.394903701538034,39.34291507449727,0.09700378475275803,41.95,43.05,0.6916835904675578,0.7327331877669874,5.7850650606543494,5.828793138143582,0.5056399935883861,0.08781278041225248,0.7454402759167598,0.5503870925197799,0.006945417000902054,0.07229726491039849,1
6.826684669731695,45.49083662452916,4.178244014390866,0.09234417618756928,-0.011641612710887969,0.6098543226007632,5.752063332181914,5.82854484825255,38.655426419341005,39.43452456653648,0.08105448550529654,44.475,42.825,0.9168946074065492,0.7155364470860102,5.752174465278778,5.829051789057275,0.5394448863638198,0.08795234940224123,0.8193215943498605,0.565327186597189,0.00271257265402942,0.03039741229124696,1
6.506459628928821,45.21313488380707,4.178180207930334,0.08540725952403205,-0.008985726964776647,1.1559947547249483,5.744198335796609,5.828563095550628,38.44272063272129,39.65564017058909,0.12793384020617138,46.6,44.575,1.0822209305537962,0.8478880575695689,5.744398946847652,5.82895013408741,0.558086618482769,0.0931353918744615,0.8749314674292369,0.6535438268308285,0.00475532317936725,0.04647767883704454,0
7.237573584997809,42.0262485483599,4.180318582732065,0.0843128284166102,-0.016011688555627884,0.5914149306478965,5.749011936044746,5.828697016323621,38.48760481533937,39.471197401270395,0.10574727125708142,42.325,42.1,0.7567547366849183,0.659754262679713,5.749344308635803,5.828899520694669,0.5148113223107119,0.08542374045604206,0.7451199253088682,0.5031620053664013,0.0028664873873914904,0.036558642295830245,1
7.140618132846649,46.98665896517965,4.20517380542956,0.08531365249966104,-0.010692215180385595,0.7745169480972767,5.707978169192586,5.828448509834143,38.5631325879822,39.32067077039364,0.0782533255254659,42.35,42.55,0.7997095922169919,0.6945875930860304,5.708280406289514,5.828263996333841,0.5006585633352291,0.08465139214429969,0.7475146561195415,0.5187953206361112,0.002726347295170905,0.03269523225071243,1
6.91181781068006,45.348034020580656,4.147670575493287,0.0829685422365895,-0.01442914347516465,0.6063143924987062,5.733262524556877,5.828631645455912,38.69371013257164,39.16610246506211,0.04865457930313457,43.4,42.8,0.8546051122433642,0.7135392480625375,5.733071076678564,5.829088616108914,0.5380161506847877,0.09091831441951667,0.7988117034305465,0.5612424035962602,0.0030597586383095455,0.034893242161498875,1
6.607401247853447,43.48826008568468,4.170204242410624,0.1030880136256511,-0.011366842358210824,0.8684625849957578,5.76858987062531,5.8287543847235295,38.35269285379884,39.755197657700755,0.14641638850335487,45.925,43.975,1.0082087836066425,0.8026104823306124,5.768846291904254,5.828543854666432,0.5545988995052321,0.09268513792266236,0.8583363952037897,0.6318940995725538,0.0043340853895537145,0.0434187916157738,1
7.145017788783978,47.87671252341328,4.187824974280035,0.0980392152467804,-0.01462113215123327,0.4646472720107342,5.733013503178014,5.828623605341455,38.37479772296129,39.103038785379994,0.07265756696565742,41.85,41.95,0.7361440926763336,0.6482583605430561,5.7333036135241215,5.8282637820678325,0.4987151211183422,0.08443946190538494,0.7368928175110954,0.5101880926731059,0.0022986133391037604,0.027874381296037656,1
6.920769506011636,43.31038234559001,4.130282939829836,0.09537739929690753,-0.010587047860972807,0.7431073697200209,5.726883929039418,5.828796004323812,38.448026202963305,39.56235946046965,0.11609763417519066,44.85,43.5,0.9701303310618705,0.7666569748126477,5.726692983328999,5.829210455768645,0.5570099460090234,0.09579383135453763,0.827265654894407,0.5918534794341999,0.002504261072336534,0.02929011279242904,1
6.688202697484486,44.71355314716069,4.198997169367339,0.103245255956051,-0.012389648008602852,0.8487377136512113,5.7426326765203575,5.8285538513217166,38.34186712894236,39.66148022726576,0.1366101024416708,43.45,43.5,0.8490287225504414,0.7668991278147432,5.7429129550120805,5.82808940806853,0.5128829561818999,0.08830049354226402,0.8037792930945677,0.6028939251797606,0.004871371713338305,0.04741835067715151,1
6.712253493934016,44.654433271447,4.155941004127807,0.09250726985079573,-0.011624753443330605,0.891873172463238,5.744266856405384,5.828634761824436,38.30833971116688,39.50926651728346,0.12411786254855009,45.125,43.95,0.973247564866818,0.8008448557624535,5.744417454238085,5.828472091915967,0.5518699069954331,0.09415149200666904,0.8417613103427486,0.6226013683598227,0.004078921794131647,0.04284690988999557,1
6.83469258647759,43.97748685828062,4.176116516381619,0.08257079831457739,-0.016394467036223725,1.0323628184399614,5.743426409681585,5.82879372612503,38.446269990033926,39.365127790777095,0.09529500323259087,42.775,43.85,0.7968335239907764,0.7931395263322916,5.743309988380198,5.829139242082439,0.5194429382681477,0.09144939751227119,0.7858363624412986,0.5979614524325815,0.006835044201609653,0.06775300302955675,1
6.6807303700385265,46.27841625738926,4.139067177667544,0.09983470228942787,-0.01329143305266886,0.7745740911781058,5.7691873844411585,5.82891527002414,38.47322710120747,39.305386023609145,0.08336782994366687,45.75,43.8,0.9946872447931829,0.7892415730855786,5.768955333767789,5.828435911068769,0.566437221805696,0.09539738190229848,0.8557594709706992,0.6237014162416785,0.004086927523146072,0.042548573401717305,1
6.53805415527666,44.46248140268832,4.22258420739183,0.0952467221785441,-0.008387577921837561,0.5235342732770761,5.811674577055261,5.8287897191619935,38.47338810029671,39.84751978287585,0.14890327374251458,48.125,42.975,1.1255438857005426,0.7267422958616541,5.81187947056933,5.829053656010778,0.5663292649375685,0.08389158069229034,0.8876919898070891,0.593908612301578,0.0020835772267506613,0.02258365376260337,0
6.6561850208256335,45.885249385224945,4.216477770207947,0.09612908086720136,-0.01057993757199189,0.8174359551684349,5.7492298491656735,5.828680770924992,38.47852894624429,39.63599812462944,0.12118174322336235,44.225,43.3,0.9009581181026203,0.7515927796198483,5.749231812644546,5.828518356527167,0.5192593570933093,0.085646883538143,0.8192295364625298,0.5923150099939642,0.0040597093843078086,0.04071583618408048,1
6.735028539839299,42.73753504685245,4.121667110015703,0.08700439333621555,-0.013113674041819385,0.6243733515342326,5.755158950814062,5.828415562450831,38.32101397917748,39.44777832987217,0.11845144549637403,45.775,43.55,1.010563479200341,0.7708268183077358,5.754915832172625,5.82837463706878,0.5758539984955969,0.09639876098792445,0.8563048149448139,0.6156989863438291,0.002942372594084691,0.033210804818879135,1
7.190046557431398,47.91093454368601,4.174951112778661,0.08990502851502703,-0.010995154854608788,0.9924908284841155,5.742022224524281,5.828973255863492,38.46895322821616,39.194533809254196,0.07264954623899329,44.0,43.125,0.8912273561865183,0.7379895124183573,5.742360138482742,5.8291202661272195,0.5367971620645922,0.09003781572200381,0.7860071489745002,0.5416251875041685,0.0031159430980499036,0.03897938277748162,1
6.9884038026836155,45.469543335346735,4.181381881380502,0.09763014036751456,-0.012512268045989539,0.7504536409013269,5.725818484147456,5.828923677605766,38.54415698540228,39.431951432474065,0.09108136481096721,42.8,42.875,0.8163524093709942,0.7189767492486316,5.725967227381113,5.828426321978892,0.5125310917883219,0.08821612880349051,0.7723176373871564,0.5523490490781409,0.0033708086088897957,0.03750991946931029,1
6.540341724734556,46.83745232348949,4.169826917589728,0.10256083998405947,-0.007934337395041966,1.0674337431869092,5.769434499809063,5.828339357879216,38.520970130386786,39.64773822865775,0.11526376472059012,48.025,44.35,1.1605727151943963,0.8312402084297563,5.769337324977292,5.828387095653244,0.573474957042284,0.09373482700411484,0.891690149869252,0.6466319501223095,0.0036939548245141164,0.03715712242876172,0
7.07077437914796,47.283330768694235,4.189740126325174,0.1216881356002506,-0.012230870528582011,0.9168934729277985,5.752946206942349,5.8287771428124175,38.30880372782172,39.481881762437766,0.11484090872383751,43.225,43.15,0.821626022488247,0.7400888171535795,5.75302149277553,5.8284954209171085,0.5115913761195013,0.08911216097750047,0.7708383767589386,0.5585059870849278,0.003896518946818357,0.0428887014250115,1
6.85702428814081,45.003320022459306,4.162261353872772,0.10566564182662468,-0.013599042307503088,1.049254395325696,5.79359981593621,5.828796802205088,38.19589082251623,39.503604558678816,0.1311374572355744,45.725,44.05,0.9684265075854608,0.8082206002129588,5.793764691740541,5.828507388418219,0.5611270995722779,0.09437508917511321,0.8404424464428686,0.6129053591979279,0.0051368309718661685,0.05518837735929845,1
7.211566652842646,43.0374415447652,4.1721701150885835,0.08463315170017885,-0.014497587242128742,0.7742079006460871,5.735352255517156,5.829010946036606,38.47638100248559,39.43540065009327,0.10130499739297455,42.625,42.675,0.7934301730831423,0.7035995581952204,5.735146644919873,5.829175796818837,0.5199927478310745,0.08846776572449613,0.7556567645563871,0.5256211888030015,0.003333029186998751,0.04124497350627771,1
7.120786482517316,46.996334998640016,4.155730880841163,0.10219452363013637,-0.009432927119524473,0.7528666553182672,5.773141699921155,5.82852556219085,38.47997508113488,39.35132601486862,0.08724636118498302,46.0,43.025,1.0091882832041135,0.7308189172521979,5.773428895607694,5.82834878732355,0.5681385987015773,0.09184767441708004,0.8301617321597404,0.5519161946699825,0.001975453593892082,0.025660947735439126,1
6.573223910565926,43.44183045464491,4.182815908679876,0.10415478557615926,-0.010854507388564789,0.6658544703621403,5.787977826497757,5.828232254210917,38.471673389459745,39.79898425255886,0.14037145784788085,46.625,43.425,1.0402723153760745,0.7615325367357215,5.788028318195972,5.828614537734444,0.5600769242152422,0.08945790505407283,0.8692476680514752,0.6146185122904806,0.0032952369691168857,0.0338497982248672,1
7.231157619256204,43.29211248332853,4.200081258652736,0.11266428663046738,-0.011326594588055003,0.38428094510048894,5.795706715472532,5.828879085341863,38.61875016374319,39.75819641683301,0.11992895139744111,44.6,41.825,0.8826164273530681,0.6383459764601458,5.795783147307179,5.828750008436104,0.5368570803029584,0.08301948283917125,0.788334192596742,0.4921626541944066,0.0012933630999576783,0.017406899807331334,0
6.5685882421002155,42.769584059860435,4.18969782445107,0.10146963372235827,-0.008591362218440923,0.40171162723771414,5.753288092241605,5.828924492690272,38.50646505005263,39.92995296431788,0.15475391046333462,45.85,42.975,1.0179747146504745,0.7266075223333752,5.753283594243303,5.828438016950424,0.5451540615491113,0.08735729279668417,0.8570487516182815,0.5990120822493753,0.0015889016779936215,0.016807466332134806,1
7.180065527226529,47.93863941465396,4.151933921199806,0.09720564195917578,-0.009308474818127513,1.0255536234859226,5.773472758874977,5.828928017625706,38.43485666935253,39.24149813738258,0.07989572091831233,46.2,43.375,1.0235854283115948,0.75704191853404,5.773645768412639,5.829188567597225,0.5739172319250638,0.09356046047608155,0.8309638317862321,0.557493138525488,0.002482523652194063,0.0326749590564925,1
6.90460322848624,43.87817590787223,4.201600209645462,0.07787088709616555,-0.00948330369222228,0.5521184590571713,5.780124572094873,5.828601816987353,38.411898166869946,39.60575413856945,0.13011721713374624,46.025,42.625,1.0040481851394238,0.7001806116129448,5.780063086912114,5.82903454183431,0.5588341668815338,0.08497647639358492,0.8394685381716329,0.5476246715378689,0.0018179502555161747,0.022868189058010857,1
7.07594513475254,42.99015185840564,4.162764670573411,0.10424867374997054,-0.013551488429779992,0.7518036027602004,5.73045341510132,5.828462436070731,38.44085038334415,39.60591693447621,0.12070226724019797,42.75,42.925,0.8078950002096903,0.7232548960491458,5.730313078166526,5.828155132964432,0.5174880572457933,0.0905921537516956,0.7676017165818326,0.5526989775361786,0.0033517279785267706,0.03833126126290709,1
6.658991840988071,45.323280834067134,4.170585411999802,0.10146725077535021,-0.011281194750504049,1.1757194688808947,5.686365612354663,5.828736989416396,38.511991190205265,39.61870852836485,0.11292881655846077,42.675,44.425,0.8462448918771628,0.8364711843768271,5.6862594665616255,5.828403539932584,0.5048340598498404,0.09403384234340374,0.795289875562723,0.6358779242798138,0.00603364751081126,0.054700163906417285,1
7.160440009804264,42.67256466554955,4.192238992877887,0.07762104063336313,-0.011149517736629333,0.6390148916834104,5.774576392198556,5.828859723379752,38.29965007350795,39.598615553393046,0.14161218122055202,44.9,42.5,0.9261698349018257,0.690342681822897,5.7744699434651325,5.829063541402732,0.5508705418642255,0.08583209790442718,0.8042168806423925,0.5226171581389204,0.0020630421373884415,0.027985928890809884,1
6.6225224323542635,43.15058709432421,4.20165169580777,0.09444219827986718,-0.010047000659532596,0.771875767700088,5.7705489150660965,5.828755342049728,38.64809974816811,39.84747474842097,0.12986084923472518,45.85,43.325,1.000713891825983,0.7534175514558807,5.770772739408462,5.829052544087694,0.5461208732960149,0.08701875053656918,0.8527187660742664,0.5967962128947004,0.0034970802483992344,0.03614450646958087,1
6.8030956670211165,47.05281538187709,4.193990222586684,0.09721899746008889,-0.012100157874274459,0.6010384366181404,5.722560616992463,5.828339114579399,38.414808548466496,39.369464563859886,0.09746490819784205,42.725,42.775,0.8138757209519376,0.7119208190929625,5.722855642098549,5.828613820670515,0.5057371459696444,0.08638983736539045,0.7817229873468825,0.5678439268934077,0.0030835345926109557,0.03253596082967627,1
6.827742975022595,45.08507115542555,4.177536654567144,0.0842541407879747,-0.00797544740032304,1.2678230243642505,5.711278566523905,5.828533807075875,38.5558006158946,39.61364243460569,0.11155581124096683,44.7,43.925,0.9745272936548064,0.7990600247759234,5.7112110482819824,5.828566735286256,0.5381945307275643,0.09183708016033336,0.8243430699563647,0.5987728483526917,0.0036715942246852333,0.039903565633034224,1
6.688336827515663,43.752556365838025,4.158904612147948,0.08838320152985227,-0.008645551737917702,1.0555484926278536,5.828518900445294,5.828781656401777,38.412656269916745,39.70514662203177,0.13705197449893716,50.0,44.175,1.2425489114201813,0.8176459554811659,5.809908919214291,5.828429716928729,0.6164462082878548,0.09449392755372564,0.9088914394669211,0.628295685319596,0.003306596519009251,0.03742678821478802,0
6.883040275056776,46.80233209605883,4.244735230888563,0.09615012133288896,-0.011251929016963548,0.7446938641693134,5.716886959452108,5.8284014412738765,38.59328074503128,39.54831903441465,0.09961676855584034,41.8,42.525,0.7484049906457377,0.6927180945113705,5.717137270767379,5.828879884468817,0.4751329988800684,0.08048618744867814,0.7434547645577169,0.5350257119264669,0.0037706109335981005,0.038780382226169786,1
6.559785459960355,44.64545228257163,4.183897352938948,0.0776427890827258,-0.010400366259007329,0.542975931202279,5.744482135023387,5.828657723291492,38.64386149115619,39.51762165760782,0.09447241137248177,45.4,43.05,0.9934700761458197,0.7325921576382077,5.744389663391104,5.828612827886808,0.5485702993048162,0.08752683386743547,0.8534735881383714,0.5972279533060391,0.002571942976616403,0.02726286300363103,1
6.6801964009294466,43.098673020059046,4.196099635103607,0.08635941222354371,-0.013380135250102156,0.4519351926677263,5.748903018398148,5.8284056099565476,38.72522345121663,39.57505941820143,0.09238860920320786,43.425,42.325,0.8408617725484904,0.6773610627731168,5.749094916369263,5.828789376722789,0.5207934790108593,0.08396643298644069,0.8065904035564541,0.5585740719107739,0.0027844098818853654,0.029458838137999033,1
7.185952757679831,47.04718567593418,4.198181713475154,0.10452823190822727,-0.0140429450875451,0.6451517375875946,5.7488818625743825,5.828608952996315,38.32686500396599,39.279879601537374,0.09526149000781632,42.325,42.3,0.7568848101552819,0.6752360636073247,5.7488536716643415,5.828326046242898,0.5019257402602092,0.08494375918309836,0.7422167256587354,0.5163954229182349,0.0029918380514113697,0.03587204452271804,1
6.766224987763838,47.23843830177026,4.212299896353809,0.0863059401033117,-0.009046697841260208,0.7545791735299384,5.813235535879746,5.828628507752178,38.4992964640272,39.478270720094585,0.10241554330861527,47.75,43.05,1.0969019446628812,0.7326213731775217,5.813466366048677,5.8286184339976606,0.5730750284940805,0.08528057610369383,0.8720312860893162,0.572040767788629,0.0026344919325015028,0.030900297373522265,0
7.21904239359416,43.490291611657995,4.181238101528046,0.09165742752064872,-0.011916177566025393,0.6941988311263,5.724626185472549,5.828902501626211,38.643296870712206,39.55152311501124,0.09607557132079098,42.75,42.45,0.8137222298384614,0.6864639500785588,5.72452627197696,5.828453259357923,0.515396901818703,0.08683847840824316,0.7553363131328344,0.5136843397146789,0.0024635338951392144,0.030853227103032538,1
7.121963406405408,42.91553160533088,4.151938670810281,0.07810674329885987,-0.013326450359445767,0.6439030735606808,5.740469390095553,5.828544473267943,38.51054592855575,39.385570769611974,0.09328850138052948,43.8,42.675,0.8776874530141656,0.7040660309638831,5.740233742324596,5.828744930807015,0.545857955700014,0.0903371227646014,0.792105819795722,0.5377239752162027,0.002487474942685838,0.031942822934569036,1
7.234326729653618,43.975903856131545,4.182178806494723,0.08056072105327867,-0.010729886660962447,0.9167701910185281,5.713904913423402,5.828471864416243,38.586050766692715,39.489316200903794,0.09596059065757823,42.975,42.8,0.8416271016002455,0.713699029102207,5.7137420624468875,5.828232441913133,0.520353793764545,0.08792349780164539,0.760583391185972,0.5219234886202501,0.002805981480165895,0.03555767990309041,1
7.127173700114836,43.04819941229028,4.157837240740857,0.09379108825568819,-0.011049861418889974,0.8365527567288424,5.781564834790495,5.828890860534537,38.60166440295089,39.609286248793225,0.10611126281029033,45.875,43.025,0.991543757281538,0.7304536189085109,5.781364796258627,5.828592581578761,0.5700139117543177,0.09136318965676937,0.8281927540144297,0.5471891617195815,0.002579744632834775,0.03328663269003467,1
6.529863899676144,46.061246648028536,4.185399226274975,0.08765901410238398,-0.011708329582251658,0.9227469309190843,5.717193104114293,5.828484234384605,38.534094800106615,39.48294551913275,0.0986470040089959,43.7,44.0,0.8934044483010712,0.804765346326195,5.716972254108955,5.828821939928101,0.5204139261593969,0.09053351101168008,0.824234607856758,0.6317642584448769,0.005373897283742164,0.0498465957132632,1
7.167435472367385,45.69186474336867,4.167920075823088,0.11764872049309538,-0.011672072202923843,0.6627940649857993,5.766412202458646,5.828980078716336,38.40288248265787,39.501891598050726,0.10958844452485575,44.2,42.725,0.8818958529792189,0.7074562592280644,5.766318314319183,5.829430220466156,0.5364987342532758,0.08981000133324321,0.7895672268889595,0.5391129729320236,0.002303740866677794,0.028542894964857735,1
6.903423209091971,42.95162984174647,4.168549655369634,0.10887631275285337,-0.013484998548326929,0.9446995160360668,5.73763012064831,5.828652655839408,38.50983380952111,39.71596400086231,0.12441280260109926,43.15,43.55,0.8312358393176869,0.7705897249191596,5.737530449377227,5.828812366764726,0.5188031863843718,0.09192749378527479,0.7871275483757237,0.5867432165836849,0.004826241152582004,0.04954153698294465,1
7.230328218654673,44.793548310925196,4.192923293074956,0.099303597559554,-0.011056586753773228,0.9915172071697027,5.7380009161156424,5.828283671542693,38.43465872064654,39.56988688248973,0.11707383857720845,43.225,42.95,0.8365713133149537,0.7253412795816843,5.737668335602785,5.828154020758104,0.5169750411248022,0.08780899770727595,0.7618402660344897,0.5301578313295382,0.003261579525538652,0.039833337970607036,1
6.844550086313412,46.753721118099335,4.143718432095011,0.10714898733074504,-0.01367037777701432,0.8919161283295576,5.77366400361589,5.828444458916517,38.613671055808695,39.29589861618302,0.06722665552215996,45.225,43.675,0.9512895278220785,0.7802619197933129,5.773880962474669,5.827966974056367,0.558696180673818,0.09481042262614932,0.835562841253228,0.6003718309198178,0.00437892673608997,0.04675582524848174,1
7.112620481978614,45.66281308487262,4.198383171488016,0.08478241545940628,-0.015700331410075673,0.585163483970612,5.719506554058629,5.8289287594335075,38.89858339296503,39.1988242900685,0.03115416577994084,41.125,41.975,0.6933711151317006,0.649882859991771,5.719338057399479,5.8286743137887855,0.48614254451683936,0.08280510188200116,0.720939229085851,0.4988060974354861,0.0033419398349502083,0.037830615994817705,0
7.103109506637008,45.44853285744231,4.179921338824088,0.06463326594873546,-0.007847929220573471,0.7378006287098751,5.768127946480749,5.828726974570347,38.5101462773973,39.34307363901719,0.08938936965193414,46.5,42.775,1.050962902012179,0.7115329591020148,5.767890136271552,5.828195032795331,0.5767121562692864,0.08773173640162216,0.8396172117896729,0.5332728587715996,0.001592542642758086,0.02222504579304612,0
7.009795526753606,47.61888328962038,4.160069506385654,0.09838792043666095,-0.012359153619727203,1.1649872730760804,5.724432858698081,5.828668307845826,38.501085926995025,39.2546095495755,0.07437796381484305,43.425,43.825,0.8653319322485578,0.7913770092196097,5.724479132198971,5.828230825811344,0.5274795042703374,0.09385723379215112,0.788273687763949,0.5846158852020579,0.004771940176851655,0.05177519571586145,1
6.700475752046912,42.878438814322124,4.186541623755994,0.11275463290535082,-0.015647835343405005,0.7199149357238712,5.757009273034313,5.828473375171339,38.516256428205,39.69492618694551,0.12193134938833734,42.55,43.1,0.7660268298858597,0.7365856496966021,5.756751342538597,5.827977476017852,0.5052458292459945,0.08816260856002518,0.7849600240089701,0.5907253347171745,0.005437924768025944,0.05097312462424489,1
7.277364059105029,46.445450093105045,4.17099059007665,0.11093787946871138,-0.007507990021419584,0.9800412745014558,5.788566585475887,5.8286361577335715,38.41523101476017,39.54443402677417,0.11323267234495007,46.45,43.05,1.0268570990796082,0.7326137231961285,5.788389633075305,5.828384864120169,0.5691489648128748,0.09087064236198111,0.8250717173064401,0.5362218969512774,0.0018421836750630546,0.025241566718553446,1
7.122556843523293,42.43078282811812,4.1789477937991135,0.10846923876850197,-0.010087493078926755,0.77572719958608,5.7932442358772205,5.828514804590021,38.615739978023726,39.86791930003289,0.1325538628135781,45.9,42.8,0.9817096385045083,0.7136560889284294,5.793497864467097,5.828216315104227,0.5596523847636701,0.08860970495011365,0.8241924772926525,0.5375668777909225,0.002312349936996316,0.02934225155008305,1
6.908903912357411,44.406099907379925,4.1958479080758115,0.08503215821780545,-0.011502296758787927,0.6291340432735674,5.746399165879225,5.828867092728308,38.705303871091886,39.51762121354379,0.08673007486446539,43.9,42.575,0.8793083435117532,0.6960850143756208,5.746364703803556,5.828927133579044,0.528379651098194,0.08524775330883329,0.8002952656245986,0.5424441477098666,0.002688641090529343,0.031027988709134206,1
7.114195854501066,44.64036217998262,4.1960136691536,0.09707746312818412,-0.012289071614734297,0.9116138784684662,5.72631607413757,5.828921353600422,38.38515385702195,39.54741196635665,0.120308002385983,42.525,42.975,0.7948034616476773,0.7266106614232255,5.7262888561282725,5.828538826385348,0.5044031771554692,0.08738821497512612,0.7538073664602942,0.5421499195279634,0.0037681423612338305,0.04301533072290957,1
6.533863182482991,44.38806110371084,4.189012102162827,0.09061119598679068,-0.010983730817320927,0.6798311295159117,5.736055432881641,5.828594897330762,38.56038978904479,39.641536146664485,0.11518563469046338,44.475,43.4,0.9329025067068217,0.7592727394694787,5.735974489494057,5.828925206004232,0.5306099289922473,0.08834914139500002,0.8373592621335698,0.6129351057271494,0.0036555051245949315,0.03591374469512275,1
6.827976475539624,46.64256542189066,4.2175423613334555,0.08939808764404251,-0.010237826206141148,0.945148120187654,5.709024074178932,5.828516660405352,38.69257023567542,39.518607527944305,0.08623940357525499,42.725,43.125,0.8274122637654688,0.7384461078764968,5.709271968104669,5.827985528801331,0.4978355362222277,0.08498244655262698,0.7763784830158066,0.5631481187024665,0.004105901167085455,0.04214689150619831,1
7.083843051788254,42.413197322917284,4.2009894512642125,0.10243067273563468,-0.011926355044310315,0.7241319787366235,5.739475569108875,5.828787621636124,38.51086185116903,39.81744969610579,0.13956594002918116,42.85,42.6,0.8065155705123814,0.6980799271961642,5.739164285407308,5.829214726653617,0.507410109001736,0.08548774601399087,0.7618915452235572,0.530842639102047,0.0029937275436694565,0.034632459822624265,1
6.678601858344279,47.71675245710833,4.177233327666775,0.09831118243722349,-0.0100557988260109,0.6116939227174208,5.760545602309175,5.82870250049206,38.42028416371659,39.40312071539684,0.09992905157986572,45.725,43.25,1.0014807212124959,0.7477707184908926,5.760453455447847,5.828585759534745,0.5516477373852399,0.08964644484586753,0.8502319179250332,0.599533551284722,0.0025499750821221163,0.027582960239513277,1
7.049246344410582,42.228375098525824,4.112970492227379,0.09336894551274744,-0.012590955143561105,1.11355821744789,5.789501555892676,5.828208535925701,38.54438387845846,39.554808063021376,0.10464429639410804,47.175,44.0,1.0789043727053125,0.8050410447850984,5.7897247074785225,5.82831966969264,0.6003214520678434,0.09955444615470667,0.8597862137976898,0.595487515515564,0.0037517066362594276,0.046367609462617525,0
7.03583017276707,47.8385523938128,4.197539846468402,0.08762632041306342,-0.010911422511127386,0.495235630290193,5.7515580517802505,5.828726656994983,38.55832423838411,39.23713406897354,0.06958943368480654,43.95,42.25,0.8779215658066386,0.6712733430050166,5.751278433044838,5.828538656588546,0.5296767747630461,0.08424127422089539,0.791803015747698,0.5223645418375813,0.0018166872138149492,0.02269489378982474,1
6.860202413938527,46.03202178989799,4.204620330388845,0.118525339740408,-0.012759281234385871,0.807328623633212,5.728181443301962,5.828929080969349,38.4858085666946,39.61290142203655,0.1133155226242025,42.075,43.05,0.758343049829934,0.7323207999603509,5.727948531068517,5.829241599752258,0.4872188603844546,0.08666206711637377,0.7574076452498595,0.5693207198374256,0.004524015501778691,0.044169400342962274,1
6.537455920657422,42.26900753508526,4.18527505637008,0.09488358274377245,-0.011329780528991315,0.3,5.757050215361794,5.828492172185332,38.4293366893444,39.77873952635771,0.14759705975506346,44.925,42.55,0.945561216013294,0.6945439307348407,5.756822086367074,5.828860812848536,0.5398636701702594,0.08615294123312618,0.8450545080314475,0.5912497455980902,0.0016462854272608883,0.017416365685350148,1
6.589650167784365,47.85754924582745,4.139161034656925,0.09774718408706604,-0.010133423653273261,0.8619599145985722,5.726519372348142,5.828568831009976,38.653100611935145,39.342287904906925,0.06909508988959605,45.625,44.125,1.0281086707050058,0.8140962967832355,5.726283814244655,5.8289666831489475,0.5572051516294582,0.09621555797052268,0.8596328503497154,0.6392075248572185,0.003657885668662804,0.03654700021992657,1
7.072720126519648,47.84501310341411,4.169934636618279,0.10549462383057151,-0.010947310507470883,1.0475289806526267,5.749604173635539,5.828499995692508,38.420830820937574,39.33205961867661,0.0898711017874976,44.35,43.45,0.9099753926734326,0.763161403378291,5.749906312994383,5.828001650309502,0.5378869910726433,0.09185561098349324,0.8001229823067687,0.5674713019126476,0.0035896427170512345,0.04173923164217213,1
7.215443798146424,42.126137368030086,4.154332022683566,0.09298322718161826,-0.008519659806237603,0.9590120630607507,5.74403712212571,5.828625538821326,38.638991757130505,39.77628723233131,0.12191991923277319,45.2,43.075,0.9790574034629342,0.7345291904228359,5.744077671901719,5.828148047359637,0.5590921406209836,0.09210474927522369,0.8111628681201121,0.5401280357908161,0.0021104023359391783,0.0279870086116008,1
7.194711544259709,43.53482238629103,4.204909426108663,0.08398170418785532,-0.00987167483264058,0.6119777135710999,5.742155638604932,5.82886130711144,38.37704279900943,39.63083752466027,0.13545004825642137,43.675,42.35,0.8665507401048984,0.6788264542981377,5.7419930640729415,5.828414636882615,0.5245695016058218,0.08419132528636425,0.7738555822164168,0.510983172077882,0.0018090561036440845,0.023899492102447756,1
6.822166864966287,45.2716860682471,4.15916492866862,0.0856199983874943,-0.014484795151628978,0.648552652073076,5.7550550920692025,5.828632594537275,38.66008028535177,39.241768024336764,0.06006997870987572,44.075,42.925,0.8838454193106751,0.7230847375826013,5.755340198109966,5.828298413215155,0.5439443371184648,0.09008606910601609,0.815977159888665,0.5724881659499116,0.0035565807568779836,0.039236880642823026,1
6.939875701630534,42.039830290640836,4.18031792279618,0.0956505258030469,-0.010536802635536604,0.7587370482942595,5.736031831906397,5.828711587957345,38.326071016276835,39.83268164457568,0.1621213651496114,44.025,43.125,0.8991019271070568,0.7382511803245038,5.736088530752538,5.828578432078561,0.5306515425372212,0.08933019172792983,0.8019865830974603,0.5690623304688232,0.002807160274062102,0.03224875915624565,1
7.005548055517372,42.87954930900929,4.204856122760915,0.08629097962932457,-0.009267953357233995,0.875775301656138,5.68722741435871,5.82858620498651,38.44587494224723,39.79478011680775,0.14682193264773058,42.3,42.975,0.8166176022449294,0.7269458100371375,5.687460175579578,5.828506435657131,0.49628328070363353,0.08617471301285831,0.756229234970593,0.5478704593611444,0.0029268244220329418,0.03291927312299691,1
6.965921977131025,42.95100572879138,4.16339299342712,0.08174188834135254,-0.007536578075245731,0.7518803456577429,5.740983753179338,5.828621922111444,38.57643740850039,39.699403728820336,0.12204633990908076,45.95,43.125,1.037659178853592,0.7383408461704049,5.741144186153229,5.828314930285519,0.5648674321141068,0.09079938585049577,0.8397599298089877,0.5635115923356094,0.0017399160577983473,0.02189496464679813,1
6.6496826747458435,45.69892715316172,4.190259420589115,0.09385495270921687,-0.011854284414902588,0.8612273620760673,5.74070244679248,5.828648205869506,38.52609021837854,39.5231509446131,0.10337124458105287,44.075,43.6,0.8981980645873975,0.7743814018181654,5.740662423815364,5.828929922512144,0.5260266450038116,0.08912563903094295,0.8215580179084536,0.6070710941773869,0.004649125392285671,0.04580376420872353,1
7.292693399374254,42.52085933414751,4.174428962564265,0.08341926810460562,-0.00837465373727069,0.7652280230322908,5.7528063267463105,5.828419149567319,38.520948727861075,39.69777959806933,0.12779308955363394,45.075,42.65,0.9609854483983433,0.7022775973349598,5.752589146936537,5.828257605415062,0.5559053662518338,0.0884083157525541,0.801440004667807,0.5154326002965715,0.0016017850920732695,0.022708218623456435,1
6.826471568970225,45.956476587571295,4.196529126117459,0.09401984378311222,-0.0068169892692333065,0.7998828300431048,5.751300542847317,5.8284924918864744,38.453844417794926,39.66340941414671,0.1270822662500526,45.975,43.25,1.0291861653470145,0.7479807270964782,5.75120332444988,5.828649785154866,0.5491434917951628,0.08791389287194609,0.8427335556939671,0.5777857661554604,0.002002848178975723,0.023172697445986185,1
6.7788860575887995,46.51937600877536,4.188842323979901,0.0885281320975555,-0.010202683824353303,0.8894062732250474,5.778218001324923,5.829105042566375,38.67892447352477,39.45396001212329,0.08042660619679895,46.25,43.35,1.0225172530427988,0.7549666459862339,5.778042441968738,5.828618903975204,0.5599514414217968,0.08859616969206388,0.8518735098513464,0.5824989405126734,0.003469251219538573,0.03852756948950117,1
6.714052402971342,46.91176365075803,4.137233230701818,0.09169363193793272,-0.01636868111329868,0.7572817852344988,5.737243626736286,5.828838520325871,38.49598369870053,39.055199013186574,0.055528816689105344,43.2,43.625,0.8354270633257075,0.7760838864855826,5.737487266985949,5.829233622106034,0.5352170047216783,0.09476653620287968,0.8093929852300573,0.6139455450013848,0.00514004991195176,0.05105531895022674,1
6.5727713443387445,46.782282438835644,4.171191337027247,0.09871153851353028,-0.012408405438427033,0.856162466907314,5.737128947112534,5.8287630960299435,38.57633574428506,39.419060845754,0.08543706390234165,44.2,43.875,0.9111791083253307,0.7950575537159414,5.73695761352426,5.828460435579914,0.53146576411181,0.09190565445766122,0.8317907352021546,0.6277797630095122,0.005025326762937451,0.047464769425344625,1
7.046750999308442,42.50412460817922,4.179163772483278,0.0778998874337632,-0.014160043012082527,0.7280041269690601,5.77286519929924,5.82861319381129,38.34903441253058,39.49042925306378,0.12297129507314188,44.275,42.75,0.8810809982590184,0.7097352214997201,5.772682531181358,5.828280418125447,0.5460942711534146,0.08776221520831216,0.8018764805990349,0.5438247358247651,0.0033070785178482,0.04102602497647577,1
6.844048402533205,47.89991986300906,4.145517717391755,0.08597713532287944,-0.01213542249208773,1.2027238687961037,5.69338008935002,5.828475385903077,38.60226485653531,39.165414836422,0.056086609370918444,43.175,44.25,0.8773885110497837,0.8235919619219585,5.693117830366286,5.828838714712832,0.5276156986096887,0.09623807070551492,0.7989642790883578,0.6136102815433907,0.005304628158991846,0.053981387852531294,1
6.813403903240295,42.017019304558175,4.152979291809353,0.09453980774318259,-0.011972204502432615,1.034217637061293,5.743712880024341,5.828980133494312,38.558353532196506,39.75305235998683,0.12663342042857795,44.85,43.975,0.9533013800769474,0.8023847335598298,5.743661546790039,5.829450239446815,0.5499898584589271,0.09462749861686756,0.8308339565924794,0.6091734029480252,0.004530683425425731,0.047847025706931695,1
6.516260712775847,44.78652432448151,4.170879645906526,0.06770235617529315,-0.012838300791620934,0.9037234092587976,5.745337727317401,5.828503003475911,38.499216382111904,39.35914769075255,0.09170611612620852,45.275,44.075,0.9833322749936055,0.8103975079039669,5.745547355472359,5.828676702096604,0.5539931228913876,0.09187274277862723,0.8568710004619348,0.6363498245653751,0.005378852620252422,0.05312230597575271,1
7.12368500146539,45.91910525380971,4.197647888441159,0.08988931210053427,-0.008978391363356746,0.9059205067180564,5.753208999196717,5.8288607643394235,38.457495805680146,39.498954548814964,0.10833821840766299,44.675,42.925,0.9307269669836886,0.722856567780453,5.753492276102722,5.8290359277213915,0.5386056960518742,0.08697378950783852,0.8000819896993848,0.5366872998312916,0.0024713052608105524,0.03115291428230354,1
7.152866808943979,47.048572252346005,4.172115910723381,0.09291036645407198,-0.008133860103340796,0.929612162442579,5.760546594558766,5.828915902843048,38.509282774475004,39.377152275057036,0.08827547788160944,45.7,43.075,0.9996309179034624,0.7342388264011142,5.760455511730602,5.828632412877916,0.5604534182013111,0.0902351795009395,0.8213447322532127,0.5441857431845489,0.002085650440688086,0.027326738457876195,1
6.779055433359677,45.39318590391803,4.1744199455551545,0.07942567957065332,-0.012549066659772972,0.7553319370032663,5.7851506069300775,5.828828986681443,38.558152567875744,39.334127451296006,0.081313071032969,46.075,43.225,1.0027061976880045,0.7457432427491533,5.785335786565943,5.829257182912824,0.5675720519984494,0.08944840875153992,0.8518675938052849,0.5831303171113023,0.0035561111598070684,0.04039321358533094,1
6.713739935196404,43.1746829027831,4.163848749146574,0.07517216776588716,-0.010974686663081549,0.5000652931680886,5.764169060102987,5.828608942520867,38.37460680303568,39.51655796202304,0.12418713485159794,46.225,43.0,1.0347279092590282,0.7288295817811337,5.764183113172857,5.828561610282718,0.5705008311047686,0.0897926782909492,0.8598775479339911,0.5887940349071504,0.002083021218017143,0.02446600787047742,1
6.986081965824017,42.83863478851378,4.227634219438359,0.11327733712333413,-0.011791738582252463,0.3816274788374913,5.755734685863506,5.828672652225486,38.40743121717533,39.89331859233929,0.1587555477857958,42.675,41.825,0.7768758183683202,0.6385524095765227,5.755976412037131,5.828437265675029,0.49422927855006943,0.08032755522881184,0.7579488514563213,0.5136949107592964,0.0018075380905880469,0.0207985753668696,1
7.281011410755674,42.23652228858987,4.179610202267629,0.09473036585075138,-0.011379661663335804,0.7488638507219725,5.710259673292155,5.828726026602255,38.525614926687844,39.7180291051303,0.1276009570836583,42.35,42.55,0.7974280881174227,0.694310076317918,5.709918319850261,5.828346313485941,0.5079359663206618,0.08760495427944975,0.7412960194502278,0.513970445648629,0.002442322628353123,0.03078795854081027,1
7.253431263443392,46.6940283142173,4.176762218194864,0.08997244037562618,-0.01427318095199683,0.6907436553008681,5.760632010436446,5.8290245927952276,38.589412105873706,39.13544439265934,0.05512991736695865,43.325,42.4,0.8215408830691633,0.6825036456446547,5.7606865459089,5.829415604929422,0.5302012776681144,0.08705132442423032,0.7669145993497969,0.5107344898522022,0.002821043551874576,0.036409076414024306,1
7.067162806061434,46.63378219022867,4.2113980055201585,0.07296041023683307,-0.010340861393275435,0.7827659353725682,5.750997816322737,5.828349318598019,38.34136131240046,39.31020426470392,0.1019978632863689,44.175,42.7,0.8954297955602053,0.7061743824837974,5.75118899292065,5.828431390601547,0.5320238396104187,0.08440905389845235,0.7933052831751576,0.531520727898955,0.002631291512201364,0.03322252267376887,1
6.560314033310695,43.78800017265231,4.110208128675719,0.07924654038026481,-0.008412987396476548,0.7074285962463945,5.769537339364449,5.828978685562524,38.42650698480777,39.50891662907084,0.11491258094882809,50.0,44.3,1.3015304725010264,0.8268458313549703,5.763490555717795,5.828734486519683,0.620715596048417,0.09981458080273635,0.919335485322293,0.6550173089452196,0.0021833282565785605,0.0245849823754943,0
6.577042478316339,45.08114048038257,4.182460431367823,0.08380259563677074,-0.012043754509971347,0.8643316079499374,5.7424060662261045,5.828918153011647,38.56021697162806,39.492069566580376,0.09811284737547282,44.625,43.775,0.9377885417175893,0.7873496771173603,5.742146981185234,5.829041126513093,0.5379420875423572,0.0901542263389637,0.8388607813859634,0.6197445058371573,0.004834555823341465,0.04744084557175437,1
7.28860979905325,42.77617996144689,4.183640562165306,0.08706654009755954,-0.009562815397431488,0.8207208652817789,5.761554529098194,5.828811178224636,38.47773503741013,39.686528488945775,0.13009978438435715,44.8,42.675,0.9317256831744105,0.7037993260071902,5.761535186794929,5.828777180821974,0.5489448251229425,0.0876213235991889,0.7943431391470163,0.515712890734468,0.002041526135506889,0.028170740726431977,1
6.675724884713852,44.330731897399566,4.166626038198574,0.09394020484351129,-0.011618250270637415,0.9548921191674147,5.722469795140568,5.82867007108493,38.406017917471864,39.59333983987155,0.1234780417314608,44.025,44.025,0.9126639638728857,0.8064636879285239,5.722412454872199,5.828943490561158,0.5311050809123118,0.09312357958703049,0.8227169695547139,0.6245167043325376,0.004722140693331759,0.04675661379462613,1
7.075660552860184,47.84835333672282,4.182540067717739,0.10522824440667528,-0.011617477185113223,0.6952938838660474,5.761889648855116,5.828499734253135,38.489287587494964,39.302040024681496,0.08087053841327632,44.125,42.7,0.8807754789380953,0.7060239668286821,5.761864364321323,5.828095335880306,0.5329594290124209,0.08779667647656908,0.7932302483266459,0.5402206583725346,0.002619111420582471,0.03153611906023288,1
6.813003589707926,46.39967109350095,4.207107323177107,0.0882146267621439,-0.009143696499564855,0.8313155433618722,5.7355010795331705,5.828665561462562,38.45667655355143,39.534667601610565,0.11295276656755969,44.325,43.175,0.9222012268184736,0.742103038937242,5.7354463156022595,5.828693758941654,0.5259133195605115,0.08636417635723562,0.8128500278774023,0.5733432065810737,0.003016641649752463,0.03319416714022276,1
6.9283388267998065,45.71384772894978,4.1932582109887235,0.10433192533434475,-0.015706225437875466,0.5738910586137285,5.748532079851114,5.828705537663183,38.48943135002356,39.33998105619801,0.08632532675295893,41.95,42.325,0.7283498860333966,0.6770611350664817,5.748214352014895,5.828922478906207,0.4972849654550887,0.0849849178249392,0.7536982639327549,0.5408069486208216,0.00370687948125834,0.039418421040972165,1
7.142140300047124,44.801357622107254,4.161635954055157,0.10316953227250097,-0.011092664493775906,0.8356865640303909,5.756640969409363,5.8288120507021794,38.56643484300057,39.509825563756586,0.0963167504907644,44.575,43.025,0.9198101837108332,0.7305324287408688,5.756695818898451,5.829332589628107,0.5464025541125604,0.09114891378506615,0.8016794807097007,0.5468831779260411,0.002692176066565346,0.03333090420251403,1
7.294869239897203,44.76038557854533,4.138859255387444,0.08526648193606268,-0.012784428258471323,0.9188219642736758,5.731367473582087,5.828662642449371,38.44133316254791,39.241582391487775,0.08169038809377017,43.675,43.125,0.8773389051277434,0.7383001258324784,5.731346359768416,5.828975393038129,0.5462784426758959,0.09385721409944571,0.7791958564710468,0.5401427056394823,0.002921821865557304,0.03863625411559782,1
6.651389250936661,42.63743461595168,4.16777133044444,0.08026414590494153,-0.011076874580491542,0.9800662689385184,5.75621869224343,5.828930168830311,38.47325436715724,39.685916802039955,0.13101543827627338,46.05,44.05,1.0297963386859887,0.8080872335877354,5.755990544663907,5.829342462685365,0.5626241822627763,0.09275823552292585,0.86002205480909,0.6242297144669902,0.00441578052398375,0.04621262745229908,1
7.182257654760191,47.278552416674906,4.2266479811676065,0.0821728970845761,-0.01159729188939395,0.6255738756193426,5.735287702586261,5.8283096583029765,38.40604394501687,39.27529920156477,0.09028554527877629,42.5,42.125,0.7839147026163884,0.6620678345706086,5.735296564452827,5.828867743361434,0.500010712994887,0.0810603713644508,0.743772638039962,0.4988159604813219,0.0024031176401127273,0.030247727025202724,0
7.086884731200938,45.87204274521867,4.211165930489347,0.08665292487703223,-0.009506128978402176,0.6078317512614888,5.7044039926062915,5.828634994565941,38.589920602748535,39.48059008472429,0.09395196203408086,42.475,42.35,0.8128807180688531,0.679052766843637,5.704623483614316,5.828897309072434,0.49948440976463127,0.08330693276734805,0.7530266746133708,0.5160698908104508,0.001983272790456041,0.02386534023550436,1
7.068859152264032,46.99863586160913,4.208535844874405,0.07613225115221216,-0.009042557929001807,0.86687196560006,5.762670138547446,5.828830166411388,38.46729784065709,39.34829626535193,0.09234989022035428,45.1,42.825,0.9529832176048796,0.7152511289271724,5.762629927482526,5.828847527793161,0.5452121331283107,0.08516835334445744,0.8115709373487774,0.5338533523636793,0.0024633294502331713,0.0314747338050641,1
6.744880496824388,44.742733669111736,4.136138050382422,0.09288651340363167,-0.011116915304833412,0.6625125818299437,5.761925611490593,5.82891392119116,38.40804036652217,39.43480775700336,0.10598806114138773,46.45,43.575,1.053498073064902,0.7722223446345957,5.761807446035296,5.829103857284091,0.5767210780034033,0.095071447904813,0.863587979774859,0.6112719615283031,0.0026466393993706326,0.029943688684526792,0
6.849620990483029,43.806883860662005,4.148648103080731,0.10486134276213771,-0.01163691563185454,1.0305852551124903,5.790392100160668,5.828828539641489,38.64884254913734,39.64167302284377,0.1018625351582205,46.825,43.9,1.0524874106885482,0.7968789697494891,5.79034231376451,5.829281502296193,0.5775731546341685,0.09506259825429622,0.860515410439575,0.6042393382221989,0.004111105447348349,0.045271158917597525,0
6.962414160371988,46.4134261576171,4.2038763005143585,0.09522334901591355,-0.013531359818509302,0.7421601473020549,5.747707219397093,5.829031377208417,38.51879652173091,39.35932479140154,0.08601388644589715,42.8,42.7,0.7944636741213573,0.7054923238733997,5.747591700256044,5.8289146178528055,0.5080859644833795,0.08520186110438659,0.7700238153883575,0.5441084100676417,0.0038595315764246197,0.04237855706748715,1
6.824002856607559,42.110455885705164,4.166359213487392,0.07003009977420231,-0.015556541259121693,0.8598593440650626,5.73220301523063,5.828691028730699,38.52746638281127,39.43269698732757,0.09801025870125839,43.05,43.4,0.8290468656990697,0.7591766080695423,5.7324143899223285,5.82864270745143,0.529363067399554,0.09070268961135658,0.7958169788553204,0.584631668192775,0.0051831516224050455,0.054860816596304506,1
6.512084704972912,47.314156512415984,4.1254072257289,0.09032873365376028,-0.008382463882657551,0.7297238263721373,5.689565687279767,5.828890170833176,38.46686313845349,39.371677715743246,0.09222368808880159,45.475,44.3,1.0539497164247429,0.8269343460843182,5.68980167257076,5.82883759108965,0.5558385640564064,0.09818175619276448,0.8644800396769631,0.6576906717573269,0.002603990121842189,0.026235804882086402,0
6.736778928911328,47.26552065674264,4.1788900658589725,0.08673318418151091,-0.010892319148233066,0.8925375597671185,5.778001545801944,5.828506824843797,38.59005093366325,39.34366563901062,0.07731032722587705,46.375,43.55,1.031917690136174,0.7707355559147704,5.777865579948902,5.828502649672707,0.5647873529585008,0.09018160170157602,0.8578696322767351,0.5967533755023338,0.003773760855259554,0.0412738991694479,1
6.947785542913443,43.64101322200532,4.183578250761335,0.11692812731659143,-0.011847201868341888,0.6563445659235886,5.713666591355946,5.828443125592679,38.653031829184066,39.76184890697665,0.11465119495004857,42.2,42.725,0.78248611620874,0.7079932123517212,5.71364980549564,5.828351365237245,0.4957937843990098,0.08766611649782956,0.7585451553116018,0.5522224456801924,0.003027907489164104,0.03181056757939059,1
7.04992944377075,46.11011446449218,4.2176926298694015,0.10928694517037474,-0.011524991744903951,0.8816152888189509,5.777914456815619,5.828705860616573,38.712679231176494,39.595310320868464,0.09012320538044828,44.05,42.725,0.8591029456024275,0.7077304773278277,5.7781070510954375,5.828411036599988,0.5199782189047725,0.08421625830761167,0.7866224392713063,0.5308708876864363,0.003632471332488861,0.04125576172552246,1
6.520581821487118,43.63503790205591,4.2011869470658425,0.08532955609233321,-0.0114806509559143,0.8354900867154001,5.719797159760495,5.82864485442864,38.55110256499126,39.706848780773676,0.12477415594641934,43.525,43.65,0.8775507922578001,0.7781698092349316,5.719779100335677,5.828576505393207,0.5139284396268398,0.08775431416813001,0.819058298955851,0.6181355319695466,0.004945906048552668,0.046307746456751626,1
7.16969632900231,47.70548647925211,4.207426847776318,0.08629081297750683,-0.011248017861960882,0.5425488845229733,5.801091370240063,5.828322049195071,38.404011097669276,39.22584581764141,0.08425659829107042,45.325,42.15,0.931293051344908,0.6639810860567019,5.800833228047421,5.828315082204317,0.5519501146584707,0.08312104379432571,0.8082860661759159,0.5064433967734677,0.0018131837053860778,0.024892067270026193,1
7.153728432270064,47.93671643976062,4.1972394120478445,0.10267424067555853,-0.009084317084634176,0.6045817419673382,5.798249092140417,5.828791440944795,38.35659034370996,39.384312243252126,0.10350363607511302,46.0,42.525,0.9840808909848509,0.6923280948404518,5.7983113432504085,5.828389515852289,0.5576010073543163,0.08596586679263088,0.8216012605278793,0.5257550584473569,0.00160451586068316,0.021483366627280214,1
6.732920219408352,44.22327598659666,4.186084142108449,0.08815951556866579,-0.014477122992794014,1.0707641572080628,5.767539958375577,5.828752045048666,38.528395378970856,39.50981437855304,0.10210749210033099,44.3,44.0,0.8882845585419172,0.8044975356621338,5.767433151646408,5.828867688241772,0.5363870679169246,0.09081742600819266,0.8214455150351558,0.6099559865254311,0.0065897251427198995,0.06474839171675126,1
7.04113942725068,44.41182492130534,4.198810079585017,0.09655775012602646,-0.008863278201199639,0.8788421661141866,5.798576335355397,5.828573925870524,38.62883095622169,39.70703699579768,0.11394892978496185,46.55,42.9,1.0241797060108775,0.7212352316546022,5.798445645940846,5.828401643894264,0.5636696367731375,0.08664523792121473,0.8385612248876986,0.541578651507713,0.0024473512169993317,0.030730953115301083,1
6.977235163086323,43.30509885183033,4.200095069178299,0.09023502894224733,-0.011703832386413896,0.7435235201750889,5.744631255100131,5.828649352006618,38.40625204764003,39.66485243486188,0.13463927963984684,43.525,42.8,0.8527166969181641,0.7135215415118319,5.744854081706688,5.828589787217696,0.5204452439757437,0.0860124155549272,0.7861448204624842,0.5480721753872381,0.003133538161885043,0.03617528554036084,1
6.850684683154802,46.698350183788634,4.251668104480649,0.09942664259638904,-0.011023109925130265,0.5729475670618485,5.7333205897986455,5.828852793150555,38.46393132256163,39.59157990135362,0.11802283856982833,42.175,42.225,0.7609076168476223,0.6692238453633363,5.73308499710549,5.829146828301435,0.47931200775315086,0.07898301978751847,0.7531028322413892,0.5305442859775119,0.002917066214919713,0.030822858739550894,1
6.832770742837836,46.09826662582712,4.206949270383054,0.07622931080598905,-0.01220108331480594,0.8215480838753533,5.715119409569107,5.828805684679985,38.59843614976153,39.35173982212494,0.07944332633415317,42.6,43.0,0.8117481392631811,0.7286328396220156,5.7148234060839656,5.829167760643157,0.504932518935069,0.08535614726983456,0.7769740021220854,0.5611835847921596,0.004154274451713581,0.04389758881735298,1
6.685957197175221,45.195872996991426,4.173103047451647,0.10685907278893655,-0.01369119554840585,1.0954923477250635,5.723540624473743,5.828700943462738,38.53944588649794,39.56555459543985,0.1034313221920446,42.875,44.275,0.8243598023806546,0.8252452540955204,5.723229127686332,5.82893003272953,0.5103200243049445,0.09331713143044316,0.7964294938560247,0.6284769140133009,0.006868784806062783,0.06181772197699803,1
7.023221840871653,47.702121387036456,4.145539897807268,0.10453443703585978,-0.010784203800859551,0.7705715339352748,5.748800007500299,5.82881720472191,38.42885471428817,39.261305241946964,0.0820857363617402,44.925,43.275,0.9538114238747886,0.7495564544738036,5.749033503242757,5.8288151837465225,0.5536912382861282,0.0937114167084958,0.818591381240889,0.5728965639329215,0.0025395847258082352,0.03050596232176664,1
7.294159322974379,42.6420636294176,4.178404011416421,0.09859331365418374,-0.008378199013286122,0.6846927981053744,5.703484179437694,5.828627927547704,38.45931637122361,39.79886633834714,0.14313678989372697,42.975,42.6,0.852047835585954,0.6982396212845838,5.703802311398035,5.82883010478468,0.515636098502058,0.08814774730522351,0.754646087754012,0.5164499058361132,0.0015632333085685499,0.020493711839497126,1
6.529838734216892,42.3024166252833,4.165384018689167,0.09535177378677064,-0.011018861977988105,0.8346580032863763,5.75070220300428,5.828754619902584,38.44663711283178,39.824716051474894,0.1476090230133137,45.775,44.05,1.0150202270101234,0.8082627825154622,5.7506914912867595,5.828945425659854,0.5534226991727961,0.0930556628897174,0.8621583769267304,0.6406675158230204,0.004232500448380921,0.041529968409740964,1
6.772149596742916,47.21835175505015,4.198086533811255,0.10151532119841315,-0.009214586095845263,0.9318977370935126,5.7493098229432,5.828633519788846,38.63981208838195,39.557819308946925,0.09390960760863805,44.95,43.4,0.9551662938014935,0.7592341170113954,5.749343115848854,5.828556078653154,0.5335669743319023,0.08806785459670549,0.8274841551045391,0.5851564801070078,0.0034863113919860076,0.0367852386184681,1
6.601020355960081,43.33306014244599,4.166731824903156,0.09241772768541667,-0.012732999908216297,0.4975585381793603,5.743569751414212,5.828746726401978,38.60232212620509,39.56864916456405,0.10297536517528907,44.275,42.925,0.9103764461440464,0.7229706057178982,5.743804420732012,5.828351390743024,0.5380149060710029,0.08918539836508439,0.8326435119716695,0.5964127721599884,0.0028871535486712776,0.029726271300705213,1
6.52873570976816,42.61185347092963,4.1278507908972,0.07670407256657931,-0.009262746300696848,0.9760267974122568,5.73832410381806,5.828657147762463,38.59800248988395,39.6487132096644,0.11360421558305651,47.8,44.525,1.1754303031593816,0.8440484504188319,5.7381417749559125,5.828659741147727,0.5895165046327271,0.09830080233169207,0.8958652015238862,0.6573481182029234,0.003629364742479372,0.03777231107637846,0
6.544221489338918,46.08160335715185,4.241497824679213,0.08619835274645848,-0.0128119591672001,1.0780116649247347,5.76160485045101,5.828270695083189,38.50515119079214,39.593374993143435,0.11442666711285104,43.775,43.9,0.8546629796779968,0.7974368143077895,5.761855275911552,5.828022916170289,0.5082184528527695,0.08448621037395072,0.8150633657354392,0.6140833796975672,0.00754057466758102,0.06781959838063883,1
6.903426228168987,46.25589708847248,4.225633505120815,0.09794563914281453,-0.00910934843305327,0.3113428016727997,5.7061849840417675,5.828676940454197,38.56042313975474,39.591728987019174,0.10868686154233217,42.325,42.0,0.7995816886878968,0.6520637579536634,5.706347217582405,5.828364115548528,0.48823540354950196,0.08071412934294918,0.7585751321182975,0.522427763046667,0.0011720565258650224,0.013283207334245713,1
6.778052483977502,43.21679636253379,4.179165660516213,0.10434231212789304,-0.00946927227431297,0.7704992823157385,5.768779998292939,5.828763981357819,38.62607851905536,39.84352081992327,0.12912071509058484,46.0,43.3,1.0135499848323288,0.7515095691870206,5.768763647968867,5.828952757373709,0.5542174426907228,0.08974672241583422,0.8477773601791976,0.5869417653203688,0.0028019224838558843,0.03077316973996084,1
6.866735512769247,46.62539143558612,4.179957445620118,0.09916829637748434,-0.00872878619756779,0.4897171270120399,5.781737870845663,5.828139003023667,38.41964680023088,39.49186209657995,0.11028220460350846,46.625,42.825,1.0465122710281687,0.7159422923148933,5.782014138758228,5.828053514584879,0.5657525987351032,0.08826224581548892,0.8526355028340896,0.5663894079212579,0.0014882682403560084,0.018122598311820413,1
7.11895301018771,46.840822443887745,4.151740601894376,0.08295274115099832,-0.013409561106272049,0.6497811302480164,5.7348532008067785,5.8288359120928135,38.46094630477539,39.060594921110145,0.0606309820947778,43.5,42.725,0.8605997783296813,0.7076004258515871,5.735084408966219,5.828964423634607,0.5394754566974654,0.09066786105187827,0.7855728637809111,0.5413367384214087,0.0025691198866381257,0.03239306984166502,1
6.814612047287567,46.00948825496635,4.209414119591742,0.10280210115802625,-0.010391966261951205,0.8539956667258833,5.699398621654005,5.828899379207114,38.441444657247416,39.628465548948014,0.12249391892655677,42.225,43.225,0.7986780168598866,0.7456728502234817,5.69951278931376,5.829408885041287,0.48854718906494254,0.08653924224335147,0.7656220397510933,0.5767078146756972,0.003874783433382177,0.03865681428226696,1
6.972320467173758,46.91766554119464,4.142720098994654,0.08354881480457756,-0.01632837141724593,0.7863351556705903,5.743690248921844,5.828683051086532,38.534616068530696,38.96806420585858,0.043260967240483804,43.225,43.2,0.8308819805087522,0.7439876389754616,5.743746079810581,5.829145658680635,0.538745803493872,0.09298985469608426,0.7917091685472804,0.5712922085866279,0.0043089290061498284,0.04849437495256347,1
6.663056858740538,45.552381848836546,4.18679530817371,0.08402935872421766,-0.009365739762020318,0.9191523879253354,5.7345833317611685,5.8287897381575995,38.57547643515058,39.558783074197365,0.10392315836594945,45.175,43.675,0.9866516738014246,0.7799166405522309,5.7346710119656565,5.82906930292546,0.542072204333867,0.08964878478126388,0.8420905532308212,0.6062160774014845,0.003630500763652528,0.03788648085811218,1
6.660838934328913,42.66422581307044,4.124164122701928,0.09303614980785913,-0.014497420286812307,0.740939878498986,5.7409818308947695,5.828492206971155,38.582774099556254,39.474308606792576,0.09289379278130432,44.55,43.8,0.9335968074913268,0.7896646361385642,5.740848342999139,5.8285257412553495,0.556086570832668,0.09674402794721297,0.8400954493636599,0.6264246092082714,0.004336738085412672,0.04394554268831229,1
6.5520178566428875,43.70124102060039,4.208199921571749,0.0964642254687711,-0.010702171172489587,0.7460603483941078,5.806704247789838,5.82884758892481,38.31831748292092,39.810471849313195,0.159546396236079,47.15,43.475,1.0598815122513194,0.7647098727190942,5.806757631669497,5.828444690798946,0.5613503730608701,0.08702127604073369,0.875362059421986,0.6141704591160237,0.003778473457152586,0.039036202475023526,0
6.852925871060961,45.945019894251345,4.118726005296871,0.0782979118877971,-0.008910811424027023,0.4840194901028677,5.74486501408821,5.828636688379234,38.568666467782094,39.230727432098625,0.06859219561715811,47.075,43.25,1.1162573430775629,0.7478365306037187,5.74471379336482,5.828898430509333,0.5929769836781299,0.09575383996348011,0.8698751971946027,0.5894907619539598,0.0013150326740081371,0.016582373857370165,0
6.532434039242632,44.072770669184806,4.191807087496382,0.10667078207900657,-0.010610548261295386,0.7385179671159843,5.750702041892966,5.828478375303243,38.36695144280864,39.812443293220284,0.15156381322524984,44.875,43.65,0.9481784615941651,0.7783362883603289,5.750673220769443,5.828915107799726,0.5310731563004968,0.08932737098109435,0.8422994242743713,0.6258662595413171,0.003889657781054463,0.0374100328165997,1
6.554859712196421,44.680584729075555,4.213628430322832,0.0885812656741736,-0.010566030097194217,0.6798200584019378,5.770434117447903,5.828557255200185,38.49449234256119,39.68017459715406,0.12733003335886992,45.5,43.175,0.974934664168118,0.7422113451996184,5.770443905296382,5.828464853882143,0.5394397674332994,0.08519542670105082,0.8500034635660166,0.5988256433702863,0.0035013761955387324,0.03581201051249258,1
7.231218672387825,46.65430244995806,4.177153538830384,0.09221548057075996,-0.011730341963601149,0.9084164553804895,5.738751030713762,5.8284265437901235,38.61418040836328,39.276353503938616,0.06702098987028123,43.45,42.85,0.8529103683570369,0.7175645958311332,5.73861957815587,5.828739732383123,0.5279837803330246,0.0887687360784278,0.7708713879629108,0.5264062505606661,0.0030442828868830116,0.038084982197861175,1
6.9208300793358895,42.6434404223698,4.168674162393948,0.09389065248160323,-0.008137886428886089,0.6934897228919931,5.756419802455541,5.828783875472616,38.47592982255735,39.81444752630655,0.1442344006363458,46.1,43.15,1.0332782762516413,0.7400820844933813,5.756511189151923,5.8286543232491415,0.5624550263103305,0.09053642138821874,0.8430519486514101,0.5714205682929999,0.0018424029844180808,0.022428365612909344,1
7.073486041269926,47.776237128128216,4.183154983910152,0.09447469167373736,-0.01188102493162347,0.6779986397437433,5.718650266700721,5.8289441795730035,38.537598878543655,39.223798725925874,0.06907576869126116,42.65,42.65,0.8120464802015572,0.701752567329275,5.718976407214387,5.829428601801187,0.5106206581913818,0.08729286117609068,0.7627773295968069,0.5361120787408135,0.0027048548785825045,0.03166065855808179,1
6.624373159214036,44.37734987089232,4.189257311910343,0.09661986922049245,-0.010998610242957924,0.9807600879240838,5.7517184781326165,5.828783569670453,38.52542170086145,39.70756693366544,0.12403021125863578,45.0,43.925,0.9564854543667529,0.7988102621813455,5.751676313619216,5.829122396686946,0.5373185043268264,0.0903098345567458,0.8399373914871442,0.6199474952469093,0.004877745819270299,0.04778999103272297,1
6.678294619671222,43.277673429836376,4.179175586969758,0.09519116344416817,-0.011493254979973727,0.8640489792301567,5.7692590475701095,5.829050352176737,38.46775051223497,39.723597941043494,0.1330517021691527,45.65,43.675,0.987219325073438,0.7796560265330932,5.769402932182969,5.828557073706763,0.5521041329403403,0.09069532729923035,0.8490656368077002,0.6101931302200173,0.004166556102458886,0.04325970282578968,1
7.158283908981756,42.479452078656436,4.167954953360772,0.10185900147039965,-0.012843085527420355,0.9330239965354133,5.727250467278375,5.828400785017043,38.434679414287196,39.69573649661996,0.13172240094515872,42.825,43.15,0.8168308280601853,0.7404651749489544,5.727599123774003,5.828629910513436,0.5172397724105707,0.09096257090841316,0.7626246653887311,0.5497529106943946,0.0036922049046623395,0.04298610126945737,1
7.056113041782099,47.4060517321597,4.178554249759158,0.07367681101444648,-0.012967191962689764,0.5348736780212963,5.763170530866402,5.828431991590153,38.44433248007224,39.04076352478256,0.06139797405459295,44.325,42.325,0.894531775485242,0.6773346811395111,5.763195530212168,5.827967851314625,0.547330455497712,0.08618246502956431,0.8028522421613212,0.5273967023259605,0.00217673775533412,0.02832877369347068,1
7.00311774439666,45.957837023817774,4.18678774468028,0.09935911968888501,-0.01438271362326628,0.9076555998861608,5.777701486480737,5.8286670726514265,38.512735702776574,39.36297234653091,0.08589113586661991,43.95,43.15,0.8517781311061521,0.7401988873145706,5.777686554485922,5.828927189263072,0.532221575266622,0.08860724757410818,0.7946099062482154,0.5586882866231445,0.0045942520700833515,0.051155525388004844,1
7.037241390406406,44.9133949513129,4.224354192900898,0.08268363785007081,-0.010466005505449454,0.8115808414837022,5.709491493864268,5.828781517844015,38.54703385263009,39.568178776675765,0.10930512017731121,42.275,42.625,0.7924312986641091,0.700000910756283,5.709325022819328,5.8290939714428305,0.4932430002150101,0.08285261724546121,0.7496799560556009,0.5263572541341215,0.003127479747806915,0.03569352565933942,1
6.974345930361564,42.793356050499234,4.271226502081254,0.08215939845225978,-0.014334066628957934,0.8439001595642058,5.723848113423635,5.828534163494453,38.51512130555221,39.76097314971807,0.13753984305345388,40.65,42.375,0.6518871382943967,0.6810741196513153,5.723886781927573,5.828567766892026,0.45348733088442184,0.07727044345473962,0.7016405154364039,0.5134384532034073,0.005635203061277707,0.05677233374901268,1
7.160796813563657,44.794635277714264,4.185843787939931,0.10602542668726914,-0.010253946997323791,0.7068717989932692,5.72677413538604,5.828855084325525,38.518713534827455,39.61140920898334,0.11268350707355276,43.125,42.65,0.840188632895809,0.7018416625767534,5.7270553223668115,5.829104172567138,0.5143534736176962,0.0874304750124228,0.7651380922744992,0.5289995302794951,0.0022628060826707552,0.027439673084414293,1
7.183072291647883,47.49043121227922,4.175279853711059,0.09993559809123335,-0.009943428291941746,0.713308648471372,5.770080004616978,5.828488573275601,38.41924178985966,39.31199424529299,0.08950841731763398,45.125,42.75,0.9474344166552235,0.7098598420354092,5.770314276226231,5.828554468086925,0.5519137690067983,0.08887757678819642,0.8075253142779586,0.5334914155688806,0.0019901479859934035,0.02618548539860476,1
6.924638477441077,45.38607453097346,4.231405727052512,0.08541008302964555,-0.009180713676658748,1.0238638935107203,5.7720020908852945,5.828612940217009,38.38637368569009,39.65550719706694,0.1351348402994661,45.1,43.15,0.9436512652670315,0.7402530197489883,5.772170008455735,5.828393337546376,0.5336490843846838,0.08405782336141038,0.8162430815569202,0.5558963348270017,0.003484712388634531,0.04029029669514935,1
7.086178931783477,46.88384829967656,4.1603523086608325,0.12298890072572789,-0.008756670983513019,0.49518612948801155,5.748986576910226,5.828701151649661,38.41453305580562,39.52971301296209,0.11027306460427089,44.725,42.775,0.9386886544388569,0.7115587820227001,5.74875174997246,5.82871551291338,0.5411933923379338,0.09087678604423635,0.8061694072971552,0.5510604650971875,0.001319575269120245,0.016290046141378984,1
6.678216561551779,42.58177137788919,4.186916364215072,0.08361310468762646,-0.011814046404138846,0.76928946436387,5.741349773929255,5.828705079695708,38.382242601268686,39.70235749770844,0.14327621596313564,44.3,43.425,0.9144747429882392,0.7610597112509305,5.741246375210565,5.82917823028086,0.5337156085634045,0.08886572720124916,0.8254269839949457,0.6008400005415605,0.0039291840958414846,0.04094250220313549,1
7.139978024459771,43.12495104313014,4.197528383699541,0.08150974896232382,-0.012095877945360189,0.8097400685271502,5.726073785177687,5.829194781316712,38.56953572924874,39.58089232760657,0.10906847785728746,42.725,42.65,0.8103625527667138,0.7015019655855665,5.7257160103119045,5.829130609423438,0.5119912191709473,0.08567291979274977,0.7584523459362048,0.5231114025753347,0.0031541573980836666,0.03808839292119171,1
6.690726539045489,45.66034022224643,4.1632024193674875,0.07433020118353058,-0.011034854310396117,1.0870224522848428,5.736287287296887,5.8286318601876586,38.56643831345937,39.36867800842909,0.08395675405193319,45.4,44.125,1.0016649238723199,0.8140332676055531,5.736137064448974,5.828358306783346,0.5563792686178414,0.09343025689878931,0.8484886621657066,0.6206646174884121,0.004711921295352006,0.04930654747283035,1
6.6058948787372955,43.49825023025462,4.1297506733696405,0.061394948489448604,-0.01189651503525079,0.7240430981969831,5.6923647051056765,5.828856635606012,38.15557047812617,39.3064897602431,0.12385423065802302,44.275,44.025,0.9615814924525816,0.8062771234074413,5.692235258000321,5.8290660399687315,0.55272011114843,0.09647505146611078,0.8409112940950788,0.6400398886698649,0.00344104621433591,0.03686523491134747,1
7.2319161936423715,45.667851457696685,4.166094960876576,0.10066161245911182,-0.016775012009556764,1.0027142394087938,5.749116946360256,5.828585602343311,38.48406848428864,39.22379161859482,0.07330119296010193,42.3,43.2,0.7547280702433836,0.7440850877186831,5.749181426565937,5.828868592274414,0.5134589253395823,0.09126580322329386,0.7456889791867135,0.5434065030648416,0.005111124850400377,0.05816829553973214,1
6.962580038733031,46.186603426194026,4.176755624858531,0.11569491018175057,-0.008221917435289175,0.9466944989317032,5.720404393329621,5.828668448285869,38.45338229464121,39.66859453107915,0.1224994627645212,44.0,43.4,0.9128451873811789,0.7591991885143718,5.7202564465392705,5.828311090662726,0.5231990195124576,0.0910528628358172,0.7982469058478703,0.5763248769291547,0.0027027165506675025,0.029954910066974313,1
7.015572800676609,42.325374944241865,4.206483437996836,0.09791966521732937,-0.010681860918259366,0.6402475897065134,5.762973137867769,5.828496300907068,38.423560622363944,39.858986058907334,0.15541764120990975,44.175,42.55,0.8834544740151733,0.6945398020131055,5.76275812763404,5.828478673846632,0.5272868722724371,0.0847177585497081,0.7948903388884417,0.53582875999995,0.0023841217727898177,0.02864457562091338,1
6.679358266673286,42.267291557259604,4.172207626298971,0.08894288809350337,-0.011048251159848272,1.0124887095957122,5.783668583758191,5.828855432837079,38.398112567560695,39.797103768185615,0.15029274911473242,46.95,44.075,1.068338421492169,0.8100450785427986,5.783463340743431,5.828889023519467,0.572183780481729,0.09264738923237076,0.8703861665160141,0.6236369181750592,0.004452892071108277,0.047205276591271834,0
6.791105690745627,45.07097569181187,4.222308703609159,0.08576859113167806,-0.011660948481385668,0.8459186424155738,5.737014776361763,5.8287947349320035,38.49969859580936,39.578415212390716,0.11466871639004882,43.175,43.05,0.8337538240380411,0.7324551459976965,5.736914599201212,5.828477964991595,0.5067930074526185,0.08421229842177787,0.7884109842458885,0.566793115752231,0.004303281838140085,0.04475079391186475,1
6.534407875979117,47.57949687265901,4.099187551693855,0.10817682550923872,-0.012340842085323229,1.10238638450048,5.773731512113327,5.828597985049154,38.62614172266804,39.29098267643002,0.06442922001272347,48.275,45.225,1.1742897889478607,0.8963555463888149,5.77375101457911,5.828380667677309,0.5998107961063529,0.10414704622388767,0.901956391876119,0.6858060911889615,0.005487503081933093,0.05264912770374985,0
7.096182054307453,46.55147366018713,4.163285706030334,0.09824734324557721,-0.009192473485305582,1.3,5.700653273724043,5.828666690656651,38.37905931472395,39.441097972021474,0.10677355662833053,43.425,43.8,0.8891115172225952,0.7894901524530678,5.7007874282004485,5.828538333353586,0.5242474825716082,0.09378392227058929,0.7815472484538085,0.5766921962824568,0.0036313562056570076,0.04169774393315816,1
7.051366672864726,42.14920732547856,4.230534567892548,0.09659091883065131,-0.012247272369498711,0.5764473469208542,5.770839516881163,5.828728040599538,38.63115030730642,39.85623712591309,0.13432128427434348,43.325,42.025,0.8113333766244457,0.6539411627456397,5.770969319200314,5.828338308889951,0.5094099173903297,0.0802643602731693,0.7698834777549405,0.505243024251624,0.002607501972529203,0.031134738251160213,1
6.839566083008424,46.79789578347961,4.157253253361797,0.1043683927553388,-0.008500958809839754,0.6631626447992727,5.7449136203946605,5.8284814636939934,38.506832451446485,39.48565108637577,0.09914313171620509,45.725,43.3,1.01711270312701,0.7517920868508465,5.744660860063782,5.828119097018513,0.5562492143298386,0.09228202424013003,0.8425532087464358,0.5881223922779679,0.00197331235462086,0.02264316534143998,1
6.828935679640674,43.01257593916273,4.219951272045596,0.07943857731822247,-0.01150847860814943,1.2161221978075527,5.78358429154949,5.8288920821547165,38.53931946980228,39.76711199816034,0.13351698132102927,45.4,43.725,0.9543679196197168,0.783596103089927,5.783572117178159,5.828664935178385,0.543254238627093,0.08661015062900107,0.8305897287999842,0.5818882183815088,0.005500176233715818,0.058981751236770456,1
7.197940333924951,47.318173768127934,4.161722054264269,0.11250874006131543,-0.010750606724940054,0.8451611998788993,5.745784756888567,5.828727318207753,38.42651497075474,39.35582940195661,0.09132536714552486,44.025,43.025,0.8893490021248862,0.730617161235295,5.746079675826753,5.828372352077531,0.5352796103400481,0.091527461786416,0.7856509838493567,0.5454441878030886,0.0025865050404382584,0.0320219162178997,1
6.931046615150002,44.792950568483725,4.135218135549629,0.06799020688673711,-0.012424565743481553,0.9602354558259291,5.757632023238992,5.828367496179604,38.35689739960822,39.19598012854813,0.08754787221672992,45.975,43.775,1.0228546849553393,0.7879003339494028,5.757580940751825,5.828694543559093,0.581515332832958,0.09567653129688312,0.8474349755127475,0.5948968962557174,0.003610545580492579,0.04401798888435076,1
6.723936250937139,42.18387704055217,4.168157276983093,0.09768369977807861,-0.010729602372732095,1.0630825510331863,5.712550621480545,5.8286014123259,38.596810421598725,39.8672728552354,0.13548522896547674,43.85,44.025,0.9093826309767774,0.806532346687554,5.712742343787767,5.829099106881892,0.5261013610081606,0.09304197484789724,0.8154900298134679,0.616139238445579,0.00470747231306769,0.04647433242490781,1
6.656825419263495,45.722722975658144,4.205144613627093,0.09386936287857818,-0.01718671315725958,1.2668598657943941,5.74373616828638,5.8286222594380455,38.38859046052659,39.42251476234011,0.10394919442757862,41.975,44.775,0.7350754511388988,0.8627901475205926,5.743810720102341,5.828633239765219,0.4926846501739935,0.09114042625188055,0.7739331445950041,0.6390331205729279,0.011253903402815344,0.09227101358672049,1
7.064082058731344,44.05808839238041,4.167239421474003,0.10003827870189391,-0.01521921607835568,0.8466176232817243,5.723277025794157,5.828708544431104,38.39577948128614,39.4335784909997,0.10590431215955053,41.975,43.1,0.7555345936311211,0.7363504804368368,5.723447618690724,5.828616821269403,0.5048388411561183,0.09062744176955466,0.7501468606849461,0.5582416295888666,0.004457161023616423,0.04852867817669041,1
7.185184119723319,45.19203176549166,4.201601793078343,0.07917125225150289,-0.012247746107565021,0.9453381399892121,5.715804679240633,5.8285325990397405,38.57089379181392,39.37690173608381,0.08466447935498983,42.3,42.8,0.7880403373630065,0.7136382944787094,5.715721810563365,5.829084281951833,0.5039601139805993,0.08578939553061721,0.7446251352637228,0.5218239873924451,0.003675837505711249,0.0438406524651706,1
6.767070359414422,44.899466571214504,4.183156592901836,0.1086052846669033,-0.01022573619245083,0.34641525760790404,5.73018562454635,5.82889813384437,38.52567898584852,39.65069937556561,0.11712489306833423,43.7,42.5,0.8804119278690141,0.6903042713582792,5.730329942719558,5.828404462291577,0.5197405130466901,0.08673780168940921,0.8055824767051246,0.5655156292881317,0.0014778789643450697,0.01612251039687357,1
7.061078201242976,45.86918211880948,4.159799306884537,0.08715905548998953,-0.009867668729962574,0.8668138512872533,5.761453552513492,5.828392942165843,38.59039140577641,39.360053448817226,0.07925172245643332,45.725,43.15,1.0005727710081782,0.740473017800154,5.761361040967684,5.828599943205383,0.5659716443555213,0.09140547982598346,0.8300660803284248,0.556170599943116,0.002488882650503397,0.03148907292910201,1
7.250753614302151,46.07825563688263,4.19895698586667,0.10454915951975993,-0.01096484175033325,0.5153474505882286,5.741891130531609,5.829153257820012,38.59614837772126,39.456814445112656,0.08801494742044771,42.975,42.075,0.8136408844920382,0.6573712353118841,5.741669222493704,5.829107054966438,0.5109950806406015,0.08398313590560887,0.7528541706313013,0.4975303444612218,0.0017086063732711391,0.021943822758534116,0
7.246633904129664,45.52442051909989,4.259953659595944,0.09937094450044702,-0.015577741727257812,1.0642788168123714,5.788880669073722,5.828971626921792,38.483581745349916,39.533936540045715,0.10814777251357062,42.225,42.675,0.7091959694401702,0.7036388773100342,5.788556233715688,5.829491103328743,0.4845018939132702,0.08006999867955149,0.7223691831493694,0.5023671749806279,0.0059789535399058435,0.06649280204891198,1
7.220743628370568,43.196366683369675,4.2299248127975515,0.09736337415186279,-0.009314809701845967,0.641801825568805,5.743082102696177,5.828582277920914,38.23346119513329,39.84896708972857,0.17408534599181033,43.15,42.3,0.82578385726982,0.6752627386827257,5.742990862061534,5.828678153840687,0.5047771617275341,0.08203859825321924,0.7534213212008917,0.5059446642486772,0.0018964365487578476,0.02423908897326715,1
6.844191091375918,46.16239918602357,4.223782254653812,0.0963741582884952,-0.011417187228604598,0.7088031434553065,5.748994977573028,5.8289819000369105,38.66362608044639,39.54447315983175,0.09195110628353916,43.325,42.65,0.8331779159325814,0.701714846865368,5.748891130911641,5.829516765904761,0.5072803125490857,0.08285703281044242,0.7862671748222256,0.5469511588409137,0.0034380844057673855,0.03670615324268584,1
6.818778999891687,46.09899081317046,4.208690632043858,0.10018715834115087,-0.010849332772522707,0.7118271561297481,5.763108513331956,5.828938956098297,38.48165655919535,39.56532041561312,0.11218037075457707,44.4,42.9,0.9002239862511159,0.7208702014268287,5.762976892399745,5.8286932815890315,0.5266647686410983,0.08544060769646047,0.8122970008658056,0.5654191718408362,0.0031517924327369245,0.034365446530321066,1
7.160612394073858,45.78326855168779,4.171164252815513,0.0997651189815897,-0.010703270150597478,0.806529340678483,5.698817325870148,5.82887627068344,38.392301580994044,39.430000152822394,0.10544542611016787,42.425,42.95,0.8146303019226782,0.7247486804409373,5.698654772457023,5.828830246382715,0.5081306150088356,0.09000487152049737,0.7528557558973894,0.5432364130458647,0.002655862091767658,0.031570988773959384,1
7.158420112095125,42.716967102362105,4.210871764408998,0.07756428232119122,-0.010502495884074864,0.9619394673656758,5.7122796502399815,5.828834306990179,38.402085486667836,39.703827752813766,0.14243284880986312,42.6,42.85,0.8145878985923067,0.717156832631078,5.712129477826031,5.828281571174195,0.5051213835809758,0.08519217147691205,0.7518571996618185,0.5267246067811536,0.00323849808094077,0.03919690529884344,1
7.244500209748234,43.69982995516749,4.187326656905513,0.09014952359724364,-0.013023547811777487,0.9085573352819968,5.68957169275635,5.828598964675663,38.60678128718178,39.51671128152188,0.09552882975685068,41.225,42.75,0.7310980542404542,0.7097494506353472,5.689832797709903,5.8283990588453305,0.48661811291849577,0.08731296990899717,0.7149924235933739,0.5193165325649309,0.003717675809053519,0.04299118268291943,1
6.974480187197151,46.19619861945266,4.204937604799311,0.08556239419559954,-0.009022153779329094,0.5462497242079043,5.7105614374171605,5.828795927604624,38.45049482477725,39.466399009433886,0.10699533409100126,43.125,42.525,0.8564013308646885,0.6923236081806232,5.7106218385457925,5.828794253337416,0.5108754587069354,0.08453928428101071,0.7773792256168508,0.5370385128604415,0.0017697298654802877,0.021030360066203443,1
7.0538805179621225,45.88299919314934,4.209725891387858,0.08658006915704923,-0.012968154675877879,0.9151143077597855,5.708741497996879,5.8291552057300695,38.62063281603195,39.3861842430195,0.07946436073739237,41.675,42.85,0.7468762106348823,0.7168359338911872,5.708422741241224,5.8286358925708885,0.48801253724393434,0.08508277325293444,0.7364265901720118,0.5345302923221383,0.0044005890851234655,0.04763395602526387,1
7.144525921513863,44.479067564675006,4.195970918041776,0.10872305754193877,-0.012237244184550026,0.8261767277259093,5.7224453650011435,5.828784186473332,38.55258606798584,39.630300470273546,0.11079564584707688,42.15,42.725,0.7698577702506295,0.707652151471069,5.72275852000029,5.828670207233949,0.49520196490772667,0.08660910219596053,0.7410797194504556,0.5300831084816688,0.003435473826050724,0.038734800309923254,1
6.989160054307768,47.278995202974095,4.174410143532857,0.06616992928095528,-0.012440477900923008,0.6921703577214853,5.718108038994985,5.8286562564269255,38.51338255254039,39.04080194009771,0.05471685961170228,43.225,42.75,0.8564641904356112,0.709692158884085,5.718117843367203,5.828252547148694,0.5297841493243316,0.08790171720079666,0.7866934770288448,0.5455624111877408,0.0028736742383754913,0.03471561202713637,1
6.641321294434949,45.068749617937236,4.194124448658639,0.09526088820350401,-0.009907161099746358,1.0475147164573453,5.795408219669101,5.828801407921437,38.45625073505697,39.69725536840469,0.1298867099359696,47.4,43.975,1.0893575715543014,0.8025634591327044,5.79564230242393,5.828324035698461,0.5678499896639323,0.09009254738402887,0.8756774381376622,0.619503165931009,0.0043990837642874925,0.045766060328213294,0
6.732369456141526,42.21660977934482,4.205966618212537,0.08111274322062693,-0.008847523428518573,0.9283367035144451,5.747359843174854,5.829118920338463,38.48416513410377,39.901182375706234,0.15739649700696706,45.325,43.45,0.9850245784101173,0.7625424787323363,5.74746839772016,5.8289331380828235,0.5407446977155946,0.08712518196331259,0.8375144327827678,0.5887059574661236,0.003345769668989785,0.03645018272661957,1
6.938341119133125,45.80003134454654,4.185093704658358,0.10820653574891902,-0.008799001482817663,0.7021390489020647,5.738662931744573,5.828630831988302,38.67577348059283,39.63548148891934,0.09863913062579352,44.4,42.9,0.9246695678384995,0.7211783255368243,5.738461084970917,5.82868826196083,0.5301726982466801,0.08806623156740259,0.8074115041564313,0.5563942379382081,0.00219382498333187,0.025016223253741244,1
6.672907297841635,43.98529237700282,4.234348868408084,0.11165441346147442,-0.00970127936925296,0.7159622903676819,5.788181146878992,5.828679688869679,38.42369435385568,39.97221914933819,0.1644635420960361,45.325,42.975,0.9442032747059788,0.7268523261539688,5.788013116695596,5.828175581624426,0.5269783527317725,0.08326019034820234,0.8337624060336123,0.579753073036878,0.0032811998385592492,0.03385608906316573,1
7.190993868970459,42.4907388280078,4.141075749487725,0.07712666570058278,-0.013961828687588922,0.9086964246251922,5.7810818690729455,5.828677397982667,38.5120211149968,39.39142997928663,0.09314258881465784,45.475,43.175,0.9624335346315647,0.7420912024171367,5.781367575896549,5.8287861612482255,0.5771372058550466,0.09342432999947768,0.8213550101586062,0.5485041441487231,0.0032723708835155885,0.043492408246286154,1
6.936360834913186,44.59010171247415,4.15218995048372,0.08597678418229847,-0.010492778297160709,0.9811978049394201,5.710769810672394,5.828723744740956,38.49360395954769,39.46141565469915,0.1007158022915332,44.0,43.625,0.9224797700384055,0.776198662070497,5.710915395705072,5.8283031615435075,0.5394587980351253,0.09371323700092322,0.807821478049976,0.5863398113067386,0.003398593037383382,0.03856684708189888,1
6.72127270307376,45.430308838750804,4.209936841245402,0.10732870542291854,-0.008555448000070945,0.8373529364830559,5.767602503857454,5.8287321506834955,38.42537101478156,39.8002994100787,0.143299450793267,45.65,43.375,0.9888758687860939,0.7572377854762502,5.767886246105167,5.829114707125354,0.5375787049088698,0.08700385224124615,0.8405591777053958,0.5919421189758788,0.0030454203472118943,0.0322094630311487,1
6.944220533859051,45.949166594894834,4.209501490417745,0.0911710886821365,-0.010668285799078893,1.249389636758437,5.792944016885057,5.828685262060145,38.58508443751118,39.55656499331796,0.10064171624366486,45.875,43.6,0.9801645751869756,0.7743443456275259,5.7927471453015915,5.828407903625573,0.5514386803322058,0.08769360921341282,0.8320188049785199,0.5698392299678908,0.004691808630236602,0.05283430448926777,1
6.880699779408357,42.75738250969167,4.1812017209080805,0.09375544454690213,-0.011647250438407144,0.30808862786114394,5.733216682121674,5.82839634936042,38.81260559838418,39.653320258644904,0.09112329738108649,43.375,42.025,0.8527532540380713,0.6542728539847573,5.73310959187434,5.82806277978192,0.5225796950367881,0.0848085689749472,0.7931846522237883,0.531402697872343,0.0013687314796733253,0.015923710430686418,1
6.557381068852914,44.933525809946275,4.198500236904465,0.08659785620360175,-0.01077050950257614,1.1311947037652008,5.745987499241186,5.828819092072545,38.46536429938271,39.65934835602343,0.12601917999957377,45.1,44.3,0.9696658569111403,0.8270054248449492,5.746079954262221,5.828611817687135,0.5362891118290528,0.09024510396102679,0.8455710009186331,0.6353506155131595,0.005798816720566056,0.055207850964460216,1
6.9928983141819145,46.972477529296675,4.204645912213963,0.10134236828340482,-0.00806689807866796,0.8349270439545926,5.67,5.828694588019588,38.39918604439635,39.56731466950708,0.11976915610606215,41.875,43.0,0.8010895527723925,0.7287439362824122,5.670194608909832,5.828356662190157,0.4837987308427507,0.08665973991255808,0.7448725491132282,0.5533258288718833,0.0025158829380659935,0.027343774437651496,1
7.133961666945312,42.17779868476423,4.21680429516338,0.08696246910220244,-0.012439080181816971,0.5108826701904617,5.741627773171487,5.828480472461807,38.53928742575078,39.72177258848494,0.13013698335215676,42.55,41.925,0.781408329748686,0.6464712648100619,5.74165778792226,5.828493671409705,0.5033089536737183,0.08118690114077626,0.7500579066582412,0.4978214043964353,0.002172265566753144,0.027031528472098776,0
7.144240715122542,43.97712104095603,4.1779804334913555,0.09007387841728917,-0.010215898861461117,0.8232126912850083,5.718543993267971,5.829274245058031,38.5213576281593,39.57148706055538,0.1107278592541714,43.325,42.875,0.8636289002376376,0.7186261817963668,5.718397411092866,5.828817754370503,0.5236378477100644,0.08876631935102784,0.7743208980960201,0.5368471261551307,0.0025420544162674994,0.031272553217168,1
6.861487889768306,47.28112126473667,4.179190019652362,0.10616414871965553,-0.01232727827004285,0.5841725544767781,5.786752059218461,5.828436590796095,38.51144806494643,39.350145623827366,0.08415197804716863,45.2,42.75,0.9363424663701831,0.7099118245149159,5.786767491019428,5.828609409184899,0.5488689363792951,0.08797793512638052,0.8285900699849458,0.5641207770705131,0.002694263001930209,0.030706781755028573,1
7.243801367236135,42.17587240370306,4.223901729185727,0.07999910734116428,-0.015488358105857707,0.4459502605138767,5.7828126250160805,5.828775078859792,38.65527843881327,39.542322717886854,0.09801985473642856,42.75,41.375,0.75553579029493,0.6035650862745117,5.782535565993923,5.829107844195135,0.5116186264196685,0.07819219079996062,0.7462603685738756,0.4644882959394514,0.0022246500521608445,0.029848662292927312,0
7.096045615796085,46.508135573470724,4.173523773959204,0.0895420665461372,-0.009852161737823205,0.6669491740986336,5.739592444401893,5.8283592876244485,38.48706196746947,39.3348413025825,0.08703176507816224,44.35,42.75,0.919987121907079,0.709989127686562,5.73957222132918,5.828417702461912,0.541286895655445,0.08868719487547173,0.7997880279899585,0.5395143954276513,0.0019781344989829217,0.025106246534202525,1
7.1082743068900465,45.17248600236201,4.202245428001958,0.09488447433367225,-0.00991945791036862,0.45253004404598524,5.743561805929431,5.828566798626029,38.52871775274423,39.541609115908585,0.10649981319805739,43.65,42.15,0.8632528577341407,0.6637363366257443,5.743288985894845,5.828052119665536,0.5214232558884939,0.08369468710647164,0.778641243892281,0.5126466065572157,0.0014563327285502662,0.018511203006428435,1
6.560862609428081,46.73171693229945,4.219619172708884,0.08879780188801654,-0.013348789317374017,0.9755050546236101,5.795138315297843,5.8286502352269105,38.61391307934208,39.46273041379866,0.08790948098460723,45.325,43.75,0.9372461062871285,0.7857280424345658,5.79518030719058,5.8283210617643535,0.5388661798450154,0.08621393814660798,0.8458246290838319,0.6114734588278958,0.006564440228214636,0.06223843380870167,1
6.736647118512647,42.309537072429016,4.178323221968869,0.10391956704971575,-0.012153018418927743,1.0922435269070179,5.761600775619672,5.8289745777723265,38.49665159672541,39.875450310904384,0.14506106791720186,44.875,44.075,0.937279727867459,0.809925933607551,5.761613914409,5.828720913412953,0.5399696999018603,0.09230131959954277,0.8313110103685877,0.616535379459683,0.005487526716409099,0.054444100515517554,1
7.111633705806645,44.32626162627968,4.210288479133203,0.09268020315167726,-0.013481211554619935,0.6545006604967938,5.716366562532102,5.828549714886514,38.44320501858754,39.50718694421629,0.1119479033147086,41.45,42.275,0.7218008785958476,0.6733730776418625,5.716020481903754,5.828005684202121,0.48417236109796635,0.08325124112014032,0.7251766825839923,0.515534926000008,0.00319932553092505,0.0365614297313064,1
6.585976768142115,42.78442729304358,4.167097026702014,0.09654088348590412,-0.010957929213508983,0.9964373676928779,5.734473934168594,5.828544733134599,38.45015739399449,39.80627190125365,0.1436776971972209,44.975,44.25,0.9718663494734461,0.823522614690436,5.73466963157312,5.8281723201998945,0.5416561083835539,0.09364711810657211,0.8453407428180235,0.639954873927984,0.004891984220671797,0.04729480537934696,1
6.9772910456344865,44.77127794396202,4.13321333611286,0.09426163742323178,-0.013281735732439721,0.3,5.771468146170125,5.829062197215793,38.47359942824141,39.25134143492871,0.07986056713540315,45.225,42.325,0.9534853852678431,0.6767044755138709,5.771414548496835,5.828920382942019,0.5689095909690297,0.09120263236430286,0.8299354299043357,0.5496535989867671,0.0012327554012964616,0.015895906190038445,1
7.167866913071048,44.56084596727399,4.1620348413860615,0.0855743347649017,-0.010154508900996333,1.0079563117152317,5.763698993661316,5.828865316328035,38.480134081544946,39.45269591346888,0.10129549499533143,45.5,43.25,0.9816697879547052,0.7476079026549174,5.763516042509129,5.8290582034507485,0.5644808702650295,0.09174261741104997,0.8191279012536961,0.5498119905395162,0.0027576458498852433,0.03599235548642571,1
6.506204628829529,42.10978860718415,4.193456222055679,0.1040030347690662,-0.012782297963108674,0.5743301329857209,5.753921633652983,5.828873568455718,38.416603879906035,39.85756159136485,0.15479186947397428,43.9,43.125,0.8717858757379959,0.7380891998261312,5.753702051166425,5.829213743449463,0.5211051171495719,0.08727239728682962,0.8264454288123457,0.6116126467138062,0.0038905647062696547,0.03697144645923852,1
6.630505751194656,47.775908920671185,4.1756446638864375,0.09987818456127391,-0.009100985165956076,0.672799804657877,5.759313436370365,5.828762123478215,38.618123904897864,39.46538787139737,0.08636895009424087,46.3,43.4,1.0450968981112343,0.7591055133220257,5.759328072944445,5.828569080534165,0.5566288934796052,0.09014484042515712,0.8623844644742319,0.6060052348296708,0.002597523972164366,0.027460544299891036,1
6.914631697347003,46.68725164792033,4.163039584272021,0.07138875635260929,-0.010106585406666141,0.9317934065780561,5.780683883288974,5.828770316073092,38.77057725680151,39.22352491596521,0.0471444690575067,47.15,43.3,1.0859018767521835,0.7515032344717483,5.78078016773303,5.828325670198924,0.5863059217814458,0.09102724268311928,0.8625762827170596,0.568893177750234,0.0029611261527305263,0.03646441183662785,0
7.152234846351294,43.21595766176547,4.251160786602576,0.0770453344766389,-0.010367123418083123,1.0153701243586781,5.727563828403088,5.828664819833389,38.5786333758147,39.7712019101862,0.13195517419705594,42.45,42.6,0.7878026233016815,0.6982027289988997,5.727760372167944,5.82908245796263,0.4907843629136352,0.08019387947798706,0.7403013695814232,0.5056759405326329,0.003690264530515492,0.04356163439451462,1
7.110172582376513,42.625376097819256,4.200664683899399,0.0838618272914798,-0.01190424887587129,0.9769076951498558,5.7542298192069605,5.828492623557971,38.53045061077001,39.69027911215589,0.12535554561920692,43.825,42.975,0.8658154978584749,0.7270393914656763,5.754344744813291,5.828349773608064,0.5282387335464048,0.08654473440627403,0.7838814773312812,0.5363512124887266,0.0037269343070793015,0.04477479420029328,1
6.960571529669604,46.62737031090843,4.14690557632873,0.09291157333938746,-0.010627014253807745,1.1106545076619458,5.745624150852365,5.8283207104443315,38.44342666825956,39.3241119038757,0.0885252693324399,45.325,43.875,0.9867602707326064,0.7954999393015534,5.74534488746787,5.82789653960452,0.5601532782507629,0.09532825399806066,0.8307698712415961,0.5944114685542696,0.0036983540162767985,0.04273861072655189,1
6.9190040588835995,43.82913492194249,4.131154583931554,0.08246177727821814,-0.009529502721071339,0.8307792213457967,5.755850742447067,5.828321801809166,38.49415006945693,39.47176625764048,0.1028784808716372,46.825,43.575,1.0870287684021491,0.7728144640165899,5.755862513324958,5.828178115626824,0.5869569986945335,0.09573209730691827,0.8606036462581997,0.591175191151205,0.0023681136810259234,0.029311465994092168,0
6.844402732144337,46.779178701340776,4.1978589544752225,0.08871936891162469,-0.010018312389596657,0.9238226079836078,5.780095643632687,5.828781886176773,38.42992426449644,39.452645355155305,0.1057521876157922,46.0,43.375,1.0022343394925812,0.7571880499829726,5.779822877148845,5.829134884511534,0.5551088611380782,0.08801525672330932,0.8423323928934475,0.5789475566645034,0.0034104816499333306,0.03890124831231637,1
6.730179607147374,47.00819588595782,4.18409455486231,0.09129834605579755,-0.009766264745492305,1.039068616883217,5.728695977143852,5.828386326505775,38.579875055337816,39.468710475331044,0.09130130650478671,44.575,43.775,0.9477551759763445,0.7878815036232316,5.72847685169546,5.827878755675555,0.5337310352125962,0.09050904748216901,0.8267551936774107,0.6037026918821758,0.004143164189669033,0.04269703728414819,1
7.290237836965945,44.73946276074213,4.166418024712204,0.07667934020328945,-0.009629394219823624,0.9042150069187179,5.77644677599728,5.828501773666349,38.27451948659788,39.36729085782971,0.11464265438518509,45.95,42.975,1.0021961560356507,0.7270302413572987,5.776692304503121,5.828210329805232,0.5745202431352499,0.09044658866890942,0.819577309942964,0.5311009931314488,0.002089276099981074,0.030185321595688867,1
6.658340943968991,45.933927491406,4.173642023188522,0.0890312479146291,-0.012774236391789883,0.9750885639931249,5.725189849083157,5.828896922072373,38.44771926333383,39.40536883194214,0.09827778693962566,43.65,44.025,0.8816248145804151,0.8062368369410802,5.725372278731073,5.828980613006316,0.5257710319644076,0.09218577012404264,0.8161120606626908,0.6232035258509354,0.0055168121603979174,0.053337344720648,1
7.086376125748507,42.3762411125585,4.22651787193953,0.07505591579641187,-0.01444226819642303,0.7012192856856128,5.755427679547233,5.828485495108705,38.63804495147685,39.592750136755974,0.10557197680754457,42.5,42.175,0.7637747256554164,0.6657427115375629,5.755583148227478,5.828989476697706,0.5038223221700956,0.0807108606926534,0.7520099528245002,0.503705686137591,0.003662526407356295,0.043504569764418466,1
6.925129905722926,47.2354305198878,4.192422566274112,0.07193056411594928,-0.012562207210765597,0.948602645211697,5.718611084696459,5.82905588002138,38.42180133989497,39.17451038580822,0.07781146982430168,42.925,43.3,0.8331062474234177,0.7512176705234603,5.7182702410604564,5.828961466527165,0.5166984281390056,0.08804988745678463,0.7806744515564207,0.5670519289583129,0.004394544455948044,0.04851600799847756,1
6.785856584682365,43.570230271434326,4.213270205657046,0.08634323066919752,-0.011317294539684462,0.8207826139001213,5.747956760633649,5.8288854979432525,38.48392238835288,39.70580204597865,0.13192363116749667,43.925,43.1,0.8796370712181494,0.7361735269246887,5.748225661657483,5.828864665535622,0.5208196551964853,0.08530663322043408,0.8059905665018916,0.5715499044558735,0.003908506724232291,0.04167218156034043,1
6.831019229503621,42.792544177096175,4.208619684214748,0.10958944687457764,-0.01249153623762135,0.9849507573198046,5.740709366635599,5.8285762985030845,38.70824932618795,39.90255144475785,0.1259199419033445,42.875,43.35,0.8071910602187984,0.755495390049524,5.740761678695426,5.8289405540166195,0.500663913963367,0.08688172618054532,0.7786421963058635,0.5747521879916078,0.0053529366427095566,0.05198068359310282,1
6.739387492501895,42.726066650876284,4.170189213861834,0.11699924289785449,-0.013461378487126413,0.6138694363065148,5.7832340745471775,5.828816323309692,38.321507446401895,39.77087787025608,0.14982662658963863,44.75,43.1,0.9063100055826485,0.7362427015582496,5.782974208741347,5.829170843401068,0.5417074774093239,0.09026638910922302,0.8286857342230753,0.5950042877509144,0.003468761155377256,0.03626989640866771,1
6.764518894192441,42.838731042368856,4.128908482913668,0.09870966161264563,-0.012017057222967068,0.7708737481120247,5.741442367304393,5.828858918014204,38.31266710065529,39.60371840842602,0.13409329383296903,45.225,43.85,0.9835111641335752,0.7930743344431184,5.741719729645986,5.828732673882801,0.560998709634719,0.09696354433887167,0.8435210460074102,0.6213911330998041,0.003355078363122622,0.03647098683661279,1
7.273843450685119,44.63539515148717,4.161409360209692,0.1131806207547135,-0.010778720033402989,0.8324852800474818,5.723873459282785,5.828752885985746,38.499582950085795,39.58068753957302,0.10924682807389394,43.1,42.875,0.8411855655851559,0.7191475408686516,5.723847882842556,5.828268033905151,0.5206028637109448,0.09107367442195281,0.7604140626158657,0.5324121422583201,0.002482869123134377,0.030883082006075376,1
7.239922995339574,42.361747671650214,4.183222431503293,0.11104477694431135,-0.009288550162299385,0.9000300474181255,5.741124481660462,5.8288969089404725,38.41218660349552,39.927144892509126,0.15964779217278147,43.85,42.925,0.8808087707968602,0.722820423179404,5.74106613722801,5.829055570910614,0.525828153244539,0.08903744046507828,0.77524692357076,0.5331380227474769,0.0023856603636679555,0.029904769289549098,1
6.775270734986212,45.128426678094534,4.219394416469751,0.09196344495687413,-0.01275871673979179,0.7373543450103536,5.712535751161878,5.828611193801979,38.37737240908947,39.55184932870398,0.12348449558911494,41.775,42.9,0.7508225090616722,0.7211979637231467,5.712588337137204,5.829014430994943,0.4836121082874452,0.08413514912896522,0.7572764786921323,0.5681860779856789,0.004402231716471994,0.04362179446808061,1
7.180913032737243,45.67179309154225,4.174183087184886,0.10283486827740061,-0.016029805505412432,0.8919500880078844,5.7814257368013875,5.828870267351444,38.53152453400954,39.280324263619455,0.07470406983938986,43.475,42.95,0.8121317248425166,0.7247546837729333,5.781491208139252,5.829173031095099,0.5308922602183905,0.08946927785236537,0.7741247155221482,0.5383031582441701,0.004412374017687032,0.0518969082597374,1
6.914227063270531,46.617807727672286,4.202377059212824,0.09024387915471185,-0.01020034248846679,0.8677988763602249,5.784997314980193,5.829029486816016,38.26512024414642,39.45810752475541,0.12316971365996854,45.8,43.225,0.9825724112952594,0.74554274261458,5.785058076324942,5.829355707193228,0.5524053676083143,0.08734902363489361,0.8336411825812978,0.5696840739483351,0.003127056129461263,0.03689003471175657,1
6.549626216667794,47.6156622355621,4.196277976312723,0.10906614164605688,-0.010390426603040237,0.5664847764656321,5.772874405258034,5.828503217598306,38.4433546146832,39.545256139656715,0.11200142989185867,45.625,43.15,0.9817536377951139,0.7403627423676911,5.772951802499267,5.828158260727018,0.5408738432609002,0.08732247301807945,0.8529282218726211,0.6070825825732143,0.002866918618913028,0.028873088214122888,1
6.979636670043755,45.548770545737675,4.196010162897942,0.0788265155380279,-0.010480437055704079,0.5375100003276719,5.728263857924191,5.828883713457194,38.45653517027932,39.390488630153506,0.09907751223957677,43.55,42.475,0.8709785228343758,0.6884009972179506,5.728406919443372,5.829287583315962,0.5240176322661806,0.08505373705780996,0.7886741199281513,0.5359678519559913,0.0019600909114192867,0.023905035186020038,1
7.173803885790848,47.99712282215963,4.1425876723003485,0.10120187193586982,-0.010726174412324034,0.6286719928736085,5.782656855084109,5.829060137861135,38.517016339798026,39.158147905446576,0.06313577877026914,46.075,42.825,1.0051999495339734,0.715021157477425,5.782500284814714,5.828903556874946,0.5762816312685858,0.0925031580717737,0.830263376950517,0.5431073068155514,0.0017659955878873007,0.02383058344589002,1
6.742583153335958,44.72147827681649,4.159658529558354,0.10646247612822766,-0.010669794624014073,0.44670005087594433,5.781710755218824,5.82844065923395,38.44013905991604,39.586847752464344,0.11842631784364256,46.45,42.95,1.0337129293366711,0.7251842918904279,5.781951076999717,5.82859310530463,0.5673363774164903,0.09067112015711791,0.859451922849032,0.5889242593773419,0.0018216397080313145,0.020741444713072266,1
7.131620478685567,45.74770618348188,4.199731111808525,0.10334125473537606,-0.008604155376804578,0.6534840346946971,5.776054544189959,5.8284631027745535,38.591115100058964,39.60517272105221,0.1049658761003519,45.275,42.5,0.9526154581210475,0.6907393024280957,5.775778674204643,5.8280081644917034,0.5445684979534892,0.08540382492037375,0.8093554625541768,0.5219113005036191,0.001711048269077321,0.022080132228631453,1
6.595346499047581,45.479149254321975,4.2011937146745435,0.07861964173740389,-0.012675762086880376,0.8956958069483166,5.749640632547414,5.828564585164542,38.71524103439755,39.44740637212779,0.07753694766229097,44.275,43.55,0.9043055650108442,0.7706777955940254,5.749591302545483,5.828311204078678,0.5300945378912489,0.08731657881141272,0.8289391781981713,0.6027998838784013,0.005417768003090494,0.0527597898720878,1
6.5050515356106535,44.906495399463424,4.185087744618515,0.0949671797368397,-0.010875360112026946,0.8890938591546922,5.742143987301381,5.828530990775292,38.443977406228555,39.659551716585035,0.12729644712762053,45.0,44.025,0.9660599451979888,0.8066027682381618,5.741900775498552,5.828266216522498,0.5366085004224411,0.09084542376704528,0.8484581487201083,0.6380361872218723,0.004769572449616751,0.04522106547019825,1
7.02413140155698,43.257870827294205,4.237433848398653,0.09404002938425535,-0.009514742840729904,0.8146453702352684,5.740530947682764,5.828862083111596,38.4685920457414,39.88183012452808,0.1536767792965135,43.25,42.625,0.8359422713001887,0.6999203454887022,5.740549955236803,5.829167594786056,0.5024893342358071,0.08189415303901437,0.7690231727468723,0.5278676462925701,0.002882999196905127,0.033264453416870045,1
6.737781582787072,46.509764211438956,4.172219057629702,0.07768560897945684,-0.00922404997530111,1.1435074090456716,5.789813513701428,5.828549149725893,38.48859922115515,39.40705304642338,0.09567153221228082,48.275,44.05,1.1582077873597596,0.8084682526921538,5.789981716868099,5.82861887863974,0.590040320961996,0.0924847950643483,0.8859348065773915,0.6133004932018284,0.0038079183790914986,0.043100812093968405,0
6.762327484890167,42.964659776686254,4.15036506278092,0.0776132278957796,-0.014480622228271359,0.8263045624224731,5.706035895742507,5.828815085901562,38.45451764268139,39.40732396272452,0.10107600477837546,42.725,43.625,0.8304004422018938,0.7761073209098912,5.705713879200695,5.8289774797262615,0.5244278650125453,0.093275659298442,0.7954693169911234,0.6042373553134636,0.00477586112018733,0.048948310166559095,1
6.606842756477211,44.63385506298646,4.124711848217167,0.09453213378892475,-0.015412107757984137,1.1181083461953105,5.780353839695335,5.828805886927389,38.46762337919302,39.35135225810223,0.08859851343986264,46.325,45.025,1.0258932906989173,0.8812611768209306,5.780464848282897,5.828987643393437,0.5796131814862912,0.10051753977057812,0.8711542397036826,0.6680201456142861,0.007064024852012674,0.0674999863295285,1
6.895118977095794,44.636012376456975,4.163881749632071,0.08743118391804554,-0.009756485523940732,0.5453770573933246,5.730047178913633,5.828447910717149,38.550375053770566,39.49168300526415,0.0993168908502687,44.625,42.875,0.9501474290300607,0.719452516137248,5.730300357355955,5.828944869684301,0.5454080637110982,0.08976832002491993,0.8203828656455764,0.5645443022091825,0.0018248112227173536,0.02172320087293546,1
6.7687512456967,43.18057192005352,4.208353113395028,0.07309926409595709,-0.010361161563523857,0.6234968838619512,5.802622302643556,5.8286663532396625,38.723985349783604,39.652957058293296,0.10325061136606214,46.975,42.65,1.0512087428375043,0.702030393662616,5.802599094202063,5.828638580834215,0.5697589242032317,0.08386207078746039,0.8623574936996622,0.553791481610173,0.002495919174931106,0.02979409184199268,0
6.52180028622492,45.66834136449289,4.1705478321885785,0.08323190559443162,-0.00925528806670612,0.9011122622900309,5.794634557296739,5.828714286757979,38.377291605165965,39.54054899074028,0.12237324287067576,49.2,44.175,1.2196366094033344,0.8177133251249638,5.794491718297146,5.82871374530322,0.5938757977305151,0.09277446040482278,0.9074242595273423,0.6433303575796505,0.0035751132892376677,0.037846049944099645,0
6.57919836417358,44.57428816352781,4.1789837333969455,0.09060817728345827,-0.01247672863955449,0.4216749309436137,5.725961144150124,5.8287172904577895,38.45634163227816,39.48319683796739,0.10870456908068743,43.35,42.725,0.8581105444024848,0.7077190474866111,5.7256970002935565,5.828901337718539,0.5205051463777471,0.08728098382988497,0.8146893553239243,0.5922897783872679,0.002538933863078669,0.025888085050269172,1
6.564347507696851,42.63203616181955,4.199812833170443,0.11337285000763511,-0.013784125332446027,0.556694816517613,5.749095019679972,5.828549929809693,38.40237974535327,39.828129589123975,0.1502901629929503,42.75,42.85,0.7892533956310386,0.7174412098115637,5.748911493757693,5.828872149294957,0.501464784787616,0.08596323547255472,0.7967384495522537,0.5970823476662825,0.004146959537620572,0.03855842294971067,1
7.149602149624298,45.6534658114432,4.1744740072675315,0.10111595244906507,-0.01160029376194408,1.12037777597056,5.707234342524737,5.828554798164327,38.47330661281516,39.463549386081446,0.10002559797300872,42.5,43.4,0.811968062677912,0.759312838635914,5.707397214402055,5.828122837393688,0.5079467734254015,0.09119625433792092,0.7545966391848151,0.555606011089815,0.0040858578060918,0.04608691354761784,1
6.798597043137706,47.601073784190845,4.115680774719211,0.08940178909250875,-0.011840444549627368,0.652292099491806,5.74488285131572,5.828679703782851,38.52624970840591,39.08774666471777,0.05595849258595252,45.875,43.55,1.0282257407563131,0.7705626769757163,5.744950497082614,5.8289355073850695,0.5771525290105208,0.0971627392353608,0.8547280884996398,0.6071508880590806,0.002591609902080259,0.02981197600761466,1
6.759797658738172,44.89384678805345,4.19058357177936,0.09113097613837842,-0.009870474070177415,0.7523524172678915,5.73170585682028,5.82822590911795,38.475791744607264,39.613046672665696,0.12008908277927685,44.3,43.225,0.9241186600972142,0.7463463203126466,5.7317573672078845,5.828163873034859,0.5294468056063854,0.0881211427232801,0.8185115727802441,0.5846458185750243,0.0030162303701735463,0.03249110599182626,1
6.522567007067834,46.712385856111,4.199893046533969,0.10070123360829404,-0.011935952843814815,0.6637418392772735,5.714489419802479,5.828624964609035,38.30445310336859,39.513254660053555,0.12409628105914279,42.7,43.35,0.8200342812793373,0.7554467239435736,5.714807813968519,5.828141285872066,0.49893235681591735,0.0874537652124781,0.8003292384590258,0.616655177242247,0.0042664079978973635,0.039362215278499826,1
6.907613002992215,43.29936941215685,4.164022090415029,0.0785063531103763,-0.009014416118530532,0.9044044454583479,5.7740126178012865,5.828380506144498,38.46529104828718,39.61428457159804,0.12380151129042409,47.1,43.45,1.0889313569081098,0.7632808929263009,5.774005111089663,5.8283842776229795,0.5819879807129629,0.09170440362205239,0.8613969622318287,0.580573082165556,0.0025761612153807484,0.03182121952420154,0
6.618612137777266,42.18319173990711,4.230942733352761,0.09220298492828186,-0.01040275321329054,0.6916984861651695,5.743836624710715,5.8286637190486195,38.60078525647533,39.97818216025267,0.15301369118812114,43.8,42.925,0.8743202183990038,0.723053613071257,5.743579467401757,5.829112436797026,0.5094753494851006,0.08274482861797812,0.8115064317520346,0.5783027986436071,0.0035959710769487025,0.035915229747137595,1
7.105639717039796,43.67163013912979,4.189218627960155,0.09789086922535396,-0.014188540556345637,1.0104857418890012,5.749073364777379,5.828704954150645,38.48266832107549,39.57359694463746,0.11299126960376016,42.875,43.2,0.7988270620770184,0.743965735911349,5.749095112095122,5.828471566682411,0.5139360547837801,0.08872119050186894,0.7638502252968741,0.5496615209349451,0.004815555778313809,0.053681176208956356,1
7.207918238493325,46.87272014947655,4.162787792548898,0.08838494490531142,-0.008034745426325015,0.810170499157812,5.756390838063856,5.828468516256013,38.56626580068807,39.31493783542366,0.07643364657877254,45.7,42.9,1.0037866743983725,0.721340641269113,5.756246073085486,5.828954596191159,0.5654483234062225,0.0904949692153389,0.8198308747445118,0.5340584712198284,0.0016812446011305146,0.023016924340001965,1
6.554741756998535,45.454854833750154,4.1687224655924435,0.07956770266804185,-0.00922502179129801,0.9587428068392562,5.67,5.828483536005646,38.52567275175906,39.525421882502734,0.10576266273906913,43.375,44.125,0.9159699361597458,0.8141815917875652,5.669951497753671,5.8288213114853065,0.5181997310315228,0.09270378593974771,0.8199665977719233,0.6354970792726875,0.004079767998019319,0.039211012697548835,1
7.242431820511534,43.11887697477831,4.168841177644161,0.09679588074529943,-0.010597960743875772,0.7331336478840038,5.76192698803231,5.828734329965977,38.53846626820801,39.64079680082786,0.11619386246266834,44.675,42.675,0.9220089781480958,0.703876174265849,5.761755929726515,5.828522743735367,0.5490888071851904,0.08918292051706694,0.7964405762177922,0.5242660385030448,0.0020855923306474394,0.027824105365146606,1
7.2824327074418225,46.613423920632286,4.136090369191972,0.09889909001454104,-0.008142276075239019,0.9894153615107805,5.758882383039468,5.828881367477918,38.437308894311634,39.325794121509574,0.08868706351179377,46.075,43.3,1.0289744215786136,0.7513921830669217,5.758947330524111,5.829283253076896,0.5768618597877042,0.09521111851188017,0.8247693897773496,0.549432487807814,0.0018711488932103464,0.026044024890107965,1
6.639266981090463,47.393445165709885,4.2158375476628915,0.09759874812104365,-0.010414924297649914,0.7475106311062499,5.707452457967853,5.8289895431750285,38.42986641104311,39.53153767538486,0.11363594608890308,42.65,43.225,0.8232442889344256,0.7455826862555677,5.707401172951594,5.828805080253238,0.4935151764078497,0.08553411223142174,0.7879040159155857,0.5932754716551754,0.003868113340220693,0.037215616866996884,1
6.690935995259353,46.20947114199454,4.183103505684006,0.10434920482572713,-0.015070649104302945,0.8098690497163762,5.720019820511522,5.8287112081237575,38.41832120038703,39.38447633767264,0.0970805279748232,41.775,43.475,0.7433384397120291,0.7648462535201466,5.719719074476207,5.828929760005649,0.49295108569063467,0.08967983631899032,0.7698091129550304,0.6043629090014336,0.005928518795204058,0.05408668473977838,1
7.195399832223656,45.068132651429345,4.193964831371974,0.09332985785388899,-0.009863519738963683,0.8159887956463833,5.728322210724236,5.82885150190806,38.368475832769114,39.5361892005825,0.12160432907217966,43.325,42.775,0.8538506827813732,0.7114084317643012,5.728111602377234,5.8291926696190695,0.5187220869279782,0.0870102678454642,0.7670834088768222,0.5283586066817024,0.002412632884912546,0.030261255232479075,1
6.561278607481795,46.26350920593124,4.145101421337247,0.07030386544426813,-0.01245231938455103,0.7183763715594506,5.77331986349059,5.828673594489945,38.40872965422074,39.17204627659507,0.079550821388478,47.25,43.8,1.1005436789431702,0.7894832486197743,5.773131655536481,5.828225657162258,0.5881382763388194,0.09400608856230667,0.8857585216077022,0.6317389333332001,0.0036797965114660405,0.03982216510958561,0
6.936928386340327,47.59118175951171,4.231059605141542,0.08999561614397746,-0.009852965015192889,1.1640984964456982,5.737958792878014,5.828823538681287,38.74306212725834,39.49252120677008,0.07749245347244173,43.525,43.2,0.8593891591402816,0.7438471513807068,5.737705689423021,5.828616091316873,0.5080502635473028,0.08407190357156767,0.783337039375245,0.5498072269964911,0.004468233600427276,0.04783870801810829,1
6.574341242818784,45.85312437026336,4.166214911008672,0.09659922331348506,-0.008485325344056277,0.7023068503201241,5.726189863513207,5.828603891667536,38.616576422461115,39.60354168546344,0.10283370065883571,45.6,43.65,1.026587342940446,0.7782107719960365,5.726289258089472,5.82852090393727,0.5476166703259984,0.0918104091204523,0.8565281580680705,0.621256471483385,0.002614559368826055,0.026732110886448134,1
6.635361592771457,46.79145706203889,4.19879729781954,0.08317785478403752,-0.007768698441161234,0.8369323841793798,5.7669709515398555,5.828671433532098,38.55553584275442,39.547682052022786,0.10484473090559737,47.075,43.5,1.094151405625917,0.7667815456043616,5.767121577104145,5.829043366015929,0.5624764000019337,0.08784728221843548,0.8718821374083057,0.6013289464949115,0.0027229085183539544,0.029762458841143345,0
6.964810768633158,47.662464220679,4.201913788319518,0.09711666228020017,-0.007982685563746744,0.9053511925941303,5.7869254273844515,5.828353211941678,38.57788867033628,39.492411493382335,0.09361756106624486,46.525,43.05,1.033998263729531,0.7328966689880216,5.787181559817301,5.828429107720253,0.5592551471475703,0.08681041792081647,0.842268535623756,0.5541591274427192,0.0024102585869636615,0.029291776377696862,1
7.197601349516934,45.38244708428926,4.244452625478667,0.07069571698313143,-0.012981946192492572,0.6718590910290425,5.718345814606284,5.828600588257725,38.44623558084694,39.355760366166436,0.0978985404007856,41.35,41.95,0.7120507517028267,0.6482813776267857,5.718407057692198,5.828115215970576,0.4779509428217382,0.07844341384180079,0.7113033792973565,0.4844222343999624,0.0030761082426355524,0.03762577094981469,0
7.052325219446536,42.80728370332493,4.1883241783686636,0.09264302462731355,-0.010962110697756069,0.819900922563715,5.766410987119476,5.829221603519433,38.57636900142414,39.725272676703014,0.12311325312298384,44.75,42.9,0.9231330930103496,0.720587554005693,5.766509034257648,5.8296261265625064,0.5430652508398639,0.08762009220844587,0.807678462541462,0.5434941159066076,0.0028879395546554084,0.03506175490239255,1
7.230420739057365,43.959810731246456,4.119914915958442,0.10924443014106384,-0.01055954502281799,0.9159852130193187,5.7825595249199315,5.8287369056155365,38.48984587206571,39.52589754303205,0.10434572668564857,46.525,43.375,1.038364166194051,0.7572330305442092,5.782631636569879,5.8282844069231,0.5870432783587278,0.09725096194919178,0.8368583850278977,0.5611926160946891,0.0023149236735836125,0.0311212585176441,1
7.077913298069554,45.46753015231155,4.106362930036851,0.08563321636190317,-0.008711913340248088,0.4546188146837458,5.756615536714745,5.828790173883041,38.51408989861766,39.23957542935465,0.07425400444541096,47.175,43.075,1.1117903918832441,0.7343645553611209,5.756498572990676,5.828826657119937,0.601339278687536,0.09700493710773095,0.8596278417062716,0.5665659511881185,0.0009880849037161138,0.013749159258632734,0
7.153182871900282,43.42198477799636,4.200433255683907,0.09305949597916964,-0.01169271927554335,0.9206649579283455,5.7029935849902085,5.82883021525883,38.52261331163806,39.66644236651746,0.121272928944756,41.875,42.85,0.7680959677821839,0.7171609243624264,5.703106061882995,5.828870350080809,0.4921885901281257,0.08637626825862749,0.7349422835041359,0.5300318305166606,0.003600218877690766,0.041043689566659415,1
6.7163181309139235,43.35152788968042,4.189975146742621,0.10516017634045742,-0.01079435395568197,0.8334660003988646,5.720348141847578,5.828735792481811,38.54089612264884,39.83215382902037,0.13625186730755115,43.35,43.45,0.8637235467050308,0.762925606588988,5.720411368811444,5.829041590266283,0.5113876629520734,0.08903559364133351,0.8012382595616693,0.5970049488409431,0.003988487417899984,0.039338432001977744,1
6.92689328404324,42.672073346621154,4.153864969388544,0.09897995399245518,-0.013993480173772638,0.9428907327933339,5.735898023847093,5.828723587833742,38.42088274258965,39.60995798484235,0.12335782890135842,43.4,43.65,0.8519696129531482,0.7780910758298303,5.736046639929948,5.828841713045534,0.5303422804864866,0.09373546877227683,0.7946010352389699,0.5909819247562462,0.004676148014609317,0.049886919538853366,1
7.005240941853026,44.74800594024271,4.139077665602845,0.08905439393815955,-0.010885130276574355,0.8315415273152172,5.757518380201655,5.8286519822926754,38.45469067840976,39.38756520848158,0.0960951312769759,45.775,43.4,1.0082040498127478,0.7592156545075657,5.757420278080968,5.828399792448638,0.5720575813731885,0.09451247633009303,0.8372160724077808,0.5770999092507106,0.002663463532442147,0.032985248441882976,1
6.553201800937896,43.4336757515153,4.217789657759549,0.10557949185968805,-0.0098344216418907,1.271415083227156,5.768926084924694,5.828983683364828,38.31971151208171,40.03137787444886,0.18077269980906668,45.65,44.525,0.9875522877188532,0.8437219148164674,5.768664918107939,5.8294382243009935,0.5327188467128352,0.0894438996303879,0.8502432113313511,0.6431928303984321,0.006206037644714339,0.057289413604680484,1
6.952260147614152,46.530329031497956,4.227606679869029,0.10233293778342298,-0.010141787017260248,0.9839253225407564,5.717064542331173,5.828747976154317,38.43286038938856,39.62136355809756,0.12231172526731994,42.45,43.1,0.7983019093735972,0.736311048713624,5.717149904577484,5.829144469407291,0.48856256111813817,0.08454193460302875,0.7567398320228254,0.5542442312606694,0.004012380684799918,0.04204565196401341,1
6.927560071076601,45.172645281675926,4.118746050656088,0.10167689630526229,-0.008399650596251544,0.9300636102855961,5.742872436472059,5.82883134193419,38.572423627572036,39.49973438455887,0.09402595219815459,46.625,43.825,1.0853777054017728,0.791213975131245,5.742776545630697,5.828549432618847,0.5808581707961908,0.09836210194308967,0.8571411381138043,0.6021042191503081,0.0023207557550940314,0.027706539235820567,0
6.773724566227203,47.57351917746803,4.219906424565385,0.10590416770874829,-0.011552038142812145,0.9801908556401739,5.781754527207731,5.828915286718741,38.69121427060883,39.536089373412906,0.08560911205757737,44.725,43.325,0.9059207041413515,0.7532576067868684,5.781791756668169,5.8285390130535735,0.5265503789707059,0.08557099794799407,0.8191409636405214,0.5769398739677025,0.004927534566297156,0.04989449103945551,1
6.618718114047924,45.53454850312835,4.203425242710998,0.09640273393749997,-0.010403988537383484,0.810653198410563,5.736211103885729,5.828497811271128,38.43126626460128,39.64746643679706,0.12729240080398654,44.15,43.5,0.9083355322663564,0.7669551678653317,5.736054529885975,5.8288638873458245,0.5205971336192433,0.08757611667641228,0.8225574599264676,0.6065035679089302,0.003986460358329422,0.03937933454453957,1
6.590232906775116,43.01112005615207,4.1811113339495884,0.0949324432065168,-0.012222415185870299,0.7497939764089774,5.691315293476457,5.82870378427921,38.627798172354815,39.72004699090428,0.11661341852279568,42.225,43.475,0.8067613450374349,0.7648536773646937,5.69156426284823,5.8289141173346675,0.4982432161688826,0.08950355992969752,0.7895115488155796,0.6103122489113343,0.0045687904233875695,0.04210198557315181,1
6.5576279696298725,46.749026356026064,4.148260718539602,0.12182333124016773,-0.010240811621512321,0.8552923159598881,5.728954860753438,5.828569201712868,38.523883792432734,39.61376599774248,0.10792476383163527,44.95,44.2,0.9755212559912554,0.8197388537249974,5.729102020612878,5.8285007305029035,0.5389106810278615,0.09588617332231035,0.8470671801331258,0.6481432516060961,0.0040158346513685045,0.03760136253123021,1
7.187001097282154,47.16958389455115,4.1433478693134855,0.09328033565239721,-0.010849368679016036,0.8413476429678204,5.769172231240957,5.828694108189805,38.513900700854244,39.18187841159828,0.06660768551319207,45.675,43.1,0.9891559644003287,0.7363649166781361,5.769067679353067,5.828378872392787,0.5718467349048394,0.09330959222114646,0.8231892321815348,0.5486813909723979,0.0023653494350806908,0.031445880230725226,1
7.111490641949115,47.281930132779216,4.1661482002259635,0.09786697987636227,-0.010984946785022829,0.6730126630249879,5.735709807302671,5.828523163917891,38.720416267086755,39.26464660729989,0.054700237896005845,43.8,42.675,0.882447035807048,0.7040873403139347,5.735574007904646,5.828777612428373,0.5337422203728637,0.08916384242127232,0.7880805335170213,0.5344945607138745,0.0022547298347906876,0.027663097295077963,1
7.006020162146116,43.44212526765855,4.170176074846849,0.0950574551848816,-0.011062393313093406,0.6813640517908884,5.754131407005364,5.828573362751842,38.599105134691285,39.61647557368567,0.10746670750454528,44.625,42.825,0.9260632009383301,0.7155079325867177,5.754145114092558,5.828295244804205,0.5451957584372079,0.08917650053853045,0.8111841826443653,0.5504047485224748,0.002446433220832268,0.029504753561254014,1
6.6601080435885995,43.65013922768443,4.179452895838508,0.09216618878548583,-0.00921416754541363,0.5558454491826668,5.775669390098433,5.82882852409691,38.603449968863096,39.72766264372208,0.1210066178967614,46.925,43.1,1.0745130892228287,0.7362305007710308,5.775491184909804,5.828730873993034,0.5673666905756977,0.08866809666087268,0.8700426098576695,0.5920225216551899,0.002089875412886457,0.023289382480020795,0
7.071490263858854,44.17228962403798,4.200359577809759,0.09289445620869499,-0.010751839713877288,1.2309519436275782,5.772192355347776,5.8289856456020175,38.490248377325756,39.672387286955114,0.12394881130097164,44.925,43.5,0.9304190760273121,0.7664673335344423,5.772466979217778,5.829500004143308,0.5412553485155889,0.08860062444498473,0.8076424108486561,0.5583482265304835,0.0042491467024360135,0.049660336174889394,1
6.636859104038939,44.03361892049081,4.195661388957718,0.07816961091825837,-0.011920679689516153,0.7630138665492714,5.7341763026053085,5.828537242087106,38.5686096345622,39.55401989919236,0.10635039705700858,43.95,43.275,0.8953033149815806,0.7498364171086074,5.734418937566083,5.828195740805469,0.5266262146901959,0.08717299101882253,0.8208831736527039,0.5941636776286648,0.004152338366467368,0.04231573194773976,1
6.985361505446838,44.55161237964737,4.176002271178676,0.08647874553310433,-0.008124929157066658,0.9071795303271911,5.706110417921699,5.828435533368462,38.55642800560824,39.60010490026434,0.11057547322865005,43.975,43.2,0.925254449132443,0.7442351566935317,5.706219817812947,5.827988480742347,0.5307962766528195,0.08985205999316362,0.7998066700857197,0.5617908234093617,0.0024143460711937605,0.028482335113237056,1
6.512585512485322,45.6313502542294,4.207721071750423,0.0715163329923166,-0.010806164721004331,0.47515791794750356,5.765106005599505,5.828813672367,38.34076801840695,39.43962568054302,0.11905283557837379,45.675,42.85,0.9932221900417808,0.717177467254257,5.765295222219109,5.8288831091029625,0.5478329274640124,0.08447039724499239,0.8578672248724459,0.5955501660161123,0.0024969458671289025,0.02693293386413714,1
7.210940503483559,42.34132355227958,4.217983143006453,0.10277050106199906,-0.0118874927105615,0.8806271964987675,5.73668947509671,5.82893530744409,38.42223929580028,39.87743885151327,0.15554424140662185,42.375,42.625,0.7729188080490585,0.6998471211562078,5.736991506351532,5.828545731737322,0.49470541687740704,0.0841753134701529,0.7376101611516787,0.5167007252757354,0.003458288721074299,0.04061485055410887,1
6.965421869865857,44.37971476761783,4.169966127638758,0.07341475464875775,-0.01052649094699506,0.532354119769683,5.7152620395585965,5.828634818949108,38.6495162950734,39.38575457882492,0.07906031072809774,43.725,42.575,0.8972261456860471,0.6963172881548214,5.715039039915212,5.828659419060817,0.5353747757249914,0.08782490248490481,0.7987546191645786,0.5424043675570388,0.0018600610465864488,0.02281552031697015,1
7.10435045364315,44.82692522509296,4.16825462260952,0.09488927558729525,-0.010060658392225185,0.7116282835767612,5.708790355064414,5.828512111304836,38.581586149474866,39.50044276646795,0.09540271261254206,43.175,42.8,0.8619782453353899,0.7136587822136136,5.708936671744689,5.82812513234159,0.5220104309171428,0.08947097627558535,0.7751866036849404,0.5405852198949626,0.0022147863869633193,0.026831487047898426,1
6.941705321165571,42.90662789271006,4.16895987903498,0.09501981735006641,-0.00874526361574425,0.6567076141453183,5.754560390785906,5.828886445847073,38.54245003718494,39.76581176912791,0.1311330279467489,45.675,43.025,1.0037678048553795,0.7304580335959754,5.7543980154018035,5.829360575452352,0.5573888845878799,0.09003759816587116,0.8345064936308227,0.5643696738641131,0.0018751342080410892,0.02277817305274026,1
7.101257144844249,46.386876644954604,4.230817523168255,0.09452913602645668,-0.010106055202472989,0.3395467221465849,5.742503075115114,5.8288123359964095,38.4597731150085,39.491716545804245,0.10823538276137924,42.95,41.775,0.8111218760092633,0.6345459242271412,5.742774656945552,5.829334622724941,0.5019308402831867,0.07957706234979166,0.7578222195910558,0.4956763789283016,0.001208881398937797,0.015250877493565131,0
6.908468566885825,45.02136142668128,4.160796821736455,0.10930701755857798,-0.012088987699209734,0.8002676380559511,5.77408734720225,5.829185557582968,38.505115849227344,39.53592659537071,0.10435350233219837,45.2,43.325,0.9490071783863945,0.7529873359226409,5.7738114152819096,5.829196789243676,0.5525663862788739,0.09206999629576117,0.8281106696446359,0.5816307460456122,0.003373076108000645,0.03781401391051689,1
6.508141356189247,47.598435676617754,4.174695285990489,0.11293347753129705,-0.009347077533076526,0.6346379457746336,5.729711226446598,5.828441648402555,38.398810540411866,39.58443829082231,0.11949417297454748,44.875,43.675,0.9691692770405327,0.780264730307275,5.7298108790071005,5.82830828789933,0.5315734657005041,0.09130538009709188,0.8458843434886771,0.6335665280796567,0.0029125421779758144,0.027997776539480476,1
6.577481327446886,45.39487647437023,4.174786995858721,0.10996514088210933,-0.008533197598404619,1.006104462961169,5.7875668265525295,5.828455010081323,38.423253133306794,39.784724449291254,0.13986414073422063,48.125,44.225,1.1496516362032745,0.8217329571869705,5.78774416232847,5.828622391674975,0.5740500192730851,0.09309254108211994,0.8898483593462082,0.640770908180358,0.0037047264132998568,0.03761855948946152,0
6.792264550220576,43.07879730187378,4.17274235527544,0.1219910934553675,-0.012664880235543257,0.8075322020954974,5.723828098679778,5.828588856431966,38.65887623780574,39.83617723448062,0.1208753459063362,42.65,43.35,0.8068686482225003,0.7554828321206424,5.723658016315538,5.82863720523043,0.5041811830444074,0.09076382022804663,0.7819272684351355,0.5904787231612146,0.004404557623595121,0.04232269568415105,1
6.95107312285942,47.984973951586,4.200399412463192,0.08543158268226594,-0.008252978499298411,0.7521361757943952,5.766151742668922,5.828848072914902,38.64587598898844,39.36496369550762,0.0743410128949536,45.775,42.825,0.9995706873454813,0.7152332224236577,5.766061123177117,5.828983902668863,0.552263864304847,0.08589464513469101,0.8318525455825825,0.5458647056896534,0.002094519939317124,0.025720264609290295,1
6.922547434543947,44.78514664147122,4.172890561882702,0.10196312574863887,-0.008166672991888724,0.6444035446767433,5.745794624272286,5.828494605066266,38.521291417183875,39.67100399560763,0.11992997401558621,45.35,43.025,0.9884462386609663,0.7308498743767826,5.745832591570034,5.828233576121767,0.5485104327049745,0.08977325949925809,0.828745835116399,0.5668440496662315,0.0017789508735069777,0.021120854175720023,1
7.141432857388755,47.09652279825031,4.2149249068034935,0.09495930115468044,-0.01153377235615198,0.9182221303130403,5.785703575861915,5.828360658497335,38.617760941344365,39.389488080779515,0.07877596322524655,44.525,42.7,0.88700202231938,0.7061630425844818,5.785487797980639,5.828005247016211,0.533491827023412,0.08433703618252762,0.7923225746341845,0.5213506427422702,0.003387669951411126,0.04157780706083233,1
6.74895206102528,47.15722618576307,4.1474144046132775,0.08982072300960929,-0.010193105546250752,0.9693478997495383,5.72146367467278,5.828604925565084,38.3244415921191,39.321358218687415,0.10076995302292237,44.975,44.1,0.9848766089692607,0.8121781607885135,5.721464030069234,5.828778678472753,0.5509069878215934,0.09561999447386112,0.838396538694031,0.6242762064275262,0.0036711611397350122,0.03926977814065713,1
6.783740460095641,43.10648842106943,4.177198255466808,0.07968483195175063,-0.010825176462012065,0.9791192967779992,5.763960448970958,5.828726587277445,38.662831565546064,39.644984995956314,0.1060954975558583,45.925,43.6,1.0128382052609943,0.7743030204102261,5.764238749153244,5.829012588759808,0.5610435574600168,0.09045573137254859,0.8488103034774295,0.5912222163802032,0.003946788503980131,0.04362025082615915,1
6.681128690873186,46.622477836366635,4.223293571254262,0.09540761495942648,-0.012796570533084015,0.7946337916769595,5.767498732131146,5.828699273209112,38.506041363094006,39.49074494516947,0.10185664455194901,43.8,43.1,0.8506581109785731,0.7363597516588296,5.767454596147951,5.828784495098465,0.5149146497605708,0.0842163926523213,0.8080141905108378,0.5812311326614114,0.004880489918540818,0.048450357517896704,1
6.657600503568984,45.185402046096385,4.192466665039688,0.1054482122573375,-0.010155414021188297,0.42057860865142044,5.752630041526275,5.828749988183118,38.49620182781141,39.66260060082914,0.12195976311742493,44.7,42.725,0.9331758186524368,0.7076863497612829,5.752407867737878,5.828828334308205,0.5315792927380235,0.08636674773812433,0.8309783841116022,0.5818780118310056,0.0019188013402126386,0.020382728425423956,1
6.7461976101655745,46.36254278194542,4.153008398861736,0.09492928055269736,-0.010322315562686167,1.1784891837304896,5.750188337952638,5.828609316509721,38.61353527444328,39.45207810707094,0.08502993400274127,46.05,44.275,1.035826692976781,0.8253368810485373,5.750353878568516,5.828790068745822,0.5630054863452224,0.09550540786397155,0.8550748889071045,0.6238635198478772,0.004530300885566154,0.04735419362033632,1
7.276476989344874,47.87671173642879,4.143283120282477,0.08898513861589091,-0.011197551673542501,0.8005031776332817,5.734078103416889,5.828297351747821,38.58648957418247,39.057127764454066,0.04668906023655958,44.1,42.875,0.9067049829367084,0.7196030751065763,5.734018944622606,5.8284840187503395,0.549675279411207,0.09245332620688965,0.7880688536841256,0.5312940179235823,0.0022494383030798406,0.030193463256626876,1
6.759127495516967,45.21219550508693,4.212883454852661,0.09783849543838459,-0.008466481251924089,0.8387354948152874,5.738085792687188,5.828252126670743,38.48899064661078,39.75512026010878,0.13381443533001877,44.5,43.225,0.9327462393759793,0.7463201027598529,5.738357039122014,5.8283519804360795,0.522665963977131,0.08603263872775192,0.8178491201472885,0.5799833621795039,0.0029845792924827353,0.03175937504840742,1
7.1239490129847045,43.294431957576585,4.165607859992438,0.09728283368717164,-0.009552528594819695,1.0328886120102667,5.7387109944646,5.828440811146239,38.546950707273474,39.70350661447511,0.12144490487427212,44.55,43.3,0.9358676439214966,0.7518327393986013,5.7389681152148135,5.82878560647041,0.5437589851079814,0.0916546812538435,0.8023769907696733,0.5553720983464295,0.0028727350824339806,0.03515959636330947,1
7.101777329812974,47.15100625251297,4.17521824939274,0.07789880215384236,-0.00914441687251009,0.9694215308740234,5.729343888554791,5.828675314169218,38.36709813392973,39.25388986137271,0.09121205693590734,44.45,43.225,0.9377394317585228,0.7458969152613779,5.729056879647358,5.8288231932846255,0.5440733014362208,0.09012528118013562,0.8023017027905214,0.5532364481202982,0.002595557742499719,0.03283077236525013,1
6.978797905985819,44.411830134237476,4.16823308558186,0.0875641664267461,-0.01049745633532901,0.8996138164272833,5.743504245652705,5.828803079913224,38.522959927118364,39.51558886577331,0.10406345660672113,44.75,43.3,0.946039834477121,0.7514704706316158,5.743380302321926,5.8289923659573475,0.5477321385721806,0.09095185080128586,0.8164336898677408,0.5681825038719345,0.0030587458383732973,0.036146823018096526,1
7.254433108326342,42.825560289648266,4.118824854254639,0.09774910126329098,-0.011714596868084294,1.0746990037694493,5.704985847452475,5.82863663673356,38.435898227887755,39.528675281226036,0.11207365396422332,43.375,43.6,0.8809840887072706,0.7743929709541115,5.704967838716888,5.828590150379689,0.5413833882394034,0.09801859559782096,0.7778406586049744,0.5649347956050497,0.003159113263864205,0.039573577003735275,1
7.160438719756702,43.701287829649786,4.151144075716075,0.08640072107515208,-0.0099437304874778,0.8996841740279766,5.7331330107679666,5.828698687768365,38.370402816872485,39.510521273119714,0.1195761554150229,44.575,43.225,0.9433181423522301,0.7458735416622311,5.7328356461309875,5.828166731399554,0.5525662763357181,0.09289366894329096,0.8040036179283526,0.5546539874943354,0.0024230508152556967,0.03137472169940973,1
6.97450143337958,45.96533959723917,4.122790062175901,0.100623616256349,-0.008983808940650442,0.8765119326142029,5.7339699136186635,5.828672804227867,38.51297503955241,39.39833637583595,0.0889801552658412,45.775,43.675,1.0317525163957395,0.7800335744819638,5.734004549607335,5.828668714551681,0.5699945667003771,0.09745239041890902,0.840403748774052,0.5929060557495923,0.0023113703011602253,0.027843228756999103,1
6.970108673345207,42.74624874624171,4.193542384393397,0.07908450634801518,-0.011909301375547144,0.6364317167309526,5.802608478089331,5.828437064308662,38.47947368292589,39.6031584797258,0.12265098758383887,46.075,42.575,0.985248326528751,0.6965150427952675,5.802553121325453,5.828071971073782,0.566055726886495,0.08558095856038608,0.8373557555272677,0.5402189424271866,0.002509569183573645,0.03192310812510473,1
6.59999910836847,42.6928134091447,4.166755805334949,0.10406720714523277,-0.012116624882653793,0.8656534064068786,5.750975809442304,5.828598702925599,38.587281692335004,39.79784170940067,0.127339828044597,44.875,43.9,0.9479046940448272,0.7971088064653795,5.751033941264768,5.828849015131894,0.5413764534023932,0.09259390697573819,0.8420916790247653,0.6271991512541455,0.004762820606686375,0.0458540389700926,1
6.869760553858591,45.98749799065035,4.130458281243017,0.09670019217097232,-0.009001662698077909,0.5147214353208863,5.731152402579651,5.828948434990429,38.50298061346578,39.384068026557074,0.08980464358211973,45.65,43.25,1.0253259700638964,0.7475247839925236,5.7310135935378925,5.828948316071943,0.5658771231815264,0.09488304762300948,0.8440556439478222,0.5889493925867424,0.0014987302233830373,0.01791963756002709,1
6.759989072055124,42.112927420460885,4.209436170455828,0.1019114901122874,-0.009579773735070782,0.7364725461825566,5.713504061710234,5.8283754568168,38.50020871386255,40.01374816065042,0.16484989471327222,43.075,43.05,0.8496506675339282,0.7328744241129002,5.7136773032269135,5.828110464454902,0.5017599706172103,0.08583259487363665,0.788974739429697,0.5758804162411759,0.003109222413321973,0.03183739586388879,1
7.154153953805425,43.97026088230925,4.271185591957465,0.09794009296801387,-0.014019930724542266,0.7474325062423014,5.735978521639577,5.8286969506819,38.542078211372996,39.726710585175745,0.12687393962607038,40.725,41.95,0.6456356942152173,0.6481850152026105,5.736252939447527,5.8287756222623806,0.4521238241071331,0.07629815802191307,0.686820885944944,0.4843264727988246,0.0043575414277607786,0.047106837309081565,0
7.2412573341246285,42.59388203377959,4.182786944914675,0.07710505700014127,-0.013517947784233401,0.6343464508036534,5.8102286678544255,5.828414303589401,38.30020061088609,39.4729922997116,0.12664612658259602,45.55,42.325,0.9388453427043562,0.6773523691402632,5.810202269900915,5.827875262716954,0.5682987590911084,0.08613172228088509,0.812827802717779,0.5116558553759769,0.002288496141393277,0.0327379903787383,1
6.86519430970544,45.70377192256923,4.193283919182007,0.0839158201441131,-0.008960268263165006,0.7487047403450213,5.727747416919812,5.828827815520485,38.38608329068608,39.51111394634809,0.11869164176430924,44.35,43.125,0.9318321493891597,0.7381349527613636,5.727828442558181,5.829303533160084,0.5319792124973782,0.08765531701236623,0.8125812501849881,0.5705160372631102,0.002468977633583414,0.028381721860252222,1
6.802584512400761,43.102046694405374,4.189454107402711,0.09056052873745155,-0.01216274486966525,0.6442814156030628,5.742455988486701,5.828996314634057,38.57607870830023,39.65425222610673,0.11580366786985136,43.7,42.85,0.8681415639286634,0.7169948249872,5.7423158503959595,5.829426351094676,0.5248794701505693,0.08686497126964136,0.8041175407361145,0.5670291146767403,0.0031810442933229636,0.034476393725757115,1
6.6762111669428785,46.98130925195152,4.155238632648861,0.08584668172948172,-0.012232877633265785,1.0518609153411942,5.773003769096273,5.828572023723595,38.50269150991779,39.281811535335855,0.07895974800196658,46.525,44.275,1.0479199220177096,0.8253741738346632,5.77287721123448,5.829023603209386,0.5731524189233395,0.0949070353582545,0.8668737892486782,0.6312775491622284,0.005052855644056471,0.052476340803025365,1
6.515261944853534,46.2501692504268,4.176355995445887,0.10343708925983282,-0.011569227403712978,0.6654866506644999,5.696597631834955,5.828931751879048,38.48665453493325,39.52488187956883,0.10627354260465792,42.675,43.55,0.8360128723968714,0.7703106288795194,5.696661162723848,5.828813045024413,0.5034523297108572,0.09040833701400144,0.804532952184561,0.6257739134948186,0.004011383875024382,0.0365735794425096,1
7.008211983613921,47.466987152493495,4.097258661972309,0.10541195391976675,-0.013343935095801947,1.0936813940406767,5.7760632921096695,5.828869705295984,38.467254396122584,39.10052516566672,0.0606769717239129,46.5,44.275,1.043027556383258,0.8250764922622738,5.775941154795614,5.829192806064567,0.5921349158060678,0.10243318759852078,0.852998187386288,0.6141047320838626,0.004049393972276314,0.04763050000891836,1
6.698574438812766,45.462364970067014,4.216379961726403,0.07386460306251655,-0.010309005559197988,0.9021000030665024,5.7454236222924635,5.828697988542726,38.48272664975772,39.52626058739377,0.11220992492942519,44.6,43.35,0.9328995205331365,0.7553737000098826,5.7453876646150945,5.828365085696649,0.5304503761228582,0.08547169021743084,0.8258334331364121,0.5855729648753394,0.004038290675158291,0.04287534495807287,1
6.953169313122169,45.493543941140075,4.192620552201879,0.08868932892496398,-0.008030283117351406,0.6850173892008156,5.747845238968842,5.828615036978455,38.453902287747944,39.56969157072183,0.11769371322290507,45.2,42.9,0.9752492866198024,0.721194120546671,5.747727199371653,5.8284518144794175,0.5448046193391198,0.08716363121715276,0.8222831797129553,0.5542228712344822,0.0018503916744250838,0.022612788869504498,1
6.542793427901565,44.76943468360601,4.18998586871416,0.10058063596938639,-0.011406780120697657,0.7138825219813807,5.765530400844426,5.82873628240115,38.6651638485034,39.66562957573762,0.10489651119093377,45.3,43.4,0.9649970673411099,0.7591313543990914,5.765384831794504,5.828591803376826,0.5409437685758761,0.08837270480376092,0.8498695033340977,0.6112459901412177,0.003968608781696121,0.038762928001288555,1
6.782910786556026,47.19489604418173,4.156875793988273,0.10942501333627885,-0.009505629372151093,0.9061069250151,5.7900504205574,5.828640007644316,38.48346621535095,39.48953025565769,0.10040696923294201,47.55,43.8,1.1056003826663243,0.7895168354654025,5.790305177863936,5.8291145190891935,0.5793632973674847,0.09396080562887091,0.8732476697967058,0.609906946386799,0.0030887477924566344,0.03433152312009604,0
7.284010229906156,46.80353261779629,4.1475285710391505,0.09435132582186222,-0.01249536886516659,0.8970078900142328,5.729581507595956,5.828884569318056,38.40920435538582,39.15701133363755,0.07425178810106985,43.375,43.075,0.8563884285637897,0.7342701599261057,5.729656213488439,5.829029569781263,0.5358676771006776,0.09293814703353522,0.7708216301601224,0.5396254058637374,0.002916832066672449,0.03754396633438162,1
6.735361932146104,45.62641060136179,4.157277714398715,0.0965720077210668,-0.008821927702720386,0.9906638655384378,5.746067331303924,5.828648629347089,38.59755541936569,39.57079257597781,0.10032513965763115,46.275,43.9,1.0565057113028216,0.7970588800438891,5.746296598763796,5.828279569965519,0.562780762635241,0.09390160404842911,0.8584795375823903,0.6137622056529047,0.003266955739866684,0.035235032723525087,0
6.520241255062178,43.16928758615962,4.165968169174172,0.11411148000011533,-0.009352793215149547,0.6982521921511757,5.780708020904462,5.828577403411918,38.397342201688154,39.92952393907308,0.16051110828459184,47.525,43.875,1.1131298071852012,0.7952432463339667,5.780821529130298,5.82861542547591,0.5689341671217683,0.0928969071643874,0.8859186962996483,0.6401812648181971,0.0029792864877699354,0.0299443777856314,0
6.939717939360334,42.32884098390213,4.1646568387155245,0.09912233484675022,-0.009310627077282519,1.0483254410287628,5.74137487252944,5.828975762073081,38.58996169145978,39.86025121675722,0.13528698586763593,45.125,43.6,0.9761395487427613,0.7740538456145902,5.741652344358831,5.828967320465331,0.5487033457265136,0.09253163386858511,0.8252516778916374,0.5825151871273978,0.0032363580523639152,0.03680022872287688,1
6.855190267419681,47.91319724356375,4.164652567887694,0.09285625992990164,-0.0074839555383258895,0.9661699831556659,5.731323633015505,5.82871214968158,38.450505101734784,39.39852906986841,0.09619409826727646,45.675,43.675,1.0270045626257813,0.77999422902825,5.731273973053422,5.829099109981665,0.5546159129642844,0.09265644538040584,0.8407407038231486,0.5950208698876309,0.0024732202036121553,0.028393787515201035,1
6.809487500704004,42.618998250693664,4.2116712321616925,0.08453593131215999,-0.008561091637089588,1.0936026651984576,5.7413838887040445,5.828665659926403,38.41412326532926,39.91226542863104,0.16452258454796068,44.875,43.575,0.9574966147830866,0.7724706058993522,5.741653025599301,5.828927517558721,0.5323782360252628,0.0872062979033178,0.8231032067867469,0.5848090954263542,0.003664593197253243,0.04001490489234432,1
7.296314935073321,43.91900555577788,4.22248156941918,0.10288354240907774,-0.013056280494378328,0.3,5.785784357533282,5.828940260501473,38.73089570636564,39.597044527613996,0.09192773488662175,43.2,41.225,0.7868863325287121,0.5917294864953311,5.785492999357947,5.828674699045879,0.512421485611004,0.07826857033079643,0.7502534306557168,0.45752101149841584,0.0012105415042446615,0.01660104817394176,0
7.043600622868718,42.241978993999716,4.171947265506851,0.0978330804645355,-0.009077416182022369,0.6131886697710202,5.735491495193508,5.828840534988141,38.68782599148904,39.828352886734855,0.12314327674423758,44.425,42.7,0.9297166785997151,0.7056831660936753,5.735250218614999,5.828417772198846,0.5391706884966885,0.08867309588652174,0.8042486291422518,0.5411371872838404,0.0017537206668859255,0.021552334824323168,1
7.257215125186489,47.50763723210509,4.190832151481365,0.08455908767472022,-0.01207458365626116,0.7983691997571272,5.773958681951308,5.828345775356519,38.52663448291478,39.16056174872344,0.06436172244141716,44.375,42.55,0.8874976152858061,0.694690327563654,5.773720152950063,5.8286704438292105,0.5429652485775913,0.0861888517428103,0.7869319112456833,0.5117170032847792,0.002673707904882156,0.03574688078310293,1
6.842101459074276,42.099795495804024,4.2256227925609355,0.08555221935301208,-0.01196317816406675,0.8138403260588989,5.744385300404966,5.828616382521888,38.46204448427212,39.843620964151114,0.15234680083690078,43.175,42.9,0.8263832999948377,0.7211927750032379,5.744368880361259,5.828909487831358,0.5071269578195939,0.08345503933715674,0.7840548643616625,0.5567568457615799,0.004113674627826537,0.04392132078049767,1
6.748201112342583,44.08934831051083,4.165959662458982,0.0975262188148669,-0.015216285239063996,1.1298256805725346,5.716758923955035,5.82885592218209,38.54988840754085,39.5125323965399,0.09812348725028595,42.325,44.325,0.7890077487746296,0.8288463841695544,5.716422086863776,5.829106207167344,0.5078135964547255,0.09416402038048603,0.7824883057502511,0.6234997026973217,0.007503660640568379,0.06806035347141898,1
6.955960858815761,47.20054057953441,4.173636098114312,0.08741075778982012,-0.008669193211190179,0.773700296244102,5.736591820738378,5.828609774824536,38.542751805315504,39.35197358405094,0.08313418491064499,45.025,43.1,0.9734752430099416,0.736449250043405,5.736778747132403,5.828573951944066,0.5480691001760523,0.08970018286678046,0.8221487317469159,0.562779942057751,0.002191781015063715,0.02643691740074706,1
6.634338212759512,46.043915014366675,4.151654761548672,0.09653599942018146,-0.01287682510284391,0.8034500060403933,5.751617265905073,5.828454117632717,38.49372369604148,39.36622616471219,0.08846601772914786,45.025,43.825,0.9584497978432474,0.7915911994327187,5.751690229366814,5.82808875131307,0.5515355636623869,0.09394392644255509,0.8453950655945156,0.6255360911906671,0.004401211317476279,0.04423572310720073,1
7.096216905829158,44.699759843927225,4.137837574607453,0.09296623783754329,-0.012158280603450181,0.7477073566493615,5.765769173165371,5.828939982601781,38.376254467311355,39.34120667842029,0.09852995116139011,45.35,43.15,0.968471689767882,0.7399259773642157,5.765675597306338,5.828489267985213,0.5686718230498735,0.09398338588562231,0.8239617134516405,0.5629559906965328,0.0025381159784093315,0.032507912687077534,1
6.786527870706728,45.072471966471255,4.17522524460138,0.10989878248057319,-0.008916611457538094,1.1958034594536178,5.703636211883076,5.828529534776124,38.28274403064381,39.76361531190954,0.1510361710500486,43.7,44.2,0.9069613405322885,0.8197785206617407,5.703494938803605,5.828749436348795,0.5172951957342553,0.09352934080570503,0.8053410631888743,0.6204320331710277,0.004246407570679162,0.04243972109420326,1
7.073664049425958,44.4330088071493,4.1473453450967,0.0782824692396243,-0.011387458809978367,0.5186994327759237,5.75220211803869,5.829249032297596,38.24048626841631,39.29701812925536,0.11088355981365214,45.075,42.775,0.9615896571059634,0.7110109013747659,5.751962122712128,5.829439864327139,0.5649433257409595,0.09140346973846125,0.8203945290087674,0.55193033842114,0.0016748106685415124,0.022414623617302745,1
6.574495752354147,42.90395938989897,4.179205304510611,0.0816884628452644,-0.01064033788458695,0.9051271220485423,5.7615040205314365,5.828812349639517,38.364238768650694,39.723909434842106,0.1472209993922758,46.3,44.0,1.042906313950163,0.8044372310712822,5.76127363477025,5.828826155169902,0.5605448113465025,0.09134948925274751,0.8667164198134187,0.6306316050711575,0.004228187591719606,0.043522013127831126,1
6.8629872698098175,46.04522006844382,4.168275366251287,0.0956045804719974,-0.009779013295076784,0.6153301806181032,5.732076163339609,5.828260491708381,38.43129102182802,39.45341329263668,0.10521977141152432,44.525,43.05,0.9406294348416866,0.7329893892213191,5.732264447191799,5.827874070021267,0.5398875158147662,0.0901320503878531,0.8190023106981215,0.5756425983560969,0.002159636576233309,0.024811287776385523,1
6.919676226678571,44.77939560330042,4.158866595407908,0.10083710602061322,-0.01183720495495367,0.6454989426157619,5.710750964211585,5.828793346923532,38.396793607883254,39.48143821775691,0.11129511959689656,42.95,43.05,0.8428739869127924,0.7324565340061682,5.710787018075179,5.828834509099843,0.5191806317496042,0.09125364915081748,0.7844536944920343,0.5735629518494563,0.0027499272477088366,0.03045942679334878,1
7.18143740990626,42.90817583032373,4.2065240376398485,0.09041907554683112,-0.007573831918282097,0.9960287616011486,5.7421179596616,5.828557994753061,38.513487760388955,39.861816541159264,0.14649543269654466,44.425,42.85,0.9230902141316228,0.7174331448681954,5.742155612084321,5.828410703706471,0.5314248325709413,0.08591477427980744,0.7895582227757216,0.5254822821992353,0.00222722881338809,0.02853793851499805,1
6.544711030752601,47.91620702720483,4.152561144199972,0.10663860727649474,-0.012023516443163117,0.9365497953654124,5.727103753762922,5.828723518120208,38.44643731006934,39.38164818960936,0.0924349636224378,44.375,44.4,0.9343525434741924,0.8346089814628641,5.727054022165964,5.829103538418626,0.5354441649341861,0.09571066296205252,0.8388723969404629,0.653405798230149,0.005279854395132146,0.04863354646701398,1
7.254628674174454,45.049388053461016,4.172717483576224,0.09023215733136895,-0.01194086528501217,0.8978036134087621,5.7431027932064325,5.828812496413144,38.50288323681936,39.380245329596654,0.09030800249422907,43.625,42.875,0.8618196136050207,0.7190879304412539,5.743004357813837,5.828607451588116,0.5332971750714371,0.08940157809526825,0.7740461850547733,0.5277988667414668,0.0029562092692289707,0.037886914378505415,1
7.2468657459358985,43.592474425820626,4.184326601135237,0.09361785661960559,-0.006597085170862579,0.65096174402003,5.759196988174119,5.82882803382398,38.5436853685107,39.748638867737014,0.1290131761835753,45.575,42.6,0.9917288742539379,0.6980395150083085,5.758962313006227,5.829302233879823,0.5557926952527358,0.08738826635669525,0.8110979800604441,0.5170476942809805,0.0011221052986089793,0.015693715159571305,1
6.504530665184417,45.05430947935694,4.184362984751508,0.0981894608178663,-0.008551527827100908,0.7635702931599617,5.770159823250326,5.828619308830086,38.449480722605905,39.74750543738402,0.136787757523592,47.35,43.825,1.1109738042851838,0.7914260082353497,5.770295337555751,5.82868053589456,0.5637794974913916,0.09046377842393918,0.8835918529881158,0.6329171225778594,0.003036568096673799,0.030850905678556015,0
6.620523643726242,42.86925441310113,4.195062154551598,0.08914637869845415,-0.009365131415637799,0.43379950779849596,5.766622276811219,5.828636990787065,38.622431176408654,39.80721848723314,0.1303955107145642,46.1,42.75,1.0230758018959634,0.7097114245239453,5.76675197528227,5.8283191875511875,0.5526628738957309,0.08575648104957252,0.8582181894773426,0.5809388204892051,0.0017833882077616088,0.01967853762848007,1
6.535990018632331,46.79186471034342,4.163314749487145,0.10063725294890663,-0.009870650089736154,1.0204231241730533,5.760073083998272,5.828448182833856,38.48281882964169,39.54505229862404,0.10787262014281737,46.825,44.425,1.0828064268509445,0.8367599909593668,5.760036783149525,5.82874430430637,0.5640114293333783,0.09455679375064416,0.8770208415262837,0.6510986052691985,0.004497917210783591,0.04396726135965563,0
6.7790897275712565,43.066056554677566,4.143644461998175,0.08135153392838768,-0.009151742330820728,0.6068562532807491,5.6987839333602714,5.828947862088028,38.532427826740296,39.59311396408869,0.11432264373360927,44.475,43.35,0.9701740062281914,0.7551238264645805,5.698886501098151,5.829121014714979,0.5467723369807659,0.09334120218927933,0.8291725299967363,0.5952132560465921,0.001992897537795378,0.022612006137922767,1
6.503633889294255,46.60244754281952,4.2019342032835585,0.11064385841476587,-0.013012089012981405,0.9926277491033252,5.72223194918829,5.828871624170099,38.45241959030551,39.60747094938959,0.116328502538117,42.55,44.175,0.8008041537318835,0.8175559877128435,5.722514169083294,5.828401217328639,0.49336240619650595,0.089749211850556,0.7969397944860565,0.6405763910715715,0.007307705391590584,0.060888669981645896,1
7.026592396538547,45.206748642958686,4.189103477941753,0.0892935044642055,-0.011804103277909032,0.7633281788441237,5.733168669682225,5.828880167256712,38.537240839270254,39.439118925346236,0.09399362232051349,43.25,42.8,0.8433045493007274,0.7132907262617376,5.733037526481612,5.828702835481054,0.5198676049974941,0.08708105711716241,0.7790186508779289,0.543055941326208,0.003087965735887174,0.03597416927064439,1
7.124830471860152,44.49249376023495,4.205873588659783,0.08478570570250468,-0.011052790110255152,1.091209551720016,5.730082074351417,5.828967663947003,38.55052838913287,39.563232079138,0.10705183340665264,43.125,43.1,0.8368806939304321,0.7360913609209385,5.729799913341048,5.828733428149613,0.5136706423238738,0.0865418863583543,0.7665157068875179,0.5371476537911902,0.003924331848412787,0.04586889355832088,1
6.939289191674177,45.93540188377354,4.1740795537534225,0.08740284265738753,-0.013293274624148695,0.7316555129866911,5.696508521305099,5.828810011949009,38.690310368359974,39.27796330328964,0.06045254681634293,41.875,42.875,0.7745810314672932,0.7190904149053887,5.696805000745002,5.828900513512211,0.5012318989273485,0.08857842184043845,0.7576229280929053,0.5547860712379726,0.003665066908911159,0.039202093976799274,1
7.260504135543663,46.74060864921947,4.217360761480403,0.101023195657009,-0.008655055788416424,0.6276130928067448,5.773062671733913,5.8285796812177635,38.37789965641777,39.51752752694517,0.11708373590816568,44.55,42.3,0.901515966652183,0.675265335385876,5.772816598701105,5.828532755804653,0.5309902093129987,0.08323588284745652,0.783427107113035,0.5027663555670197,0.0015691629045559486,0.021202632224628835,1
6.945134572726392,47.09475692092949,4.145041123827652,0.10352310824054212,-0.010108222565692732,0.5768048733151271,5.735505061436169,5.828463444956366,38.352259513470216,39.3260428983069,0.09726070572299893,44.75,43.125,0.9540390186936571,0.7384993233254828,5.735745119249892,5.828567778636043,0.549617790932106,0.09316390793681673,0.8206274234302894,0.5778015955424465,0.0018888951920302411,0.022487304130620327,1
7.162201995446294,47.18952858236976,4.186125060281175,0.09805232218619407,-0.013082662806724725,0.9914863683496363,5.767146570119831,5.828555414724177,38.60275808357824,39.27453921118261,0.06712662882575314,43.875,43.05,0.8566740796260541,0.7326944662055226,5.766889697261549,5.828838365324787,0.5316242985196729,0.08854140036113653,0.7823576204905406,0.538067164234701,0.003995411722288795,0.047482666493044605,1
7.289926943414657,43.470687534811695,4.196425448761079,0.09852135667742065,-0.013068156472699502,0.6796039067487448,5.727949022322417,5.828973030993698,38.454005299153714,39.5882043420142,0.11907039452375383,42.0,42.275,0.752791676085443,0.6729497615346789,5.727735442017324,5.828608308296804,0.49769687144705776,0.08496036279220598,0.7278812505701286,0.5024976521755504,0.0026958319767101464,0.03353804690886996,1
6.87564338499264,46.10024655142504,4.208014731965629,0.0801741151644087,-0.00845721765359253,0.9271634316046348,5.753583161595858,5.828720122576213,38.4826002212861,39.52320210620286,0.11030474505660605,45.35,43.2,0.9806577013373943,0.7439505674857809,5.753719532604619,5.829058112114913,0.5433704259522472,0.08630365963238679,0.8284549977699157,0.5654776814967104,0.00284775888302182,0.03322288252881127,1
6.797201770077992,46.5214111057472,4.174571625158065,0.07801811631225337,-0.00954503528781194,0.8910611964341372,5.760732059037804,5.8287671818865965,38.65546900982952,39.36197029556582,0.07384211124998567,46.325,43.425,1.0455150713564487,0.7609976090600421,5.7607572007112875,5.8288024323947445,0.5666502957469131,0.09019472451936882,0.8548533765393599,0.585116075053578,0.003057817322990776,0.035115083076631394,1
6.610131593312335,44.18801436345291,4.24469310569287,0.07186159887394378,-0.010046697482300861,0.8767718781478709,5.702195126622439,5.828840750343432,38.5763764722259,39.72284221572454,0.12724013948250595,42.575,43.175,0.8227569804814898,0.7419278500563715,5.702360413780955,5.82862933422288,0.48914760051424333,0.08185148695749529,0.786073184544434,0.5804943893852316,0.004548557844271171,0.04417469007938904,1
6.662949185574718,45.69333290409094,4.171785086528104,0.09802289507509364,-0.009774092701824347,0.8175571959472808,5.742789793147912,5.828687131619814,38.418522471352496,39.57852763484934,0.11979979291570406,45.375,43.725,0.9933069995058279,0.7838010536248294,5.742530078446195,5.828384442992442,0.546565037819165,0.09175163570472733,0.846275001857145,0.6164149654738356,0.0033355260868559652,0.034684689469095635,1
6.883503859108175,45.38809941800123,4.172801541820999,0.08649888939587594,-0.015735525883088675,0.6339528758375297,5.7226360955678715,5.828839634365435,38.424225427533784,39.20765516982221,0.08060542263483206,41.9,42.725,0.7503848375050319,0.7075967035789654,5.722312473209259,5.829177003325245,0.5056637368090919,0.08814010361479335,0.7626400013584682,0.5612770022055965,0.003972977759011729,0.042362972919177726,1
7.137607686799857,44.078577207643214,4.213986082402016,0.09459143497467247,-0.012176570585999413,0.7817980653122588,5.703808109656718,5.828969511995654,38.66889757978206,39.61739997228587,0.10039053893516618,41.425,42.45,0.7324174923556912,0.6863969397091161,5.703863359195848,5.828537656513774,0.4804684198585088,0.08347107685554722,0.7215591632502864,0.5131809456728362,0.0033986999642544274,0.03815355970939,1
7.013154194671093,45.38258634321012,4.170552513719026,0.09466743598093298,-0.008226801475389777,0.602487535247387,5.803694251324412,5.828562641951694,38.65108377159334,39.53378934834103,0.09202853089704464,47.825,42.8,1.1118679094836308,0.7136082515667557,5.803914563323195,5.82904778911178,0.5882772850190303,0.08910301203438784,0.8639070464980135,0.5477884054148052,0.0014671865300402303,0.019301754815085396,0
6.773892949943553,42.97077768307792,4.175263476916974,0.0877271204744815,-0.011194810893682438,1.0930811507711138,5.75959265846013,5.828698153938549,38.52514611197395,39.71346121518613,0.12665074800152198,45.525,43.95,0.987628991967548,0.8007814636483399,5.7593561483295845,5.8288327538669495,0.5538416926524277,0.09200454204831367,0.8422935097558479,0.6067857859957367,0.004667356337785921,0.04955397454803004,1
7.270366721372713,46.87320599471812,4.203246113254409,0.11843913476190095,-0.010460046823750098,0.7792501654526813,5.722704486279451,5.828443467654998,38.495975021479,39.534585391827285,0.10355699246142185,42.275,42.5,0.779218306248926,0.6907589375476508,5.72302577454425,5.828347954167928,0.49253001130345736,0.08550924340169214,0.7317364651198812,0.5117833011102917,0.0025448680780004412,0.030411408304733326,1
7.261529104022747,43.792140681431206,4.194112189936683,0.09621625574663038,-0.01169088685967972,0.6013040478194109,5.772100834989452,5.828729071941778,38.4698608025149,39.58069994794686,0.1170323844615705,44.075,42.225,0.8667996763904258,0.6693475665721138,5.772107871144332,5.828243692541508,0.534130572544507,0.0849614413519023,0.7783758890716991,0.5035578484026273,0.001999011497514013,0.026858451602863875,1
7.032644529542475,43.83761646025213,4.175545602904574,0.07966560653018347,-0.008387301342104634,1.225301631641022,5.770189609916392,5.828835779213858,38.4158378987168,39.62406547367185,0.12897138920859944,46.6,43.625,1.056229656434013,0.7760866275975955,5.770443207388317,5.828803847272734,0.5731031227617527,0.09142063999437693,0.8446941725500869,0.5713199546973289,0.003017744655411217,0.0379379634893678,0
6.77318018953058,47.28231949127509,4.151406735256077,0.11622265410601614,-0.013847914233869807,0.6952500008384683,5.742861108923026,5.8286039674714445,38.63512837345287,39.31738870351361,0.06680666948920368,43.45,43.275,0.8488002901477731,0.7497696917242687,5.742616281285764,5.828382712579338,0.5268075187219834,0.09261772265464634,0.8049334906986877,0.5951400558487323,0.0039532738857884974,0.039602010762055516,1
6.877371908539989,46.581468520134344,4.182848177878502,0.09722291770192461,-0.010738169156023833,0.9955544946841758,5.757345090929289,5.829092481547192,38.481273897828544,39.46088272773655,0.09969246518241175,44.95,43.55,0.9471310258154046,0.7701498992113756,5.757632106234209,5.828712511609877,0.5424722469679272,0.09033084560910211,0.8233786738545108,0.5847302850187599,0.0038921317356383858,0.04278779747575376,1
7.274238860642812,46.61526790305315,4.160702317992317,0.09624176138627882,-0.011097647340534228,0.8467356320363125,5.783998489321957,5.828765861512973,38.40036087248745,39.26868224105628,0.08707426532973672,45.55,42.925,0.9650755212368249,0.7229514706069038,5.784217326148796,5.828695026490636,0.5661782066933063,0.09107231763662234,0.8123588089404489,0.5333162868486502,0.002367992001613495,0.03244043785661353,1
7.28449611398795,45.14428867289693,4.1800340325423635,0.08917943318216408,-0.010845312053840468,0.6149784226705605,5.823386860894061,5.828921263887525,38.56502909895293,39.39002333712646,0.08583910094575042,46.8,42.325,1.0176656897007668,0.676845408842139,5.823490967513797,5.828436549819245,0.5825480906483373,0.08661161884491081,0.831458126564572,0.504972736614298,0.0016699429908620992,0.024523768824983663,1
6.862351445485441,45.192838634860465,4.184819719396913,0.07641220536167122,-0.010275327774692039,0.7605090302190388,5.714465713185084,5.829055906815308,38.35108725179829,39.43049114603458,0.11454428497717963,43.7,43.175,0.8961318392302804,0.7417126935844962,5.714786195875923,5.829161478149817,0.527292712738485,0.08852562941624564,0.8022580590115089,0.5738481599541866,0.0028832647220594634,0.032808536544159835,1
6.699698068353217,44.787595205372625,4.160599459629383,0.09100414396261221,-0.013607206816339293,0.5064426318649647,5.735057025961089,5.828773486886312,38.5521003931853,39.360742299022654,0.08419452836331917,43.55,42.825,0.8641853547974785,0.7153078084522484,5.734891220998553,5.8286372820562065,0.5315879867313288,0.08959921291672997,0.8133586879468341,0.5849893689075035,0.0029293180875523427,0.03094091004219482,1
7.078638526722999,45.01759327335132,4.221769326075605,0.09574620877808904,-0.01073009016437539,0.5664375254426525,5.747742526118186,5.828210450555511,38.52613865548409,39.59904472283279,0.11333563236217495,43.2,42.175,0.8249281639438077,0.6660177560907572,5.747874551376969,5.82846015025532,0.5083159603775932,0.08179426806102999,0.7669107334832859,0.5115427511635727,0.002138179764554976,0.025950647433656344,1
6.512287121739158,44.82405626282775,4.157636485634526,0.09215867407148153,-0.011133409411930924,0.6843136250837162,5.769692238555142,5.828409529718886,38.47145750931333,39.53304476613293,0.1109734514210065,46.9,43.775,1.078665228750431,0.7878583004101207,5.769763905651206,5.8283066563198895,0.5716014437814504,0.09289881047902443,0.8807548929683152,0.6356556521618153,0.0034312243213263367,0.03504289803739097,0
6.607574649759324,47.406444939718824,4.202312237742382,0.08118618039117176,-0.016774111077531836,0.49071834408944254,5.747851784540047,5.828845129056831,38.56363273298413,39.0614753234899,0.051349938027575016,41.9,42.225,0.7251691485328564,0.6692315094570604,5.747938820632108,5.828817925232862,0.4995974244634369,0.08280124591146323,0.7783688782313949,0.5641594655605642,0.00435405583685184,0.042731083100271565,1
7.295352321223278,44.173440907554635,4.154781776438633,0.06741981172840605,-0.009795562399464573,0.9053069269925244,5.7956914456580675,5.8284441156863185,38.39015809789324,39.31549044236572,0.09834636132595276,47.125,42.975,1.0690736632149234,0.7270878993373291,5.7956427953006395,5.828629795776437,0.5982114481494761,0.09138648661880729,0.8415604358482837,0.5296464540557828,0.002003358801336049,0.030179026194469775,0
6.589572292412931,46.5829508082284,4.174308943579851,0.07627125109810605,-0.011322323242629492,0.8664770694275619,5.757212648592044,5.828855277747905,38.49263591788355,39.32771053714835,0.08717033381876196,46.0,43.85,1.025117334533224,0.7930779747094174,5.757293163739596,5.829244573111979,0.5605479928760606,0.09119564930046796,0.8624594501373565,0.6225838925268381,0.004241581077003413,0.04399357614585059,1
6.534700939687167,46.24341371388431,4.1325328841000575,0.06601993505121305,-0.008655994196401066,0.7516995804768166,5.759597495963717,5.828629489046452,38.554677477201565,39.27882321353056,0.076551384481344,49.3,44.075,1.2617983766530667,0.810271022333426,5.759598135988801,5.829103902830041,0.6079103642453915,0.09619913761701636,0.9124247267545819,0.642137439513646,0.0025215089928951597,0.028142137524539708,0
7.114348797826682,42.39711405724987,4.189514464118002,0.1018940816265895,-0.010620712428209358,0.5463448703568982,5.7754120524525,5.828702989595788,38.67198067635328,39.81045201559952,0.12237548514194604,44.775,42.325,0.9160003545061377,0.6770636831338761,5.775177105822644,5.828992174383911,0.5423156876550349,0.08559302888240805,0.8028391406032024,0.5190196529622261,0.0018032546758717468,0.022997420246717942,1
7.019404322613453,47.74977288815482,4.165297979286857,0.09445786457387724,-0.012963554946703672,0.6693585918915108,5.761342068894696,5.828633320835286,38.47286691639368,39.14758451673838,0.06736098251506559,44.275,42.8,0.892604128663562,0.7135375726831636,5.761034754118637,5.828184523918781,0.5439880914818105,0.0896202398189469,0.8043511548920979,0.5518332131987543,0.0028169784775804447,0.03390620048156263,1
7.2783514483990555,46.09430400368654,4.203281960236184,0.10386220522155303,-0.010164957661308668,1.0078122824386835,5.76259612635065,5.828665903121256,38.406443961889245,39.531085774010364,0.11433678853144137,44.025,42.875,0.8725376326628034,0.7192345237331415,5.76226710498684,5.829168437371143,0.5263541498124013,0.08670556797194148,0.7734310028593103,0.5219772935412591,0.0029255689465151466,0.03715601639363123,1
6.561650571867462,46.15394710280612,4.177571349791661,0.08198271815248713,-0.008876275065736903,0.8460297216075248,5.747672853998728,5.828911862981433,38.573461724018465,39.510683315208055,0.09885573739617802,46.55,43.8,1.0750831873675466,0.7892449801282861,5.747877845379096,5.828580237890351,0.5609276444376573,0.0908215291589304,0.8714152679736403,0.6227981091650914,0.0032752328465367377,0.034126392433038485,0
6.958775532468618,46.72625916090218,4.192346623898006,0.08828256866300314,-0.01109141264846801,0.967513443019918,5.763465865417433,5.828580501115852,38.47160026104328,39.37632625053676,0.09286140628672704,44.825,43.275,0.9316816310907656,0.7497931580798616,5.763560619554682,5.8283329952252965,0.5423424704018452,0.08835939568961287,0.815069386623162,0.5646110073225707,0.0037027789631513676,0.04278532731848018,1
7.219295661576605,44.683249323393056,4.187235069111678,0.08134482520106658,-0.010904219400480515,0.5334903568655613,5.75777446724124,5.828927925837924,38.452049322862514,39.39986595288006,0.10040059928414063,44.25,42.25,0.8942928805837953,0.6710720741620761,5.757606160947684,5.829044655173783,0.5415568620257265,0.08544061480049567,0.7879174267602468,0.5080001592724763,0.0016333779427488105,0.022471419020074386,1
6.570910759596393,46.7956390287942,4.214563211237696,0.09448614483805916,-0.010559925383180914,0.8761654328665752,5.690274579173882,5.828810774665561,38.60438858917627,39.579233212368486,0.10146283772709923,42.225,43.525,0.8078020593400099,0.7685371773527345,5.690123658666853,5.82855268711413,0.486253021830144,0.0862769919256278,0.784356815172306,0.6060278352499655,0.004901467830290432,0.04434028147749244,1
7.100888211773824,44.17093887628921,4.192349445206022,0.07970405677040185,-0.012410253876127757,1.23972878330588,5.7513274155080305,5.828770360694918,38.70702609800986,39.496657462692006,0.08330937259882822,43.95,43.45,0.8781522020788586,0.7628910383758809,5.751521774149446,5.828884483728177,0.5331911879154946,0.08889427676451567,0.7892667636108686,0.5497115320203717,0.004869609871512888,0.05623235736237998,1
7.112665835607241,43.13434648180703,4.136783622834918,0.10931473641889679,-0.01211702844557228,0.3536350328352086,5.752504286138021,5.82831024969137,38.40335871941625,39.55763572570167,0.11899750365283061,44.325,42.425,0.9051980202136232,0.685137378101456,5.752628345766913,5.828583547568118,0.5498840188452203,0.09169477730874188,0.8022304267665059,0.5418940668521564,0.0012388944159636523,0.016026896581687662,1
6.888921432160194,45.10721231748271,4.155116285763465,0.07331324871496762,-0.01111597420911706,0.7774157226145306,5.72698553308088,5.828549469260216,38.49831075325247,39.29871734819216,0.08420845913193506,44.575,43.275,0.9494656200393168,0.7498241899354969,5.726929650171188,5.828054414913695,0.5516636227232544,0.09182918391363462,0.8227207067870291,0.5780166279482382,0.0029007154409620936,0.03416270935401908,1
6.505276697714049,43.283341363411466,4.206459926140751,0.08906687183985926,-0.010644997029684843,1.121952674115834,5.739338137719246,5.828513098965145,38.38278386229707,39.859298626028846,0.15872063008923198,44.725,44.375,0.9483370936298368,0.8329431982719697,5.7394961142393575,5.828364395930897,0.5268851985475037,0.08962723009297552,0.8410113778556696,0.6432077310488368,0.006075642528581465,0.056006293972180494,1
6.534558527443439,47.05363844570573,4.207647155379295,0.1024840890517182,-0.009934878153394371,0.490218848266339,5.774006090673593,5.828462610136635,38.35542457369165,39.583039323359856,0.12706464145844087,45.725,42.975,0.9880202328480774,0.727069404887013,5.774059286935105,5.8284428393993775,0.5401241632318295,0.08556704521553331,0.8544503413567837,0.6015525254992591,0.002409983819955713,0.024810130053812534,1
7.083106969246341,45.8482927810141,4.178339445893708,0.0774441079777922,-0.013450674916142796,0.814291863096757,5.735277579814963,5.828904777968463,38.48098500220427,39.20314562710437,0.07475539024051038,43.15,42.875,0.833588380151034,0.7189956488859348,5.73522775636067,5.828859239615588,0.5265666162684832,0.08828252422147195,0.776312484793264,0.5414942411838316,0.0035094054720682197,0.04214433518228994,1
7.095742033200072,42.66243565131799,4.159455502591622,0.09158883990321384,-0.009409320945229551,0.6167555076228183,5.7537115364889635,5.828860534672317,38.49578526468975,39.683058028290446,0.12709311711643317,45.325,42.825,0.9786728850960076,0.7152207606662433,5.753703608722774,5.8291602432768626,0.5595597843629436,0.09048107085887537,0.8203669497783852,0.545493469916398,0.0016602452269219889,0.021669566345980072,1
7.040893053246202,47.38942485019063,4.162518589531948,0.07769116092664305,-0.009435287877643797,0.7769091964834741,5.753850392281233,5.82887445409581,38.32530181405193,39.18884804322852,0.08847390338462023,45.7,43.15,1.0063271201809956,0.7399915058701874,5.754030600355174,5.82861496014213,0.5665063419521524,0.09111507931925138,0.8312617131398209,0.5609775978371707,0.0021355549752993903,0.027713779150825932,1
7.107412264944528,47.44444508448278,4.21576409346414,0.08166988589928148,-0.007852350102667157,0.5637114960202384,5.734605533645212,5.828700579983809,38.46794357911366,39.380775983970835,0.09555829577673422,44.025,42.375,0.9005282253682418,0.6809077031619593,5.734836055426522,5.8290668691796945,0.5244717135973611,0.08303787612619491,0.7856820363667923,0.5152836750936205,0.0014083055990430017,0.018276267407479996,1
7.152744903899717,42.017737969209236,4.1943965839075155,0.08891640747543501,-0.012118507383189607,0.698300413656775,5.801538561126826,5.828404873155286,38.45680246442959,39.7257082501612,0.13776612565748067,45.4,42.5,0.9364136500423808,0.6907975320473634,5.801656585641578,5.8285949793860965,0.5562324902853206,0.0856485836949383,0.8127013049061026,0.5215336885552432,0.002505942858727835,0.03313928689645798,1
7.262712213471861,42.05951743624299,4.227356675849199,0.10920247468680953,-0.010978535759858993,0.8167860526443814,5.733702734316512,5.829000348109891,38.54992305530542,39.99889664963803,0.15587632665207454,42.2,42.375,0.7624499732481747,0.6806079350358774,5.733902815258612,5.8294189150164115,0.4871078570651107,0.08243561598667642,0.7264966637720949,0.5000641919955646,0.002937864373001379,0.03495145069686677,1
6.573151345922406,42.712146683867644,4.163193742502588,0.10305208959083723,-0.010393317376254688,0.6422022809830368,5.766462475534663,5.828909263682555,38.4495686082658,39.8248404411307,0.146133641260249,46.45,43.6,1.048961209020832,0.7741203440051159,5.766697668231638,5.828850211412925,0.5619913734273954,0.09213727703879822,0.8693147567022762,0.6246881074005781,0.0029331921871139856,0.030260663027748356,1
7.062354106476757,46.36593565496786,4.18550195252585,0.1094180327919922,-0.010705063099814961,0.7473160018355609,5.75581842121454,5.828545635326822,38.42534431147533,39.501214956697325,0.1084800730492307,44.125,42.85,0.8868467065786714,0.7174455042944343,5.755805647513977,5.828106328463767,0.5295719372907232,0.0881872883652682,0.7930668431338344,0.5472620981371418,0.0026301828661099533,0.031175665532116197,1
6.553794641212259,45.571484704729656,4.1911705706096285,0.1156493834637265,-0.012594184257380972,0.7493589217936816,5.75129317076664,5.829109238327819,38.46505152337199,39.65742156040996,0.1210504503074468,43.75,43.55,0.863085106894836,0.7701331424307485,5.751453331027796,5.829418882119491,0.515870374540998,0.08912761397583274,0.8193107807882759,0.6201481154243912,0.004882157121641904,0.044684323431103144,1
7.130338281985233,47.976766160859604,4.178864770985221,0.09937058942392672,-0.011362469568466791,0.6880794714105578,5.72913796808426,5.82878617284006,38.45563038676146,39.2379498624786,0.07804442052832081,43.125,42.675,0.8378248001975894,0.7038243313917665,5.729336564236748,5.828548732320594,0.5189241787786315,0.08808696441009574,0.7695259514458129,0.5346989596842596,0.0024582603309021653,0.0298233969122084,1
6.892302481084085,47.0320670675108,4.1883045602994935,0.08135821947235589,-0.010193872748805595,0.9089834456030292,5.69900297438966,5.828932215799579,38.43399088484478,39.33566576348763,0.09325674891518845,43.0,43.325,0.8584355499123406,0.7532406777060299,5.699097824902374,5.828948290487828,0.5135038574506681,0.08876669783788427,0.784328606761698,0.5735483599813209,0.003453937280212124,0.03787434863769724,1
7.237046484493784,42.24485619182762,4.140305208000684,0.10680840895602549,-0.0070202414584637305,0.7574008924454269,5.742728997426646,5.828886667709729,38.40720613849242,39.855865961640156,0.15251106887417662,45.6,43.125,1.0100482090270075,0.7380761005721199,5.742687626763075,5.828824366763747,0.5646357057360136,0.09425933268897359,0.8177482944482565,0.5493622238302347,0.0013082129665919324,0.017830312697754317,1
7.188179345375287,46.83127186074029,4.164501273002236,0.11256566830267015,-0.01378039834350344,0.9172185521740199,5.716454757714653,5.828552902437519,38.49446079494378,39.30622856551374,0.07945233132397084,41.975,43.1,0.7623568617106251,0.7365061224304226,5.716510255516797,5.829015675700303,0.501677044007846,0.09130493053083796,0.7397737658115865,0.5466773501093183,0.003987028431500238,0.04459812473392542,1
6.687463682191003,45.210765604305045,4.192140300789654,0.09153746544209922,-0.012810116993210165,0.6597721436571572,5.772966663242743,5.828704782116009,38.53758377521885,39.473509281682695,0.09792310967893214,44.775,43.0,0.9184457437158953,0.728733742185991,5.772809733500142,5.828652624864832,0.5401467253065472,0.08694446417139183,0.8318864388092216,0.5840751391751215,0.0037026983088777206,0.0390266749909044,1
6.66651777452719,44.624470828064204,4.246961970818697,0.10827383286647262,-0.010357382289019681,1.094523901586013,5.737582981313681,5.828804118418057,38.3896828149025,39.94893413665566,0.16390951142192278,43.075,43.675,0.8255717479304812,0.7799022602917738,5.737724530969184,5.8292941254783806,0.4885216023079642,0.08415385386646941,0.7876376124039156,0.598519909277776,0.005836018646042171,0.05349370321764831,1
6.835585044892222,47.330780098895914,4.1846358998255155,0.10314871451534122,-0.009547035476177109,0.4547984128899838,5.719817276538288,5.828589967843369,38.65473258595838,39.44763347526687,0.08090166396318332,43.575,42.6,0.8813189892874673,0.6982775809889192,5.719513262607546,5.8283716139636805,0.5184589413000079,0.08681988383612334,0.7986684176391019,0.5576078670824993,0.0017058876321069353,0.01891151519380604,1
6.909793265923004,44.41723627899406,4.126115554999786,0.09249118471960452,-0.009196678292197571,0.9383707751385766,5.681241503990079,5.8287638132061765,38.43967065727113,39.49921605789969,0.10924965864314792,43.8,43.875,0.9369153391196399,0.7950568365397084,5.680968991447671,5.829030434308378,0.5398996892703701,0.09754016542851306,0.8094344624032537,0.6045282612565094,0.002778842427518672,0.031283926694787495,1
