publication,Gamma_low_keV,Gamma_high_keV,ratio_high_over_low
Godfrey,60.0,11.0,0.18333333333333332
Ebert-Faustov-Galkin,78.9,13.6,0.1723700887198986
Fulcher,75.6,26.2,0.34656084656084657
Gershtein et al.,77.8,8.1,0.10411311053984576
T. Y. Li et al.,49.0,10.5,0.21428571428571427
Q. Li et al.,70.0,40.0,0.5714285714285714
X. J. Li et al.,47.8,25.6,0.5355648535564854
Eichten-Quigg,62.5,7.5,0.12
Bondar-Milstein,75.0,2.0,0.02666666666666667
