M2_vector,s0_vector,f_Bcstar_LO_GeV
5.0,40.0,0.7894671864040131
5.0,42.0,0.8303782139934726
5.0,44.0,0.8597608082632398
6.0,40.0,0.7203328777090925
6.0,42.0,0.7661425478397227
6.0,44.0,0.8009470554241178
7.0,40.0,0.6764314846768947
7.0,42.0,0.7259509409529558
7.0,44.0,0.765073401095943
8.0,40.0,0.6461861755230458
8.0,42.0,0.6985991359715518
8.0,44.0,0.7412124341868713
