quantity,median,mean,std,q16,q84,min,max
f_Bcstar_LO_GeV,0.7531429176414072,0.7517068551700768,0.0628718644344885,0.6932788996608341,0.808010533480763,0.6461861755230458,0.8597608082632398
