channel,M_initial_GeV,M_final_GeV,E_gamma_GeV,spin_projection,Gamma_keV
Bc1(6743) -> Bc gamma,6.743,6.2749,0.4518522163725356,0.6660805659418517,68.48886229491437
Bc1(6743) -> Bc* gamma,6.743,6.3359,0.39481092911167226,0.3339194340581483,23.126751736013507
Bc1(6750) -> Bc gamma,6.751,6.2749,0.4593120271070961,0.3339194340581483,36.02086510176634
Bc1(6750) -> Bc* gamma,6.751,6.3359,0.40233833432084204,0.6660805659418517,48.763121540877364
