sector,state,label,M2,s0,combo,theta_deg,theta_reference_deg,sqrt_s0,f1_GeV,f2_GeV,g_GeV_inv,g_A_component_GeV_inv,g_B_component_GeV_inv,Gamma_keV,two_point_source_theta_deg,normalization_scheme,m_initial,m_sigma,quoted_combo,window_id
Ds,Ds1_2460,D_s1(2460),3.75,9.0,low,25.0,35.3,3.0,0.41502353499913397,0.1782801960533204,-0.46593043541980633,-0.09601531631497566,-0.36991511910483066,45.63277820659234,26.594403607486143,AA_AB_BB_two_point_projection,,,,
Ds,Ds1_2536,D_s1(2536),3.75,9.5,high,25.0,35.3,3.082207001484488,0.41502353499913397,0.1782801960533204,-0.1011936127038599,-0.5293747653218096,0.4281811526179497,3.1776522316313893,26.594403607486143,AA_AB_BB_two_point_projection,,,,
Ds,Ds1_2460,D_s1(2460),3.75,9.0,low,25.125,35.3,3.0,0.41512269278578134,0.17802748612492864,-0.4658909075224388,-0.09644126176630037,-0.3694496457561384,45.6250358866073,26.594403607486143,AA_AB_BB_two_point_projection,,,,
Ds,Ds1_2536,D_s1(2536),3.75,9.5,high,25.125,35.3,3.082207001484488,0.41512269278578134,0.17802748612492864,-0.09879157992874005,-0.5295856404487612,0.43079406052002117,3.0285868029761374,26.594403607486143,AA_AB_BB_two_point_projection,,,,
Ds,Ds1_2460,D_s1(2460),3.75,9.0,low,25.25,35.3,3.0,0.41522010702933443,0.1777801416107663,-0.4658511376969187,-0.09686695161425778,-0.3689841860826609,45.61724684311352,26.594403607486143,AA_AB_BB_two_point_projection,,,,
Ds,Ds1_2536,D_s1(2536),3.75,9.5,high,25.25,35.3,3.082207001484488,0.41522010702933443,0.1777801416107663,-0.09637933838840412,-0.5297786016488506,0.4333992632604465,2.882491564643344,26.594403607486143,AA_AB_BB_two_point_projection,,,,
Ds,Ds1_2460,D_s1(2460),3.75,9.0,low,25.375,35.3,3.0,0.41531577710267953,0.17753818965474835,-0.46581112598509533,-0.09729238941356651,-0.36851873657152884,45.60941109644082,26.594403607486143,AA_AB_BB_two_point_projection,,,,
Ds,Ds1_2536,D_s1(2536),3.75,9.5,high,25.375,35.3,3.082207001484488,0.41531577710267953,0.17753818965474835,-0.09395706190400727,-0.5299534781221309,0.43599641621812363,2.7394225031634343,26.594403607486143,AA_AB_BB_two_point_projection,,,,
Ds,Ds1_2460,D_s1(2460),3.75,9.0,low,25.5,35.3,3.0,0.4154097023900804,0.17730165694919406,-0.4657708724202356,-0.0977175787113777,-0.3680532937088579,45.60152866530961,26.594403607486143,AA_AB_BB_two_point_projection,,,,
Ds,Ds1_2536,D_s1(2536),3.75,9.5,high,25.5,35.3,3.082207001484488,0.4154097023900804,0.17730165694919406,-0.09152492880287155,-0.5301101026758599,0.43858517387298834,2.599435005463714,26.594403607486143,AA_AB_BB_two_point_projection,,,,
Ds,Ds1_2460,D_s1(2460),3.75,9.0,low,25.625,35.3,3.0,0.4155018822871741,0.17707056972350488,-0.4657303770270449,-0.09814252304738225,-0.36758785397966265,45.593599566835394,26.594403607486143,AA_AB_BB_two_point_projection,,,,
Ds,Ds1_2536,D_s1(2536),3.75,9.5,high,25.625,35.3,3.082207001484488,0.4155018822871741,0.17707056972350488,-0.08908312188456974,-0.5302483118636924,0.44116518997912263,2.4625838121170287,26.594403607486143,AA_AB_BB_two_point_projection,,,,
Ds,Ds1_2460,D_s1(2460),3.75,9.0,low,25.75,35.3,3.0,0.41559231620096665,0.17684495373292608,-0.46568963982168554,-0.09856722595391702,-0.3671224138677685,45.58562381653332,26.594403607486143,AA_AB_BB_two_point_projection,,,,
Ds,Ds1_2536,D_s1(2536),3.75,9.5,high,25.75,35.3,3.082207001484488,0.41559231620096665,0.17684495373292608,-0.08663182838277944,-0.5303679461238726,0.4437361177410932,2.3289229704615892,26.594403607486143,AA_AB_BB_two_point_projection,,,,
Ds,Ds1_2460,D_s1(2460),3.75,9.0,low,25.875,35.3,3.0,0.41568100354982906,0.17662483424740144,-0.4656486608117947,-0.0989916909560709,-0.36665696985572377,45.577601428322254,26.594403607486143,AA_AB_BB_two_point_projection,,,,
Ds,Ds1_2536,D_s1(2536),3.75,9.5,high,25.875,35.3,3.082207001484488,0.41568100354982906,0.17662483424740144,-0.08417123992287379,-0.530468849916236,0.4462976099933622,2.1985057876574285,26.594403607486143,AA_AB_BB_two_point_projection,,,,
Ds,Ds1_2460,D_s1(2460),3.75,9.0,low,26.0,35.3,3.0,0.41576794376349296,0.17641023604053324,-0.46560743999650217,-0.09941592157179031,-0.36619151842471187,45.56953241452904,26.594403607486143,AA_AB_BB_two_point_projection,,,,
Ds,Ds1_2536,D_s1(2536),3.75,9.5,high,26.0,35.3,3.082207001484488,0.41576794376349296,0.17641023604053324,-0.08170155247522543,-0.5305508718578271,0.4488493193826017,2.0713847837467543,26.594403607486143,AA_AB_BB_two_point_projection,,,,
Ds,Ds1_2460,D_s1(2460),3.75,9.0,low,26.125,35.3,3.0,0.41585313628304704,0.17620118337865676,-0.4655659773664481,-0.09983992131198463,-0.36572605605446346,45.56141678589268,26.594403607486143,AA_AB_BB_two_point_projection,,,,
Ds,Ds1_2536,D_s1(2536),3.75,9.5,high,26.125,35.3,3.082207001484488,0.41585313628304704,0.17620118337865676,-0.07922296630420533,-0.5306138648569423,0.45139089855273695,1.9476116447868466,26.594403607486143,AA_AB_BB_two_point_projection,,,,
Ds,Ds1_2460,D_s1(2460),3.75,9.0,low,26.25,35.3,3.0,0.41593658056093324,0.17599770001004048,-0.4655242729037986,-0.10026369368063084,-0.3652605792231678,45.553254551568166,26.594403607486143,AA_AB_BB_two_point_projection,,,,
Ds,Ds1_2536,D_s1(2536),3.75,9.5,high,26.25,35.3,3.082207001484488,0.41593658056093324,0.17599770001004048,-0.07673568591286406,-0.5306576862453998,0.4539220003325357,1.8272371761254016,26.594403607486143,AA_AB_BB_two_point_projection,,,,
Ds,Ds1_2460,D_s1(2460),3.75,9.0,low,26.375,35.3,3.0,0.4160182760609423,0.1757998091542231,-0.4654823265822623,-0.100687242174878,-0.3647950844073843,45.54504571913042,26.594403607486143,AA_AB_BB_two_point_projection,,,,
Ds,Ds1_2536,D_s1(2536),3.75,9.5,high,26.375,35.3,3.082207001484488,0.4160182760609423,0.1757998091542231,-0.0742399199832931,-0.5306821979088414,0.4564422779255483,1.710311255889592,26.594403607486143,AA_AB_BB_two_point_projection,,,,
Ds,Ds1_2460,D_s1(2460),3.75,9.0,low,26.5,35.3,3.0,0.4160982222582113,0.17560753349149702,-0.4654401383671042,-0.10111057028515116,-0.364329568081953,45.53679029457783,26.594403607486143,AA_AB_BB_two_point_projection,,,,
Ds,Ds1_2536,D_s1(2536),3.75,9.5,high,26.5,35.3,3.082207001484488,0.4160982222582113,0.17560753349149702,-0.07173588131266756,-0.530687266414874,0.4589513851022064,1.5968827887609232,26.594403607486143,AA_AB_BB_two_point_projection,,,,
Ds,Ds1_2460,D_s1(2460),3.75,9.0,low,26.625,35.3,3.0,0.4161764186392186,0.17542089515254997,-0.46539770821516213,-0.10153368149525538,-0.36386402671990675,45.528488282336234,26.594403607486143,AA_AB_BB_two_point_projection,,,,
Ds,Ds1_2536,D_s1(2536),3.75,9.5,high,26.625,35.3,3.082207001484488,0.4161764186392186,0.17542089515254997,-0.06922378674498231,-0.5306727631388481,0.46144897639386584,1.4869996601090207,26.594403607486143,AA_AB_BB_two_point_projection,,,,
Ds,Ds1_2460,D_s1(2460),3.75,9.0,low,26.75,35.3,3.0,0.41625286470178147,0.17523991570827518,-0.4653550360748602,-0.10195657928247866,-0.36339845679238153,45.5201396852623,26.594403607486143,AA_AB_BB_two_point_projection,,,,
Ds,Ds1_2536,D_s1(2536),3.75,9.5,high,26.75,35.3,3.082207001484488,0.41625286470178147,0.17523991570827518,-0.06670385709849741,-0.5306385643870836,0.46393470728858616,1.380708690558019,26.594403607486143,AA_AB_BB_two_point_projection,,,,
Ds,Ds1_2460,D_s1(2460),3.75,9.0,low,26.875,35.3,3.0,0.4163275599550522,0.17506461615976038,-0.46531212188622095,-0.10237926711769504,-0.36293285476852594,45.51174450464678,26.594403607486143,AA_AB_BB_two_point_projection,,,,
Ds,Ds1_2536,D_s1(2536),3.75,9.5,high,26.875,35.3,3.082207001484488,0.4163275599550522,0.17506461615976038,-0.06417631708891791,-0.5305845515173434,0.4664082344284255,1.2780555910597975,26.594403607486143,AA_AB_BB_two_point_projection,,,,
Ds,Ds1_2460,D_s1(2460),3.75,9.0,low,27.0,35.3,3.0,0.4164005039195149,0.17489501692846648,-0.4652689655808802,-0.10280174846546718,-0.362467217115413,45.50330274021818,26.594403607486143,AA_AB_BB_two_point_projection,,,,
Ds,Ds1_2536,D_s1(2536),3.75,9.5,high,27.0,35.3,3.082207001484488,0.4164005039195149,0.17489501692846648,-0.06164139524834483,-0.5305106110563667,0.4688692158080218,1.1790849185488737,26.594403607486143,AA_AB_BB_two_point_projection,,,,
Ds,Ds1_2460,D_s1(2460),3.75,9.0,low,27.125,35.3,3.0,0.41647169612698187,0.17473113784660635,-0.46522556708209795,-0.10322402678414853,-0.3620015402979494,45.49481439014571,26.594403607486143,AA_AB_BB_two_point_projection,,,,
Ds,Ds1_2536,D_s1(2536),3.75,9.5,high,27.125,35.3,3.082207001484488,0.41647169612698187,0.17473113784660635,-0.059099323840031304,-0.5304166348142655,0.4713173109742342,1.0838400322534452,26.594403607486143,AA_AB_BB_two_point_projection,,,,
Ds,Ds1_2460,D_s1(2460),3.75,9.0,low,27.25,35.3,3.0,0.41654113612059107,0.1745729981477345,-0.4651819263047704,-0.10364610552598523,-0.36153582077878516,45.48627945104253,26.594403607486143,AA_AB_BB_two_point_projection,,,,
Ds,Ds1_2536,D_s1(2536),3.75,9.5,high,27.25,35.3,3.082207001484488,0.41654113612059107,0.1745729981477345,-0.0565503387689999,-0.5303025199955983,0.4737521812265984,0.9923630507376694,26.594403607486143,AA_AB_BB_two_point_projection,,,,
Ds,Ds1_2460,D_s1(2460),3.75,9.0,low,27.375,35.3,3.0,0.41660882345480243,0.17442061645755685,-0.46513804315544105,-0.1040679881372176,-0.3610700550182234,45.47769791796867,26.594403607486143,AA_AB_BB_two_point_projection,,,,
Ds,Ds1_2536,D_s1(2536),3.75,9.5,high,27.375,35.3,3.082207001484488,0.41660882345480243,0.17442061645755685,-0.05399467948857084,-0.5301681693069341,0.47617348981836327,0.9046948097494658,26.594403607486143,AA_AB_BB_two_point_projection,,,,
Ds,Ds1_2460,D_s1(2460),3.75,9.0,low,27.5,35.3,3.0,0.4166747576953952,0.1742740107849719,-0.46509391753231155,-0.10448967805818142,-0.3606042394741301,45.46906978443414,26.594403607486143,AA_AB_BB_two_point_projection,,,,
Ds,Ds1_2536,D_s1(2536),3.75,9.5,high,27.5,35.3,3.082207001484488,0.4166747576953952,0.1742740107849719,-0.05143258890286906,-0.530013491060722,0.478580902157853,0.8208748209481479,26.594403607486143,AA_AB_BB_two_point_projection,,,,
Ds,Ds1_2460,D_s1(2460),3.75,9.0,low,27.625,35.3,3.0,0.4167389384194647,0.1741331985133527,-0.465049549325251,-0.10491117872340869,-0.36013837060184234,45.46039504240151,26.594403607486143,AA_AB_BB_two_point_projection,,,,
Ds,Ds1_2536,D_s1(2536),3.75,9.5,high,27.625,35.3,3.082207001484488,0.4167389384194647,0.1741331985133527,-0.04886431326538171,-0.5298383992752908,0.48097408600990904,0.7409412315854075,26.594403607486143,AA_AB_BB_two_point_projection,,,,
Ds,Ds1_2460,D_s1(2460),3.75,9.0,low,27.75,35.3,3.0,0.41680136521542,0.17399819639207945,-0.46500493841580565,-0.10533249356172814,-0.3596724448540775,45.451673682288764,26.594403607486143,AA_AB_BB_two_point_projection,,,,
Ds,Ds1_2536,D_s1(2536),3.75,9.5,high,27.75,35.3,3.082207001484488,0.41680136521542,0.17399819639207945,-0.04629010207364348,-0.5296428137707979,0.48335271169715444,0.6649307852123103,26.594403607486143,AA_AB_BB_two_point_projection,,,,
Ds,Ds1_2460,D_s1(2460),3.75,9.0,low,27.875,35.3,3.0,0.4168620376829804,0.1738690205283321,-0.4649600846772076,-0.10575362599636552,-0.3592064586808421,45.44290569297184,26.594403607486143,AA_AB_BB_two_point_projection,,,,
Ds,Ds1_2536,D_s1(2536),3.75,9.5,high,27.875,35.3,3.082207001484488,0.4168620376829804,0.1738690205283321,-0.043710207960140246,-0.5294266602609641,0.48571645230082383,0.592878783484139,26.594403607486143,AA_AB_BB_two_point_projection,,,,
Ds,Ds1_2460,D_s1(2460),3.75,9.0,low,28.0,35.3,3.0,0.4169209554331736,0.17374568637915325,-0.46491498797438296,-0.10617457944504351,-0.35874040852933947,45.43409106178721,26.594403607486143,AA_AB_BB_two_point_projection,,,,
Ds,Ds1_2536,D_s1(2536),3.75,9.5,high,28.0,35.3,3.082207001484488,0.4169209554331736,0.17374568637915325,-0.04112488657952296,-0.5291898704404211,0.48806498386089814,0.5248190491335128,26.594403607486143,AA_AB_BB_two_point_projection,,,,
Ds,Ds1_2460,D_s1(2460),3.75,9.0,low,28.125,35.3,3.0,0.41697811808833213,0.17362820874378904,-0.4648696481639597,-0.10659535732008113,-0.3582742908438786,45.425229774534245,26.594403607486143,AA_AB_BB_two_point_projection,,,,
Ds,Ds1_2536,D_s1(2536),3.75,9.5,high,28.125,35.3,3.082207001484488,0.41697811808833213,0.17362820874378904,-0.038534396492238165,-0.5289323820675196,0.4903979855752814,0.4607838901810111,26.594403607486143,AA_AB_BB_two_point_projection,,,,
Ds,Ds1_2460,D_s1(2460),3.75,9.0,low,28.25,35.3,3.0,0.41703352528209164,0.17351660175631844,-0.46482406509427404,-0.10701596302849324,-0.3578081020657808,45.41632181547745,26.594403607486143,AA_AB_BB_two_point_projection,,,,
Ds,Ds1_2536,D_s1(2536),3.75,9.5,high,28.25,35.3,3.082207001484488,0.41703352528209164,0.17351660175631844,-0.0359389990446799,-0.5286541390424384,0.4927151399977585,0.4008040654506689,26.594403607486143,AA_AB_BB_two_point_projection,,,,
Ds,Ds1_2460,D_s1(2460),3.75,9.0,low,28.375,35.3,3.0,0.41708717665938827,0.17341087887857856,-0.46477823860537737,-0.10743639997208919,-0.35734183863328817,45.40736716734879,26.594403607486143,AA_AB_BB_two_point_projection,,,,
Ds,Ds1_2536,D_s1(2536),3.75,9.5,high,28.375,35.3,3.082207001484488,0.41708717665938827,0.17341087887857856,-0.03333895824598643,-0.5283550914804507,0.49501613323446425,0.3449087514562182,26.594403607486143,AA_AB_BB_two_point_projection,,,,
Ds,Ds1_2460,D_s1(2460),3.75,9.0,low,28.5,35.3,3.0,0.4171390718764559,0.17331105289339446,-0.4647321685290423,-0.10785667154757182,-0.3568754969814705,45.39836581134975,26.594403607486143,AA_AB_BB_two_point_projection,,,,
Ds,Ds1_2536,D_s1(2536),3.75,9.5,high,28.5,35.3,3.082207001484488,0.4171390718764559,0.17331105289339446,-0.030734540641600472,-0.5280351957802065,0.49730065513860605,0.2931255107216381,26.594403607486143,AA_AB_BB_two_point_projection,,,,
Ds,Ds1_2460,D_s1(2460),3.75,9.0,low,28.625,35.3,3.0,0.4171892106008241,0.17321713589812202,-0.46468585468876744,-0.10827678114663566,-0.35640907354213175,45.3893177271533,26.594403607486143,AA_AB_BB_two_point_projection,,,,
Ds,Ds1_2536,D_s1(2536),3.75,9.5,high,28.625,35.3,3.082207001484488,0.4171892106008241,0.17321713589812202,-0.02812601518372765,-0.5276944146868966,0.49956839950316895,0.2454802615976206,26.594403607486143,AA_AB_BB_two_point_projection,,,,
Ds,Ds1_2460,D_s1(2460),3.75,9.0,low,28.75,35.3,3.0,0.417237592511316,0.17312913929851123,-0.464639296899783,-0.10869673215606511,-0.3559425647437179,45.380222892905955,26.594403607486143,AA_AB_BB_two_point_projection,,,,
Ds,Ds1_2536,D_s1(2536),3.75,9.5,high,28.75,35.3,3.082207001484488,0.417237592511316,0.17312913929851123,-0.02551365309882947,-0.5273327173501745,0.501819064251345,0.20199724963306287,26.594403607486143,AA_AB_BB_two_point_projection,,,,
Ds,Ds1_2460,D_s1(2460),3.75,9.0,low,28.875,35.3,3.0,0.41728421729804616,0.17304707380289677,-0.46459249496905347,-0.10911652795783201,-0.35547596701122147,45.37108128522926,26.594403607486143,AA_AB_BB_two_point_projection,,,,
Ds,Ds1_2536,D_s1(2536),3.75,9.5,high,28.875,35.3,3.082207001484488,0.41728421729804616,0.17304707380289677,-0.022897727752296593,-0.5269500793767206,0.504052351624424,0.16269902055819374,26.594403607486143,AA_AB_BB_two_point_projection,,,,
Ds,Ds1_2460,D_s1(2460),3.75,9.0,low,29.0,35.3,3.0,0.41732908466241836,0.17297094941672403,-0.46454544869528286,-0.10953617192919353,-0.35500927676608934,45.361892879221905,26.594403607486143,AA_AB_BB_two_point_projection,,,,
Ds,Ds1_2536,D_s1(2536),3.75,9.5,high,29.0,35.3,3.082207001484488,0.41732908466241836,0.17297094941672403,-0.02027851451045004,-0.5265464828773335,0.5062679683668835,0.12760639493314396,26.594403607486143,AA_AB_BB_two_point_projection,,,,
Ds,Ds1_2460,D_s1(2460),3.75,9.0,low,29.125,35.3,3.0,0.4173721943171237,0.1729007754374163,-0.4644981578689171,-0.10995566744278915,-0.35454249042612795,45.3526576484611,26.594403607486143,AA_AB_BB_two_point_projection,,,,
Ds,Ds1_2536,D_s1(2536),3.75,9.5,high,29.125,35.3,3.082207001484488,0.4173721943171237,0.1729007754374163,-0.01765629060003049,-0.5261219165084565,0.508465625908426,0.09673844451297431,26.594403607486143,AA_AB_BB_two_point_projection,,,,
Ds,Ds1_2460,D_s1(2460),3.75,9.0,low,29.25,35.3,3.0,0.41741354598613845,0.17283656044958953,-0.4644506222721459,-0.11037501786673781,-0.3540756044054081,45.34337556500406,26.594403607486143,AA_AB_BB_two_point_projection,,,,
Ds,Ds1_2536,D_s1(2536),3.75,9.5,high,29.25,35.3,3.082207001484488,0.41741354598613845,0.17283656044958953,-0.015031334965332488,-0.5256763755080417,0.5106450405427092,0.07011247037698222,26.594403607486143,AA_AB_BB_two_point_projection,,,,
Ds,Ds1_2460,D_s1(2460),3.75,9.0,low,29.375,35.3,3.0,0.4174531394047226,0.17277831232062116,-0.4644028416789059,-0.11079422656473456,-0.3536086151141713,45.33404659938961,26.594403607486143,AA_AB_BB_two_point_projection,,,,
Ds,Ds1_2536,D_s1(2536),3.75,9.5,high,29.375,35.3,3.082207001484488,0.4174531394047226,0.17277831232062116,-0.012403928123158159,-0.525209861725674,0.5128059336025158,0.047743982867055924,26.594403607486143,AA_AB_BB_two_point_projection,,,,
Ds,Ds1_2460,D_s1(2460),3.75,9.0,low,29.5,35.3,3.0,0.4174909743194183,0.17272603819657747,-0.4643548158548805,-0.11121329689614705,-0.3531415189587334,45.32467072063928,26.594403607486143,AA_AB_BB_two_point_projection,,,,
Ds,Ds1_2536,D_s1(2536),3.75,9.5,high,29.5,35.3,3.082207001484488,0.4174909743194183,0.17272603819657747,-0.009774352015753829,-0.5247223836468807,0.5149480316311269,0.02964668337629393,26.594403607486143,AA_AB_BB_two_point_projection,,,,
Ds,Ds1_2460,D_s1(2460),3.75,9.0,low,29.625,35.3,3.0,0.41752705048804734,0.17267974449850543,-0.4643065445575024,-0.11163223221611177,-0.3526743123413907,45.31524789625879,26.594403607486143,AA_AB_BB_two_point_projection,,,,
Ds,Ds1_2536,D_s1(2536),3.75,9.5,high,29.625,35.3,3.082207001484488,0.41752705048804734,0.17267974449850543,-0.00714288986191236,-0.5242139564115657,0.5170710665496533,0.01583244802579426,26.594403607486143,AA_AB_BB_two_point_projection,,,,
Ds,Ds1_2460,D_s1(2460),3.75,9.0,low,29.75,35.3,3.0,0.41756136767971025,0.1726394369190931,-0.4642580275359524,-0.11205103587562998,-0.35220699166032243,45.30577809223891,26.594403607486143,AA_AB_BB_two_point_projection,,,,
Ds,Ds1_2536,D_s1(2536),3.75,9.5,high,29.75,35.3,3.082207001484488,0.41756136767971025,0.1726394369190931,-0.004509826006419804,-0.5236846018265146,0.5191747758200947,0.006311313263800384,26.594403607486143,AA_AB_BB_two_point_projection,,,,
Ds,Ds1_2460,D_s1(2460),3.75,9.0,low,29.875,35.3,3.0,0.41759392567478465,0.1726051204197027,-0.4642092645311596,-0.11246971122166351,-0.35173955330949613,45.29626127305665,26.594403607486143,AA_AB_BB_two_point_projection,,,,
Ds,Ds1_2536,D_s1(2536),3.75,9.5,high,29.875,35.3,3.082207001484488,0.41759392567478465,0.1726051204197027,-0.0018754457680307812,-0.5231343483719317,0.521258902603901,0.0010914634176942418,26.594403607486143,AA_AB_BB_two_point_projection,,,,
Ds,Ds1_2460,D_s1(2460),3.75,9.0,low,30.0,35.3,3.0,0.41762472426492353,0.17257679922778052,-0.46416025527580096,-0.11288826159723024,-0.3512719936785707,45.28669740167624,26.594403607486143,AA_AB_BB_two_point_projection,,,,
Ds,Ds1_2536,D_s1(2536),3.75,9.5,high,30.0,35.3,3.082207001484488,0.41762472426492353,0.17257679922778052,0.0007599647138387677,-0.5225632312019741,0.5233231959158129,0.00017922022550128768,26.594403607486143,AA_AB_BB_two_point_projection,,,,
Ds,Ds1_2460,D_s1(2460),3.75,9.0,low,30.125,35.3,3.0,0.41765376325305426,0.17255447683464667,-0.4641109994942987,-0.11330669034149934,-0.35080430915279937,45.27708643954978,26.594403607486143,AA_AB_BB_two_point_projection,,,,
Ds,Ds1_2536,D_s1(2536),3.75,9.5,high,30.125,35.3,3.082207001484488,0.41765376325305426,0.17255447683464667,0.0033961186335118576,-0.5219712921392632,0.525367410772775,0.0035790343696509336,26.594403607486143,AA_AB_BB_two_point_projection,,,,
Ds,Ds1_2460,D_s1(2460),3.75,9.0,low,30.25,35.3,3.0,0.41768104245337717,0.1725381559936668,-0.46406149690281945,-0.11372500078988618,-0.35033649611293327,45.267428346618146,26.594403607486143,AA_AB_BB_two_point_projection,,,,
Ds,Ds1_2536,D_s1(2536),3.75,9.5,high,30.25,35.3,3.082207001484488,0.41768104245337717,0.1725381559936668,0.006032728674346455,-0.5213585796633651,0.5273913083377115,0.011293479031740395,26.594403607486143,AA_AB_BB_two_point_projection,,,,
Ds,Ds1_2460,D_s1(2460),3.75,9.0,low,30.375,35.3,3.0,0.4177065616913641,0.1725278387188095,-0.4640117472092713,-0.11414319627414746,-0.3498685509351238,45.25772308131161,26.594403607486143,AA_AB_BB_two_point_projection,,,,
Ds,Ds1_2536,D_s1(2536),3.75,9.5,high,30.375,35.3,3.082207001484488,0.4177065616913641,0.1725278387188095,0.008669507164739132,-0.5207251488932361,0.5293946560579752,0.023323245483003626,26.594403607486143,AA_AB_BB_two_point_projection,,,,
Ds,Ds1_2460,D_s1(2460),3.75,9.0,low,30.5,35.3,3.0,0.4177303208037574,0.17252352628358972,-0.4639617501133004,-0.11456128012247553,-0.34940046999082486,45.24797060055038,26.594403607486143,AA_AB_BB_two_point_projection,,,,
Ds,Ds1_2536,D_s1(2536),3.75,9.5,high,30.5,35.3,3.082207001484488,0.4177303208037574,0.17252352628358972,0.011306166234630544,-0.5200710615636485,0.531377227798279,0.03966714072106404,26.594403607486143,AA_AB_BB_two_point_projection,,,,
Ds,Ds1_2460,D_s1(2460),3.75,9.0,low,30.625,35.3,3.0,0.417752319638569,0.17252521922040065,-0.4639115053062874,-0.11497925565959283,-0.34893224964669456,45.23817085974496,26.594403607486143,AA_AB_BB_two_point_projection,,,,
Ds,Ds1_2536,D_s1(2536),3.75,9.5,high,30.625,35.3,3.082207001484488,0.417752319638569,0.17252521922040065,0.013942417972319099,-0.519396385995616,0.5333388039679351,0.06032208715940789,26.594403607486143,AA_AB_BB_two_point_projection,,,,
Ds,Ds1_2460,D_s1(2460),3.75,9.0,low,30.75,35.3,3.0,0.4177725580550794,0.17253291732023418,-0.46386101247134337,-0.11539712620684606,-0.3484638862644973,45.228323812796695,26.594403607486143,AA_AB_BB_two_point_projection,,,,
Ds,Ds1_2536,D_s1(2536),3.75,9.5,high,30.75,35.3,3.082207001484488,0.4177725580550794,0.17253291732023418,0.01657797458138388,-0.5187011970608515,0.5352791716422354,0.0852831243718613,26.594403607486143,AA_AB_BB_two_point_projection,,,,
Ds,Ds1_2460,D_s1(2460),3.75,9.0,low,30.875,35.3,3.0,0.4177910359238363,0.17254661963279036,-0.4638102712833052,-0.11581489508230022,-0.34799537620100496,45.21842941209795,26.594403607486143,AA_AB_BB_two_point_projection,,,,
Ds,Ds1_2536,D_s1(2536),3.75,9.5,high,30.875,35.3,3.082207001484488,0.4177910359238363,0.17254661963279036,0.01921254853751375,-0.517985576140302,0.5371981246778158,0.1145434128901321,26.594403607486143,AA_AB_BB_two_point_projection,,,,
Ds,Ds1_2460,D_s1(2460),3.75,9.0,low,31.0,35.3,3.0,0.41780775312665447,0.17256632446697667,-0.4637592814087295,-0.1162325656008323,-0.34752671580789724,45.20848760853221,26.594403607486143,AA_AB_BB_two_point_projection,,,,
Ds,Ds1_2536,D_s1(2536),3.75,9.5,high,31.0,35.3,3.082207001484488,0.41780775312665447,0.17256632446697667,0.021845852745048244,-0.51724961107681,0.5390954638218582,0.1480942400483697,26.594403607486143,AA_AB_BB_two_point_projection,,,,
Ds,Ds1_2460,D_s1(2460),3.75,9.0,low,31.125,35.3,3.0,0.4178227095566144,0.17259202939179488,-0.4637080425058876,-0.1166501410742249,-0.3470579014316627,45.19849835147429,26.594403607486143,AA_AB_BB_two_point_projection,,,,
Ds,Ds1_2536,D_s1(2536),3.75,9.5,high,31.125,35.3,3.082207001484488,0.4178227095566144,0.17259202939179488,0.024477600693025958,-0.5164933961219714,0.5409709968149974,0.18592502786444076,26.594403607486143,AA_AB_BB_two_point_projection,,,,
Ds,Ds1_2460,D_s1(2460),3.75,9.0,low,31.25,35.3,3.0,0.4178359051180617,0.17262373123761557,-0.4636565542247585,-0.11706762481125958,-0.3465889294134989,45.1884615887903,26.594403607486143,AA_AB_BB_two_point_projection,,,,
Ds,Ds1_2536,D_s1(2536),3.75,9.5,high,31.25,35.3,3.082207001484488,0.4178359051180617,0.17262373123761557,0.027107506610546284,-0.5157170318772594,0.5428245384878057,0.2280233429435704,26.594403607486143,AA_AB_BB_two_point_projection,,,,
Ds,Ds1_2460,D_s1(2460),3.75,9.0,low,31.375,35.3,3.0,0.4178473397266068,0.17266142609783855,-0.4636048162070219,-0.11748502011781002,-0.34611979608921184,45.1783772668374,26.594403607486143,AA_AB_BB_two_point_projection,,,,
Ds,Ds1_2536,D_s1(2536),3.75,9.5,high,31.375,35.3,3.082207001484488,0.4178473397266068,0.17266142609783855,0.029735285621247498,-0.5149206252294991,0.5446559108507466,0.27437490838587797,26.594403607486143,AA_AB_BB_two_point_projection,,,,
Ds,Ds1_2460,D_s1(2460),3.75,9.0,low,31.5,35.3,3.0,0.417857013309124,0.17270510933093672,-0.4635528280860509,-0.11790233029693513,-0.3456504977891158,45.1682453304638,26.594403607486143,AA_AB_BB_two_point_projection,,,,
Ds,Ds1_2536,D_s1(2536),3.75,9.5,high,31.5,35.3,3.082207001484488,0.417857013309124,0.17270510933093672,0.03236065389670639,-0.5141042892807905,0.5464649431774969,0.32496361767530124,26.594403607486143,AA_AB_BB_two_point_projection,,,,
Ds,Ds1_2460,D_s1(2460),3.75,9.0,low,31.625,35.3,3.0,0.41786492580375134,0.17275477556288082,-0.4635005894869036,-0.11831955864897181,-0.3451810308379318,45.15806572300827,26.594403607486143,AA_AB_BB_two_point_projection,,,,
Ds,Ds1_2536,D_s1(2536),3.75,9.5,high,31.625,35.3,3.082207001484488,0.41786492580375134,0.17275477556288082,0.034983328808567804,-0.5132681432729788,0.5482514720815466,0.37977155052345535,26.594403607486143,AA_AB_BB_two_point_projection,,,,
Ds,Ds1_2460,D_s1(2460),3.75,9.0,low,31.75,35.3,3.0,0.41787107715988986,0.1728104186899424,-0.4634481000263145,-0.11873670847162764,-0.34471139155468683,45.147838386299924,26.594403607486143,AA_AB_BB_two_point_projection,,,,
Ds,Ds1_2536,D_s1(2536),3.75,9.5,high,31.75,35.3,3.082207001484488,0.41787107715988986,0.1728104186899424,0.03760302907921287,-0.5124123125067902,0.5500153415860031,0.43877899063804193,26.594403607486143,AA_AB_BB_two_point_projection,,,,
Ds,Ds1_2460,D_s1(2460),3.75,9.0,low,31.875,35.3,3.0,0.41787546733820347,0.17287203188187156,-0.46339535931268533,-0.11915378306007336,-0.344241576252612,45.1375632606576,26.594403607486143,AA_AB_BB_two_point_projection,,,,
Ds,Ds1_2536,D_s1(2536),3.75,9.5,high,31.875,35.3,3.082207001484488,0.41787546733820347,0.17287203188187156,0.04021947493078548,-0.511536928255749,0.5517564031865345,0.5019644453818018,26.594403607486143,AA_AB_BB_two_point_projection,,,,
Ds,Ds1_2460,D_s1(2460),3.75,9.0,low,32.0,35.3,3.0,0.41787809631061856,0.1729396075854444,-0.46334236694607545,-0.11957078570703536,-0.34377158123904006,45.12724028488942,26.594403607486143,AA_AB_BB_two_point_projection,,,,
Ds,Ds1_2536,D_s1(2536),3.75,9.5,high,32.0,35.3,3.082207001484488,0.41787809631061856,0.1729396075854444,0.042832388232388774,-0.5106421276750148,0.5534745159074036,0.5693046672840979,26.594403607486143,AA_AB_BB_two_point_projection,,,,
Ds,Ds1_2460,D_s1(2460),3.75,9.0,low,32.125,35.3,3.0,0.41787896406032415,0.17301313752837796,-0.46328912251819054,-0.11998771970288755,-0.343301402815303,45.11686939629189,26.594403607486143,AA_AB_BB_two_point_projection,,,,
Ds,Ds1_2536,D_s1(2536),3.75,9.5,high,32.125,35.3,3.082207001484488,0.41787896406032415,0.17301313752837796,0.04544149264527586,-0.5097280537052701,0.5551695463505459,0.6407746773638154,26.594403607486143,AA_AB_BB_two_point_projection,,,,
Ds,Ds1_2460,D_s1(2460),3.75,9.0,low,32.25,35.3,3.0,0.4178780705817714,0.17309261272360488,-0.4632356256123732,-0.12040458833574366,-0.3428310372766295,45.10645053064949,26.594403607486143,AA_AB_BB_two_point_projection,,,,
Ds,Ds1_2536,D_s1(2536),3.75,9.5,high,32.25,35.3,3.082207001484488,0.4178780705817714,0.17309261272360488,0.048046513765861665,-0.5087948549718149,0.5568413687376765,0.7163477902188151,26.594403607486143,AA_AB_BB_two_point_projection,,,,
Ds,Ds1_2460,D_s1(2460),3.75,9.0,low,32.375,35.3,3.0,0.4178754158806734,0.1731780234739056,-0.4631818758035899,-0.12082139489154904,-0.34236048091204085,45.09598362223341,26.594403607486143,AA_AB_BB_two_point_projection,,,,
Ds,Ds1_2536,D_s1(2536),3.75,9.5,high,32.375,35.3,3.082207001484488,0.4178754158806734,0.1731780234739056,0.0506471792663874,-0.5078426856790137,0.5584898649454011,0.7959956408338958,26.594403607486143,AA_AB_BB_two_point_projection,,,,
Ds,Ds1_2460,D_s1(2460),3.75,9.0,low,32.5,35.3,3.0,0.4178709999740062,0.1732693593768898,-0.4631278726584202,-0.12123814265417232,-0.3418897300042479,45.085468603800955,26.594403607486143,AA_AB_BB_two_point_projection,,,,
Ds,Ds1_2536,D_s1(2536),3.75,9.5,high,32.5,35.3,3.082207001484488,0.4178709999740062,0.1732693593768898,0.05324321903306917,-0.5068717055002661,0.5601149245333352,0.8796882130559056,26.594403607486143,AA_AB_BB_two_point_projection,,,,
Ds,Ds1_2460,D_s1(2460),3.75,9.0,low,32.625,35.3,3.0,0.4178648228900075,0.1733666093303226,-0.4630736157350435,-0.12165483490549706,-0.34141878082954646,45.074905406594276,26.594403607486143,AA_AB_BB_two_point_projection,,,,
Ds,Ds1_2536,D_s1(2536),3.75,9.5,high,32.625,35.3,3.082207001484488,0.4178648228900075,0.1733666093303226,0.055834365301579925,-0.5058820794636617,0.5617164447652416,0.9673938696820391,26.594403607486143,AA_AB_BB_two_point_projection,,,,
Ds,Ds1_2460,D_s1(2460),3.75,9.0,low,32.75,35.3,3.0,0.4178568846681781,0.17346976153778862,-0.4630191045832258,-0.12207147492551321,-0.3409476296577126,45.06429396033929,26.594403607486143,AA_AB_BB_two_point_projection,,,,
Ds,Ds1_2536,D_s1(2536),3.75,9.5,high,32.75,35.3,3.082207001484488,0.4178568846681781,0.17346976153778862,0.05842035278970592,-0.5048739778335002,0.5632943306232061,1.0590793841041186,26.594403607486143,AA_AB_BB_two_point_projection,,,,
Ds,Ds1_2460,D_s1(2460),3.75,9.0,low,32.875,35.3,3.0,0.4178471853592815,0.1735788035146863,-0.46296433874430654,-0.12248806599240838,-0.3404762727518981,45.05363419324454,26.594403607486143,AA_AB_BB_two_point_projection,,,,
Ds,Ds1_2536,D_s1(2536),3.75,9.5,high,32.875,35.3,3.082207001484488,0.4178471853592815,0.1735788035146863,0.06100091882703229,-0.5038475759878565,0.5648484948148887,1.1547099734492288,26.594403607486143,AA_AB_BB_two_point_projection,,,,
Ds,Ds1_2460,D_s1(2460),3.75,9.0,low,33.0,35.3,3.0,0.4178357250253442,0.17369372209454684,-0.4629093177511837,-0.12290461138265917,-0.34000470636852453,45.04292603199974,26.594403607486143,AA_AB_BB_two_point_projection,,,,
Ds,Ds1_2536,D_s1(2536),3.75,9.5,high,33.0,35.3,3.082207001484488,0.4178357250253442,0.17369372209454684,0.06357580348152214,-0.5028030542923734,0.5663788577738955,1.2542493331547426,26.594403607486143,AA_AB_BB_two_point_projection,,,,
Ds,Ds1_2460,D_s1(2460),3.75,9.0,low,33.125,35.3,3.0,0.41782250373965646,0.1738145034356684,-0.46285404112829975,-0.12332111437112206,-0.33953292675717767,45.03216940177449,26.594403607486143,AA_AB_BB_two_point_projection,,,,
Ds,Ds1_2536,D_s1(2536),3.75,9.5,high,33.125,35.3,3.082207001484488,0.41782250373965646,0.1738145034356684,0.06614474968284767,-0.5017405979704805,0.5678853476533282,1.3576596729130648,26.594403607486143,AA_AB_BB_two_point_projection,,,,
Ds,Ds1_2460,D_s1(2460),3.75,9.0,low,33.25,35.3,3.0,0.41780752158677237,0.17394113302805903,-0.46279850839162484,-0.12373757823112443,-0.33906093016050043,45.02136422621654,26.594403607486143,AA_AB_BB_two_point_projection,,,,
Ds,Ds1_2536,D_s1(2536),3.75,9.5,high,33.25,35.3,3.082207001484488,0.41780752158677237,0.17394113302805903,0.06870750334235509,-0.5006603969702291,0.5693679003125842,1.4649017539199063,26.594403607486143,AA_AB_BB_two_point_projection,,,,
Ds,Ds1_2460,D_s1(2460),3.75,9.0,low,33.375,35.3,3.0,0.41779077866251085,0.17407359570067946,-0.46274271904864267,-0.12415400623455557,-0.3385887128140871,45.010510427450555,26.594403607486143,AA_AB_BB_two_point_projection,,,,
Ds,Ds1_2536,D_s1(2536),3.75,9.5,high,33.375,35.3,3.082207001484488,0.41779077866251085,0.17407359570067946,0.07126381346953736,-0.4995626458279443,0.5708264592974817,1.5759349273574863,26.594403607486143,AA_AB_BB_two_point_projection,,,,
Ds,Ds1_2460,D_s1(2460),3.75,9.0,low,33.5,35.3,3.0,0.41777227507395603,0.17421187562897733,-0.4626866725983325,-0.12457040165195712,-0.33811627094637536,44.999607926076074,26.594403607486143,AA_AB_BB_two_point_projection,,,,
Ds,Ds1_2536,D_s1(2536),3.75,9.5,high,33.5,35.3,3.082207001484488,0.41777227507395603,0.17421187562897733,0.07381343228490517,-0.49844754352890047,0.5722609758138056,1.6907171740426932,26.594403607486143,AA_AB_BB_two_point_projection,,,,
Ds,Ds1_2460,D_s1(2460),3.75,9.0,low,33.625,35.3,3.0,0.41775201093945774,0.17435595634270418,-0.4626303685311528,-0.12498676775261396,-0.33764360077853883,44.988656641165896,26.594403607486143,AA_AB_BB_two_point_projection,,,,
Ds,Ds1_2536,D_s1(2536),3.75,9.5,high,33.625,35.3,3.082207001484488,0.41775201093945774,0.17435595634270418,0.07635611532915104,-0.497315293365223,0.573671408694374,1.8092051451686408,26.594403607486143,AA_AB_BB_two_point_projection,,,,
Ds,Ds1_2460,D_s1(2460),3.75,9.0,low,33.75,35.3,3.0,0.41772998638863285,0.1745058207340061,-0.4625738063290229,-0.12540310780464445,-0.3371706985243785,44.97765649026414,26.594403607486143,AA_AB_BB_two_point_projection,,,,
Ds,Ds1_2536,D_s1(2536),3.75,9.5,high,33.75,35.3,3.082207001484488,0.41772998638863285,0.1745058207340061,0.07889162156850815,-0.49616610279122697,0.5750577243597351,1.931354204066734,26.594403607486143,AA_AB_BB_two_point_projection,,,,
Ds,Ds1_2460,D_s1(2460),3.75,9.0,low,33.875,35.3,3.0,0.4177062015623653,0.17466145106577896,-0.46251698546530623,-0.1258194250750913,-0.3366975603902149,44.966607389384414,26.594403607486143,AA_AB_BB_two_point_projection,,,,
Ds,Ds1_2536,D_s1(2536),3.75,9.5,high,33.875,35.3,3.082207001484488,0.4177062015623653,0.17466145106577896,0.08141971349621557,-0.4950001832764017,0.5764198967726173,2.0571184689153754,26.594403607486143,AA_AB_BB_two_point_projection,,,,
Ds,Ds1_2460,D_s1(2460),3.75,9.0,low,34.0,35.3,3.0,0.41768065661280823,0.17482282898027815,-0.4624599054047893,-0.12623572283001144,-0.3362241825747779,44.95550925300744,26.594403607486143,AA_AB_BB_two_point_projection,,,,
Ds,Ds1_2536,D_s1(2536),3.75,9.5,high,34.0,35.3,3.082207001484488,0.41768065661280823,0.17482282898027815,0.0839401572300062,-0.4938177501562558,0.577757907386262,2.186450856320425,26.594403607486143,AA_AB_BB_two_point_projection,,,,
Ds,Ds1_2460,D_s1(2460),3.75,9.0,low,34.125,35.3,3.0,0.4176533517033835,0.1749899355079737,-0.46240256560366405,-0.12665200433456647,-0.3357505612690976,44.94436199407918,26.594403607486143,AA_AB_BB_two_point_projection,,,,
Ds,Ds1_2536,D_s1(2536),3.75,9.5,high,34.125,35.3,3.082207001484488,0.4176533517033835,0.1749899355079737,0.08645272260554376,-0.49261902248123307,0.5790717450867768,2.3193031256919556,26.594403607486143,AA_AB_BB_two_point_projection,,,,
Ds,Ds1_2460,D_s1(2460),3.75,9.0,low,34.25,35.3,3.0,0.417624287008784,0.17516275107664087,-0.46234496550950743,-0.12706827285311292,-0.33527669265639454,44.9331655240085,26.594403607486143,AA_AB_BB_two_point_projection,,,,
Ds,Ds1_2536,D_s1(2536),3.75,9.5,high,34.25,35.3,3.082207001484488,0.417624287008784,0.17516275107664087,0.08895718326574303,-0.49140422286391455,0.5803614061296576,2.4556259243413523,26.594403607486143,AA_AB_BB_two_point_projection,,,,
Ds,Ds1_2460,D_s1(2460),3.75,9.0,low,34.375,35.3,3.0,0.4175934627149742,0.17534125552067548,-0.4622871045612609,-0.12748453164929224,-0.33480257291196863,44.92191975266482,26.594403607486143,AA_AB_BB_two_point_projection,,,,
Ds,Ds1_2536,D_s1(2536),3.75,9.5,high,34.375,35.3,3.082207001484488,0.4175934627149742,0.17534125552067548,0.091453316745915,-0.49017357732472006,0.5816268940706351,2.595368833222554,26.594403607486143,AA_AB_BB_two_point_projection,,,,
Ds,Ds1_2460,D_s1(2460),3.75,9.0,low,34.5,35.3,3.0,0.41756087901919153,0.17552542809062477,-0.46222898218920855,-0.1279007839861207,-0.33432819820308785,44.910624588375555,26.594403607486143,AA_AB_BB_two_point_projection,,,,
Ds,Ds1_2536,D_s1(2536),3.75,9.5,high,34.5,35.3,3.082207001484488,0.41756087901919153,0.17552542809062477,0.09394090455468401,-0.48892731513631965,0.5828682196910037,2.738480413240984,26.594403607486143,AA_AB_BB_two_point_projection,,,,
Ds,Ds1_2460,D_s1(2460),3.75,9.0,low,34.625,35.3,3.0,0.41752653612994733,0.17571524746292236,-0.46217059781495695,-0.12831703312607962,-0.33385356468887734,44.89927993792381,26.594403607486143,AA_AB_BB_two_point_projection,,,,
Ds,Ds1_2536,D_s1(2536),3.75,9.5,high,34.625,35.3,3.082207001484488,0.41752653612994733,0.17571524746292236,0.09641973225063838,-0.48766566866697214,0.5840854009176105,2.884908252054203,26.594403607486143,AA_AB_BB_two_point_projection,,,,
Ds,Ds1_2460,D_s1(2460),3.75,9.0,low,34.75,35.3,3.0,0.41749043426702903,0.17591069174981802,-0.46211195085141155,-0.12873328233120482,-0.3333786685202067,44.887885706545546,26.594403607486143,AA_AB_BB_two_point_projection,,,,
Ds,Ds1_2536,D_s1(2536),3.75,9.5,high,34.75,35.3,3.082207001484488,0.41749043426702903,0.17591069174981802,0.09888958951467408,-0.4863888732229952,0.5852784627376693,3.034599011288092,26.594403607486143,AA_AB_BB_two_point_projection,,,,
Ds,Ds1_2460,D_s1(2460),3.75,9.0,low,34.875,35.3,3.0,0.4174525736615007,0.1761117385094907,-0.4620530407027543,-0.12914953486317696,-0.33290350583957734,44.876441797926965,26.594403607486143,AA_AB_BB_two_point_projection,,,,
Ds,Ds1_2536,D_s1(2536),3.75,9.5,high,34.875,35.3,3.082207001484488,0.4174525736615007,0.1761117385094907,0.10135027021801124,-0.4850971668905796,0.5864474371085908,3.187498474093559,26.594403607486143,AA_AB_BB_two_point_projection,,,,
Ds,Ds1_2460,D_s1(2460),3.75,9.0,low,35.0,35.3,3.0,0.4174129545557052,0.17631836475633492,-0.4619938667644204,-0.12956579398341078,-0.3324280727810096,44.86494811420166,26.594403607486143,AA_AB_BB_two_point_projection,,,,
Ds,Ds1_2536,D_s1(2536),3.75,9.5,high,35.0,35.3,3.082207001484488,0.4174129545557052,0.17631836475633492,0.10380157248585642,-0.48379079037715345,0.5875923628630099,3.3435515929686113,26.594403607486143,AA_AB_BB_two_point_projection,,,,
Ds,Ds1_2460,D_s1(2460),3.75,9.0,low,35.125,35.3,3.0,0.4173715772032655,0.1765305469714092,-0.46193442842307425,-0.12998206295314524,-0.331952365469929,44.85340455594778,26.594403607486143,AA_AB_BB_two_point_projection,,,,
Ds,Ds1_2536,D_s1(2536),3.75,9.5,high,35.125,35.3,3.082207001484488,0.4173715772032655,0.1765305469714092,0.10624329875670535,-0.4824699868524984,0.5887132856092038,3.5027025377722736,26.594403607486143,AA_AB_BB_two_point_projection,,,,
Ds,Ds1_2460,D_s1(2460),3.75,9.0,low,35.25,35.3,3.0,0.41732844186908635,0.17674826111303688,-0.4618747250565845,-0.13039834503353281,-0.3314763800230517,44.841811022184885,26.594403607486143,AA_AB_BB_two_point_projection,,,,
Ds,Ds1_2536,D_s1(2536),3.75,9.5,high,35.25,35.3,3.082207001484488,0.41732844186908635,0.17674826111303688,0.10867525583727655,-0.48113500178981994,0.5898102576270965,3.6648947438571766,26.594403607486143,AA_AB_BB_two_point_projection,,,,
Ds,Ds1_2460,D_s1(2460),3.75,9.0,low,35.375,35.3,3.0,0.4172835488293562,0.1769714826275473,-0.4618147560339993,-0.13081464348572924,-0.33100011254827005,44.830167410370954,26.594403607486143,AA_AB_BB_two_point_projection,,,,
Ds,Ds1_2536,D_s1(2536),3.75,9.5,high,35.375,35.3,3.082207001484488,0.4172835488293562,0.1769714826275473,0.11109725495308337,-0.4797860828069675,0.5908833377600509,3.830070960249415,26.594403607486143,AA_AB_BB_two_point_projection,,,,
Ds,Ds1_2460,D_s1(2460),3.75,9.0,low,35.5,35.3,3.0,0.4172368983715488,0.17720018646014782,-0.46175452071552026,-0.13123096157098316,-0.33052355914453707,44.81847361639916,26.594403607486143,AA_AB_BB_two_point_projection,,,,
Ds,Ds1_2536,D_s1(2536),3.75,9.5,high,35.5,35.3,3.082207001484488,0.4172368983715488,0.17720018646014782,0.11350911179465012,-0.4784234795079994,0.5919325913026495,3.998173297804982,26.594403607486143,AA_AB_BB_two_point_projection,,,,
Ds,Ds1_2460,D_s1(2460),3.75,9.0,low,35.625,35.3,3.0,0.41718849079442544,0.1774343470659154,-0.46169401845247626,-0.13164730255072557,-0.33004671590175066,44.80672953459463,26.594403607486143,AA_AB_BB_two_point_projection,,,,
Ds,Ds1_2536,D_s1(2536),3.75,9.5,high,35.625,35.3,3.082207001484488,0.41718849079442544,0.1774343470659154,0.11591064655939248,-0.47704744332527843,0.5929580898846709,4.16914327727408,26.594403607486143,AA_AB_BB_two_point_projection,,,,
Ds,Ds1_2460,D_s1(2460),3.75,9.0,low,35.75,35.3,3.0,0.4171383264080364,0.17767393842089693,-0.4616332485872964,-0.13206366968665925,-0.32956957890063715,44.794935057710944,26.594403607486143,AA_AB_BB_two_point_projection,,,,
Ds,Ds1_2536,D_s1(2536),3.75,9.5,high,35.75,35.3,3.082207001484488,0.4171383264080364,0.17767393842089693,0.11830168398918445,-0.47565822736228686,0.5939599113514713,4.342921877205886,26.594403607486143,AA_AB_BB_two_point_projection,,,,
Ds,Ds1_2460,D_s1(2460),3.75,9.0,low,35.875,35.3,3.0,0.4170864055337235,0.1779189340333087,-0.4615722104534823,-0.13248006624084832,-0.32909214421263394,44.78309007692683,26.594403607486143,AA_AB_BB_two_point_projection,,,,
Ds,Ds1_2536,D_s1(2536),3.75,9.5,high,35.875,35.3,3.082207001484488,0.4170864055337235,0.1779189340333087,0.12068205340364263,-0.4742560862373348,0.5949381396409774,4.519449581628214,26.594403607486143,AA_AB_BB_two_point_projection,,,,
Ds,Ds1_2460,D_s1(2460),3.75,9.0,low,36.0,35.3,3.0,0.41703272850412226,0.17816930695482278,-0.4615109033755802,-0.13289649547580765,-0.3286144078997726,44.77119448184241,26.594403607486143,AA_AB_BB_two_point_projection,,,,
Ds,Ds1_2536,D_s1(2536),3.75,9.5,high,36.0,35.3,3.082207001484488,0.41703272850412226,0.17816930695482278,0.12305158872916366,-0.47284127592834324,0.5958928646575069,4.698666427438218,26.594403607486143,AA_AB_BB_two_point_projection,,,,
Ds,Ds1_2460,D_s1(2460),3.75,9.0,low,36.125,35.3,3.0,0.4169772956631636,0.178425029791932,-0.46144932666915206,-0.1333129606545922,-0.32813636601455987,44.759248160475636,26.594403607486143,AA_AB_BB_two_point_projection,,,,
Ds,Ds1_2536,D_s1(2536),3.75,9.5,high,36.125,35.3,3.082207001484488,0.4169772956631636,0.178425029791932,0.12541012852376077,-0.47141405361886424,0.596824182142625,4.880512051442644,26.594403607486143,AA_AB_BB_two_point_projection,,,,
Ds,Ds1_2460,D_s1(2460),3.75,9.0,low,36.25,35.3,3.0,0.41692010736607665,0.1786860747173814,-0.46138747964074656,-0.1337294650408866,-0.32765801459986,44.747250999258625,26.594403607486143,AA_AB_BB_two_point_projection,,,,
Ds,Ds1_2536,D_s1(2536),3.75,9.5,high,36.25,35.3,3.082207001484488,0.41692010736607665,0.1786860747173814,0.12775751599774376,-0.46997467754550615,0.5977321935432499,5.0649257369874965,26.594403607486143,AA_AB_BB_two_point_projection,,,,
Ds,Ds1_2460,D_s1(2460),3.75,9.0,low,36.375,35.3,3.0,0.416861163979391,0.17895241348165705,-0.4613253615878682,-0.13414601189909434,-0.3271793496887739,44.73520288303353,26.594403607486143,AA_AB_BB_two_point_projection,,,,
Ds,Ds1_2536,D_s1(2536),3.75,9.5,high,36.375,35.3,3.082207001484488,0.416861163979391,0.17895241348165705,0.13009359903030066,-0.4685234068469198,0.5986170058772204,5.2518464601198716,26.594403607486143,AA_AB_BB_two_point_projection,,,,
Ds,Ds1_2460,D_s1(2460),3.75,9.0,low,36.5,35.3,3.0,0.4168004658809389,0.1792240174245213,-0.46126297179894804,-0.13456260449442728,-0.3267003673045208,44.7231036950489,26.594403607486143,AA_AB_BB_two_point_projection,,,,
Ds,Ds1_2536,D_s1(2536),3.75,9.5,high,36.5,35.3,3.082207001484488,0.4168004658809389,0.1792240174245213,0.1324182301820383,-0.4670605014144989,0.5994787315965372,5.441212935226382,26.594403607486143,AA_AB_BB_two_point_projection,,,,
Ds,Ds1_2460,D_s1(2460),3.75,9.0,low,36.625,35.3,3.0,0.4167380134598581,0.1795008574865859,-0.46120030955331126,-0.13497924609299494,-0.3262210634603163,44.71095331695536,26.594403607486143,AA_AB_BB_two_point_projection,,,,
Ds,Ds1_2536,D_s1(2536),3.75,9.5,high,36.625,35.3,3.082207001484488,0.4167380134598581,0.1795008574865859,0.1347312667035499,-0.46558622174493597,0.6003174884484859,5.632963660095388,26.594403607486143,AA_AB_BB_two_point_projection,,,,
Ds,Ds1_2460,D_s1(2460),3.75,9.0,low,36.75,35.3,3.0,0.41667380711659424,0.17978290422091103,-0.46113737412114625,-0.13539593996189397,-0.3257414341592523,44.69875162880164,26.594403607486143,AA_AB_BB_two_point_projection,,,,
Ds,Ds1_2536,D_s1(2536),3.75,9.5,high,36.75,35.3,3.082207001484488,0.41667380711659424,0.17978290422091103,0.1370325705400765,-0.46410082879478026,0.6011333993348568,5.827036960352131,26.594403607486143,AA_AB_BB_two_point_projection,,,,
Ds,Ds1_2460,D_s1(2460),3.75,9.0,low,36.875,35.3,3.0,0.4166078472629038,0.1800701278046233,-0.46107416476347174,-0.13581268936929744,-0.3252614753941743,44.68649850903028,26.594403607486143,AA_AB_BB_two_point_projection,,,,
Ds,Ds1_2536,D_s1(2536),3.75,9.5,high,36.875,35.3,3.082207001484488,0.4166078472629038,0.1800701278046233,0.13932200833233738,-0.46260458383712205,0.6019265921694594,6.023371033218555,26.594403607486143,AA_AB_BB_two_point_projection,,,,
Ds,Ds1_2460,D_s1(2460),3.75,9.0,low,37.0,35.3,3.0,0.41654013432185655,0.18036249805054058,-0.461010680732104,-0.13622949758454417,-0.3247811831475598,44.674193834473265,26.594403607486143,AA_AB_BB_two_point_projection,,,,
Ds,Ds1_2536,D_s1(2536),3.75,9.5,high,37.0,35.3,3.082207001484488,0.41654013432185655,0.18036249805054058,0.14159945141360997,-0.4610977483205366,0.6026971997341466,6.221903990552231,26.594403607486143,AA_AB_BB_two_point_projection,,,,
Ds,Ds1_2460,D_s1(2460),3.75,9.0,low,37.125,35.3,3.0,0.4164706687278387,0.1806599844187969,-0.4609469212696228,-0.13664636787822831,-0.32430055339139446,44.66183748034759,26.594403607486143,AA_AB_BB_two_point_projection,,,,
Ds,Ds1_2536,D_s1(2536),3.75,9.5,high,37.125,35.3,3.082207001484488,0.4164706687278387,0.1806599844187969,0.1438647758031416,-0.45958058373040156,0.6034453595335432,6.422573901121038,26.594403607486143,AA_AB_BB_two_point_projection,,,,
Ds,Ds1_2460,D_s1(2460),3.75,9.0,low,37.25,35.3,3.0,0.4163994509265556,0.1809625560284563,-0.46088288560933777,-0.13706330352228863,-0.32381958208704914,44.64942932025081,26.594403607486143,AA_AB_BB_two_point_projection,,,,
Ds,Ds1_2536,D_s1(2536),3.75,9.5,high,37.25,35.3,3.082207001484488,0.4163994509265556,0.1809625560284563,0.14611786219597733,-0.45805335145270487,0.6041712136486822,6.625318832072735,26.594403607486143,AA_AB_BB_two_point_projection,,,,
Ds,Ds1_2460,D_s1(2460),3.75,9.0,low,37.375,35.3,3.0,0.4163264813750348,0.1812701816691081,-0.46081857297525297,-0.1374803077900979,-0.32333826518515507,44.63696922615629,26.594403607486143,AA_AB_BB_two_point_projection,,,,
Ds,Ds1_2536,D_s1(2536),3.75,9.5,high,37.375,35.3,3.082207001484488,0.4163264813750348,0.1812701816691081,0.1483585959492984,-0.4565163126404464,0.6048749085897448,6.830076889561629,26.594403607486143,AA_AB_BB_two_point_projection,,,,
Ds,Ds1_2460,D_s1(2460),3.75,9.0,low,37.5,35.3,3.0,0.4162517605416294,0.1815828298124347,-0.4607539825820315,-0.13789738395655252,-0.322856598625479,44.62445706840856,26.594403607486143,AA_AB_BB_two_point_projection,,,,
Ds,Ds1_2536,D_s1(2536),3.75,9.5,high,37.5,35.3,3.082207001484488,0.4162517605416294,0.1815828298124347,0.1505868670653588,-0.4549697280827339,0.6055565951480927,7.0367862584962575,26.594403607486143,AA_AB_BB_two_point_projection,,,,
Ds,Ds1_2460,D_s1(2460),3.75,9.0,low,37.625,35.3,3.0,0.4161752889060208,0.18190046862374304,-0.46068911363495935,-0.13831453529816182,-0.3223745783367975,44.611892715718454,26.594403607486143,AA_AB_BB_two_point_projection,,,,
Ds,Ds1_2536,D_s1(2536),3.75,9.5,high,37.625,35.3,3.082207001484488,0.4161752889060208,0.18190046862374304,0.15280257017112298,-0.45341385807666346,0.6062164282477864,7.245385241375714,26.594403607486143,AA_AB_BB_two_point_projection,,,,
Ds,Ds1_2460,D_s1(2460),3.75,9.0,low,37.75,35.3,3.0,0.4160970669592223,0.18222306597345206,-0.4606239653299084,-0.13873176509313756,-0.32189220023677084,44.599276035158134,26.594403607486143,AA_AB_BB_two_point_projection,,,,
Ds,Ds1_2536,D_s1(2536),3.75,9.5,high,37.75,35.3,3.082207001484488,0.4160970669592223,0.18222306597345206,0.15500560449469725,-0.4518489623020743,0.6068545667967715,7.455812296183602,26.594403607486143,AA_AB_BB_two_point_projection,,,,
Ds,Ds1_2460,D_s1(2460),3.75,9.0,low,37.875,35.3,3.0,0.41601709520358243,0.1825505894485282,-0.4605585368532995,-0.13914907662148376,-0.3214094602318157,44.586606892156205,26.594403607486143,AA_AB_BB_two_point_projection,,,,
Ds,Ds1_2536,D_s1(2536),3.75,9.5,high,37.875,35.3,3.082207001484488,0.41601709520358243,0.1825505894485282,0.1571958738386603,-0.4502752996992504,0.6074711735379107,7.66800607331218,26.594403607486143,AA_AB_BB_two_point_projection,,,,
Ds,Ds1_2460,D_s1(2460),3.75,9.0,low,38.0,35.3,3.0,0.415935374152788,0.18288300636386093,-0.46049282738206365,-0.13956647316508605,-0.3209263542169776,44.57388515049243,26.594403607486143,AA_AB_BB_two_point_projection,,,,
Ds,Ds1_2536,D_s1(2536),3.75,9.5,high,38.0,35.3,3.082207001484488,0.415935374152788,0.18288300636386093,0.15937328655039423,-0.448693128349647,0.6080664149000412,7.881905451491207,26.594403607486143,AA_AB_BB_two_point_projection,,,,
Ds,Ds1_2460,D_s1(2460),3.75,9.0,low,38.125,35.3,3.0,0.4158519043318681,0.1832202837735712,-0.4604268360836039,-0.1399839580078012,-0.32044287807580274,44.56111067229265,26.594403607486143,AA_AB_BB_two_point_projection,,,,
Ds,Ds1_2536,D_s1(2536),3.75,9.5,high,38.125,35.3,3.082207001484488,0.4158519043318681,0.1832202837735712,0.16153775548952093,-0.44710270535970326,0.6086404608492242,8.097449572698666,26.594403607486143,AA_AB_BB_two_point_projection,,,,
Ds,Ds1_2460,D_s1(2460),3.75,9.0,low,38.25,35.3,3.0,0.4157666862771976,0.18356238848224543,-0.4603605621157555,-0.14040153443554707,-0.31995902768020845,44.548283318023344,26.594403607486143,AA_AB_BB_two_point_projection,,,,
Ds,Ds1_2536,D_s1(2536),3.75,9.5,high,38.25,35.3,3.082207001484488,0.4157666862771976,0.18356238848224543,0.16368919799255155,-0.44550428674780107,0.6091934847403526,8.31457787603324,26.594403607486143,AA_AB_BB_two_point_projection,,,,
Ds,Ds1_2460,D_s1(2460),3.75,9.0,low,38.375,35.3,3.0,0.41567972053650043,0.18390928705608853,-0.46029400462674575,-0.14081920573639212,-0.31947479889035363,44.53540294648619,26.594403607486143,AA_AB_BB_two_point_projection,,,,
Ds,Ds1_2536,D_s1(2536),3.75,9.5,high,38.375,35.3,3.082207001484488,0.41567972053650043,0.18390928705608853,0.16582753583485643,-0.44389812733442213,0.6097256631692786,8.533230130530589,26.594403607486143,AA_AB_BB_two_point_projection,,,,
Ds,Ds1_2460,D_s1(2460),3.75,9.0,low,38.5,35.3,3.0,0.4155910076688538,0.18426094583398844,-0.4602271627551543,-0.1412369752006455,-0.3189901875545088,44.52246941481277,26.594403607486143,AA_AB_BB_two_point_projection,,,,
Ds,Ds1_2536,D_s1(2536),3.75,9.5,high,38.5,35.3,3.082207001484488,0.4155910076688538,0.18426094583398844,0.16795269519006362,-0.4422844806355496,0.6102371758256132,8.753346466907994,26.594403607486143,AA_AB_BB_two_point_projection,,,,
Ds,Ds1_2460,D_s1(2460),3.75,9.0,low,38.625,35.3,3.0,0.41550054824469185,0.18461733093848676,-0.4601600356298704,-0.14165484612094645,-0.318505189508924,44.50948257845863,26.594403607486143,AA_AB_BB_two_point_projection,,,,
Ds,Ds1_2536,D_s1(2536),3.75,9.5,high,38.625,35.3,3.082207001484488,0.41550054824469185,0.18461733093848676,0.17006460658699613,-0.4406635987593522,0.6107282053463483,8.97486740822434,26.594403607486143,AA_AB_BB_two_point_projection,,,,
Ds,Ds1_2460,D_s1(2460),3.75,9.0,low,38.75,35.3,3.0,0.4154083428458097,0.184978408286649,-0.4600926223700518,-0.14207282179235456,-0.3180198005776972,44.49644229119779,26.594403607486143,AA_AB_BB_two_point_projection,,,,
Ds,Ds1_2536,D_s1(2536),3.75,9.5,high,38.75,35.3,3.082207001484488,0.4154083428458097,0.184978408286649,0.1721632048642589,-0.4390357323061848,0.6111989371704437,9.197733899444783,26.594403607486143,AA_AB_BB_two_point_projection,,,,
Ds,Ds1_2460,D_s1(2460),3.75,9.0,low,38.875,35.3,3.0,0.4153143920653674,0.18534414360082802,-0.4600249220850814,-0.14249090551243956,-0.3175340165726418,44.48334840511675,26.594403607486143,AA_AB_BB_two_point_projection,,,,
Ds,Ds1_2536,D_s1(2536),3.75,9.5,high,38.875,35.3,3.082207001484488,0.4153143920653674,0.18534414360082802,0.1742484291225841,-0.4374011302719343,0.6116495593945184,9.421887335901436,26.594403607486143,AA_AB_BB_two_point_projection,,,,
Ds,Ds1_2460,D_s1(2460),3.75,9.0,low,39.0,35.3,3.0,0.415218696507894,0.185714502419316,-0.4599569338745245,-0.14290910058137157,-0.31704783329315295,44.47020077060867,26.594403607486143,AA_AB_BB_two_point_projection,,,,
Ds,Ds1_2536,D_s1(2536),3.75,9.5,high,39.0,35.3,3.082207001484488,0.415218696507894,0.185714502419316,0.17632022267504693,-0.4357600399547284,0.6120802626297753,9.647269590643972,26.594403607486143,AA_AB_BB_two_point_projection,,,,
Ds,Ds1_2460,D_s1(2460),3.75,9.0,low,39.125,35.3,3.0,0.41512125678929185,0.18608945010687908,-0.45988865682808455,-0.14332741030201093,-0.31656124652607365,44.45699923636733,26.594403607486143,AA_AB_BB_two_point_projection,,,,
Ds,Ds1_2536,D_s1(2536),3.75,9.5,high,39.125,35.3,3.082207001484488,0.41512125678929185,0.18608945010687908,0.17837853299526069,-0.4341127068650274,0.6124912398602881,9.873823040675772,26.594403607486143,AA_AB_BB_two_point_projection,,,,
Ds,Ds1_2460,D_s1(2460),3.75,9.0,low,39.25,35.3,3.0,0.41502207353684084,0.18646895186516962,-0.45982009002555824,-0.14374583797999874,-0.3160742520455595,44.44374364938099,26.594403607486143,AA_AB_BB_two_point_projection,,,,
Ds,Ds1_2536,D_s1(2536),3.75,9.5,high,39.25,35.3,3.082207001484488,0.41502207353684084,0.18646895186516962,0.1804233116636632,-0.43245937463910367,0.6128826863027669,10.101490592073837,26.594403607486143,AA_AB_BB_two_point_projection,,,,
Ds,Ds1_2460,D_s1(2460),3.75,9.0,low,39.375,35.3,3.0,0.4149211473892029,0.1868529727430115,-0.45975123253679,-0.14416438692384675,-0.31558684561294326,44.43043385492606,26.594403607486143,AA_AB_BB_two_point_projection,,,,
Ds,Ds1_2536,D_s1(2536),3.75,9.5,high,39.375,35.3,3.082207001484488,0.4149211473892029,0.1868529727430115,0.182454514312001,-0.43080028495591927,0.6132547992679203,10.330215703991955,26.594403607486143,AA_AB_BB_two_point_projection,,,,
Ds,Ds1_2460,D_s1(2460),3.75,9.0,low,39.5,35.3,3.0,0.4148184789964262,0.1872414776465536,-0.4596820834216261,-0.14458306044502806,-0.31509902297659803,44.417069696560866,26.594403607486143,AA_AB_BB_two_point_projection,,,,
Ds,Ds1_2536,D_s1(2536),3.75,9.5,high,39.5,35.3,3.082207001484488,0.4148184789964262,0.1872414776465536,0.1844721005661223,-0.42913567745739634,0.6136077780235186,10.55994241154925,26.594403607486143,AA_AB_BB_two_point_projection,,,,
Ds,Ds1_2460,D_s1(2460),3.75,9.0,low,39.625,35.3,3.0,0.41471406901995006,0.18763443134928798,-0.4596126417298678,-0.14500186185806743,-0.31461077987180036,44.40365101611914,26.594403607486143,AA_AB_BB_two_point_projection,,,,
Ds,Ds1_2536,D_s1(2536),3.75,9.5,high,39.625,35.3,3.082207001484488,0.41471406901995006,0.18763443134928798,0.18647603398718648,-0.4274657896720766,0.6139418236592631,10.79061534760774,26.594403607486143,AA_AB_BB_two_point_projection,,,,
Ds,Ds1_2460,D_s1(2460),3.75,9.0,low,39.75,35.3,3.0,0.4146079181326093,0.18803179850192722,-0.459542906501224,-0.14542079448063192,-0.31412211202059204,44.390177653703546,26.594403607486143,AA_AB_BB_two_point_projection,,,,
Ds,Ds1_2536,D_s1(2536),3.75,9.5,high,39.75,35.3,3.082207001484488,0.4146079181326093,0.18803179850192722,0.18846628201139415,-0.42579085694216035,0.6142571389535545,11.022179763444102,26.594403607486143,AA_AB_BB_two_point_projection,,,,
Ds,Ds1_2460,D_s1(2460),3.75,9.0,low,39.875,35.3,3.0,0.41450002701863914,0.18843354364213938,-0.4594728767652627,-0.14583986163362142,-0.3136330151316413,44.37664944767897,26.594403607486143,AA_AB_BB_two_point_projection,,,,
Ds,Ds1_2536,D_s1(2536),3.75,9.5,high,39.875,35.3,3.082207001484488,0.41450002701863914,0.18843354364213938,0.19044281588834527,-0.42411111235390725,0.6145539282422525,11.254581548322918,26.594403607486143,AA_AB_BB_two_point_projection,,,,
Ds,Ds1_2460,D_s1(2460),3.75,9.0,low,40.0,35.3,3.0,0.4143903963736802,0.188839631204135,-0.4594025515413623,-0.14625906664125943,-0.31314348490010285,44.36306623466572,26.594403607486143,AA_AB_BB_two_point_projection,,,,
Ds,Ds1_2536,D_s1(2536),3.75,9.5,high,40.0,35.3,3.082207001484488,0.4143903963736802,0.188839631204135,0.19240561061813,-0.422426786671381,0.614832397289511,11.487767247980278,26.594403607486143,AA_AB_BB_two_point_projection,,,,
Ds,Ds1_2460,D_s1(2460),3.75,9.0,low,40.125,35.3,3.0,0.414279026904783,0.18925002552810402,-0.4593319298386617,-0.14667841283118405,-0.3126535170074777,44.349427849532695,26.594403607486143,AA_AB_BB_two_point_projection,,,,
Ds,Ds1_2536,D_s1(2536),3.75,9.5,high,40.125,35.3,3.082207001484488,0.414279026904783,0.18925002552810402,0.19435464488725074,-0.42073810827351565,0.6150927531607664,11.721684082027496,26.594403607486143,AA_AB_BB_two_point_projection,,,,
Ds,Ds1_2460,D_s1(2460),3.75,9.0,low,40.25,35.3,3.0,0.4141659193304134,0.1896646908694997,-0.45926101065601077,-0.14709790353453886,-0.3121631071214719,44.33573412539052,26.594403607486143,AA_AB_BB_two_point_projection,,,,
Ds,Ds1_2536,D_s1(2536),3.75,9.5,high,40.25,35.3,3.082207001484488,0.4141659193304134,0.1896646908694997,0.1962899010034801,-0.41904530309447086,0.615335204097951,11.956279960287125,26.594403607486143,AA_AB_BB_two_point_projection,,,,
Ds,Ds1_2460,D_s1(2460),3.75,9.0,low,40.375,35.3,3.0,0.4140510743804576,0.19008359140816614,-0.4591897929819179,-0.14751754208606382,-0.3116722508958541,44.32198489358424,26.594403607486143,AA_AB_BB_two_point_projection,,,,
Ds,Ds1_2536,D_s1(2536),3.75,9.5,high,40.375,35.3,3.082207001484488,0.4140510743804576,0.19008359140816614,0.19821136482975077,-0.41734859456724993,0.6155599593970007,12.19150349807393,26.594403607486143,AA_AB_BB_two_point_projection,,,,
Ds,Ds1_2460,D_s1(2460),3.75,9.0,low,40.5,35.3,3.0,0.4139344927962272,0.1905066912573076,-0.4591182757944995,-0.14793733182418684,-0.31118094397031265,44.30817998368628,26.594403607486143,AA_AB_BB_two_point_projection,,,,
Ds,Ds1_2536,D_s1(2536),3.75,9.5,high,40.5,35.3,3.082207001484488,0.4139344927962272,0.1905066912573076,0.20011902571717588,-0.4156482035705409,0.6157672292877168,12.427304030435424,26.594403607486143,AA_AB_BB_two_point_projection,,,,
Ds,Ds1_2460,D_s1(2460),3.75,9.0,low,40.625,35.3,3.0,0.41381617533046455,0.19093395447229694,-0.4590464580614272,-0.14835727609111493,-0.31068918197031226,44.29431922348926,26.594403607486143,AA_AB_BB_two_point_projection,,,,
Ds,Ds1_2536,D_s1(2536),3.75,9.5,high,40.625,35.3,3.082207001484488,0.41381617533046455,0.19093395447229694,0.20201287643729288,-0.41394434837874455,0.6159572248160374,12.663631625367197,26.594403607486143,AA_AB_BB_two_point_projection,,,,
Ds,Ds1_2460,D_s1(2460),3.75,9.0,low,40.75,35.3,3.0,0.4136961227473485,0.19136534505932137,-0.4589743387398737,-0.14877737823292544,-0.3101969605069482,44.28040243899829,26.594403607486143,AA_AB_BB_two_point_projection,,,,
Ds,Ds1_2536,D_s1(2536),3.75,9.5,high,40.75,35.3,3.082207001484488,0.4136961227473485,0.19136534505932137,0.20389291311362562,-0.41223724461514516,0.6161301577287708,12.900437096019985,26.594403607486143,AA_AB_BB_two_point_projection,,,,
Ds,Ds1_2460,D_s1(2460),3.75,9.0,low,40.875,35.3,3.0,0.4135743358224997,0.19180082698386328,-0.45890191677645975,-0.1491976415996579,-0.3097042751768018,44.26642945442364,26.594403607486143,AA_AB_BB_two_point_projection,,,,
Ds,Ds1_2536,D_s1(2536),3.75,9.5,high,40.875,35.3,3.082207001484488,0.4135743358224997,0.19180082698386328,0.2057591351526516,-0.41052710520818264,0.6162862403608342,13.137672011915633,26.594403607486143,AA_AB_BB_two_point_projection,,,,
Ds,Ds1_2460,D_s1(2460),3.75,9.0,low,41.0,35.3,3.0,0.41345081534298583,0.19224036417901544,-0.4588291911071991,-0.14961806954540563,-0.3092111215617935,44.25240009217314,26.594403607486143,AA_AB_BB_two_point_projection,,,,
Ds,Ds1_2536,D_s1(2536),3.75,9.5,high,41.0,35.3,3.082207001484488,0.41345081534298583,0.19224036417901544,0.20761154517426705,-0.40881414035077224,0.6164256855250393,13.375288709191238,26.594403607486143,AA_AB_BB_two_point_projection,,,,
Ds,Ds1_2460,D_s1(2460),3.75,9.0,low,41.125,35.3,3.0,0.4133255621073278,0.19268392055362837,-0.4587561606574433,-0.15003866542840774,-0.3087174952290356,44.238314172844504,26.594403607486143,AA_AB_BB_two_point_projection,,,,
Ds,Ds1_2536,D_s1(2536),3.75,9.5,high,41.125,35.3,3.082207001484488,0.4133255621073278,0.19268392055362837,0.20945014894183067,-0.40709855746262713,0.6165487064044578,13.613240299890244,26.594403607486143,AA_AB_BB_two_point_projection,,,,
Ds,Ds1_2460,D_s1(2460),3.75,9.0,low,41.25,35.3,3.0,0.4131985769255056,0.1931314600002889,-0.4586828243418245,-0.15045943261114067,-0.30822339173068386,44.2241715152172,26.594403607486143,AA_AB_BB_two_point_projection,,,,
Ds,Ds1_2536,D_s1(2536),3.75,9.5,high,41.25,35.3,3.082207001484488,0.4131985769255056,0.1931314600002889,0.2112749552918739,-0.405380561155528,0.6166555164474019,13.851480680321481,26.594403607486143,AA_AB_BB_two_point_projection,,,,
Ds,Ds1_2460,D_s1(2460),3.75,9.0,low,41.375,35.3,3.0,0.41306986061896367,0.1935829464031295,-0.4586091810641995,-0.15088037446041092,-0.3077288066037886,44.20997193624482,26.594403607486143,AA_AB_BB_two_point_projection,,,,
Ds,Ds1_2536,D_s1(2536),3.75,9.5,high,41.375,35.3,3.082207001484488,0.41306986061896367,0.1935829464031295,0.2130859760635544,-0.40366035320148397,0.6167463292650384,14.08996453850653,26.594403607486143,AA_AB_BB_two_point_projection,,,,
Ds,Ds1_2460,D_s1(2460),3.75,9.0,low,41.5,35.3,3.0,0.41293941402061746,0.19403834364546696,-0.4585352297175914,-0.15130149434744677,-0.30723373537014464,44.195715251046835,26.594403607486143,AA_AB_BB_two_point_projection,,,,
Ds,Ds1_2536,D_s1(2536),3.75,9.5,high,41.5,35.3,3.082207001484488,0.41293941402061746,0.19403834364546696,0.21488322602793214,-0.40193813250372995,0.6168213585316621,14.328647360737307,26.594403607486143,AA_AB_BB_two_point_projection,,,,
Ds,Ds1_2460,D_s1(2460),3.75,9.0,low,41.625,35.3,3.0,0.41280723797485935,0.19449761561727008,-0.45846096918413115,-0.1517227956479911,-0.3067381735361401,44.18140127290042,26.594403607486143,AA_AB_BB_two_point_projection,,,,
Ds,Ds1_2536,D_s1(2536),3.75,9.5,high,41.625,35.3,3.082207001484488,0.41280723797485935,0.19449761561727008,0.21666672281714716,-0.400214095070499,0.6168808178876461,14.567485437266507,26.594403607486143,AA_AB_BB_two_point_projection,,,,
Ds,Ds1_2460,D_s1(2460),3.75,9.0,low,41.75,35.3,3.0,0.41267333333756473,0.1949607262224564,-0.4583863983349983,-0.15214428174239372,-0.3062421165926046,44.1670298132323,26.594403607486143,AA_AB_BB_two_point_projection,,,,
Ds,Ds1_2536,D_s1(2536),3.75,9.5,high,41.75,35.3,3.082207001484488,0.41267333333756473,0.1949607262224564,0.21843648685356531,-0.39848843399151,0.6169249208450753,14.806435867152814,26.594403607486143,AA_AB_BB_two_point_projection,,,,
Ds,Ds1_2460,D_s1(2460),3.75,9.0,low,41.875,35.3,3.0,0.4125377009760983,0.195427639386017,-0.4583115160303609,-0.15256595601570438,-0.3057455600146565,44.15260068161018,26.594403607486143,AA_AB_BB_two_point_projection,,,,
Ds,Ds1_2536,D_s1(2536),3.75,9.5,high,41.875,35.3,3.082207001484488,0.4125377009760983,0.195427639386017,0.22019254127896848,-0.396761339417109,0.6169538806960775,15.045456562284793,26.594403607486143,AA_AB_BB_two_point_projection,,,,
Ds,Ds1_2460,D_s1(2460),3.75,9.0,low,42.0,35.3,3.0,0.412400341769321,0.19589831906097013,-0.4582363211193141,-0.15298782185776524,-0.30524849926154884,44.13811368573429,26.594403607486143,AA_AB_BB_two_point_projection,,,,
Ds,Ds1_2536,D_s1(2536),3.75,9.5,high,42.0,35.3,3.082207001484488,0.412400341769321,0.19589831906097013,0.22193491188385367,-0.39503299853999935,0.616967910423853,15.284506250606718,26.594403607486143,AA_AB_BB_two_point_projection,,,,
Ds,Ds1_2460,D_s1(2460),3.75,9.0,low,42.125,35.3,3.0,0.41226125660759577,0.19637272923514315,-0.4581608124398193,-0.15340988266330444,-0.3047509297765149,44.12356863142879,26.594403607486143,AA_AB_BB_two_point_projection,,,,
Ds,Ds1_2536,D_s1(2536),3.75,9.5,high,42.125,35.3,3.082207001484488,0.41226125660759577,0.19637272923514315,0.2236636270369078,-0.3933035955794957,0.6169672226164035,15.523544478570251,26.594403607486143,AA_AB_BB_two_point_projection,,,,
Ds,Ds1_2460,D_s1(2460),3.75,9.0,low,42.25,35.3,3.0,0.4121204463927949,0.1968508339377837,-0.45808498881864074,-0.1538321418320288,-0.3042528469866119,44.10896532263293,26.594403607486143,AA_AB_BB_two_point_projection,,,,
Ds,Ds1_2536,D_s1(2536),3.75,9.5,high,42.25,35.3,3.082207001484488,0.4121204463927949,0.1968508339377837,0.2253787176147185,-0.3915733117682384,0.6169520293829569,15.762531612835971,26.594403607486143,AA_AB_BB_two_point_projection,,,,
Ds,Ds1_2460,D_s1(2460),3.75,9.0,low,42.375,35.3,3.0,0.4119779120383062,0.19733259724600002,-0.4580088490712828,-0.15425460276871783,-0.303754246302565,44.09430356139229,26.594403607486143,AA_AB_BB_two_point_projection,,,,
Ds,Ds1_2536,D_s1(2536),3.75,9.5,high,42.375,35.3,3.082207001484488,0.4119779120383062,0.19733259724600002,0.22708021693178326,-0.3898423253412986,0.6169225422730819,16.001428841249293,26.594403607486143,AA_AB_BB_two_point_projection,,,,
Ds,Ds1_2460,D_s1(2460),3.75,9.0,low,42.5,35.3,3.0,0.41183365446904024,0.19781798329103137,-0.45793239200192587,-0.1546772688833169,-0.30325512311860897,44.079583147849775,26.594403607486143,AA_AB_BB_two_point_projection,,,,
Ds,Ds1_2536,D_s1(2536),3.75,9.5,high,42.5,35.3,3.082207001484488,0.41183365446904024,0.19781798329103137,0.22876816067087236,-0.38811081152760984,0.6168789721984822,16.240198173115076,26.594403607486143,AA_AB_BB_two_point_projection,,,,
Ds,Ds1_2460,D_s1(2460),3.75,9.0,low,42.625,35.3,3.0,0.4116876746214372,0.19830695626434927,-0.45785561640336064,-0.15510014359103091,-0.30275547281232973,44.064803880236376,26.594403607486143,AA_AB_BB_two_point_projection,,,,
Ds,Ds1_2536,D_s1(2536),3.75,9.5,high,42.625,35.3,3.082207001484488,0.4116876746214372,0.19830695626434927,0.23044258681380042,-0.38637894254365407,0.6168215293574545,16.47880243879541,26.594403607486143,AA_AB_BB_two_point_projection,,,,
Ds,Ds1_2460,D_s1(2460),3.75,9.0,low,42.75,35.3,3.0,0.4115399734434738,0.19879948042359005,-0.4577785210569234,-0.15552323031241877,-0.30225529074450463,44.04996555486218,26.594403607486143,AA_AB_BB_two_point_projection,,,,
Ds,Ds1_2536,D_s1(2536),3.75,9.5,high,42.75,35.3,3.082207001484488,0.4115399734434738,0.19879948042359005,0.23210353557265873,-0.3846468875893403,0.616750423161999,16.71720528865521,26.594403607486143,AA_AB_BB_two_point_projection,,,,
Ds,Ds1_2460,D_s1(2460),3.75,9.0,low,42.875,35.3,3.0,0.4113905518946706,0.19929552009832047,-0.4577011047324286,-0.155946532473487,-0.3017545722589416,44.03506796610689,26.594403607486143,AA_AB_BB_two_point_projection,,,,
Ds,Ds1_2536,D_s1(2536),3.75,9.5,high,42.875,35.3,3.082207001484488,0.4113905518946706,0.19929552009832047,0.233751049321558,-0.3829148128459997,0.6166658621675577,16.9553711913802,26.594403607486143,AA_AB_BB_two_point_projection,,,,
Ds,Ds1_2460,D_s1(2460),3.75,9.0,low,43.0,35.3,3.0,0.4112394109460995,0.1997950396956367,-0.4576233661881014,-0.15637005350578426,-0.30125331268231714,44.020110906410316,26.594403607486143,AA_AB_BB_two_point_projection,,,,
Ds,Ds1_2536,D_s1(2536),3.75,9.5,high,43.0,35.3,3.082207001484488,0.4112394109460995,0.1997950396956367,0.23538517252892838,-0.3811828814764349,0.6165680540053633,17.193265431691703,26.594403607486143,AA_AB_BB_two_point_projection,,,,
Ds,Ds1_2460,D_s1(2460),3.75,9.0,low,43.125,35.3,3.0,0.41108655158039076,0.20029800370559855,-0.4575453041705102,-0.15679379684649608,-0.3007515073240141,44.005094166263035,26.594403607486143,AA_AB_BB_two_point_projection,,,,
Ds,Ds1_2536,D_s1(2536),3.75,9.5,high,43.125,35.3,3.082207001484488,0.41108655158039076,0.20029800370559855,0.23700595169041888,-0.3794512536269517,0.6164572053173706,17.430854107482443,26.594403607486143,AA_AB_BB_two_point_projection,,,,
Ds,Ds1_2460,D_s1(2460),3.75,9.0,low,43.25,35.3,3.0,0.4109319747917409,0.20080437670650012,-0.4574669174144963,-0.15721776593853917,-0.3002491514759571,43.990017534196376,26.594403607486143,AA_AB_BB_two_point_projection,,,,
Ds,Ds1_2536,D_s1(2536),3.75,9.5,high,43.25,35.3,3.082207001484488,0.4109319747917409,0.20080437670650012,0.23861343526244144,-0.3777200864313042,0.6163335216937457,17.66810412639783,26.594403607486143,AA_AB_BB_two_point_projection,,,,
Ds,Ds1_2460,D_s1(2460),3.75,9.0,low,43.375,35.3,3.0,0.4107756815859197,0.20131412336997795,-0.45738820464310515,-0.15764196423065688,-0.29974624041244824,43.97488079677299,26.594403607486143,AA_AB_BB_two_point_projection,,,,
Ds,Ds1_2536,D_s1(2536),3.75,9.5,high,43.375,35.3,3.082207001484488,0.4107756815859197,0.20131412336997795,0.2402076735963966,-0.3759895340164874,0.616197207612884,17.90498320188662,26.594403607486143,AA_AB_BB_two_point_projection,,,,
Ds,Ds1_2460,D_s1(2460),3.75,9.0,low,43.5,35.3,3.0,0.41061767298027907,0.20182720846595908,-0.4573091645675136,-0.1580663951775136,-0.29924276938999994,43.95968373857639,26.594403607486143,AA_AB_BB_two_point_projection,,,,
Ds,Ds1_2536,D_s1(2536),3.75,9.5,high,43.5,35.3,3.082207001484488,0.41061767298027907,0.20182720846595908,0.24178871887361875,-0.3742597475103062,0.616048466383925,18.1414598487448,26.594403607486143,AA_AB_BB_two_point_projection,,,,
Ds,Ds1_2460,D_s1(2460),3.75,9.0,low,43.625,35.3,3.0,0.41045795000375973,0.20234359686744954,-0.45722979588696033,-0.15849106223979098,-0.29873873364716935,43.94442614220142,26.594403607486143,AA_AB_BB_two_point_projection,,,,
Ds,Ds1_2536,D_s1(2536),3.75,9.5,high,43.625,35.3,3.082207001484488,0.41045795000375973,0.20234359686744954,0.24335662504107503,-0.37253087505065696,0.615887500091732,18.37750337817615,26.594403607486143,AA_AB_BB_two_point_projection,,,,
Ds,Ds1_2460,D_s1(2460),3.75,9.0,low,43.75,35.3,3.0,0.4102965136969,0.2028632535551663,-0.45715009728867184,-0.15891596888428283,-0.298234128404389,43.92910778824378,26.594403607486143,AA_AB_BB_two_point_projection,,,,
Ds,Ds1_2536,D_s1(2536),3.75,9.5,high,43.75,35.3,3.082207001484488,0.4102965136969,0.2028632535551663,0.24491144774784956,-0.3708030617964494,0.615714509544299,18.61308389239262,26.594403607486143,AA_AB_BB_two_point_projection,,,,
Ds,Ds1_2460,D_s1(2460),3.75,9.0,low,43.875,35.3,3.0,0.4101333651118435,0.2033861436220133,-0.45707006744778933,-0.1593411185839912,-0.29772894886379814,43.91372845528978,26.594403607486143,AA_AB_BB_two_point_projection,,,,
Ds,Ds1_2536,D_s1(2536),3.75,9.5,high,43.875,35.3,3.082207001484488,0.4101333651118435,0.2033861436220133,0.2464532442824457,-0.36907644994010774,0.6155296942225534,18.848172278777906,26.594403607486143,AA_AB_BB_two_point_projection,,,,
Ds,Ds1_2460,D_s1(2460),3.75,9.0,low,44.0,35.3,3.0,0.40996850531234774,0.2039122322774042,-0.45698970502729336,-0.15976651481822207,-0.2972231902090713,43.89828791990578,26.594403607486143,AA_AB_BB_two_point_projection,,,,
Ds,Ds1_2536,D_s1(2536),3.75,9.5,high,44.0,35.3,3.082207001484488,0.40996850531234774,0.2039122322774042,0.24798207351093093,-0.3673511787215804,0.6153332522325113,19.08274020363631,26.594403607486143,AA_AB_BB_two_point_projection,,,,
Ds,Ds1_2460,D_s1(2460),3.75,9.0,low,44.125,35.3,3.0,0.4098019353737921,0.2044414848514338,-0.4569090086779303,-0.16019216107268214,-0.29671684760524814,43.88278595662791,26.594403607486143,AA_AB_BB_two_point_projection,,,,
Ds,Ds1_2536,D_s1(2536),3.75,9.5,high,44.125,35.3,3.082207001484488,0.4098019353737921,0.2044414848514338,0.24949799581595183,-0.36562738444379744,0.6151253802597493,19.316760105549236,26.594403607486143,AA_AB_BB_two_point_projection,,,,
Ds,Ds1_2460,D_s1(2460),3.75,9.0,low,44.25,35.3,3.0,0.40963365638318644,0.20497386679889923,-0.4568279770381345,-0.16061806083957472,-0.2962099161985598,43.86722233795113,26.594403607486143,AA_AB_BB_two_point_projection,,,,
Ds,Ds1_2536,D_s1(2536),3.75,9.5,high,44.25,35.3,3.082207001484488,0.40963365638318644,0.20497386679889923,0.2510010730366419,-0.3639052004895079,0.6149062735261498,19.550205188361172,26.594403607486143,AA_AB_BB_two_point_projection,,,,
Ds,Ds1_2460,D_s1(2460),3.75,9.0,low,44.375,35.3,3.0,0.40946366943917994,0.20550934370317508,-0.45674660873395156,-0.16104421761769663,-0.29570239111625496,43.85159683431843,26.594403607486143,AA_AB_BB_two_point_projection,,,,
Ds,Ds1_2536,D_s1(2536),3.75,9.5,high,44.375,35.3,3.082207001484488,0.40946366943917994,0.20550934370317508,0.2524913684094461,-0.3621847573394348,0.6146761257488809,19.783049413816816,26.594403607486143,AA_AB_BB_two_point_projection,,,,
Ds,Ds1_2460,D_s1(2460),3.75,9.0,low,44.5,35.3,3.0,0.4092919756520695,0.20604788127994178,-0.45666490237896074,-0.16147063491253524,-0.2951942674664255,43.83590921411011,26.594403607486143,AA_AB_BB_two_point_projection,,,,
Ds,Ds1_2536,D_s1(2536),3.75,9.5,high,44.5,35.3,3.082207001484488,0.4092919756520695,0.20604788127994178,0.2539689465098773,-0.3604661825916872,0.6144351291015645,20.015267493869565,26.594403607486143,AA_AB_BB_two_point_projection,,,,
Ds,Ds1_2460,D_s1(2460),3.75,9.0,low,44.625,35.3,3.0,0.40911857614380853,0.2065894453807718,-0.45658285657419495,-0.16189731623636536,-0.2946855403378296,43.820159243632396,26.594403607486143,AA_AB_BB_two_point_projection,,,,
Ds,Ds1_2536,D_s1(2536),3.75,9.5,high,44.625,35.3,3.082207001484488,0.40911857614380853,0.2065894453807718,0.25543387319522703,-0.3587496009823651,0.6141834741775921,20.246834882682794,26.594403607486143,AA_AB_BB_two_point_projection,,,,
Ds,Ds1_2460,D_s1(2460),3.75,9.0,low,44.75,35.3,3.0,0.4089434720480166,0.20713400199657506,-0.4565004699080617,-0.16232426510834683,-0.2941762047997149,43.80434668710649,26.594403607486143,AA_AB_BB_two_point_projection,,,,
Ds,Ds1_2536,D_s1(2536),3.75,9.5,high,44.75,35.3,3.082207001484488,0.4089434720480166,0.20713400199657506,0.2568862155482435,-0.35703513440729767,0.6139213499555412,20.477727768343293,26.594403607486143,AA_AB_BB_two_point_projection,,,,
Ds,Ds1_2460,D_s1(2460),3.75,9.0,low,44.875,35.3,3.0,0.40876666450998766,0.2076815172609054,-0.45641774095626153,-0.16275148505462214,-0.29366625590163936,43.788471306657065,26.594403607486143,AA_AB_BB_two_point_projection,,,,
Ds,Ds1_2536,D_s1(2536),3.75,9.5,high,44.875,35.3,3.082207001484488,0.40876666450998766,0.2076815172609054,0.25832604182179114,-0.3553229019448568,0.6136489437666479,20.70792306430671,26.594403607486143,AA_AB_BB_two_point_projection,,,,
Ds,Ds1_2460,D_s1(2460),3.75,9.0,low,45.0,35.3,3.0,0.4085881546866999,0.20823195745313097,-0.45633466828170616,-0.16317897960841415,-0.293155688673292,43.772532862300864,26.594403607486143,AA_AB_BB_two_point_projection,,,,
Ds,Ds1_2536,D_s1(2536),3.75,9.5,high,45.0,35.3,3.082207001484488,0.4085881546866999,0.20823195745313097,0.259753421384506,-0.35361301987978616,0.6133664412642922,20.93739840059411,26.594403607486143,AA_AB_BB_two_point_projection,,,,
Bs,Bs1_5750,B_s1(5750),12.0,40.0,low,25.0,35.3,6.324555320336759,0.5429092281172506,0.16802334960025955,0.3009996863426934,0.06908329037135578,0.23191639597133762,13.075823187303067,38.49525489076067,AA_AB_BB_two_point_projection,5.75,0.0,low,central_10_14
Bs,Bs1_5750,B_s1(5750),12.0,40.0,low,25.125,35.3,6.324555320336759,0.5432049053184712,0.16704104390652733,0.3009223605460148,0.06936855873868977,0.23155380180732502,13.069105781158276,38.49525489076067,AA_AB_BB_two_point_projection,5.75,0.0,low,central_10_14
Bs,Bs1_5750,B_s1(5750),12.0,40.0,low,25.25,35.3,6.324555320336759,0.5434980790302216,0.16606063369243468,0.3008450731410016,0.06965350757057706,0.23119156557042456,13.062393434769524,38.49525489076067,AA_AB_BB_two_point_projection,5.75,0.0,low,central_10_14
Bs,Bs1_5750,B_s1(5750),12.0,40.0,low,25.375,35.3,6.324555320336759,0.5437887477245159,0.16508217156096677,0.30076782343871306,0.06993813998234989,0.23082968345636318,13.055686085756513,38.49525489076067,AA_AB_BB_two_point_projection,5.75,0.0,low,central_10_14
Bs,Bs1_5750,B_s1(5750),12.0,40.0,low,25.5,35.3,6.324555320336759,0.5440769098867064,0.16410571115270034,0.30069061075129694,0.07022245907696727,0.23046815167432966,13.04898367189613,38.49525489076067,AA_AB_BB_two_point_projection,5.75,0.0,low,central_10_14
Bs,Bs1_5750,B_s1(5750),12.0,40.0,low,25.625,35.3,6.324555320336759,0.5443625640154831,0.16313130717006485,0.3006134343919682,0.0705064679451547,0.23010696644681353,13.042286131120365,38.49525489076067,AA_AB_BB_two_point_projection,5.75,0.0,low,central_10_14
Bs,Bs1_5750,B_s1(5750),12.0,40.0,low,25.75,35.3,6.324555320336759,0.5446457086228741,0.1621590154021076,0.30053629367498597,0.07079016966554244,0.22974612400944353,13.035593401514157,38.49525489076067,AA_AB_BB_two_point_projection,5.75,0.0,low,central_10_14
Bs,Bs1_5750,B_s1(5750),12.0,40.0,low,25.875,35.3,6.324555320336759,0.5449263422342447,0.16118889274976214,0.3004591879156327,0.07107356730480342,0.2293856206108293,13.028905421313382,38.49525489076067,AA_AB_BB_two_point_projection,5.75,0.0,low,central_10_14
Bs,Bs1_5750,B_s1(5750),12.0,40.0,low,26.0,35.3,6.324555320336759,0.5452044633882984,0.1602209972516242,0.30038211643019097,0.0713566639177894,0.22902545251240158,13.022222128902662,38.49525489076067,AA_AB_BB_two_point_projection,5.75,0.0,low,central_10_14
Bs,Bs1_5750,B_s1(5750),12.0,40.0,low,26.125,35.3,6.324555320336759,0.5454800706370759,0.15925538811023202,0.3003050785359225,0.07163946254766668,0.22866561598825577,13.01554346281336,38.49525489076067,AA_AB_BB_two_point_projection,5.75,0.0,low,central_10_14
Bs,Bs1_5750,B_s1(5750),12.0,40.0,low,26.25,35.3,6.324555320336759,0.5457531625459561,0.15829212571885326,0.3002280735510455,0.07192196622605075,0.22830610732499476,13.008869361721453,38.49525489076067,AA_AB_BB_two_point_projection,5.75,0.0,low,central_10_14
Bs,Bs1_5750,B_s1(5750),12.0,40.0,low,26.375,35.3,6.324555320336759,0.546023737693655,0.15733127168877492,0.3001511007947137,0.07220417797313987,0.22794692282157383,13.002199764445526,38.49525489076067,AA_AB_BB_two_point_projection,5.75,0.0,low,central_10_14
Bs,Bs1_5750,B_s1(5750),12.0,40.0,low,26.5,35.3,6.324555320336759,0.5462917946722269,0.15637288887709436,0.30007415958699357,0.07248610079784776,0.22758805878914584,12.995534609944661,38.49525489076067,AA_AB_BB_two_point_projection,5.75,0.0,low,central_10_14
Bs,Bs1_5750,B_s1(5750),12.0,40.0,low,26.625,35.3,6.324555320336759,0.5465573320870637,0.1554170414150056,0.2999972492488432,0.07276773769793549,0.2272295115509077,12.988873837316403,38.49525489076067,AA_AB_BB_two_point_projection,5.75,0.0,low,central_10_14
Bs,Bs1_5750,B_s1(5750),12.0,40.0,low,26.75,35.3,6.324555320336759,0.5468203485568958,0.15446379473657748,0.29992036910208997,0.07304909166014217,0.2268712774419478,12.982217385794703,38.49525489076067,AA_AB_BB_two_point_projection,5.75,0.0,low,central_10_14
Bs,Bs1_5750,B_s1(5750),12.0,40.0,low,26.875,35.3,6.324555320336759,0.5470808427137909,0.1535132156080141,0.2998435184694097,0.07333016566031525,0.2265133528090945,12.975565194747935,38.49525489076067,AA_AB_BB_two_point_projection,5.75,0.0,low,central_10_14
Bs,Bs1_5750,B_s1(5750),12.0,40.0,low,27.0,35.3,6.324555320336759,0.5473388132031558,0.15256537215739,0.29976669667430395,0.07361096266353918,0.22615573401076475,12.96891720367679,38.49525489076067,AA_AB_BB_two_point_projection,5.75,0.0,low,central_10_14
Bs,Bs1_5750,B_s1(5750),12.0,40.0,low,27.125,35.3,6.324555320336759,0.5475942586837352,0.15162033390484897,0.2996899030410792,0.07389148562426408,0.2257984174168151,12.962273352212328,38.49525489076067,AA_AB_BB_two_point_projection,5.75,0.0,low,central_10_14
Bs,Bs1_5750,B_s1(5750),12.0,40.0,low,27.25,35.3,6.324555320336759,0.5478471778276128,0.15067817179325396,0.29961313689482455,0.07417173748643273,0.22544139940839183,12.955633580113897,38.49525489076067,AA_AB_BB_two_point_projection,5.75,0.0,low,central_10_14
Bs,Bs1_5750,B_s1(5750),12.0,40.0,low,27.375,35.3,6.324555320336759,0.5480975693202109,0.1497389582192726,0.2995363975613908,0.07445172118360725,0.22508467637778354,12.948997827267178,38.49525489076067,AA_AB_BB_two_point_projection,5.75,0.0,low,central_10_14
Bs,Bs1_5750,B_s1(5750),12.0,40.0,low,27.5,35.3,6.324555320336759,0.5483454318602912,0.1488027670648822,0.29945968436736814,0.07473143963909477,0.22472824472827338,12.942366033682143,38.49525489076067,AA_AB_BB_two_point_projection,5.75,0.0,low,central_10_14
Bs,Bs1_5750,B_s1(5750),12.0,40.0,low,27.625,35.3,6.324555320336759,0.5485907641599542,0.14786967372927456,0.2993829966400654,0.07501089576607221,0.2243721008739932,12.935738139491098,38.49525489076067,AA_AB_BB_two_point_projection,5.75,0.0,low,central_10_14
Bs,Bs1_5750,B_s1(5750),12.0,40.0,low,27.75,35.3,6.324555320336759,0.5488335649446406,0.14693975516113722,0.2993063337074879,0.0752900924677103,0.22401624123977756,12.929114084946667,38.49525489076067,AA_AB_BB_two_point_projection,5.75,0.0,low,central_10_14
Bs,Bs1_5750,B_s1(5750),12.0,40.0,low,27.875,35.3,6.324555320336759,0.5490738329531308,0.14601308989128808,0.29922969489831613,0.0755690326372968,0.22366066226101933,12.922493810419807,38.49525489076067,AA_AB_BB_two_point_projection,5.75,0.0,low,central_10_14
Bs,Bs1_5750,B_s1(5750),12.0,40.0,low,28.0,35.3,6.324555320336759,0.549311566937545,0.14508975806563384,0.29915307954188475,0.075847719158359,0.22330536038352577,12.915877256397877,38.49525489076067,AA_AB_BB_two_point_projection,5.75,0.0,low,central_10_14
Bs,Bs1_5750,B_s1(5750),12.0,40.0,low,28.125,35.3,6.324555320336759,0.5495467656633441,0.14416984147842146,0.29907648696816047,0.07612615490478519,0.22295033206337528,12.90926436348262,38.49525489076067,AA_AB_BB_two_point_projection,5.75,0.0,low,central_10_14
Bs,Bs1_5750,B_s1(5750),12.0,40.0,low,28.25,35.3,6.324555320336759,0.5497794279093301,0.14325342360574855,0.29899991650772084,0.07640434274094565,0.22259557376677516,12.902655072388194,38.49525489076067,AA_AB_BB_two_point_projection,5.75,0.0,low,central_10_14
Bs,Bs1_5750,B_s1(5750),12.0,40.0,low,28.375,35.3,6.324555320336759,0.5500095524676456,0.1423405896392929,0.2989233674917331,0.07668228552181273,0.22224108196992035,12.896049323939266,38.49525489076067,AA_AB_BB_two_point_projection,5.75,0.0,low,central_10_14
Bs,Bs1_5750,B_s1(5750),12.0,40.0,low,28.5,35.3,6.324555320336759,0.550237138143775,0.14143142652022006,0.29884683925193267,0.0769599860930802,0.22188685315885248,12.889447059069028,38.49525489076067,AA_AB_BB_two_point_projection,5.75,0.0,low,central_10_14
Bs,Bs1_5750,B_s1(5750),12.0,40.0,low,28.625,35.3,6.324555320336759,0.5504621837565442,0.1405260229732216,0.2987703311206016,0.07723744729128179,0.22153288382931977,12.882848218817237,38.49525489076067,AA_AB_BB_two_point_projection,5.75,0.0,low,central_10_14
Bs,Bs1_5750,B_s1(5750),12.0,40.0,low,28.75,35.3,6.324555320336759,0.5506846881381219,0.13962446954063312,0.2986938424305475,0.0775146719439092,0.22117917048663827,12.876252744328319,38.49525489076067,AA_AB_BB_two_point_projection,5.75,0.0,low,central_10_14
Bs,Bs1_5750,B_s1(5750),12.0,40.0,low,28.875,35.3,6.324555320336759,0.5509046501340187,0.13872685861657683,0.29861737251508197,0.07779166286952913,0.22082570964555284,12.869660576849382,38.49525489076067,AA_AB_BB_two_point_projection,5.75,0.0,low,central_10_14
Bs,Bs1_5750,B_s1(5750),12.0,40.0,low,29.0,35.3,6.324555320336759,0.5511220686030884,0.13783328448106585,0.2985409207079995,0.07806842287789982,0.22047249783009967,12.863071657728325,38.49525489076067,AA_AB_BB_two_point_projection,5.75,0.0,low,central_10_14
Bs,Bs1_5750,B_s1(5750),12.0,40.0,low,29.125,35.3,6.324555320336759,0.5513369424175286,0.1369438433340073,0.2984644863435559,0.07834495477008675,0.22011953157346914,12.856485928411892,38.49525489076067,AA_AB_BB_two_point_projection,5.75,0.0,low,central_10_14
Bs,Bs1_5750,B_s1(5750),12.0,40.0,low,29.25,35.3,6.324555320336759,0.5515492704628798,0.1360586333290283,0.2983880687564475,0.07862126133857784,0.21976680741786966,12.849903330443794,38.49525489076067,AA_AB_BB_two_point_projection,5.75,0.0,low,central_10_14
Bs,Bs1_5750,B_s1(5750),12.0,40.0,low,29.375,35.3,6.324555320336759,0.5517590516380274,0.13517775460705117,0.29831166728178904,0.07889734536739755,0.2194143219143915,12.843323805462704,38.49525489076067,AA_AB_BB_two_point_projection,5.75,0.0,low,central_10_14
Bs,Bs1_5750,B_s1(5750),12.0,40.0,low,29.5,35.3,6.324555320336759,0.5519662848552012,0.13430130932953027,0.2982352812550935,0.07917320963222098,0.21906207162287253,12.836747295200482,38.49525489076067,AA_AB_BB_two_point_projection,5.75,0.0,low,central_10_14
Bs,Bs1_5750,B_s1(5750),12.0,40.0,low,29.625,35.3,6.324555320336759,0.5521709690399759,0.13342940171126222,0.2981589100122496,0.07944885690048653,0.21871005311176306,12.830173741480117,38.49525489076067,AA_AB_BB_two_point_projection,5.75,0.0,low,central_10_14
Bs,Bs1_5750,B_s1(5750),12.0,40.0,low,29.75,35.3,6.324555320336759,0.552373103131272,0.13256213805267042,0.2980825528895017,0.07972428993150868,0.21835826295799304,12.823603086213978,38.49525489076067,AA_AB_BB_two_point_projection,5.75,0.0,low,central_10_14
Bs,Bs1_5750,B_s1(5750),12.0,40.0,low,29.875,35.3,6.324555320336759,0.5525726860813557,0.1316996267714595,0.2980062092234277,0.0799995114765895,0.2180066977468382,12.8170352714018,38.49525489076067,AA_AB_BB_two_point_projection,5.75,0.0,low,central_10_14
Bs,Bs1_5750,B_s1(5750),12.0,40.0,low,30.0,35.3,6.324555320336759,0.5527697168558398,0.13084197843352766,0.2979298783509181,0.08027452427912989,0.21765535407178824,12.810470239128849,38.49525489076067,AA_AB_BB_two_point_projection,5.75,0.0,low,central_10_14
Bs,Bs1_5750,B_s1(5750),12.0,40.0,low,30.125,35.3,6.324555320336759,0.5529641944336835,0.12998930578301607,0.29785355960915516,0.08054933107474022,0.21730422853441492,12.803907931564062,38.49525489076067,AA_AB_BB_two_point_projection,5.75,0.0,low,central_10_14
Bs,Bs1_5750,B_s1(5750),12.0,40.0,low,30.25,35.3,6.324555320336759,0.5531561178071941,0.12914172377136623,0.2977772523355908,0.08082393459134997,0.21695331774424084,12.797348290958093,38.49525489076067,AA_AB_BB_two_point_projection,5.75,0.0,low,central_10_14
Bs,Bs1_5750,B_s1(5750),12.0,40.0,low,30.375,35.3,6.324555320336759,0.5533454859820258,0.12829934958524888,0.2977009558679261,0.08109833754931728,0.21660261831860883,12.79079125964149,38.49525489076067,AA_AB_BB_two_point_projection,5.75,0.0,low,central_10_14
Bs,Bs1_5750,B_s1(5750),12.0,40.0,low,30.5,35.3,6.324555320336759,0.553532297977182,0.12746230267321798,0.2976246695440897,0.08137254266153761,0.21625212688255213,12.784236780022804,38.49525489076067,AA_AB_BB_two_point_projection,5.75,0.0,low,central_10_14
Bs,Bs1_5750,B_s1(5750),12.0,40.0,low,30.625,35.3,6.324555320336759,0.553716552825014,0.1266307047709343,0.29754839270221667,0.08164655263355179,0.2159018400686649,12.777684794586719,38.49525489076067,AA_AB_BB_two_point_projection,5.75,0.0,low,central_10_14
Bs,Bs1_5750,B_s1(5750),12.0,40.0,low,30.75,35.3,6.324555320336759,0.5538982495712228,0.1258046799247944,0.2974721246806272,0.08192037016365375,0.2155517545169735,12.771135245892204,38.49525489076067,AA_AB_BB_two_point_projection,5.75,0.0,low,central_10_14
Bs,Bs1_5750,B_s1(5750),12.0,40.0,low,30.875,35.3,6.324555320336759,0.554077387274859,0.12498435451378968,0.29739586481780567,0.08219399794299738,0.21520186687480827,12.764588076570623,38.49525489076067,AA_AB_BB_two_point_projection,5.75,0.0,low,central_10_14
Bs,Bs1_5750,B_s1(5750),12.0,40.0,low,31.0,35.3,6.324555320336759,0.5542539650083234,0.12416985726941084,0.2973196124523786,0.08246743865570297,0.21485217379667565,12.758043229323876,38.49525489076067,AA_AB_BB_two_point_projection,5.75,0.0,low,central_10_14
Bs,Bs1_5750,B_s1(5750),12.0,40.0,low,31.125,35.3,6.324555320336759,0.5544279818573675,0.12336131929340512,0.2972433669230941,0.0827406949789632,0.21450267194413092,12.751500646922574,38.49525489076067,AA_AB_BB_two_point_projection,5.75,0.0,low,central_10_14
Bs,Bs1_5750,B_s1(5750),12.0,40.0,low,31.25,35.3,6.324555320336759,0.554599436921094,0.12255887407317846,0.29716712756880087,0.0830137695831486,0.21415335798565227,12.744960272204183,38.49525489076067,AA_AB_BB_two_point_projection,5.75,0.0,low,central_10_14
Bs,Bs1_5750,B_s1(5750),12.0,40.0,low,31.375,35.3,6.324555320336759,0.5547683293119573,0.12176265749462935,0.2970908937284257,0.083286665131912,0.21380422859651368,12.73842204807113,38.49525489076067,AA_AB_BB_two_point_projection,5.75,0.0,low,central_10_14
Bs,Bs1_5750,B_s1(5750),12.0,40.0,low,31.5,35.3,6.324555320336759,0.5549346581557639,0.12097280785218709,0.29701466474095345,0.08355938428229327,0.21345528045866016,12.731885917489024,38.49525489076067,AA_AB_BB_two_point_projection,5.75,0.0,low,central_10_14
Bs,Bs1_5750,B_s1(5750),12.0,40.0,low,31.625,35.3,6.324555320336759,0.555098422591673,0.12018946585581869,0.29693843994540503,0.08383192968482293,0.2131065102605821,12.725351823484756,38.49525489076067,AA_AB_BB_two_point_projection,5.75,0.0,low,central_10_14
Bs,Bs1_5750,B_s1(5750),12.0,40.0,low,31.75,35.3,6.324555320336759,0.5552596217721969,0.11941277463475705,0.2968622186808164,0.08410430398362537,0.21275791469719102,12.718819709144704,38.49525489076067,AA_AB_BB_two_point_projection,5.75,0.0,low,central_10_14
Bs,Bs1_5750,B_s1(5750),12.0,40.0,low,31.875,35.3,6.324555320336759,0.5554182548632017,0.11864287973769351,0.2967860002862171,0.08437650981652188,0.21240949046969523,12.712289517612874,38.49525489076067,AA_AB_BB_two_point_projection,5.75,0.0,low,central_10_14
Bs,Bs1_5750,B_s1(5750),12.0,40.0,low,32.0,35.3,6.324555320336759,0.5555743210439077,0.1178799291291667,0.29670978410060866,0.08464854981513267,0.21206123428547602,12.705761192089051,38.49525489076067,AA_AB_BB_two_point_projection,5.75,0.0,low,central_10_14
Bs,Bs1_5750,B_s1(5750),12.0,40.0,low,32.125,35.3,6.324555320336759,0.5557278195068894,0.1171240731818708,0.29663356946294417,0.08492042660497913,0.21171314285796505,12.699234675827038,38.49525489076067,AA_AB_BB_two_point_projection,5.75,0.0,low,central_10_14
Bs,Bs1_5750,B_s1(5750),12.0,40.0,low,32.25,35.3,6.324555320336759,0.555878749458077,0.11637546466459665,0.29655735571210556,0.08519214280558471,0.21136521290652086,12.692709912132726,38.49525489076067,AA_AB_BB_two_point_projection,5.75,0.0,low,central_10_14
Bs,Bs1_5750,B_s1(5750),12.0,40.0,low,32.375,35.3,6.324555320336759,0.556027110116756,0.11563425872550996,0.29648114218688315,0.08546370103057624,0.21101744115630694,12.686186844362338,38.49525489076067,AA_AB_BB_two_point_projection,5.75,0.0,low,central_10_14
Bs,Bs1_5750,B_s1(5750),12.0,40.0,low,32.5,35.3,6.324555320336759,0.5561729007155681,0.11490061287046266,0.2964049282259541,0.08573510388778414,0.21066982433816994,12.67966541592059,38.49525489076067,AA_AB_BB_two_point_projection,5.75,0.0,low,central_10_14
Bs,Bs1_5750,B_s1(5750),12.0,40.0,low,32.625,35.3,6.324555320336759,0.5563161205005116,0.11417468693602618,0.2963287131678606,0.08600635397934256,0.21032235918851802,12.673145570258873,38.49525489076067,AA_AB_BB_two_point_projection,5.75,0.0,low,central_10_14
Bs,Bs1_5750,B_s1(5750),12.0,40.0,low,32.75,35.3,6.324555320336759,0.5564567687309417,0.11345664305692907,0.2962524963509888,0.08627745390178898,0.20997504244919984,12.66662725087342,38.49525489076067,AA_AB_BB_two_point_projection,5.75,0.0,low,central_10_14
Bs,Bs1_5750,B_s1(5750),12.0,40.0,low,32.875,35.3,6.324555320336759,0.5565948446795719,0.11274664562757578,0.29617627711354705,0.08654840624616317,0.20962787086738388,12.660110401303482,38.49525489076067,AA_AB_BB_two_point_projection,5.75,0.0,low,central_10_14
Bs,Bs1_5750,B_s1(5750),12.0,40.0,low,33.0,35.3,6.324555320336759,0.5567303476324725,0.1120448612573188,0.2961000547935447,0.08681921359810622,0.20928084119543847,12.653594965129571,38.49525489076067,AA_AB_BB_two_point_projection,5.75,0.0,low,central_10_14
Bs,Bs1_5750,B_s1(5750),12.0,40.0,low,33.125,35.3,6.324555320336759,0.5568632768890734,0.11135145871915328,0.2960238287287701,0.08708987853795859,0.2089339501908115,12.64708088597156,38.49525489076067,AA_AB_BB_two_point_projection,5.75,0.0,low,central_10_14
Bs,Bs1_5750,B_s1(5750),12.0,40.0,low,33.25,35.3,6.324555320336759,0.5569936317621632,0.11066660889150547,0.2959475982567693,0.0873604036408581,0.2085871946159112,12.640568107486926,38.49525489076067,AA_AB_BB_two_point_projection,5.75,0.0,low,central_10_14
Bs,Bs1_5750,B_s1(5750),12.0,40.0,low,33.375,35.3,6.324555320336759,0.5571214115778895,0.10999048469277989,0.2958713627148246,0.08763079147683764,0.208240571237987,12.634056573368932,38.49525489076067,AA_AB_BB_two_point_projection,5.75,0.0,low,central_10_14
Bs,Bs1_5750,B_s1(5750),12.0,40.0,low,33.5,35.3,6.324555320336759,0.5572466156757606,0.10932326100834158,0.2957951214399327,0.08790104461092196,0.20789407682901073,12.627546227344816,38.49525489076067,AA_AB_BB_two_point_projection,5.75,0.0,low,central_10_14
Bs,Bs1_5750,B_s1(5750),12.0,40.0,low,33.625,35.3,6.324555320336759,0.5573692434086445,0.10866511460960653,0.29571887376878286,0.0881711656032247,0.20754770816555815,12.621037013173966,38.49525489076067,AA_AB_BB_two_point_projection,5.75,0.0,low,central_10_14
Bs,Bs1_5750,B_s1(5750),12.0,40.0,low,33.75,35.3,6.324555320336759,0.5574892941427702,0.10801622406492664,0.2956426190377357,0.08844115700904458,0.2072014620286911,12.614528874646147,38.49525489076067,AA_AB_BB_two_point_projection,5.75,0.0,low,central_10_14
Bs,Bs1_5750,B_s1(5750),12.0,40.0,low,33.875,35.3,6.324555320336759,0.5576067672577282,0.10737676964196177,0.2955663565828009,0.08871102137896156,0.20685533520383934,12.60802175557965,38.49525489076067,AA_AB_BB_two_point_projection,5.75,0.0,low,central_10_14
Bs,Bs1_5750,B_s1(5750),12.0,40.0,low,34.0,35.3,6.324555320336759,0.5577216621464707,0.10674693320124583,0.295490085739616,0.08898076125893235,0.20650932448068365,12.60151559981955,38.49525489076067,AA_AB_BB_two_point_projection,5.75,0.0,low,central_10_14
Bs,Bs1_5750,B_s1(5750),12.0,40.0,low,34.125,35.3,6.324555320336759,0.5578339782153116,0.10612689808066936,0.29541380584342414,0.08925037919038585,0.2061634266530383,12.59501035123584,38.49525489076067,AA_AB_BB_two_point_projection,5.75,0.0,low,central_10_14
Bs,Bs1_5750,B_s1(5750),12.0,40.0,low,34.25,35.3,6.324555320336759,0.5579437148839279,0.10551684897062023,0.2953375162290523,0.08951987771031794,0.20581763851873436,12.588505953721672,38.49525489076067,AA_AB_BB_two_point_projection,5.75,0.0,low,central_10_14
Bs,Bs1_5750,B_s1(5750),12.0,40.0,low,34.375,35.3,6.324555320336759,0.5580508715853594,0.10491697177954487,0.2952612162308895,0.08978925935138626,0.2054719568795033,12.582002351191512,38.49525489076067,AA_AB_BB_two_point_projection,5.75,0.0,low,central_10_14
Bs,Bs1_5750,B_s1(5750),12.0,40.0,low,34.5,35.3,6.324555320336759,0.5581554477660092,0.1043274534897224,0.2951849051828651,0.0900585266420044,0.2051263785408607,12.575499487579409,38.49525489076067,AA_AB_BB_two_point_projection,5.75,0.0,low,central_10_14
Bs,Bs1_5750,B_s1(5750),12.0,40.0,low,34.625,35.3,6.324555320336759,0.5582574428856447,0.10374848200306833,0.29510858241842597,0.09032768210643587,0.20478090031199012,12.568997306837089,38.49525489076067,AA_AB_BB_two_point_projection,5.75,0.0,low,central_10_14
Bs,Bs1_5750,B_s1(5750),12.0,40.0,low,34.75,35.3,6.324555320336759,0.5583568564173969,0.10318024597682467,0.29503224727051575,0.09059672826488782,0.20443551900562792,12.562495752932286,38.49525489076067,AA_AB_BB_two_point_projection,5.75,0.0,low,central_10_14
Bs,Bs1_5750,B_s1(5750),12.0,40.0,low,34.875,35.3,6.324555320336759,0.5584536878477616,0.10262293464902471,0.29495589907155156,0.09086566763360437,0.2040902314379472,12.55599476984682,38.49525489076067,AA_AB_BB_two_point_projection,5.75,0.0,low,central_10_14
Bs,Bs1_5750,B_s1(5750),12.0,40.0,low,35.0,35.3,6.324555320336759,0.5585479366766002,0.10207673765366825,0.2948795371534026,0.09113450272495963,0.20374503442844297,12.549494301574855,38.49525489076067,AA_AB_BB_two_point_projection,5.75,0.0,low,central_10_14
Bs,Bs1_5750,B_s1(5750),12.0,40.0,low,35.125,35.3,6.324555320336759,0.5586396024171385,0.10154184482558487,0.29480316084736785,0.09140323604755045,0.2033999247998174,12.542994292121117,38.49525489076067,AA_AB_BB_two_point_projection,5.75,0.0,low,central_10_14
Bs,Bs1_5750,B_s1(5750),12.0,40.0,low,35.25,35.3,6.324555320336759,0.5587286845959691,0.10101844599501562,0.29472676948415355,0.09167187010628892,0.20305489937786464,12.536494685499036,38.49525489076067,AA_AB_BB_two_point_projection,5.75,0.0,low,central_10_14
Bs,Bs1_5750,B_s1(5750),12.0,40.0,low,35.375,35.3,6.324555320336759,0.5588151827530502,0.1005067307719962,0.2946503623938514,0.09194040740249458,0.2027099549913568,12.529995425728996,38.49525489076067,AA_AB_BB_two_point_projection,5.75,0.0,low,central_10_14
Bs,Bs1_5750,B_s1(5750),12.0,40.0,low,35.5,35.3,6.324555320336759,0.5588990964417062,0.10000688832068459,0.29457393890591604,0.09220885043398637,0.2023650884719297,12.523496456836531,38.49525489076067,AA_AB_BB_two_point_projection,5.75,0.0,low,central_10_14
Bs,Bs1_5750,B_s1(5750),12.0,40.0,low,35.625,35.3,6.324555320336759,0.558980425228629,0.09951910712383641,0.29449749834914235,0.09247720169517415,0.2020202966539682,12.516997722850476,38.49525489076067,AA_AB_BB_two_point_projection,5.75,0.0,low,central_10_14
Bs,Bs1_5750,B_s1(5750),12.0,40.0,low,35.75,35.3,6.324555320336759,0.5590591686938774,0.09904357473769841,0.2944210400516435,0.09274546367715027,0.2016755763744932,12.510499167801214,38.49525489076067,AA_AB_BB_two_point_projection,5.75,0.0,low,central_10_14
Bs,Bs1_5750,B_s1(5750),12.0,40.0,low,35.875,35.3,6.324555320336759,0.5591353264308775,0.09858047753765793,0.29434456334082826,0.09301363886778069,0.20133092447304754,12.504000735718874,38.49525489076067,AA_AB_BB_two_point_projection,5.75,0.0,low,central_10_14
Bs,Bs1_5750,B_s1(5750),12.0,40.0,low,36.0,35.3,6.324555320336759,0.5592088980464237,0.09813000045506026,0.29426806754337814,0.09328172975179576,0.20098633779158237,12.497502370631475,38.49525489076067,AA_AB_BB_two_point_projection,5.75,0.0,low,central_10_14
Bs,Bs1_5750,B_s1(5750),12.0,40.0,low,36.125,35.3,6.324555320336759,0.559279883160678,0.09769232670567779,0.29419155198522556,0.09354973881088112,0.20064181317434446,12.4910040165632,38.49525489076067,AA_AB_BB_two_point_projection,5.75,0.0,low,central_10_14
Bs,Bs1_5750,B_s1(5750),12.0,40.0,low,36.25,35.3,6.324555320336759,0.5593482814071715,0.09726763751039297,0.29411501599153,0.09381766852376786,0.20029734746776215,12.484505617532506,38.49525489076067,AA_AB_BB_two_point_projection,5.75,0.0,low,central_10_14
Bs,Bs1_5750,B_s1(5750),12.0,40.0,low,36.375,35.3,6.324555320336759,0.5594140924328035,0.09685611180873438,0.2940384588866567,0.09408552136632313,0.19995293752033358,12.478007117550412,38.49525489076067,AA_AB_BB_two_point_projection,5.75,0.0,low,central_10_14
Bs,Bs1_5750,B_s1(5750),12.0,40.0,low,36.5,35.3,6.324555320336759,0.5594773158978426,0.09645792596598309,0.29396187999415235,0.0943532998116397,0.19960858018251268,12.471508460618594,38.49525489076067,AA_AB_BB_two_point_projection,5.75,0.0,low,central_10_14
Bs,Bs1_5750,B_s1(5750),12.0,40.0,low,36.625,35.3,6.324555320336759,0.5595379514759267,0.09607325347464657,0.2938852786367234,0.09462100633012616,0.19926427230659724,12.465009590727659,38.49525489076067,AA_AB_BB_two_point_projection,5.75,0.0,low,central_10_14
Bs,Bs1_5750,B_s1(5750),12.0,40.0,low,36.75,35.3,6.324555320336759,0.559595998854063,0.09570226465117256,0.2938086541362126,0.09488864338959638,0.19892001074661622,12.458510451855288,38.49525489076067,AA_AB_BB_two_point_projection,5.75,0.0,low,central_10_14
Bs,Bs1_5750,B_s1(5750),12.0,40.0,low,36.875,35.3,6.324555320336759,0.5596514577326291,0.09534512632885567,0.2937320058135756,0.0951562134553587,0.1985757923582169,12.452010987964421,38.49525489076067,AA_AB_BB_two_point_projection,5.75,0.0,low,central_10_14
Bs,Bs1_5750,B_s1(5750),12.0,40.0,low,37.0,35.3,6.324555320336759,0.5597043278253723,0.09500200154795818,0.2936553329888589,0.09542371899030551,0.19823161399855338,12.445511143001491,38.49525489076067,AA_AB_BB_two_point_projection,5.75,0.0,low,central_10_14
Bs,Bs1_5750,B_s1(5750),12.0,40.0,low,37.125,35.3,6.324555320336759,0.5597546088594101,0.09467304924413987,0.29357863498117565,0.09569116245500206,0.19788747252617356,12.439010860894554,38.49525489076067,AA_AB_BB_two_point_projection,5.75,0.0,low,central_10_14
Bs,Bs1_5750,B_s1(5750),12.0,40.0,low,37.25,35.3,6.324555320336759,0.559802300575231,0.09435842393635759,0.2935019111086829,0.09595854630777538,0.1975433648009075,12.432510085551497,38.49525489076067,AA_AB_BB_two_point_projection,5.75,0.0,low,central_10_14
Bs,Bs1_5750,B_s1(5750),12.0,40.0,low,37.375,35.3,6.324555320336759,0.5598474027266936,0.09405827541545328,0.2934251606885584,0.09622587300480302,0.1971992876837554,12.426008760858236,38.49525489076067,AA_AB_BB_two_point_projection,5.75,0.0,low,central_10_14
Bs,Bs1_5750,B_s1(5750),12.0,40.0,low,37.5,35.3,6.324555320336759,0.5598899150810283,0.09377274843470482,0.2933483830369768,0.09649314500020144,0.19685523803677535,12.419506830676854,38.49525489076067,AA_AB_BB_two_point_projection,5.75,0.0,low,central_10_14
Bs,Bs1_5750,B_s1(5750),12.0,40.0,low,37.625,35.3,6.324555320336759,0.559929837418836,0.09350198240366098,0.2932715774690864,0.09676036474611456,0.19651121272297184,12.413004238843806,38.49525489076067,AA_AB_BB_two_point_projection,5.75,0.0,low,central_10_14
Bs,Bs1_5750,B_s1(5750),12.0,40.0,low,37.75,35.3,6.324555320336759,0.5599671695340891,0.09324611108661755,0.29319474329898576,0.0970275346928019,0.19616720860618386,12.406500929168113,38.49525489076067,AA_AB_BB_two_point_projection,5.75,0.0,low,central_10_14
Bs,Bs1_5750,B_s1(5750),12.0,40.0,low,37.875,35.3,6.324555320336759,0.5600019112341315,0.09300526230712373,0.29311787983969995,0.09729465728872672,0.19582322255097323,12.39999684542949,38.49525489076067,AA_AB_BB_two_point_projection,5.75,0.0,low,central_10_14
Bs,Bs1_5750,B_s1(5750),12.0,40.0,low,38.0,35.3,6.324555320336759,0.560034062339679,0.09277955765992481,0.2930409864031562,0.09756173498064385,0.19547925142251232,12.393491931376515,38.49525489076067,AA_AB_BB_two_point_projection,5.75,0.0,low,central_10_14
Bs,Bs1_5750,B_s1(5750),12.0,40.0,low,38.125,35.3,6.324555320336759,0.5600636226848189,0.0925691122317559,0.2929640623001615,0.09782877021368776,0.1951352920864737,12.386986130724871,38.49525489076067,AA_AB_BB_two_point_projection,5.75,0.0,low,central_10_14
Bs,Bs1_5750,B_s1(5750),12.0,40.0,low,38.25,35.3,6.324555320336759,0.560090592117011,0.09237403433239794,0.292887106840377,0.0980957654314599,0.19479134140891707,12.380479387155392,38.49525489076067,AA_AB_BB_two_point_projection,5.75,0.0,low,central_10_14
Bs,Bs1_5750,B_s1(5750),12.0,40.0,low,38.375,35.3,6.324555320336759,0.5601149704970864,0.09219442523739353,0.2928101193322955,0.09836272307611671,0.19444739625617877,12.373971644312343,38.49525489076067,AA_AB_BB_two_point_projection,5.75,0.0,low,central_10_14
Bs,Bs1_5750,B_s1(5750),12.0,40.0,low,38.5,35.3,6.324555320336759,0.5601367576992492,0.09203037894379183,0.2927330990832162,0.09862964558845673,0.1941034534947595,12.36746284580147,38.49525489076067,AA_AB_BB_two_point_projection,5.75,0.0,low,central_10_14
Bs,Bs1_5750,B_s1(5750),12.0,40.0,low,38.625,35.3,6.324555320336759,0.5601559536110751,0.09188198194025061,0.2926560453992218,0.09889653540800827,0.19375950999121352,12.360952935188275,38.49525489076067,AA_AB_BB_two_point_projection,5.75,0.0,low,central_10_14
Bs,Bs1_5750,B_s1(5750),12.0,40.0,low,38.75,35.3,6.324555320336759,0.5601725581335129,0.09174931299277612,0.2925789575851526,0.09916339497311648,0.19341556261203613,12.354441855996031,38.49525489076067,AA_AB_BB_two_point_projection,5.75,0.0,low,central_10_14
Bs,Bs1_5750,B_s1(5750),12.0,40.0,low,38.875,35.3,6.324555320336759,0.5601865711808834,0.09163244294731036,0.2925018349445836,0.0994302267210306,0.19307160822355302,12.34792955170404,38.49525489076067,AA_AB_BB_two_point_projection,5.75,0.0,low,central_10_14
Bs,Bs1_5750,B_s1(5750),12.0,40.0,low,39.0,35.3,6.324555320336759,0.5601979926808802,0.09153143455030549,0.29242467677979933,0.09969703308799122,0.19272764369180811,12.341415965745737,38.49525489076067,AA_AB_BB_two_point_projection,5.75,0.0,low,central_10_14
Bs,Bs1_5750,B_s1(5750),12.0,40.0,low,39.125,35.3,6.324555320336759,0.5602068225745696,0.09144634228833197,0.2923474823917692,0.09996381650931707,0.19238366588245218,12.334901041506813,38.49525489076067,AA_AB_BB_two_point_projection,5.75,0.0,low,central_10_14
Bs,Bs1_5750,B_s1(5750),12.0,40.0,low,39.25,35.3,6.324555320336759,0.5602130608163904,0.0913772122476717,0.2922702510801232,0.10023057941949214,0.19203967166063107,12.328384722323378,38.49525489076067,AA_AB_BB_two_point_projection,5.75,0.0,low,central_10_14
Bs,Bs1_5750,B_s1(5750),12.0,40.0,low,39.375,35.3,6.324555320336759,0.5602167073741543,0.09132408199473685,0.29219298214312694,0.10049732425225252,0.1916956578908744,12.321866951480105,38.49525489076067,AA_AB_BB_two_point_projection,5.75,0.0,low,central_10_14
Bs,Bs1_5750,B_s1(5750),12.0,40.0,low,39.5,35.3,6.324555320336759,0.5602177622290455,0.09128698047803711,0.2921156748776568,0.1007640534406734,0.1913516214369834,12.31534767220832,38.49525489076067,AA_AB_BB_two_point_projection,5.75,0.0,low,central_10_14
Bs,Bs1_5750,B_s1(5750),12.0,40.0,low,39.625,35.3,6.324555320336759,0.5602162253756212,0.09126592795229442,0.2920383285791747,0.10103076941725556,0.19100755916191917,12.30882682768417,38.49525489076067,AA_AB_BB_two_point_projection,5.75,0.0,low,central_10_14
Bs,Bs1_5750,B_s1(5750),12.0,40.0,low,39.75,35.3,6.324555320336759,0.5602120968218113,0.09126093592517019,0.29196094254170357,0.10129747461401235,0.19066346792769123,12.302304361026701,38.49525489076067,AA_AB_BB_two_point_projection,5.75,0.0,low,central_10_14
Bs,Bs1_5750,B_s1(5750),12.0,40.0,low,39.875,35.3,6.324555320336759,0.5602053765889186,0.09127200712693323,0.2918835160578014,0.10156417146255636,0.19031934459524505,12.295780215296018,38.49525489076067,AA_AB_BB_two_point_projection,5.75,0.0,low,central_10_14
Bs,Bs1_5750,B_s1(5750),12.0,40.0,low,40.0,35.3,6.324555320336759,0.5601960647116182,0.09129913550325604,0.2918060484185367,0.10183086239418614,0.18997518602435057,12.289254333491376,38.49525489076067,AA_AB_BB_two_point_projection,5.75,0.0,low,central_10_14
Bs,Bs1_5750,B_s1(5750),12.0,40.0,low,40.125,35.3,6.324555320336759,0.5601841612379586,0.09134230623118526,0.2917285389134624,0.1020975498399727,0.18963098907348971,12.282726658549285,38.49525489076067,AA_AB_BB_two_point_projection,5.75,0.0,low,central_10_14
Bs,Bs1_5750,B_s1(5750),12.0,40.0,low,40.25,35.3,6.324555320336759,0.5601696662293604,0.09140149575818535,0.2916509868305906,0.10236423623084626,0.18928675059974434,12.276197133341613,38.49525489076067,AA_AB_BB_two_point_projection,5.75,0.0,low,central_10_14
Bs,Bs1_5750,B_s1(5750),12.0,40.0,low,40.375,35.3,6.324555320336759,0.5601525797606172,0.09147667186401562,0.2915733914563669,0.10263092399768288,0.18894246745868404,12.269665700673693,38.49525489076067,AA_AB_BB_two_point_projection,5.75,0.0,low,central_10_14
Bs,Bs1_5750,B_s1(5750),12.0,40.0,low,40.5,35.3,6.324555320336759,0.5601329019198946,0.09156779374506019,0.29149575207564465,0.10289761557139111,0.18859813650425356,12.26313230328243,38.49525489076067,AA_AB_BB_two_point_projection,5.75,0.0,low,central_10_14
Bs,Bs1_5750,B_s1(5750),12.0,40.0,low,40.625,35.3,6.324555320336759,0.5601106328087316,0.09167481212059267,0.2914180679716587,0.10316431338299842,0.1882537545886603,12.256596883834339,38.49525489076067,AA_AB_BB_two_point_projection,5.75,0.0,low,central_10_14
Bs,Bs1_5750,B_s1(5750),12.0,40.0,low,40.75,35.3,6.324555320336759,0.5600857725420386,0.09179766936033117,0.29134033842599993,0.10343101986373814,0.1879093185622618,12.250059384923695,38.49525489076067,AA_AB_BB_two_point_projection,5.75,0.0,low,central_10_14
Bs,Bs1_5750,B_s1(5750),12.0,40.0,low,40.875,35.3,6.324555320336759,0.5600583212480994,0.09193629963251392,0.2912625627185883,0.10369773744513569,0.18756482527345264,12.243519749070536,38.49525489076067,AA_AB_BB_two_point_projection,5.75,0.0,low,central_10_14
Bs,Bs1_5750,B_s1(5750),12.0,40.0,low,41.0,35.3,6.324555320336759,0.5600282790685689,0.09209062907161182,0.2911847401276475,0.1039644685590957,0.18722027156855178,12.236977918718823,38.49525489076067,AA_AB_BB_two_point_projection,5.75,0.0,low,central_10_14
Bs,Bs1_5750,B_s1(5750),12.0,40.0,low,41.125,35.3,6.324555320336759,0.5599956461584745,0.09226057596469006,0.2911068699296777,0.10423121563798836,0.18687565429168934,12.230433836234432,38.49525489076067,AA_AB_BB_two_point_projection,5.75,0.0,low,central_10_14
Bs,Bs1_5750,B_s1(5750),12.0,40.0,low,41.25,35.3,6.324555320336759,0.559960422686216,0.09244605095533533,0.29102895139942925,0.10449798111473617,0.18653097028469307,12.223887443903225,38.49525489076067,AA_AB_BB_two_point_projection,5.75,0.0,low,central_10_14
Bs,Bs1_5750,B_s1(5750),12.0,40.0,low,41.375,35.3,6.324555320336759,0.5599226088335643,0.09264695726398042,0.29095098380987633,0.10476476742290093,0.18618621638697538,12.217338683929164,38.49525489076067,AA_AB_BB_two_point_projection,5.75,0.0,low,central_10_14
Bs,Bs1_5750,B_s1(5750),12.0,40.0,low,41.5,35.3,6.324555320336759,0.5598822047956622,0.09286319092338925,0.29087296643218963,0.10503157699677024,0.18584138943541936,12.210787498432287,38.49525489076067,AA_AB_BB_two_point_projection,5.75,0.0,low,central_10_14
Bs,Bs1_5750,B_s1(5750),12.0,40.0,low,41.625,35.3,6.324555320336759,0.5598392107810244,0.09309464102800248,0.2907948985357094,0.1052984122714445,0.1854964862642649,12.204233829446778,38.49525489076067,AA_AB_BB_two_point_projection,5.75,0.0,low,central_10_14
Bs,Bs1_5750,B_s1(5750),12.0,40.0,low,41.75,35.3,6.324555320336759,0.5597936270115361,0.09334118999579646,0.29071677938791907,0.10556527568292395,0.18515150370499509,12.19767761891905,38.49525489076067,AA_AB_BB_two_point_projection,5.75,0.0,low,central_10_14
Bs,Bs1_5750,B_s1(5750),12.0,40.0,low,41.875,35.3,6.324555320336759,0.5597454537224543,0.09360271384127723,0.29063860825441673,0.10583216966819538,0.18480643858622134,12.191118808705674,38.49525489076067,AA_AB_BB_two_point_projection,5.75,0.0,low,central_10_14
Bs,Bs1_5750,B_s1(5750),12.0,40.0,low,42.0,35.3,6.324555320336759,0.5596946911624067,0.09387908245820245,0.29056038439888887,0.10609909666531932,0.18446128773356954,12.184557340571502,38.49525489076067,AA_AB_BB_two_point_projection,5.75,0.0,low,central_10_14
Bs,Bs1_5750,B_s1(5750),12.0,40.0,low,42.125,35.3,6.324555320336759,0.5596413395933915,0.09417015991061999,0.29048210708308236,0.10636605911351722,0.18411604796956513,12.17799315618763,38.49525489076067,AA_AB_BB_two_point_projection,5.75,0.0,low,central_10_14
Bs,Bs1_5750,B_s1(5750),12.0,40.0,low,42.25,35.3,6.324555320336759,0.5595853992907778,0.09447580473080784,0.2904037755667765,0.1066330594532585,0.18377071611351797,12.171426197129406,38.49525489076067,AA_AB_BB_two_point_projection,5.75,0.0,low,central_10_14
Bs,Bs1_5750,B_s1(5750),12.0,40.0,low,42.375,35.3,6.324555320336759,0.5595268705433047,0.09479587022271681,0.2903253891077557,0.10690010012634805,0.1834252889814076,12.16485640487448,38.49525489076067,AA_AB_BB_two_point_projection,5.75,0.0,low,central_10_14
Bs,Bs1_5750,B_s1(5750),12.0,40.0,low,42.5,35.3,6.324555320336759,0.5594657536530817,0.09513020476953607,0.290246946961781,0.10716718357601338,0.1830797633857676,12.158283720800734,38.49525489076067,AA_AB_BB_two_point_projection,5.75,0.0,low,central_10_14
Bs,Bs1_5750,B_s1(5750),12.0,40.0,low,42.625,35.3,6.324555320336759,0.5594020489355874,0.09547865214403851,0.2901684483825624,0.10743431224699239,0.18273413613557,12.151708086184335,38.49525489076067,AA_AB_BB_two_point_projection,5.75,0.0,low,central_10_14
Bs,Bs1_5750,B_s1(5750),12.0,40.0,low,42.75,35.3,6.324555320336759,0.5593357567196706,0.09584105182039994,0.2900898926217299,0.10770148858562073,0.18238840403610918,12.145129442197657,38.49525489076067,AA_AB_BB_two_point_projection,5.75,0.0,low,central_10_14
Bs,Bs1_5750,B_s1(5750),12.0,40.0,low,42.875,35.3,6.324555320336759,0.559266877347549,0.09621723928623957,0.2900112789288058,0.10796871503991971,0.18204256388888607,12.138547729907318,38.49525489076067,AA_AB_BB_two_point_projection,5.75,0.0,low,central_10_14
Bs,Bs1_5750,B_s1(5750),12.0,40.0,low,43.0,35.3,6.324555320336759,0.5591954111748093,0.09660704635368302,0.2899326065511752,0.10823599405968409,0.1816966124914911,12.131962890272085,38.49525489076067,AA_AB_BB_two_point_projection,5.75,0.0,low,central_10_14
Bs,Bs1_5750,B_s1(5750),12.0,40.0,low,43.125,35.3,6.324555320336759,0.5591213585704073,0.09701030146831183,0.2898538747340577,0.10850332809656989,0.18135054663748784,12.125374864140857,38.49525489076067,AA_AB_BB_two_point_projection,5.75,0.0,low,central_10_14
Bs,Bs1_5750,B_s1(5750),12.0,40.0,low,43.25,35.3,6.324555320336759,0.5590447199166666,0.09742683001493324,0.2897750827204788,0.10877071960418289,0.18100436311629595,12.11878359225066,38.49525489076067,AA_AB_BB_two_point_projection,5.75,0.0,low,central_10_14
Bs,Bs1_5750,B_s1(5750),12.0,40.0,low,43.375,35.3,6.324555320336759,0.5589654956092794,0.09785645461917158,0.28969622975123965,0.10903817103816645,0.1806580587130732,12.112189015224502,38.49525489076067,AA_AB_BB_two_point_projection,5.75,0.0,low,central_10_14
Bs,Bs1_5750,B_s1(5750),12.0,40.0,low,43.5,35.3,6.324555320336759,0.5588836860573055,0.09829899544396198,0.28961731506488864,0.10930568485629016,0.18031163020859847,12.105591073569371,38.49525489076067,AA_AB_BB_two_point_projection,5.75,0.0,low,central_10_14
Bs,Bs1_5750,B_s1(5750),12.0,40.0,low,43.625,35.3,6.324555320336759,0.5587992916831718,0.09875427048009958,0.2895383378976917,0.1095732635185385,0.1799650743791532,12.098989707674155,38.49525489076067,AA_AB_BB_two_point_projection,5.75,0.0,low,central_10_14
Bs,Bs1_5750,B_s1(5750),12.0,40.0,low,43.75,35.3,6.324555320336759,0.5587123129226729,0.0992220958300789,0.28945929748360255,0.10984090948719923,0.1796183879964033,12.092384857807543,38.49525489076067,AA_AB_BB_two_point_projection,5.75,0.0,low,central_10_14
Bs,Bs1_5750,B_s1(5750),12.0,40.0,low,43.875,35.3,6.324555320336759,0.5586227502249699,0.0997022859845351,0.28938019305423257,0.11010862522695249,0.1792715678272801,12.085776464115922,38.49525489076067,AA_AB_BB_two_point_projection,5.75,0.0,low,central_10_14
Bs,Bs1_5750,B_s1(5750),12.0,40.0,low,44.0,35.3,6.324555320336759,0.5585306040525904,0.100194654090677,0.28930102383882156,0.11037641320495997,0.17892461063386159,12.079164466621329,38.49525489076067,AA_AB_BB_two_point_projection,5.75,0.0,low,central_10_14
Bs,Bs1_5750,B_s1(5750),12.0,40.0,low,44.125,35.3,6.324555320336759,0.5584358748814279,0.10069901221218035,0.2892217890642065,0.11064427589095391,0.17857751317325254,12.072548805219272,38.49525489076067,AA_AB_BB_two_point_projection,5.75,0.0,low,central_10_14
Bs,Bs1_5750,B_s1(5750),12.0,40.0,low,44.25,35.3,6.324555320336759,0.5583385632007419,0.1012151715800835,0.28914248795479175,0.11091221575732664,0.1782302721974651,12.065929419676664,38.49525489076067,AA_AB_BB_two_point_projection,5.75,0.0,low,central_10_14
Bs,Bs1_5750,B_s1(5750),12.0,40.0,low,44.375,35.3,6.324555320336759,0.558238669513157,0.10174294283430425,0.2890631197325187,0.1111802352792204,0.17788288445329828,12.05930624962969,38.49525489076067,AA_AB_BB_two_point_projection,5.75,0.0,low,central_10_14
Bs,Bs1_5750,B_s1(5750),12.0,40.0,low,44.5,35.3,6.324555320336759,0.558136194334663,0.10228213625546352,0.28898368361683413,0.11144833693461678,0.17753534668221735,12.052679234581639,38.49525489076067,AA_AB_BB_two_point_projection,5.75,0.0,low,central_10_14
Bs,Bs1_5750,B_s1(5750),12.0,40.0,low,44.625,35.3,6.324555320336759,0.5580311381946137,0.10283256198677264,0.2889041788246602,0.11171652320442724,0.17718765562023295,12.046048313900803,38.49525489076067,AA_AB_BB_two_point_projection,5.75,0.0,low,central_10_14
Bs,Bs1_5750,B_s1(5750),12.0,40.0,low,44.75,35.3,6.324555320336759,0.5579235016357277,0.10339403024580374,0.28882460457036246,0.11198479657258291,0.17683980799777957,12.039413426818284,38.49525489076067,AA_AB_BB_two_point_projection,5.75,0.0,low,central_10_14
Bs,Bs1_5750,B_s1(5750),12.0,40.0,low,44.875,35.3,6.324555320336759,0.5578132852140869,0.10396635152602358,0.2887449600657188,0.11225315952612538,0.17649180053959346,12.03277451242583,38.49525489076067,AA_AB_BB_two_point_projection,5.75,0.0,low,central_10_14
Bs,Bs1_5750,B_s1(5750),12.0,40.0,low,45.0,35.3,6.324555320336759,0.557700489499137,0.1045493367880285,0.2886652445198882,0.11252161455529733,0.17614362996459085,12.026131509673696,38.49525489076067,AA_AB_BB_two_point_projection,5.75,0.0,low,central_10_14
Bs,Bs1_5830,B_s1(5830),12.0,41.0,high,25.0,35.3,6.4031242374328485,0.5429092281172506,0.16802334960025955,0.1368770181378161,0.4981613044334606,-0.3612842862956445,3.976389457026205,38.49525489076067,AA_AB_BB_two_point_projection,5.8287,0.0,high,central_10_14
Bs,Bs1_5830,B_s1(5830),12.0,41.0,high,25.125,35.3,6.4031242374328485,0.5432049053184712,0.16704104390652733,0.1354716016935108,0.5005798395665465,-0.3651082378730357,3.895151676047314,38.49525489076067,AA_AB_BB_two_point_projection,5.8287,0.0,high,central_10_14
Bs,Bs1_5830,B_s1(5830),12.0,41.0,high,25.25,35.3,6.4031242374328485,0.5434980790302216,0.16606063369243468,0.13404737932072314,0.5030188495668265,-0.3689714702461034,3.813682185172824,38.49525489076067,AA_AB_BB_two_point_projection,5.8287,0.0,high,central_10_14
Bs,Bs1_5830,B_s1(5830),12.0,41.0,high,25.375,35.3,6.4031242374328485,0.5437887477245159,0.16508217156096677,0.1326040334118776,0.5054784566188808,-0.3728744232070032,3.731997214577884,38.49525489076067,AA_AB_BB_two_point_projection,5.8287,0.0,high,central_10_14
Bs,Bs1_5830,B_s1(5830),12.0,41.0,high,25.5,35.3,6.4031242374328485,0.5440769098867064,0.16410571115270034,0.1311412411516089,0.5079587780165483,-0.3768175368649394,3.6501139434898877,38.49525489076067,AA_AB_BB_two_point_projection,5.8287,0.0,high,central_10_14
Bs,Bs1_5830,B_s1(5830),12.0,41.0,high,25.625,35.3,6.4031242374328485,0.5443625640154831,0.16313130717006485,0.12965867448965984,0.5104599257799886,-0.3808012512903287,3.5680505410796903,38.49525489076067,AA_AB_BB_two_point_projection,5.8287,0.0,high,central_10_14
Bs,Bs1_5830,B_s1(5830),12.0,41.0,high,25.75,35.3,6.4031242374328485,0.5446457086228741,0.1621590154021076,0.128156000118759,0.512982006253259,-0.38482600613449996,3.4858262088218708,38.49525489076067,AA_AB_BB_two_point_projection,5.8287,0.0,high,central_10_14
Bs,Bs1_5830,B_s1(5830),12.0,41.0,high,25.875,35.3,6.4031242374328485,0.5449263422342447,0.16118889274976214,0.1266328794579314,0.5155251196816083,-0.3888922402236769,3.4034612243561813,38.49525489076067,AA_AB_BB_two_point_projection,5.8287,0.0,high,central_10_14
Bs,Bs1_5830,B_s1(5830),12.0,41.0,high,26.0,35.3,6.4031242374328485,0.5452044633882984,0.1602209972516242,0.12508896864171687,0.5180893597676477,-0.3930003911259308,3.320976986880495,38.49525489076067,AA_AB_BB_two_point_projection,5.8287,0.0,high,central_10_14
Bs,Bs1_5830,B_s1(5830),12.0,41.0,high,26.125,35.3,6.4031242374328485,0.5454800706370759,0.15925538811023202,0.12352391851580685,0.5206748132055576,-0.3971508946897508,3.23839606410414,38.49525489076067,AA_AB_BB_two_point_projection,5.8287,0.0,high,central_10_14
Bs,Bs1_5830,B_s1(5830),12.0,41.0,high,26.25,35.3,6.4031242374328485,0.5457531625459561,0.15829212571885326,0.12193737463963239,0.5232815591924496,-0.4013441845528172,3.1557422407879394,38.49525489076067,AA_AB_BB_two_point_projection,5.8287,0.0,high,central_10_14
Bs,Bs1_5830,B_s1(5830),12.0,41.0,high,26.375,35.3,6.4031242374328485,0.546023737693655,0.15733127168877492,0.1203289772964819,0.5259096689159996,-0.40558069161951765,3.07304056889557,38.49525489076067,AA_AB_BB_two_point_projection,5.8287,0.0,high,central_10_14
Bs,Bs1_5830,B_s1(5830),12.0,41.0,high,26.5,35.3,6.4031242374328485,0.5462917946722269,0.15637288887709436,0.11869836151174618,0.5285592050174407,-0.4098608435056945,2.990317419377171,38.49525489076067,AA_AB_BB_two_point_projection,5.8287,0.0,high,central_10_14
Bs,Bs1_5830,B_s1(5830),12.0,41.0,high,26.625,35.3,6.4031242374328485,0.5465573320870637,0.1554170414150056,0.1170451570799364,0.5312302210289923,-0.4141850639490559,2.9076005356036028,38.49525489076067,AA_AB_BB_two_point_projection,5.8287,0.0,high,central_10_14
Bs,Bs1_5830,B_s1(5830),12.0,41.0,high,26.75,35.3,6.4031242374328485,0.5468203485568958,0.15446379473657748,0.11536898860114819,0.5339227607847812,-0.418553772183633,2.824919088465481,38.49525489076067,AA_AB_BB_two_point_projection,5.8287,0.0,high,central_10_14
Bs,Bs1_5830,B_s1(5830),12.0,41.0,high,26.875,35.3,6.4031242374328485,0.5470808427137909,0.1535132156080141,0.11366947552768869,0.5366368578043077,-0.422967382276619,2.7423037331471884,38.49525489076067,AA_AB_BB_two_point_projection,5.8287,0.0,high,central_10_14
Bs,Bs1_5830,B_s1(5830),12.0,41.0,high,27.0,35.3,6.4031242374328485,0.5473388132031558,0.15256537215739,0.11194623222162359,0.5393725346474898,-0.4274263024258662,2.659786667581247,38.49525489076067,AA_AB_BB_two_point_projection,5.8287,0.0,high,central_10_14
Bs,Bs1_5830,B_s1(5830),12.0,41.0,high,27.125,35.3,6.4031242374328485,0.5475942586837352,0.15162033390484897,0.11019886802403667,0.5421298022403149,-0.43193093421627826,2.577401692582788,38.49525489076067,AA_AB_BB_two_point_projection,5.8287,0.0,high,central_10_14
Bs,Bs1_5830,B_s1(5830),12.0,41.0,high,27.25,35.3,6.4031242374328485,0.5478471778276128,0.15067817179325396,0.10842698733684547,0.5449086591701247,-0.4364816718332792,2.495184273658183,38.49525489076067,AA_AB_BB_two_point_projection,5.8287,0.0,high,central_10_14
Bs,Bs1_5830,B_s1(5830),12.0,41.0,high,27.375,35.3,6.4031242374328485,0.5480975693202109,0.1497389582192726,0.10663018971805283,0.5477090909495557,-0.44107890123150284,2.4131716044748055,38.49525489076067,AA_AB_BB_two_point_projection,5.8287,0.0,high,central_10_14
Bs,Bs1_5830,B_s1(5830),12.0,41.0,high,27.5,35.3,6.4031242374328485,0.5483454318602912,0.1488027670648822,0.10480806999136771,0.5505310692481648,-0.44572299925679704,2.331402671971738,38.49525489076067,AA_AB_BB_two_point_projection,5.8287,0.0,high,central_10_14
Bs,Bs1_5830,B_s1(5830),12.0,41.0,high,27.625,35.3,6.4031242374328485,0.5485907641599542,0.14786967372927456,0.10296021837116626,0.5533745510907668,-0.4504143327196006,2.2499183230825137,38.49525489076067,AA_AB_BB_two_point_projection,5.8287,0.0,high,central_10_14
Bs,Bs1_5830,B_s1(5830),12.0,41.0,high,27.75,35.3,6.4031242374328485,0.5488335649446406,0.14693975516113722,0.1010862206038225,0.5562394780215412,-0.45515325741771867,2.1687613330322555,38.49525489076067,AA_AB_BB_two_point_projection,5.8287,0.0,high,central_10_14
Bs,Bs1_5830,B_s1(5830),12.0,41.0,high,27.875,35.3,6.4031242374328485,0.5490738329531308,0.14601308989128808,0.0991856581264775,0.5591257752329614,-0.45994011710648386,2.0879764751610135,38.49525489076067,AA_AB_BB_two_point_projection,5.8287,0.0,high,central_10_14
Bs,Bs1_5830,B_s1(5830),12.0,41.0,high,28.0,35.3,6.4031242374328485,0.549311566937545,0.14508975806563384,0.09725810824437375,0.5620333506586441,-0.4647752424142704,2.0076105922143155,38.49525489076067,AA_AB_BB_two_point_projection,5.8287,0.0,high,central_10_14
Bs,Bs1_5830,B_s1(5830),12.0,41.0,high,28.125,35.3,6.4031242374328485,0.5495467656633441,0.14416984147842146,0.09530314432792797,0.564962094029235,-0.46965894970130706,1.9277126690295399,38.49525489076067,AA_AB_BB_two_point_projection,5.8287,0.0,high,central_10_14
Bs,Bs1_5830,B_s1(5830),12.0,41.0,high,28.25,35.3,6.4031242374328485,0.5497794279093301,0.14325342360574855,0.09332033603076861,0.567911875890489,-0.47459153985972036,1.8483339065334576,38.49525489076067,AA_AB_BB_two_point_projection,5.8287,0.0,high,central_10_14
Bs,Bs1_5830,B_s1(5830),12.0,41.0,high,28.375,35.3,6.4031242374328485,0.5500095524676456,0.1423405896392929,0.09130924953001773,0.5708825465827554,-0.47957329705273766,1.7695277969517804,38.49525489076067,AA_AB_BB_two_point_projection,5.8287,0.0,high,central_10_14
Bs,Bs1_5830,B_s1(5830),12.0,41.0,high,28.5,35.3,6.4031242374328485,0.550237138143775,0.14143142652022006,0.08926944779014556,0.5738739351811275,-0.48460448739098194,1.6913502001155856,38.49525489076067,AA_AB_BB_two_point_projection,5.8287,0.0,high,central_10_14
Bs,Bs1_5830,B_s1(5830),12.0,41.0,high,28.625,35.3,6.4031242374328485,0.5504621837565442,0.1405260229732216,0.08720049085178383,0.5768858483955867,-0.4896853575438028,1.613859420732525,38.49525489076067,AA_AB_BB_two_point_projection,5.8287,0.0,high,central_10_14
Bs,Bs1_5830,B_s1(5830),12.0,41.0,high,28.75,35.3,6.4031242374328485,0.5506846881381219,0.13962446954063312,0.08510193614693157,0.5799180694305522,-0.4948161332836207,1.537116286471947,38.49525489076067,AA_AB_BB_two_point_projection,5.8287,0.0,high,central_10_14
Bs,Bs1_5830,B_s1(5830),12.0,41.0,high,28.875,35.3,6.4031242374328485,0.5509046501340187,0.13872685861657683,0.08297333884203723,0.582970356803326,-0.49999701796128876,1.4611842266929298,38.49525489076067,AA_AB_BB_two_point_projection,5.8287,0.0,high,central_10_14
Bs,Bs1_5830,B_s1(5830),12.0,41.0,high,29.0,35.3,6.4031242374328485,0.5511220686030884,0.13783328448106585,0.0808142522104971,0.5860424431210444,-0.5052281909105473,1.3861293516227755,38.49525489076067,AA_AB_BB_two_point_projection,5.8287,0.0,high,central_10_14
Bs,Bs1_5830,B_s1(5830),12.0,41.0,high,29.125,35.3,6.4031242374328485,0.5513369424175286,0.1369438433340073,0.07862422803615121,0.5891340338158391,-0.5105098057796879,1.3120205317699527,38.49525489076067,AA_AB_BB_two_point_projection,5.8287,0.0,high,central_10_14
Bs,Bs1_5830,B_s1(5830),12.0,41.0,high,29.25,35.3,6.4031242374328485,0.5515492704628798,0.1360586333290283,0.07640281704940688,0.5922448058380729,-0.515841988788666,1.2389294773305726,38.49525489076067,AA_AB_BB_two_point_projection,5.8287,0.0,high,central_10_14
Bs,Bs1_5830,B_s1(5830),12.0,41.0,high,29.375,35.3,6.4031242374328485,0.5517590516380274,0.13517775460705117,0.07414956939766593,0.595374406307633,-0.5212248369099671,1.1669308173208013,38.49525489076067,AA_AB_BB_two_point_projection,5.8287,0.0,high,central_10_14
Bs,Bs1_5830,B_s1(5830),12.0,41.0,high,29.5,35.3,6.4031242374328485,0.5519662848552012,0.13430130932953027,0.07186403515176565,0.5985224511234584,-0.5266584159716927,1.0961021781388385,38.49525489076067,AA_AB_BB_two_point_projection,5.8287,0.0,high,central_10_14
Bs,Bs1_5830,B_s1(5830),12.0,41.0,high,29.625,35.3,6.4031242374328485,0.5521709690399759,0.13342940171126222,0.06954576485018493,0.601688523531643,-0.5321427586814581,1.026524261229848,38.49525489076067,AA_AB_BB_two_point_projection,5.8287,0.0,high,central_10_14
Bs,Bs1_5830,B_s1(5830),12.0,41.0,high,29.75,35.3,6.4031242374328485,0.552373103131272,0.13256213805267042,0.06719431008279597,0.6048721726526788,-0.5376778625698828,0.9582809194948333,38.49525489076067,AA_AB_BB_two_point_projection,5.8287,0.0,high,central_10_14
Bs,Bs1_5830,B_s1(5830),12.0,41.0,high,29.875,35.3,6.4031242374328485,0.5525726860813557,0.1316996267714595,0.06480922411596435,0.6080729119686138,-0.5432636878526494,0.8914592320501469,38.49525489076067,AA_AB_BB_two_point_projection,5.8287,0.0,high,central_10_14
Bs,Bs1_5830,B_s1(5830),12.0,41.0,high,30.0,35.3,6.4031242374328485,0.5527697168558398,0.13084197843352766,0.06239006256082369,0.611290217771163,-0.5489001552103393,0.8261495769083268,38.49525489076067,AA_AB_BB_two_point_projection,5.8287,0.0,high,central_10_14
Bs,Bs1_5830,B_s1(5830),12.0,41.0,high,30.125,35.3,6.4031242374328485,0.5529641944336835,0.12998930578301607,0.059936384086558325,0.6145235275720786,-0.5545871434855203,0.762445701112782,38.49525489076067,AA_AB_BB_two_point_projection,5.8287,0.0,high,central_10_14
Bs,Bs1_5830,B_s1(5830),12.0,41.0,high,30.25,35.3,6.4031242374328485,0.5531561178071941,0.12914172377136623,0.05744775118053014,0.6177722384773904,-0.5603244872968602,0.7004447878189569,38.49525489076067,AA_AB_BB_two_point_projection,5.8287,0.0,high,central_10_14
Bs,Bs1_5830,B_s1(5830),12.0,41.0,high,30.375,35.3,6.4031242374328485,0.5533454859820258,0.12829934958524888,0.05492373095707814,0.6210357055274464,-0.5661119745703682,0.6402475197728629,38.49525489076067,AA_AB_BB_two_point_projection,5.8287,0.0,high,central_10_14
Bs,Bs1_5830,B_s1(5830),12.0,41.0,high,30.5,35.3,6.4031242374328485,0.553532297977182,0.12746230267321798,0.05236389601679847,0.6243132400050465,-0.571949343988248,0.5819581385943189,38.49525489076067,AA_AB_BB_two_point_projection,5.8287,0.0,high,central_10_14
Bs,Bs1_5830,B_s1(5830),12.0,41.0,high,30.625,35.3,6.4031242374328485,0.553716552825014,0.1266307047709343,0.04976782535808355,0.6276041077143435,-0.57783628235626,0.5256844992272062,38.49525489076067,AA_AB_BB_two_point_projection,5.8287,0.0,high,central_10_14
Bs,Bs1_5830,B_s1(5830),12.0,41.0,high,30.75,35.3,6.4031242374328485,0.5538982495712228,0.1258046799247944,0.04713510534264942,0.6309075272335972,-0.5837724218909478,0.47153811887231556,38.49525489076067,AA_AB_BB_two_point_projection,5.8287,0.0,high,central_10_14
Bs,Bs1_5830,B_s1(5830),12.0,41.0,high,30.875,35.3,6.4031242374328485,0.554077387274859,0.12498435451378968,0.04446533071671832,0.634222668145318,-0.5897573374285997,0.4196342196704584,38.49525489076067,AA_AB_BB_two_point_projection,5.8287,0.0,high,central_10_14
Bs,Bs1_5830,B_s1(5830),12.0,41.0,high,31.0,35.3,6.4031242374328485,0.5542539650083234,0.12416985726941084,0.04175810568944949,0.6375486492478166,-0.5957905435583671,0.3700917643545929,38.49525489076067,AA_AB_BB_two_point_projection,5.8287,0.0,high,central_10_14
Bs,Bs1_5830,B_s1(5830),12.0,41.0,high,31.125,35.3,6.4031242374328485,0.5544279818573675,0.12336131929340512,0.03901304507010461,0.640884536752669,-0.6018714916825644,0.3230334840397296,38.49525489076067,AA_AB_BB_two_point_projection,5.8287,0.0,high,central_10_14
Bs,Bs1_5830,B_s1(5830),12.0,41.0,high,31.25,35.3,6.4031242374328485,0.554599436921094,0.12255887407317846,0.03622977546532358,0.64422934247318,-0.6079995670078564,0.2785858972692213,38.49525489076067,AA_AB_BB_two_point_projection,5.8287,0.0,high,central_10_14
Bs,Bs1_5830,B_s1(5830),12.0,41.0,high,31.375,35.3,6.4031242374328485,0.5547683293119573,0.12176265749462935,0.033407936537738325,0.6475820220094748,-0.6141740854717365,0.23687931938550225,38.49525489076067,AA_AB_BB_two_point_projection,5.8287,0.0,high,central_10_14
Bs,Bs1_5830,B_s1(5830),12.0,41.0,high,31.5,35.3,6.4031242374328485,0.5549346581557639,0.12097280785218709,0.030547182326987388,0.6509414729364797,-0.6203942906094924,0.1980478612432692,38.49525489076067,AA_AB_BB_two_point_projection,5.8287,0.0,high,central_10_14
Bs,Bs1_5830,B_s1(5830),12.0,41.0,high,31.625,35.3,6.4031242374328485,0.555098422591673,0.12018946585581869,0.027647182634004452,0.6543065330016823,-0.6266593503676778,0.16222941623388876,38.49525489076067,AA_AB_BB_two_point_projection,5.8287,0.0,high,central_10_14
Bs,Bs1_5830,B_s1(5830),12.0,41.0,high,31.75,35.3,6.4031242374328485,0.5552596217721969,0.11941277463475705,0.02470762446922914,0.6576759783402402,-0.632968353871011,0.12956563454189193,38.49525489076067,AA_AB_BB_two_point_projection,5.8287,0.0,high,central_10_14
Bs,Bs1_5830,B_s1(5830),12.0,41.0,high,31.875,35.3,6.4031242374328485,0.5554182548632017,0.11864287973769351,0.021728213565135435,0.6610485217157099,-0.6393203081505745,0.10020188350862035,38.49525489076067,AA_AB_BB_two_point_projection,5.8287,0.0,high,central_10_14
Bs,Bs1_5830,B_s1(5830),12.0,41.0,high,32.0,35.3,6.4031242374328485,0.5555743210439077,0.1178799291291667,0.0187086759531937,0.6644228107953988,-0.6457141348422051,0.07428719293513493,38.49525489076067,AA_AB_BB_two_point_projection,5.8287,0.0,high,central_10_14
Bs,Bs1_5830,B_s1(5830),12.0,41.0,high,32.125,35.3,6.4031242374328485,0.5557278195068894,0.1171240731818708,0.015648759605060514,0.6677974264700989,-0.6521486668650384,0.05197418411703283,38.49525489076067,AA_AB_BB_two_point_projection,5.8287,0.0,high,central_10_14
Bs,Bs1_5830,B_s1(5830),12.0,41.0,high,32.25,35.3,6.4031242374328485,0.555878749458077,0.11637546466459665,0.012548236137435609,0.67117088122874,-0.6586226450913044,0.03341898136888726,38.49525489076067,AA_AB_BB_two_point_projection,5.8287,0.0,high,central_10_14
Bs,Bs1_5830,B_s1(5830),12.0,41.0,high,32.375,35.3,6.4031242374328485,0.556027110116756,0.11563425872550996,0.009406902579635279,0.6745416175992947,-0.6651347150196594,0.01878110476657802,38.49525489076067,AA_AB_BB_two_point_projection,5.8287,0.0,high,central_10_14
Bs,Bs1_5830,B_s1(5830),12.0,41.0,high,32.5,35.3,6.4031242374328485,0.5561729007155681,0.11490061287046266,0.006224583202500966,0.6779080066680822,-0.6716834234655812,0.008223342812819705,38.49525489076067,AA_AB_BB_two_point_projection,5.8287,0.0,high,central_10_14
Bs,Bs1_5830,B_s1(5830),12.0,41.0,high,32.625,35.3,6.4031242374328485,0.5563161205005116,0.11417468693602618,0.003001131406784263,0.681268346690431,-0.6782672152836468,0.0019116037158870046,38.49525489076067,AA_AB_BB_two_point_projection,5.8287,0.0,high,central_10_14
Bs,Bs1_5830,B_s1(5830),12.0,41.0,high,32.75,35.3,6.4031242374328485,0.5564567687309417,0.11345664305692907,-0.0002635683313535475,0.684620861806481,-0.6848844301378345,1.4743965184717642e-05,38.49525489076067,AA_AB_BB_two_point_projection,5.8287,0.0,high,central_10_14
Bs,Bs1_5830,B_s1(5830),12.0,41.0,high,32.875,35.3,6.4031242374328485,0.5565948446795719,0.11274664562757578,-0.0035695984606531894,0.687963700876712,-0.6915332993373652,0.002704372891051391,38.49525489076067,AA_AB_BB_two_point_projection,5.8287,0.0,high,central_10_14
Bs,Bs1_5830,B_s1(5830),12.0,41.0,high,33.0,35.3,6.4031242374328485,0.5567303476324725,0.1120448612573188,-0.006917006304400175,0.6912949364525952,-0.6982119427569954,0.010154631911551101,38.49525489076067,AA_AB_BB_two_point_projection,5.8287,0.0,high,central_10_14
Bs,Bs1_5830,B_s1(5830),12.0,41.0,high,33.125,35.3,6.4031242374328485,0.5568632768890734,0.11135145871915328,-0.010305801963553796,0.6946125638985312,-0.704918365862085,0.022541947197302004,38.49525489076067,AA_AB_BB_two_point_projection,5.8287,0.0,high,central_10_14
Bs,Bs1_5830,B_s1(5830),12.0,41.0,high,33.25,35.3,6.4031242374328485,0.5569936317621632,0.11066660889150547,-0.013735956178210107,0.6979145006819536,-0.7116504568601637,0.040044754528161114,38.49525489076067,AA_AB_BB_two_point_projection,5.8287,0.0,high,central_10_14
Bs,Bs1_5830,B_s1(5830),12.0,41.0,high,33.375,35.3,6.4031242374328485,0.5571214115778895,0.10999048469277989,-0.017207398152951914,0.7011985858492197,-0.7184059840021716,0.06284319517424035,38.49525489076067,AA_AB_BB_two_point_projection,5.8287,0.0,high,central_10_14
Bs,Bs1_5830,B_s1(5830),12.0,41.0,high,33.5,35.3,6.4031242374328485,0.5572466156757606,0.10932326100834158,-0.020720013352409916,0.7044625797054749,-0.7251825930578848,0.09111878170985697,38.49525489076067,AA_AB_BB_two_point_projection,5.8287,0.0,high,central_10_14
Bs,Bs1_5830,B_s1(5830),12.0,41.0,high,33.625,35.3,6.4031242374328485,0.5573692434086445,0.10866511460960653,-0.024273641274152102,0.7077041637172897,-0.7319778049914418,0.1250540327640877,38.49525489076067,AA_AB_BB_two_point_projection,5.8287,0.0,high,central_10_14
Bs,Bs1_5830,B_s1(5830),12.0,41.0,high,33.75,35.3,6.4031242374328485,0.5574892941427702,0.10801622406492664,-0.027868073206838595,0.7109209406572983,-0.7387890138641369,0.16483207582695428,38.49525489076067,AA_AB_BB_two_point_projection,5.8287,0.0,high,central_10_14
Bs,Bs1_5830,B_s1(5830),12.0,41.0,high,33.875,35.3,6.4031242374328485,0.5576067672577282,0.10737676964196177,-0.03150304998243958,0.7141104350104498,-0.7456134849928894,0.21063621736744728,38.49525489076067,AA_AB_BB_two_point_projection,5.8287,0.0,high,central_10_14
Bs,Bs1_5830,B_s1(5830),12.0,41.0,high,34.0,35.3,6.4031242374328485,0.5577216621464707,0.10674693320124583,-0.03517825973218591,0.7172700936617137,-0.7524483533938996,0.2626494796797092,38.49525489076067,AA_AB_BB_two_point_projection,5.8287,0.0,high,central_10_14
Bs,Bs1_5830,B_s1(5830),12.0,41.0,high,34.125,35.3,6.4031242374328485,0.5578339782153116,0.10612689808066936,-0.038893335656816186,0.720397286885185,-0.7592906225420012,0.32105410405797624,38.49525489076067,AA_AB_BB_two_point_projection,5.8287,0.0,high,central_10_14
Bs,Bs1_5830,B_s1(5830),12.0,41.0,high,34.25,35.3,6.4031242374328485,0.5579437148839279,0.10551684897062023,-0.04264785382258107,0.723489309654474,-0.7661371634770551,0.3860310201101395,38.49525489076067,AA_AB_BB_two_point_projection,5.8287,0.0,high,central_10_14
Bs,Bs1_5830,B_s1(5830),12.0,41.0,high,34.375,35.3,6.4031242374328485,0.5580508715853594,0.10491697177954487,-0.046441330995364294,0.7265433832940428,-0.7729847142894071,0.45775928125476933,38.49525489076067,AA_AB_BB_two_point_projection,5.8287,0.0,high,central_10_14
Bs,Bs1_5830,B_s1(5830),12.0,41.0,high,34.5,35.3,6.4031242374328485,0.5581554477660092,0.1043274534897224,-0.050273222526167505,0.7295566574906981,-0.7798298800168656,0.5364154667075411,38.49525489076067,AA_AB_BB_two_point_projection,5.8287,0.0,high,central_10_14
Bs,Bs1_5830,B_s1(5830),12.0,41.0,high,34.625,35.3,6.4031242374328485,0.5582574428856447,0.10374848200306833,-0.0541429203020789,0.7325262126838434,-0.7866691329859223,0.622173050550393,38.49525489076067,AA_AB_BB_two_point_projection,5.8287,0.0,high,central_10_14
Bs,Bs1_5830,B_s1(5830),12.0,41.0,high,34.75,35.3,6.4031242374328485,0.5583568564173969,0.10318024597682467,-0.058049750777664944,0.7354490628521763,-0.7934988136298412,0.7152017387895878,38.49525489076067,AA_AB_BB_two_point_projection,5.8287,0.0,high,central_10_14
Bs,Bs1_5830,B_s1(5830),12.0,41.0,high,34.875,35.3,6.4031242374328485,0.5584536878477616,0.10262293464902471,-0.0619929731025296,0.7383221587134362,-0.8003151318159658,0.8156667756473927,38.49525489076067,AA_AB_BB_two_point_projection,5.8287,0.0,high,central_10_14
Bs,Bs1_5830,B_s1(5830),12.0,41.0,high,35.0,35.3,6.4031242374328485,0.5585479366766002,0.10207673765366825,-0.06597177736149051,0.741142391352387,-0.8071141687138775,0.9237282206935999,38.49525489076067,AA_AB_BB_two_point_projection,5.8287,0.0,high,central_10_14
Bs,Bs1_5830,B_s1(5830),12.0,41.0,high,35.125,35.3,6.4031242374328485,0.5586396024171385,0.10154184482558487,-0.06998528294449158,0.7439065962905765,-0.8138918792350681,1.0395401988075175,38.49525489076067,AA_AB_BB_two_point_projection,5.8287,0.0,high,central_10_14
Bs,Bs1_5830,B_s1(5830),12.0,41.0,high,35.25,35.3,6.4031242374328485,0.5587286845959691,0.10101844599501562,-0.07403253706391089,0.7466115580094467,-0.8206440950733576,1.1632501253641065,38.49525489076067,AA_AB_BB_two_point_projection,5.8287,0.0,high,central_10_14
Bs,Bs1_5830,B_s1(5830),12.0,41.0,high,35.375,35.3,6.4031242374328485,0.5588151827530502,0.1005067307719962,-0.07811251343738357,0.7492540149361193,-0.8273665283735029,1.2949979094582813,38.49525489076067,AA_AB_BB_two_point_projection,5.8287,0.0,high,central_10_14
Bs,Bs1_5830,B_s1(5830),12.0,41.0,high,35.5,35.3,6.4031242374328485,0.5588990964417062,0.10000688832068459,-0.08222411115457706,0.7518306648986182,-0.8340547760531952,1.4349151384141134,38.49525489076067,AA_AB_BB_two_point_projection,5.8287,0.0,high,central_10_14
Bs,Bs1_5830,B_s1(5830),12.0,41.0,high,35.625,35.3,6.4031242374328485,0.558980425228629,0.09951910712383641,-0.08636615374653811,0.7543381710544261,-0.8407043248009642,1.5831242472671183,38.49525489076067,AA_AB_BB_two_point_projection,5.8287,0.0,high,central_10_14
Bs,Bs1_5830,B_s1(5830),12.0,41.0,high,35.75,35.3,6.4031242374328485,0.5590591686938774,0.09904357473769841,-0.09053738847625037,0.7567731682931033,-0.8473105567693536,1.739737677352556,38.49525489076067,AA_AB_BB_two_point_projection,5.8287,0.0,high,central_10_14
Bs,Bs1_5830,B_s1(5830),12.0,41.0,high,35.875,35.3,6.4031242374328485,0.5591353264308775,0.09858047753765793,-0.09473648586888728,0.759132270110233,-0.8538687559791203,1.9048570285753443,38.49525489076067,AA_AB_BB_two_point_projection,5.8287,0.0,high,central_10_14
Bs,Bs1_5830,B_s1(5830),12.0,41.0,high,36.0,35.3,6.4031242374328485,0.5592088980464237,0.09813000045506026,-0.09896203949989435,0.7614120759461958,-0.8603741154460901,2.0785722103710214,38.49525489076067,AA_AB_BB_two_point_projection,5.8287,0.0,high,central_10_14
Bs,Bs1_5830,B_s1(5830),12.0,41.0,high,36.125,35.3,6.4031242374328485,0.559279883160678,0.09769232670567779,-0.10321256605848228,0.7636091789792775,-0.8668217450377598,2.260960596785707,38.49525489076067,AA_AB_BB_two_point_projection,5.8287,0.0,high,central_10_14
Bs,Bs1_5830,B_s1(5830),12.0,41.0,high,36.25,35.3,6.4031242374328485,0.5593482814071715,0.09726763751039297,-0.10748650570333684,0.7657201743583473,-0.8732066800616841,2.45208619149838,38.49525489076067,AA_AB_BB_two_point_projection,5.8287,0.0,high,central_10_14
Bs,Bs1_5830,B_s1(5830),12.0,41.0,high,36.375,35.3,6.4031242374328485,0.5594140924328035,0.09685611180873438,-0.11178222272634175,0.7677416678558862,-0.8795238905822279,2.65199880897304,38.49525489076067,AA_AB_BB_two_point_projection,5.8287,0.0,high,central_10_14
Bs,Bs1_5830,B_s1(5830),12.0,41.0,high,36.5,35.3,6.4031242374328485,0.5594773158978426,0.09645792596598309,-0.11609800653887214,0.7696702849175127,-0.8857682914563848,2.860733278253871,38.49525489076067,AA_AB_BB_two_point_projection,5.8287,0.0,high,central_10_14
Bs,Bs1_5830,B_s1(5830),12.0,41.0,high,36.625,35.3,6.4031242374328485,0.5595379514759267,0.09607325347464657,-0.12043207299372416,0.7715026800793827,-0.8919347530731069,3.078308676194112,38.49525489076067,AA_AB_BB_two_point_projection,5.8287,0.0,high,central_10_14
Bs,Bs1_5830,B_s1(5830),12.0,41.0,high,36.75,35.3,6.4031242374328485,0.559595998854063,0.09570226465117256,-0.12478256605400206,0.7732355467200306,-0.8980181127740327,3.3047275971305967,38.49525489076067,AA_AB_BB_two_point_projection,5.8287,0.0,high,central_10_14
Bs,Bs1_5830,B_s1(5830),12.0,41.0,high,36.875,35.3,6.4031242374328485,0.5596514577326291,0.09534512632885567,-0.12914755981831583,0.7748656271083237,-0.9040131869266396,3.539975466173789,38.49525489076067,AA_AB_BB_two_point_projection,5.8287,0.0,high,central_10_14
Bs,Bs1_5830,B_s1(5830),12.0,41.0,high,37.0,35.3,6.4031242374328485,0.5597043278253723,0.09500200154795818,-0.13352506090940308,0.7763897227044424,-0.9099147836138455,3.7840199033672417,38.49525489076067,AA_AB_BB_two_point_projection,5.8287,0.0,high,central_10_14
Bs,Bs1_5830,B_s1(5830),12.0,41.0,high,37.125,35.3,6.4031242374328485,0.5597546088594101,0.09467304924413987,-0.1379130112308583,0.7778047046660677,-0.915717715896926,4.036810145976541,38.49525489076067,AA_AB_BB_two_point_projection,5.8287,0.0,high,central_10_14
Bs,Bs1_5830,B_s1(5830),12.0,41.0,high,37.25,35.3,6.4031242374328485,0.559802300575231,0.09435842393635759,-0.14230929109396206,0.7791075245074548,-0.9214168156014169,4.29827653608528,38.49525489076067,AA_AB_BB_two_point_projection,5.8287,0.0,high,central_10_14
Bs,Bs1_5830,B_s1(5830),12.0,41.0,high,37.375,35.3,6.4031242374328485,0.5598474027266936,0.09405827541545328,-0.1467117227137631,0.7802952248548274,-0.9270069475685905,4.568330080503426,38.49525489076067,AA_AB_BB_two_point_projection,5.8287,0.0,high,central_10_14
Bs,Bs1_5830,B_s1(5830),12.0,41.0,high,37.5,35.3,6.4031242374328485,0.5598899150810283,0.09377274843470482,-0.15111807407051892,0.7813649502376082,-0.9324830243081271,4.846862089722729,38.49525489076067,AA_AB_BB_two_point_projection,5.8287,0.0,high,central_10_14
Bs,Bs1_5830,B_s1(5830),12.0,41.0,high,37.625,35.3,6.4031242374328485,0.559929837418836,0.09350198240366098,-0.1555260631294384,0.7823139578514806,-0.937840020980919,5.133743902285151,38.49525489076067,AA_AB_BB_two_point_projection,5.8287,0.0,high,central_10_14
Bs,Bs1_5830,B_s1(5830),12.0,41.0,high,37.75,35.3,6.4031242374328485,0.5599671695340891,0.09324611108661755,-0.1599333624083773,0.7831396282262983,-0.9430729906346756,5.428826700459318,38.49525489076067,AA_AB_BB_two_point_projection,5.8287,0.0,high,central_10_14
Bs,Bs1_5830,B_s1(5830),12.0,41.0,high,37.875,35.3,6.4031242374328485,0.5600019112341315,0.09300526230712373,-0.16433760387979945,0.7838394757293692,-0.9481770796091686,5.731941422550001,38.49525489076067,AA_AB_BB_two_point_projection,5.8287,0.0,high,central_10_14
Bs,Bs1_5830,B_s1(5830),12.0,41.0,high,38.0,35.3,6.4031242374328485,0.560034062339679,0.09277955765992481,-0.1687363841899273,0.7844111588328405,-0.9531475430227678,6.042898776496016,38.49525489076067,AA_AB_BB_two_point_projection,5.8287,0.0,high,central_10_14
Bs,Bs1_5830,B_s1(5830),12.0,41.0,high,38.125,35.3,6.4031242374328485,0.5600636226848189,0.0925691122317559,-0.17312727017464957,0.78485249007279,-0.9579797602474396,6.361489358649453,38.49525489076067,AA_AB_BB_two_point_projection,5.8287,0.0,high,central_10_14
Bs,Bs1_5830,B_s1(5830),12.0,41.0,high,38.25,35.3,6.4031242374328485,0.560090592117011,0.09237403433239794,-0.1775078046484645,0.7851614456272319,-0.9626692502756964,6.6874838807794825,38.49525489076067,AA_AB_BB_two_point_projection,5.8287,0.0,high,central_10_14
Bs,Bs1_5830,B_s1(5830),12.0,41.0,high,38.375,35.3,6.4031242374328485,0.5601149704970864,0.09219442523739353,-0.18187551243954025,0.7853361744406676,-0.9672116868802079,7.020633507413824,38.49525489076067,AA_AB_BB_two_point_projection,5.8287,0.0,high,central_10_14
Bs,Bs1_5830,B_s1(5830),12.0,41.0,high,38.5,35.3,6.4031242374328485,0.5601367576992492,0.09203037894379183,-0.18622790664097266,0.7853750068240488,-0.9716029134650215,7.360670304634687,38.49525489076067,AA_AB_BB_two_point_projection,5.8287,0.0,high,central_10_14
Bs,Bs1_5830,B_s1(5830),12.0,41.0,high,38.625,35.3,6.4031242374328485,0.5601559536110751,0.09188198194025061,-0.19056249504551093,0.7852764624611149,-0.9758389575066259,7.707307800392145,38.49525489076067,AA_AB_BB_two_point_projection,5.8287,0.0,high,central_10_14
Bs,Bs1_5830,B_s1(5830),12.0,41.0,high,38.75,35.3,6.4031242374328485,0.5601725581335129,0.09174931299277612,-0.19487678672848197,0.7850392577549744,-0.9799160444834564,8.060241655302782,38.49525489076067,AA_AB_BB_two_point_projection,5.8287,0.0,high,central_10_14
Bs,Bs1_5830,B_s1(5830),12.0,41.0,high,38.875,35.3,6.4031242374328485,0.5601865711808834,0.09163244294731036,-0.19916829874141362,0.7846623124526264,-0.98383061119404,8.419150441780126,38.49525489076067,AA_AB_BB_two_point_projection,5.8287,0.0,high,central_10_14
Bs,Bs1_5830,B_s1(5830),12.0,41.0,high,39.0,35.3,6.4031242374328485,0.5601979926808802,0.09153143455030549,-0.2034345628769787,0.7841447554896737,-0.9875793183666524,8.783696528212836,38.49525489076067,AA_AB_BB_two_point_projection,5.8287,0.0,high,central_10_14
Bs,Bs1_5830,B_s1(5830),12.0,41.0,high,39.125,35.3,6.4031242374328485,0.5602068225745696,0.09144634228833197,-0.20767313246438912,0.7834859300029091,-0.9911590624672982,9.15352706378415,38.49525489076067,AA_AB_BB_two_point_projection,5.8287,0.0,high,central_10_14
Bs,Bs1_5830,B_s1(5830),12.0,41.0,high,39.25,35.3,6.4031242374328485,0.5602130608163904,0.0913772122476717,-0.2118815891532999,0.7826853974645344,-0.9945669866178343,9.5282750584299,38.49525489076067,AA_AB_BB_two_point_projection,5.8287,0.0,high,central_10_14
Bs,Bs1_5830,B_s1(5830),12.0,41.0,high,39.375,35.3,6.4031242374328485,0.5602167073741543,0.09132408199473685,-0.21605754964366486,0.7817429408985745,-0.9978004905422394,9.907560551381737,38.49525489076067,AA_AB_BB_two_point_projection,5.8287,0.0,high,central_10_14
Bs,Bs1_5830,B_s1(5830),12.0,41.0,high,39.5,35.3,6.4031242374328485,0.5602177622290455,0.09128698047803711,-0.22019867231882762,0.780658567147394,-1.0008572394662216,10.290991860753001,38.49525489076067,AA_AB_BB_two_point_projection,5.8287,0.0,high,central_10_14
Bs,Bs1_5830,B_s1(5830),12.0,41.0,high,39.625,35.3,6.4031242374328485,0.5602162253756212,0.09126592795229442,-0.22430266373945507,0.7794325081640568,-1.003735171903512,10.678166905715827,38.49525489076067,AA_AB_BB_two_point_projection,5.8287,0.0,high,central_10_14
Bs,Bs1_5830,B_s1(5830),12.0,41.0,high,39.75,35.3,6.4031242374328485,0.5602120968218113,0.09126093592517019,-0.22836728495672054,0.7780652213144915,-1.006432506271212,11.068674592004319,38.49525489076067,AA_AB_BB_two_point_projection,5.8287,0.0,high,central_10_14
Bs,Bs1_5830,B_s1(5830),12.0,41.0,high,39.875,35.3,6.4031242374328485,0.5602053765889186,0.09127200712693323,-0.23239035760443327,0.7765573886819193,-1.0089477462863525,11.4620962507761,38.49525489076067,AA_AB_BB_two_point_projection,5.8287,0.0,high,central_10_14
Bs,Bs1_5830,B_s1(5830),12.0,41.0,high,40.0,35.3,6.4031242374328485,0.5601960647116182,0.09129913550325604,-0.23636976973152934,0.7749099153746172,-1.0112796851061465,11.858007120281165,38.49525489076067,AA_AB_BB_two_point_projection,5.8287,0.0,high,central_10_14
Bs,Bs1_5830,B_s1(5830),12.0,41.0,high,40.125,35.3,6.4031242374328485,0.5601841612379586,0.09134230623118526,-0.24030348133853174,0.7731239268467481,-1.0134274081852799,12.255977859339287,38.49525489076067,AA_AB_BB_two_point_projection,5.8287,0.0,high,central_10_14
Bs,Bs1_5830,B_s1(5830),12.0,41.0,high,40.25,35.3,6.4031242374328485,0.5601696662293604,0.09140149575818535,-0.24418952958416595,0.7712007652505585,-1.0153902948347244,12.655576081317188,38.49525489076067,AA_AB_BB_two_point_projection,5.8287,0.0,high,central_10_14
Bs,Bs1_5830,B_s1(5830),12.0,41.0,high,40.375,35.3,6.4031242374328485,0.5601525797606172,0.09147667186401562,-0.24802603363127473,0.7691419848465602,-1.017168018477835,13.056367897131944,38.49525489076067,AA_AB_BB_two_point_projection,5.8287,0.0,high,central_10_14
Bs,Bs1_5830,B_s1(5830),12.0,41.0,high,40.5,35.3,6.4031242374328485,0.5601329019198946,0.09156779374506019,-0.25181119910445193,0.7669493465063054,-1.0187605456107574,13.457919455788094,38.49525489076067,AA_AB_BB_two_point_projection,5.8287,0.0,high,central_10_14
Bs,Bs1_5830,B_s1(5830),12.0,41.0,high,40.625,35.3,6.4031242374328485,0.5601106328087316,0.09167481212059267,-0.2555433221353911,0.764624811349927,-1.020168133485318,13.859798471085028,38.49525489076067,AA_AB_BB_two_point_projection,5.8287,0.0,high,central_10_14
Bs,Bs1_5830,B_s1(5830),12.0,41.0,high,40.75,35.3,6.4031242374328485,0.5600857725420386,0.09179766936033117,-0.259220792975714,0.7621705335675688,-1.0213913265432828,14.261575723398934,38.49525489076067,AA_AB_BB_two_point_projection,5.8287,0.0,high,central_10_14
Bs,Bs1_5830,B_s1(5830),12.0,41.0,high,40.875,35.3,6.4031242374328485,0.5600583212480994,0.09193629963251392,-0.2628420991610101,0.7595888524801915,-1.0224309516412016,14.66282652585037,38.49525489076067,AA_AB_BB_two_point_projection,5.8287,0.0,high,central_10_14
Bs,Bs1_5830,B_s1(5830),12.0,41.0,high,41.0,35.3,6.4031242374328485,0.5600282790685689,0.09209062907161182,-0.26640582821388326,0.7568822839008496,-1.0232881121147328,15.063132144700845,38.49525489076067,AA_AB_BB_two_point_projection,5.8287,0.0,high,central_10_14
Bs,Bs1_5830,B_s1(5830),12.0,41.0,high,41.125,35.3,6.4031242374328485,0.5599956461584745,0.09226057596469006,-0.2699106698779049,0.7540535108623564,-1.0239641807402613,15.46208116446887,38.49525489076067,AA_AB_BB_two_point_projection,5.8287,0.0,high,central_10_14
Bs,Bs1_5830,B_s1(5830),12.0,41.0,high,41.25,35.3,6.4031242374328485,0.559960422686216,0.09244605095533533,-0.2733554178784945,0.7511053737812432,-1.0244607916597377,15.859270789008674,38.49525489076067,AA_AB_BB_two_point_projection,5.8287,0.0,high,central_10_14
Bs,Bs1_5830,B_s1(5830),12.0,41.0,high,41.375,35.3,6.4031242374328485,0.5599226088335643,0.09264695726398042,-0.2767389712107884,0.7480408601310398,-1.0247798313418282,16.25430807063408,38.49525489076067,AA_AB_BB_two_point_projection,5.8287,0.0,high,central_10_14
Bs,Bs1_5830,B_s1(5830),12.0,41.0,high,41.5,35.3,6.4031242374328485,0.5598822047956622,0.09286319092338925,-0.2800603349584735,0.7448630937001218,-1.0249234286585953,16.646811060281266,38.49525489076067,AA_AB_BB_two_point_projection,5.8287,0.0,high,central_10_14
Bs,Bs1_5830,B_s1(5830),12.0,41.0,high,41.625,35.3,6.4031242374328485,0.5598392107810244,0.09309464102800248,-0.28331862065133184,0.7415753235107045,-1.0248939441620364,17.036409872673875,38.49525489076067,AA_AB_BB_two_point_projection,5.8287,0.0,high,central_10_14
Bs,Bs1_5830,B_s1(5830),12.0,41.0,high,41.75,35.3,6.4031242374328485,0.5597936270115361,0.09334118999579646,-0.28651304617278084,0.7381809124760464,-1.0246939586488273,17.422747661461106,38.49525489076067,AA_AB_BB_two_point_projection,5.8287,0.0,high,central_10_14
Bs,Bs1_5830,B_s1(5830),12.0,41.0,high,41.875,35.3,6.4031242374328485,0.5597454537224543,0.09360271384127723,-0.28964293523197815,0.7346833258724911,-1.0243262611044692,17.805481500328238,38.49525489076067,AA_AB_BB_two_point_projection,5.8287,0.0,high,central_10_14
Bs,Bs1_5830,B_s1(5830),12.0,41.0,high,42.0,35.3,6.4031242374328485,0.5596946911624067,0.09387908245820245,-0.2927077164180799,0.7310861197018338,-1.0237938361199137,18.18428316711661,38.49525489076067,AA_AB_BB_two_point_projection,5.8287,0.0,high,central_10_14
Bs,Bs1_5830,B_s1(5830),12.0,41.0,high,42.125,35.3,6.4031242374328485,0.5596413395933915,0.09417015991061999,-0.2957069218569168,0.7273929290174921,-1.023099850874409,18.5588398290138,38.49525489076067,AA_AB_BB_two_point_projection,5.8287,0.0,high,central_10_14
Bs,Bs1_5830,B_s1(5830),12.0,41.0,high,42.25,35.3,6.4031242374328485,0.5595853992907778,0.09447580473080784,-0.29864018549271665,0.7236074562853553,-1.022247641778072,18.928854627876145,38.49525489076067,AA_AB_BB_two_point_projection,5.8287,0.0,high,central_10_14
Bs,Bs1_5830,B_s1(5830),12.0,41.0,high,42.375,35.3,6.4031242374328485,0.5595268705433047,0.09479587022271681,-0.30150724101951076,0.7197334598468861,-1.0212407008663968,19.294047165708516,38.49525489076067,AA_AB_BB_two_point_projection,5.8287,0.0,high,central_10_14
Bs,Bs1_5830,B_s1(5830),12.0,41.0,high,42.5,35.3,6.4031242374328485,0.5594657536530817,0.09513020476953607,-0.30430791948850744,0.7157747425482568,-1.0200826620367642,19.654153891236977,38.49525489076067,AA_AB_BB_two_point_projection,5.8287,0.0,high,central_10_14
Bs,Bs1_5830,B_s1(5830),12.0,41.0,high,42.625,35.3,6.4031242374328485,0.5594020489355874,0.09547865214403851,-0.3070421466190192,0.7117351405949923,-1.0187772872140115,20.008928389362875,38.49525489076067,AA_AB_BB_two_point_projection,5.8287,0.0,high,central_10_14
Bs,Bs1_5830,B_s1(5830),12.0,41.0,high,42.75,35.3,6.4031242374328485,0.5593357567196706,0.09584105182039994,-0.30970993984146755,0.7076185126869574,-1.017328452528425,20.358141576068018,38.49525489076067,AA_AB_BB_two_point_projection,5.8287,0.0,high,central_10_14
Bs,Bs1_5830,B_s1(5830),12.0,41.0,high,42.875,35.3,6.4031242374328485,0.559266877347549,0.09621723928623957,-0.31231140510158417,0.7034287294835263,-1.0157401345851105,20.701581802046217,38.49525489076067,AA_AB_BB_two_point_projection,5.8287,0.0,high,central_10_14
Bs,Bs1_5830,B_s1(5830),12.0,41.0,high,43.0,35.3,6.4031242374328485,0.5591954111748093,0.09660704635368302,-0.31484673345521164,0.6991696634436209,-1.0140163968988325,21.039054868963458,38.49525489076067,AA_AB_BB_two_point_projection,5.8287,0.0,high,central_10_14
Bs,Bs1_5830,B_s1(5830),12.0,41.0,high,43.125,35.3,6.4031242374328485,0.5591213585704073,0.09701030146831183,-0.31731619748304796,0.6948451790799753,-1.0121613765630233,21.370383962787127,38.49525489076067,AA_AB_BB_two_point_projection,5.8287,0.0,high,central_10_14
Bs,Bs1_5830,B_s1(5830),12.0,41.0,high,43.25,35.3,6.4031242374328485,0.5590447199166666,0.09742683001493324,-0.31972014755436906,0.690459123661595,-1.010179271215964,21.69540950908244,38.49525489076067,AA_AB_BB_two_point_projection,5.8287,0.0,high,central_10_14
Bs,Bs1_5830,B_s1(5830),12.0,41.0,high,43.375,35.3,6.4031242374328485,0.5589654956092794,0.09785645461917158,-0.32205900796816644,0.6860153183930415,-1.008074326361208,22.013988955542903,38.49525489076067,AA_AB_BB_two_point_projection,5.8287,0.0,high,central_10_14
Bs,Bs1_5830,B_s1(5830),12.0,41.0,high,43.5,35.3,6.4031242374328485,0.5588836860573055,0.09829899544396198,-0.3243332729993007,0.6815175500938566,-1.0058508230931573,22.32599648730586,38.49525489076067,AA_AB_BB_two_point_projection,5.8287,0.0,high,central_10_14
Bs,Bs1_5830,B_s1(5830),12.0,41.0,high,43.625,35.3,6.4031242374328485,0.5587992916831718,0.09875427048009958,-0.32654350287625733,0.676969563396314,-1.0035130662725713,22.63132268081148,38.49525489076067,AA_AB_BB_two_point_projection,5.8287,0.0,high,central_10_14
Bs,Bs1_5830,B_s1(5830),12.0,41.0,high,43.75,35.3,6.4031242374328485,0.5587123129226729,0.0992220958300789,-0.32869031971585294,0.6723750534747067,-1.0010653731905597,22.92987410208691,38.49525489076067,AA_AB_BB_two_point_projection,5.8287,0.0,high,central_10_14
Bs,Bs1_5830,B_s1(5830),12.0,41.0,high,43.875,35.3,6.4031242374328485,0.5586227502249699,0.0997022859845351,-0.330774403438892,0.6677376593146553,-0.9985120627535473,23.221572855394015,38.49525489076067,AA_AB_BB_two_point_projection,5.8287,0.0,high,central_10_14
Bs,Bs1_5830,B_s1(5830),12.0,41.0,high,44.0,35.3,6.4031242374328485,0.5585306040525904,0.100194654090677,-0.3327964876892783,0.6630609575264722,-0.9958574452157505,23.506356088164907,38.49525489076067,AA_AB_BB_two_point_projection,5.8287,0.0,high,central_10_14
Bs,Bs1_5830,B_s1(5830),12.0,41.0,high,44.125,35.3,6.4031242374328485,0.5584358748814279,0.10069901221218035,-0.33475735577750443,0.6583484567024459,-0.9931058124799503,23.784175458075428,38.49525489076067,AA_AB_BB_two_point_projection,5.8287,0.0,high,central_10_14
Bs,Bs1_5830,B_s1(5830),12.0,41.0,high,44.25,35.3,6.4031242374328485,0.5583385632007419,0.1012151715800835,-0.33665783666779703,0.6536035923140895,-0.9902614289818865,24.054996567978836,38.49525489076067,AA_AB_BB_two_point_projection,5.8287,0.0,high,central_10_14
Bs,Bs1_5830,B_s1(5830),12.0,41.0,high,44.375,35.3,6.4031242374328485,0.558238669513157,0.10174294283430425,-0.3384988010265013,0.6488297221418902,-0.9873285231683915,24.318798374244626,38.49525489076067,AA_AB_BB_two_point_projection,5.8287,0.0,high,central_10_14
Bs,Bs1_5830,B_s1(5830),12.0,41.0,high,44.5,35.3,6.4031242374328485,0.558136194334663,0.10228213625546352,-0.34028115734757425,0.6440301222269702,-0.9843112795745445,24.575572573829614,38.49525489076067,AA_AB_BB_two_point_projection,5.8287,0.0,high,central_10_14
Bs,Bs1_5830,B_s1(5830),12.0,41.0,high,44.625,35.3,6.4031242374328485,0.5580311381946137,0.10283256198677264,-0.3420058481693551,0.6392079833312614,-0.9812138315006165,24.82532297515708,38.49525489076067,AA_AB_BB_two_point_projection,5.8287,0.0,high,central_10_14
Bs,Bs1_5830,B_s1(5830),12.0,41.0,high,44.75,35.3,6.4031242374328485,0.5579235016357277,0.10339403024580374,-0.3436738463950767,0.6343664078903719,-0.9780402542854486,25.06806485759731,38.49525489076067,AA_AB_BB_two_point_projection,5.8287,0.0,high,central_10_14
Bs,Bs1_5830,B_s1(5830),12.0,41.0,high,44.875,35.3,6.4031242374328485,0.5578132852140869,0.10396635152602358,-0.3452861517279502,0.6295084074412193,-0.9747945591691695,25.303824324043536,38.49525489076067,AA_AB_BB_two_point_projection,5.8287,0.0,high,central_10_14
Bs,Bs1_5830,B_s1(5830),12.0,41.0,high,45.0,35.3,6.4031242374328485,0.557700489499137,0.1045493367880285,-0.3468437872300302,0.6246369005047562,-0.9714806877347864,25.532637650755632,38.49525489076067,AA_AB_BB_two_point_projection,5.8287,0.0,high,central_10_14
